customer_id,order_count,total_spend,average_order_value,total_quantity,first_purchase,last_purchase,customer_type,known_customer_revenue_share_pct,revenue_rank,cumulative_known_revenue_pct
18102,145,580987.04,4006.81,181645,2009-12-01 09:24:00,2011-12-09 11:50:00,Repeat,3.3438,1,3.34
14646,151,528602.52,3500.68,367193,2009-12-02 16:52:00,2011-12-08 12:12:00,Repeat,3.0424,2,6.39
14156,156,313437.62,2009.22,164325,2009-12-01 12:30:00,2011-11-30 10:54:00,Repeat,1.804,3,8.19
14911,398,291420.81,732.21,147972,2009-12-01 11:41:00,2011-12-08 15:54:00,Repeat,1.6773,4,9.87
17450,51,244784.25,4799.69,83914,2010-09-27 16:59:00,2011-12-01 13:29:00,Repeat,1.4088,5,11.28
13694,143,195640.69,1368.12,188201,2009-12-04 15:26:00,2011-12-06 09:32:00,Repeat,1.126,6,12.4
17511,60,172132.87,2868.88,117174,2009-12-02 10:52:00,2011-12-07 10:12:00,Repeat,0.9907,7,13.39
16446,2,168472.5,84236.25,80997,2011-05-18 09:52:00,2011-12-09 09:15:00,Repeat,0.9696,8,14.36
16684,55,147142.77,2675.32,104810,2009-12-07 12:56:00,2011-12-05 14:06:00,Repeat,0.8469,9,15.21
12415,28,144458.37,5159.23,91447,2010-06-30 08:30:00,2011-11-15 14:22:00,Repeat,0.8314,10,16.04
15061,127,126389.02,995.19,74280,2009-12-01 12:18:00,2011-12-06 12:06:00,Repeat,0.7274,11,16.77
16029,107,117763.62,1100.59,54450,2009-12-08 11:23:00,2011-11-01 10:27:00,Repeat,0.6778,12,17.45
17949,118,117314.08,994.19,60538,2009-12-02 11:07:00,2011-12-08 18:46:00,Repeat,0.6752,13,18.12
15311,208,114966.42,552.72,70149,2009-12-01 11:21:00,2011-12-09 12:00:00,Repeat,0.6617,14,18.78
13089,203,113416.91,558.7,58932,2009-12-02 15:44:00,2011-12-07 09:02:00,Repeat,0.6528,15,19.44
12931,57,92347.34,1620.13,62906,2009-12-01 11:46:00,2011-11-18 12:39:00,Repeat,0.5315,16,19.97
14298,82,91194.49,1112.13,100272,2009-12-11 13:49:00,2011-12-01 13:12:00,Repeat,0.5249,17,20.49
15769,46,88612.52,1926.36,49068,2009-12-11 09:58:00,2011-12-02 13:52:00,Repeat,0.51,18,21.0
12346,12,77556.46,6463.04,74285,2009-12-14 08:34:00,2011-01-18 10:01:00,Repeat,0.4464,19,21.45
13798,110,75428.87,685.72,48187,2009-12-08 16:21:00,2011-12-08 15:51:00,Repeat,0.4341,20,21.88
15838,34,73205.5,2153.1,64114,2009-12-15 09:51:00,2011-11-28 14:00:00,Repeat,0.4213,21,22.3
17841,211,68545.25,324.86,36584,2009-12-02 15:41:00,2011-12-08 12:07:00,Repeat,0.3945,22,22.7
16754,29,65500.07,2258.62,63551,2010-03-08 11:32:00,2010-12-02 17:38:00,Repeat,0.377,23,23.08
14096,17,65164.79,3833.22,16352,2011-08-30 10:49:00,2011-12-05 17:17:00,Repeat,0.3751,24,23.45
14088,16,64036.8,4002.3,15276,2010-10-14 19:46:00,2011-11-29 16:16:00,Repeat,0.3686,25,23.82
16422,109,61920.87,568.08,64225,2010-01-12 11:57:00,2011-11-22 14:00:00,Repeat,0.3564,26,24.18
17389,61,57215.33,937.96,17880,2009-12-04 12:06:00,2011-12-09 09:38:00,Repeat,0.3293,27,24.5
13081,28,56838.37,2029.94,40077,2009-12-08 13:58:00,2011-11-28 10:54:00,Repeat,0.3271,28,24.83
16013,84,56078.44,667.6,25520,2009-12-08 10:24:00,2011-12-06 10:36:00,Repeat,0.3228,29,25.15
14680,58,55688.5,960.15,26894,2009-12-04 12:36:00,2011-11-14 16:59:00,Repeat,0.3205,30,25.48
13093,55,54144.25,984.44,25971,2009-12-04 10:32:00,2011-03-09 12:14:00,Repeat,0.3116,31,25.79
12748,336,53539.64,159.34,37109,2009-12-04 17:31:00,2011-12-09 12:20:00,Repeat,0.3081,32,26.09
17850,155,51208.87,330.38,21052,2009-12-05 12:28:00,2010-12-02 15:27:00,Repeat,0.2947,33,26.39
13408,106,50174.78,473.35,28675,2009-12-04 09:31:00,2011-12-08 09:05:00,Repeat,0.2888,34,26.68
13777,61,49638.26,813.74,23190,2009-12-02 09:47:00,2011-12-09 12:25:00,Repeat,0.2857,35,26.96
17404,23,47781.12,2077.44,50679,2010-01-07 11:31:00,2011-12-05 16:26:00,Repeat,0.275,36,27.24
13881,43,45179.1,1050.68,29760,2010-03-04 14:41:00,2011-12-06 12:50:00,Repeat,0.26,37,27.5
15749,3,44534.3,14844.77,18028,2011-01-11 12:55:00,2011-04-18 13:20:00,Repeat,0.2563,38,27.76
16705,42,43515.05,1036.07,22302,2009-12-09 13:34:00,2011-12-09 12:08:00,Repeat,0.2504,39,28.01
12471,79,39918.19,505.29,16858,2009-12-07 10:41:00,2011-12-07 15:43:00,Repeat,0.2297,40,28.24
15098,3,39916.5,13305.5,121,2011-06-10 15:22:00,2011-06-10 15:33:00,Repeat,0.2297,41,28.47
15039,93,39141.48,420.88,17780,2009-12-10 11:39:00,2011-11-30 11:31:00,Repeat,0.2253,42,28.69
14031,44,39019.51,886.81,13783,2009-12-03 15:35:00,2011-12-02 17:13:00,Repeat,0.2246,43,28.92
17675,70,37642.48,537.75,16180,2009-12-10 16:10:00,2011-12-08 18:03:00,Repeat,0.2166,44,29.13
17381,38,36398.65,957.86,42879,2010-06-09 12:55:00,2011-12-01 11:59:00,Repeat,0.2095,45,29.34
12921,74,35233.24,476.12,21328,2009-12-01 13:43:00,2011-11-30 16:22:00,Repeat,0.2028,46,29.54
17677,54,35058.46,649.23,20921,2009-12-16 11:23:00,2011-12-08 09:56:00,Repeat,0.2018,47,29.75
12678,21,34281.18,1632.44,22372,2010-01-07 16:46:00,2011-10-28 13:04:00,Repeat,0.1973,48,29.94
13902,5,34095.26,6819.05,220600,2009-12-15 10:02:00,2010-03-17 13:09:00,Repeat,0.1962,49,30.14
13767,73,33903.57,464.43,14595,2009-12-01 10:52:00,2011-12-07 15:00:00,Repeat,0.1951,50,30.33
16210,35,33750.97,964.31,12397,2009-12-02 12:54:00,2011-12-08 12:36:00,Repeat,0.1943,51,30.53
16779,53,32809.03,619.04,19411,2009-12-03 13:03:00,2011-12-07 14:54:00,Repeat,0.1888,52,30.72
15856,52,32275.95,620.69,19550,2009-12-03 14:02:00,2011-12-05 17:09:00,Repeat,0.1858,53,30.9
14258,25,32051.34,1282.05,17488,2009-12-04 08:36:00,2011-11-30 15:27:00,Repeat,0.1845,54,31.09
17428,45,31466.76,699.26,17356,2009-12-01 17:28:00,2011-12-09 09:45:00,Repeat,0.1811,55,31.27
17940,16,30306.79,1894.17,85148,2009-12-03 12:31:00,2011-10-21 13:27:00,Repeat,0.1744,56,31.44
12709,34,30291.76,890.93,13772,2009-12-09 13:49:00,2011-11-24 15:38:00,Repeat,0.1743,57,31.62
14606,192,29951.37,156.0,15217,2009-12-03 12:40:00,2011-12-08 19:28:00,Repeat,0.1724,58,31.79
12681,45,29834.76,662.99,17011,2009-12-13 13:31:00,2011-11-25 11:33:00,Repeat,0.1717,59,31.96
13078,57,29018.06,509.09,12032,2009-12-01 09:06:00,2011-12-06 15:36:00,Repeat,0.167,60,32.13
13098,28,28882.44,1031.52,15968,2011-01-26 13:46:00,2011-12-08 14:14:00,Repeat,0.1662,61,32.3
17857,24,27347.04,1139.46,19906,2010-03-08 12:09:00,2011-12-05 13:13:00,Repeat,0.1574,62,32.45
14527,122,27246.88,223.34,6647,2009-12-02 12:06:00,2011-12-07 12:19:00,Repeat,0.1568,63,32.61
16333,22,26626.8,1210.31,32184,2011-02-03 10:50:00,2011-12-02 12:19:00,Repeat,0.1532,64,32.76
15513,35,26437.05,755.34,10477,2010-01-13 14:59:00,2011-11-06 14:36:00,Repeat,0.1522,65,32.91
17865,46,26312.19,572.0,12950,2009-12-01 10:49:00,2011-11-09 12:08:00,Repeat,0.1514,66,33.07
18251,9,26278.86,2919.87,39639,2009-12-22 12:01:00,2011-09-13 15:03:00,Repeat,0.1512,67,33.22
13802,19,26259.11,1382.06,14129,2010-02-16 10:11:00,2011-07-24 10:54:00,Repeat,0.1511,68,33.37
12731,17,25775.71,1516.22,11641,2010-03-02 09:23:00,2011-11-16 11:59:00,Repeat,0.1484,69,33.52
14062,24,25585.65,1066.07,12794,2009-12-10 14:28:00,2011-11-30 10:04:00,Repeat,0.1473,70,33.66
12744,11,25317.06,2301.55,6994,2010-04-27 16:19:00,2011-10-19 11:18:00,Repeat,0.1457,71,33.81
12939,20,25264.8,1263.24,10328,2010-01-12 11:27:00,2011-10-06 14:33:00,Repeat,0.1454,72,33.96
14895,38,25119.54,661.04,10714,2009-12-10 14:22:00,2011-12-02 09:23:00,Repeat,0.1446,73,34.1
15498,44,24972.86,567.57,12134,2009-12-16 17:27:00,2011-12-07 12:48:00,Repeat,0.1437,74,34.24
12621,35,24311.2,694.61,13706,2010-02-09 12:01:00,2011-12-08 11:25:00,Repeat,0.1399,75,34.38
16525,48,24151.3,503.15,14430,2009-12-02 13:53:00,2011-12-07 15:07:00,Repeat,0.139,76,34.52
13001,33,24042.65,728.57,13448,2009-12-03 16:21:00,2011-12-05 14:51:00,Repeat,0.1384,77,34.66
14607,22,23763.13,1080.14,15335,2009-12-15 11:25:00,2011-11-24 10:35:00,Repeat,0.1368,78,34.8
12482,29,23691.4,816.94,27042,2010-02-24 10:24:00,2010-05-12 16:51:00,Repeat,0.1364,79,34.93
17920,54,23581.78,436.7,12265,2009-12-06 10:37:00,2011-12-05 14:29:00,Repeat,0.1357,80,35.07
15640,29,23494.31,810.15,12140,2009-12-14 16:36:00,2011-12-05 14:35:00,Repeat,0.1352,81,35.21
12409,7,23419.29,3345.61,13143,2010-05-23 15:21:00,2011-09-22 10:38:00,Repeat,0.1348,82,35.34
16133,56,22992.26,410.58,13653,2010-03-31 12:21:00,2011-12-06 11:24:00,Repeat,0.1323,83,35.47
12682,52,22950.22,441.35,10522,2009-12-01 09:28:00,2011-12-06 10:00:00,Repeat,0.1321,84,35.6
14063,9,22710.2,2523.36,3850,2009-12-08 13:46:00,2010-09-27 16:18:00,Repeat,0.1307,85,35.73
12540,33,22254.49,674.38,11019,2009-12-07 16:56:00,2011-11-20 11:31:00,Repeat,0.1281,86,35.86
15159,34,22116.73,650.49,13512,2010-10-04 09:31:00,2011-12-08 12:05:00,Repeat,0.1273,87,35.99
13340,12,22100.56,1841.71,9636,2010-02-22 14:54:00,2011-10-25 13:15:00,Repeat,0.1272,88,36.12
14051,37,21770.98,588.4,5709,2009-12-03 11:53:00,2011-12-09 10:20:00,Repeat,0.1253,89,36.24
16839,44,21758.25,494.51,11295,2010-02-11 15:02:00,2011-12-01 09:03:00,Repeat,0.1252,90,36.37
12753,6,21429.39,3571.57,11421,2010-12-12 11:44:00,2011-11-17 10:52:00,Repeat,0.1233,91,36.49
15615,47,21373.97,454.77,12090,2009-12-02 15:28:00,2011-11-29 14:42:00,Repeat,0.123,92,36.61
13319,58,21323.22,367.64,8974,2009-12-06 14:46:00,2011-12-04 13:34:00,Repeat,0.1227,93,36.74
14866,19,20746.54,1091.92,9089,2010-08-26 11:54:00,2011-11-29 11:45:00,Repeat,0.1194,94,36.86
14667,54,20395.34,377.69,11939,2009-12-02 12:38:00,2011-11-29 11:30:00,Repeat,0.1174,95,36.97
15251,21,20324.54,967.84,12108,2010-01-29 12:42:00,2011-11-30 15:02:00,Repeat,0.117,96,37.09
12477,9,20276.37,2252.93,6119,2010-03-26 14:01:00,2011-11-17 09:51:00,Repeat,0.1167,97,37.21
17706,31,20272.15,653.94,7824,2010-01-19 12:13:00,2011-12-05 13:34:00,Repeat,0.1167,98,37.32
17243,69,20203.58,292.81,7932,2009-12-01 15:36:00,2011-12-08 13:26:00,Repeat,0.1163,99,37.44
18008,23,19759.08,859.09,7825,2010-01-06 12:35:00,2011-09-30 15:17:00,Repeat,0.1137,100,37.55
17340,18,19617.95,1089.89,9497,2010-02-14 14:54:00,2011-11-10 10:45:00,Repeat,0.1129,101,37.67
16843,35,19571.43,559.18,18502,2009-12-10 11:40:00,2011-10-28 09:06:00,Repeat,0.1126,102,37.78
17139,25,19566.76,782.67,9853,2010-01-11 11:31:00,2011-11-24 10:12:00,Repeat,0.1126,103,37.89
14194,36,18670.59,518.63,10037,2010-01-06 12:16:00,2011-12-05 10:38:00,Repeat,0.1075,104,38.0
12357,3,18287.66,6095.89,6587,2010-11-16 10:05:00,2011-11-06 16:07:00,Repeat,0.1053,105,38.11
13113,37,18230.07,492.7,4435,2010-03-28 16:13:00,2011-12-09 12:49:00,Repeat,0.1049,106,38.21
12557,8,18096.14,2262.02,6382,2009-12-17 10:39:00,2011-11-23 16:59:00,Repeat,0.1042,107,38.31
16746,42,18046.75,429.68,11900,2009-12-04 13:00:00,2011-12-05 12:33:00,Repeat,0.1039,108,38.42
17581,43,17951.17,417.47,9519,2009-12-03 12:34:00,2011-12-09 12:21:00,Repeat,0.1033,109,38.52
12901,28,17654.54,630.52,23075,2011-03-14 10:41:00,2011-12-01 10:07:00,Repeat,0.1016,110,38.62
17377,78,17644.27,226.21,7335,2009-12-02 12:39:00,2011-11-16 11:17:00,Repeat,0.1016,111,38.72
14952,32,17629.35,550.92,6977,2009-12-03 15:34:00,2011-10-11 10:33:00,Repeat,0.1015,112,38.83
16652,16,17550.39,1096.9,7477,2010-03-17 10:22:00,2011-10-12 09:38:00,Repeat,0.101,113,38.93
15189,46,17524.38,380.96,6902,2010-07-18 13:37:00,2011-12-08 13:22:00,Repeat,0.1009,114,39.03
18172,52,17467.24,335.91,7407,2009-12-11 09:58:00,2011-11-25 11:12:00,Repeat,0.1005,115,39.13
16019,27,17329.16,641.82,6959,2009-12-14 14:12:00,2011-10-24 11:51:00,Repeat,0.0997,116,39.23
17416,22,17298.45,786.29,8769,2009-12-14 16:29:00,2011-11-10 12:47:00,Repeat,0.0996,117,39.33
15078,53,17286.73,326.16,8777,2009-12-04 12:03:00,2011-12-02 15:41:00,Repeat,0.0995,118,39.43
15523,16,17259.19,1078.7,15633,2009-12-02 15:16:00,2011-09-16 16:29:00,Repeat,0.0993,119,39.53
13027,19,17239.2,907.33,42840,2010-01-20 10:41:00,2011-08-18 09:39:00,Repeat,0.0992,120,39.63
14277,9,17197.61,1910.85,89806,2009-12-13 15:43:00,2011-11-24 15:01:00,Repeat,0.099,121,39.72
15808,21,17180.25,818.11,6753,2009-12-01 16:30:00,2011-02-06 14:33:00,Repeat,0.0989,122,39.82
15125,24,17024.87,709.37,8433,2010-03-31 13:29:00,2011-11-14 13:57:00,Repeat,0.098,123,39.92
12647,36,16955.55,470.99,6633,2010-01-13 15:06:00,2011-11-17 12:56:00,Repeat,0.0976,124,40.02
16656,30,16833.17,561.11,15433,2009-12-04 12:59:00,2011-11-17 14:43:00,Repeat,0.0969,125,40.12
12433,10,16794.14,1679.41,13534,2010-08-20 09:23:00,2011-12-09 10:02:00,Repeat,0.0967,126,40.21
17735,26,16790.33,645.78,10683,2010-07-30 13:25:00,2011-12-07 16:47:00,Repeat,0.0966,127,40.31
12454,5,16679.78,3335.96,7703,2010-10-14 17:33:00,2011-10-14 17:13:00,Repeat,0.096,128,40.41
16553,33,16584.01,502.55,16427,2010-02-11 18:46:00,2011-06-29 15:42:00,Repeat,0.0954,129,40.5
13564,37,16498.97,445.92,8878,2009-12-02 11:55:00,2011-07-18 14:33:00,Repeat,0.095,130,40.6
15358,42,16425.86,391.09,14902,2009-12-07 12:19:00,2011-12-05 09:04:00,Repeat,0.0945,131,40.69
14961,22,16410.15,745.92,8372,2009-12-04 11:32:00,2011-11-29 09:42:00,Repeat,0.0944,132,40.78
13225,16,16260.07,1016.25,7401,2009-12-17 09:09:00,2011-12-06 13:29:00,Repeat,0.0936,133,40.88
16180,13,16249.87,1249.99,9813,2010-06-23 13:19:00,2011-08-31 16:28:00,Repeat,0.0935,134,40.97
12472,19,16249.29,855.23,10378,2009-12-14 10:49:00,2011-11-07 14:01:00,Repeat,0.0935,135,41.07
12980,21,16245.78,773.61,1910,2009-12-02 11:26:00,2011-07-05 09:34:00,Repeat,0.0935,136,41.16
17107,10,16052.72,1605.27,7530,2010-01-31 15:47:00,2011-11-06 14:14:00,Repeat,0.0924,137,41.25
15044,35,16024.15,457.83,5241,2009-12-16 15:13:00,2011-11-20 13:20:00,Repeat,0.0922,138,41.34
13199,67,15964.21,238.27,11567,2009-12-05 10:11:00,2011-12-06 12:30:00,Repeat,0.0919,139,41.44
17716,24,15956.97,664.87,8819,2009-12-02 17:18:00,2011-11-17 12:00:00,Repeat,0.0918,140,41.53
12971,116,15704.6,135.38,14306,2009-12-15 19:04:00,2011-12-06 12:20:00,Repeat,0.0904,141,41.62
16191,24,15677.82,653.24,9348,2009-12-11 12:24:00,2011-12-07 11:26:00,Repeat,0.0902,142,41.71
12949,22,15526.7,705.76,8233,2009-12-03 15:56:00,2011-11-09 11:25:00,Repeat,0.0894,143,41.8
14769,17,15514.11,912.59,11058,2009-12-16 09:17:00,2011-12-07 10:24:00,Repeat,0.0893,144,41.89
14849,43,15407.61,358.32,11838,2010-01-10 11:40:00,2011-11-18 10:58:00,Repeat,0.0887,145,41.98
15768,34,15308.89,450.26,4215,2009-12-03 12:10:00,2011-08-16 10:48:00,Repeat,0.0881,146,42.06
18087,17,14761.52,868.32,7775,2009-12-01 09:43:00,2011-09-02 15:12:00,Repeat,0.085,147,42.15
18092,18,14693.72,816.32,8298,2009-12-04 12:37:00,2011-12-07 13:14:00,Repeat,0.0846,148,42.23
16126,15,14644.6,976.31,6140,2009-12-02 13:34:00,2011-11-10 16:03:00,Repeat,0.0843,149,42.32
17133,12,14622.33,1218.53,10107,2010-03-21 12:31:00,2011-11-24 12:27:00,Repeat,0.0842,150,42.4
16873,12,14617.39,1218.12,8601,2010-02-09 14:17:00,2011-12-05 12:05:00,Repeat,0.0841,151,42.49
14543,39,14587.87,374.05,2639,2009-12-01 13:47:00,2011-11-11 12:45:00,Repeat,0.084,152,42.57
17448,46,14523.67,315.73,11534,2010-03-04 17:29:00,2010-07-30 14:07:00,Repeat,0.0836,153,42.65
15482,19,14417.36,758.81,6516,2009-12-02 16:59:00,2011-11-24 10:46:00,Repeat,0.083,154,42.74
14733,15,14335.15,955.68,5799,2010-11-02 15:42:00,2011-11-23 15:39:00,Repeat,0.0825,155,42.82
13488,23,14205.96,617.65,7375,2010-01-25 10:13:00,2011-11-22 14:41:00,Repeat,0.0818,156,42.9
15601,30,14191.74,473.06,10395,2009-12-01 14:53:00,2011-11-28 15:15:00,Repeat,0.0817,157,42.98
16713,32,14115.56,441.11,8482,2009-12-15 12:49:00,2011-11-21 12:36:00,Repeat,0.0812,158,43.06
12714,12,14093.71,1174.48,8774,2009-12-04 10:00:00,2011-11-30 15:43:00,Repeat,0.0811,159,43.14
12476,23,14083.91,612.34,5631,2010-07-26 09:04:00,2011-11-24 12:40:00,Repeat,0.0811,160,43.23
14299,27,14070.25,521.12,8136,2009-12-02 10:58:00,2011-12-01 16:05:00,Repeat,0.081,161,43.31
13178,21,14059.19,669.49,8778,2009-12-16 14:00:00,2011-11-13 16:14:00,Repeat,0.0809,162,43.39
18223,26,14000.85,538.49,6644,2009-12-04 12:20:00,2011-12-05 09:11:00,Repeat,0.0806,163,43.47
12435,6,13925.93,2320.99,4958,2009-12-02 13:58:00,2011-09-21 09:06:00,Repeat,0.0802,164,43.55
15760,2,13916.34,6958.17,2,2010-03-19 11:35:00,2010-03-19 11:45:00,Repeat,0.0801,165,43.63
17589,18,13837.94,768.77,8704,2010-03-07 13:48:00,2011-10-10 16:58:00,Repeat,0.0796,166,43.71
15005,56,13754.58,245.62,8666,2009-12-01 14:19:00,2011-11-24 12:25:00,Repeat,0.0792,167,43.79
15382,12,13733.55,1144.46,9178,2009-12-04 14:13:00,2011-11-25 10:58:00,Repeat,0.079,168,43.87
15093,23,13702.38,595.76,10778,2009-12-08 12:46:00,2011-11-21 13:09:00,Repeat,0.0789,169,43.94
12583,27,13591.58,503.39,8535,2009-12-06 11:57:00,2011-12-07 08:07:00,Repeat,0.0782,170,44.02
12989,33,13551.75,410.66,6935,2009-12-10 13:27:00,2011-12-06 15:28:00,Repeat,0.078,171,44.1
15291,40,13517.76,337.94,4905,2009-12-03 11:09:00,2011-11-14 11:02:00,Repeat,0.0778,172,44.18
13629,19,13370.86,703.73,7722,2010-02-11 17:34:00,2011-11-16 13:21:00,Repeat,0.077,173,44.26
13097,28,13324.1,475.86,5345,2009-12-01 13:31:00,2011-11-07 10:43:00,Repeat,0.0767,174,44.33
16558,38,13304.11,350.11,7813,2009-12-03 18:11:00,2011-12-09 10:20:00,Repeat,0.0766,175,44.41
16923,32,13157.13,411.16,6190,2010-01-31 11:14:00,2011-11-27 13:00:00,Repeat,0.0757,176,44.48
13090,24,13091.74,545.49,3247,2010-08-02 13:58:00,2011-12-01 12:39:00,Repeat,0.0753,177,44.56
15738,41,13043.32,318.13,9030,2009-12-10 15:52:00,2011-11-21 08:26:00,Repeat,0.0751,178,44.64
14049,13,13023.4,1001.8,8480,2010-04-01 14:52:00,2011-11-23 12:20:00,Repeat,0.075,179,44.71
18225,26,13014.8,500.57,7282,2009-12-04 16:52:00,2011-12-06 13:27:00,Repeat,0.0749,180,44.79
15502,14,13003.87,928.85,5559,2010-06-03 11:12:00,2011-11-24 12:48:00,Repeat,0.0748,181,44.86
14110,33,12987.95,393.57,5825,2009-12-01 09:50:00,2011-12-06 12:26:00,Repeat,0.0748,182,44.93
13969,35,12973.46,370.67,6640,2010-03-25 13:15:00,2011-12-02 15:11:00,Repeat,0.0747,183,45.01
13668,35,12948.48,369.96,6096,2009-12-11 14:28:00,2011-12-07 12:11:00,Repeat,0.0745,184,45.08
13316,10,12940.82,1294.08,19931,2010-03-10 10:01:00,2011-11-02 13:40:00,Repeat,0.0745,185,45.16
13952,14,12823.52,915.97,5947,2009-12-16 09:41:00,2011-05-06 09:00:00,Repeat,0.0738,186,45.23
13468,72,12793.28,177.68,5617,2009-12-03 13:32:00,2011-12-08 10:39:00,Repeat,0.0736,187,45.31
16549,34,12781.8,375.94,7087,2010-03-28 15:45:00,2011-11-29 15:06:00,Repeat,0.0736,188,45.38
12437,39,12683.4,325.22,8000,2009-12-02 16:24:00,2011-12-08 11:35:00,Repeat,0.073,189,45.45
12451,8,12669.88,1583.73,9359,2010-06-28 12:58:00,2011-11-29 08:40:00,Repeat,0.0729,190,45.53
12536,3,12601.83,4200.61,2803,2011-10-11 14:52:00,2011-10-27 14:20:00,Repeat,0.0725,191,45.6
16161,43,12580.06,292.56,6255,2010-02-08 11:06:00,2011-12-08 12:10:00,Repeat,0.0724,192,45.67
17017,29,12576.99,433.69,9397,2009-12-03 13:22:00,2011-12-07 09:32:00,Repeat,0.0724,193,45.74
14040,35,12523.81,357.82,4972,2009-12-01 12:14:00,2011-10-30 12:42:00,Repeat,0.0721,194,45.81
17858,30,12518.65,417.29,5383,2009-12-06 15:41:00,2011-12-04 11:56:00,Repeat,0.0721,195,45.89
14936,12,12410.81,1034.23,6274,2010-05-05 12:26:00,2011-11-06 10:30:00,Repeat,0.0714,196,45.96
16000,3,12393.7,4131.23,5110,2011-12-07 12:14:00,2011-12-07 12:17:00,Repeat,0.0713,197,46.03
12474,31,12372.75,399.12,7940,2010-02-11 09:41:00,2011-11-22 14:39:00,Repeat,0.0712,198,46.1
14735,56,12240.16,218.57,4513,2009-12-04 11:32:00,2011-12-06 12:09:00,Repeat,0.0704,199,46.17
12481,15,12185.51,812.37,7158,2010-04-11 13:10:00,2011-11-17 08:29:00,Repeat,0.0701,200,46.24
15144,29,12160.31,419.32,5251,2009-12-13 11:35:00,2011-12-01 15:12:00,Repeat,0.07,201,46.31
15465,32,12100.4,378.14,2638,2009-12-10 09:42:00,2011-11-20 10:11:00,Repeat,0.0696,202,46.38
15194,28,12021.53,429.34,8922,2009-12-03 10:37:00,2011-12-06 15:10:00,Repeat,0.0692,203,46.45
13050,35,11986.52,342.47,7015,2009-12-15 15:06:00,2011-11-25 09:18:00,Repeat,0.069,204,46.52
14415,23,11980.09,520.87,6263,2009-12-16 14:08:00,2011-12-08 14:38:00,Repeat,0.069,205,46.59
17364,28,11972.92,427.6,7464,2009-12-07 15:28:00,2011-12-09 09:00:00,Repeat,0.0689,206,46.66
17044,12,11962.3,996.86,5722,2009-12-07 12:25:00,2011-11-14 14:28:00,Repeat,0.0688,207,46.73
13458,16,11959.27,747.45,6760,2010-11-16 14:01:00,2011-12-02 15:29:00,Repeat,0.0688,208,46.79
13854,39,11944.56,306.27,3642,2010-01-08 11:28:00,2011-12-01 09:06:00,Repeat,0.0687,209,46.86
16258,15,11942.52,796.17,7200,2010-03-10 14:19:00,2011-10-25 13:30:00,Repeat,0.0687,210,46.93
16814,36,11924.85,331.25,4844,2010-04-11 12:45:00,2011-11-25 13:27:00,Repeat,0.0686,211,47.0
16523,28,11916.33,425.58,4979,2010-01-24 13:14:00,2011-12-08 09:06:00,Repeat,0.0686,212,47.07
17338,17,11889.33,699.37,5780,2010-03-10 16:09:00,2011-11-22 14:23:00,Repeat,0.0684,213,47.14
13687,1,11880.84,11880.84,87167,2010-09-27 16:30:00,2010-09-27 16:30:00,One-time,0.0684,214,47.21
14505,19,11879.08,625.21,5325,2009-12-09 14:48:00,2011-11-22 15:45:00,Repeat,0.0684,215,47.27
18226,26,11878.88,456.88,7883,2010-03-05 10:05:00,2011-10-26 13:36:00,Repeat,0.0684,216,47.34
12567,15,11767.48,784.5,5308,2010-02-11 10:30:00,2011-11-17 11:02:00,Repeat,0.0677,217,47.41
12705,14,11762.1,840.15,7188,2010-06-24 09:51:00,2011-11-24 13:17:00,Repeat,0.0677,218,47.48
14426,17,11727.94,689.88,7023,2010-03-04 14:36:00,2011-11-16 12:25:00,Repeat,0.0675,219,47.55
13004,36,11650.85,323.63,8768,2009-12-15 09:44:00,2011-11-28 11:27:00,Repeat,0.0671,220,47.61
12683,21,11633.7,553.99,7019,2009-12-13 15:01:00,2011-12-05 16:31:00,Repeat,0.067,221,47.68
15023,20,11578.65,578.93,4758,2010-02-03 15:45:00,2011-12-06 17:23:00,Repeat,0.0666,222,47.75
14739,25,11573.62,462.94,9696,2009-12-02 13:23:00,2011-12-05 16:54:00,Repeat,0.0666,223,47.81
13418,31,11559.66,372.89,7354,2009-12-11 12:51:00,2011-11-28 10:23:00,Repeat,0.0665,224,47.88
15218,22,11468.83,521.31,6530,2010-01-26 11:33:00,2011-11-29 11:48:00,Repeat,0.066,225,47.95
13680,12,11419.67,951.64,5244,2009-12-04 14:14:00,2011-12-08 13:47:00,Repeat,0.0657,226,48.01
14016,11,11403.41,1036.67,5722,2010-01-08 14:12:00,2011-07-01 11:29:00,Repeat,0.0656,227,48.08
12668,10,11383.03,1138.3,5049,2010-01-31 15:45:00,2011-11-28 10:56:00,Repeat,0.0655,228,48.14
13102,37,11380.1,307.57,6366,2010-05-06 13:12:00,2011-12-08 12:52:00,Repeat,0.0655,229,48.21
15874,21,11284.76,537.37,5102,2010-01-07 13:56:00,2011-10-07 12:31:00,Repeat,0.0649,230,48.27
15555,36,11243.91,312.33,8511,2009-12-06 11:58:00,2011-11-27 16:19:00,Repeat,0.0647,231,48.34
12539,7,11214.75,1602.11,4535,2009-12-23 13:00:00,2011-11-17 13:30:00,Repeat,0.0645,232,48.4
13576,28,11202.59,400.09,4506,2009-12-08 15:12:00,2011-11-29 15:34:00,Repeat,0.0645,233,48.47
12524,17,11126.11,654.48,7178,2010-02-08 14:41:00,2011-11-30 15:31:00,Repeat,0.064,234,48.53
14134,15,11123.35,741.56,5814,2009-12-10 09:25:00,2010-11-22 12:26:00,Repeat,0.064,235,48.59
13013,29,11097.43,382.67,5661,2009-12-14 10:34:00,2011-12-08 15:01:00,Repeat,0.0639,236,48.66
15032,8,11010.05,1376.26,6601,2009-12-10 15:27:00,2011-03-28 15:03:00,Repeat,0.0634,237,48.72
14045,16,10986.63,686.66,4459,2010-01-08 10:08:00,2011-08-22 15:27:00,Repeat,0.0632,238,48.79
12918,1,10953.5,10953.5,1,2010-03-23 15:22:00,2010-03-23 15:22:00,One-time,0.063,239,48.85
16985,23,10923.16,474.92,3103,2009-12-10 13:34:00,2011-11-22 13:33:00,Repeat,0.0629,240,48.91
18052,1,10877.18,10877.18,17766,2010-05-24 11:11:00,2010-05-24 11:11:00,One-time,0.0626,241,48.97
16033,27,10608.81,392.92,4200,2010-08-11 16:44:00,2011-12-04 12:44:00,Repeat,0.0611,242,49.03
13324,18,10513.47,584.08,8448,2010-05-25 10:23:00,2011-11-03 16:28:00,Repeat,0.0605,243,49.1
15290,26,10496.28,403.7,6567,2010-02-24 10:15:00,2011-12-05 11:39:00,Repeat,0.0604,244,49.16
12431,27,10432.22,386.38,4600,2010-01-15 09:04:00,2011-11-04 11:55:00,Repeat,0.06,245,49.22
14028,3,10396.5,3465.5,7170,2010-06-07 12:02:00,2010-06-07 13:33:00,Repeat,0.0598,246,49.28
16168,66,10360.67,156.98,4975,2009-12-03 12:38:00,2011-11-29 12:45:00,Repeat,0.0596,247,49.34
16984,9,10350.53,1150.06,5127,2010-03-07 15:34:00,2011-09-12 13:43:00,Repeat,0.0596,248,49.39
15296,12,10323.03,860.25,5452,2010-01-21 13:48:00,2011-10-20 11:47:00,Repeat,0.0594,249,49.45
14422,19,10271.52,540.61,6067,2009-12-17 12:12:00,2011-12-09 11:26:00,Repeat,0.0591,250,49.51
17160,17,10209.16,600.54,8390,2009-12-04 10:57:00,2011-11-08 14:05:00,Repeat,0.0588,251,49.57
15719,31,10195.97,328.9,5356,2009-12-01 12:47:00,2011-11-07 12:29:00,Repeat,0.0587,252,49.63
14796,27,10169.33,376.64,7188,2009-12-14 15:06:00,2011-12-08 15:31:00,Repeat,0.0585,253,49.69
16327,16,10159.64,634.98,8124,2009-12-14 13:06:00,2011-11-25 13:23:00,Repeat,0.0585,254,49.75
18229,28,10150.51,362.52,3071,2009-12-03 14:42:00,2011-11-28 09:48:00,Repeat,0.0584,255,49.81
15805,30,10148.93,338.3,6205,2009-12-10 12:57:00,2011-11-16 16:32:00,Repeat,0.0584,256,49.86
18055,14,10142.64,724.47,3534,2010-10-22 13:27:00,2011-12-02 14:25:00,Repeat,0.0584,257,49.92
17809,20,10085.89,504.29,2995,2009-12-02 14:52:00,2011-11-23 12:59:00,Repeat,0.058,258,49.98
15547,26,10057.05,386.81,7278,2009-12-06 13:40:00,2011-12-02 12:52:00,Repeat,0.0579,259,50.04
13941,15,10027.18,668.48,4782,2009-12-16 16:10:00,2011-11-18 09:43:00,Repeat,0.0577,260,50.1
13985,22,10020.86,455.49,4936,2010-02-09 13:56:00,2011-12-05 17:06:00,Repeat,0.0577,261,50.15
15694,24,9978.48,415.77,2467,2009-12-07 15:43:00,2011-12-09 09:44:00,Repeat,0.0574,262,50.21
14755,25,9972.55,398.9,4401,2009-12-03 16:51:00,2011-11-30 11:24:00,Repeat,0.0574,263,50.27
16182,9,9971.65,1107.96,5887,2010-03-09 09:34:00,2011-09-28 13:23:00,Repeat,0.0574,264,50.33
14101,13,9961.93,766.3,10542,2010-03-28 13:36:00,2011-09-27 12:28:00,Repeat,0.0573,265,50.38
16131,12,9957.42,829.78,4768,2009-12-02 10:09:00,2011-10-19 11:53:00,Repeat,0.0573,266,50.44
18260,23,9947.26,432.49,5244,2009-12-15 13:50:00,2011-06-20 12:37:00,Repeat,0.0573,267,50.5
17049,19,9942.53,523.29,4273,2010-03-04 10:23:00,2011-12-07 10:48:00,Repeat,0.0572,268,50.56
16701,26,9916.73,381.41,11046,2009-12-01 19:19:00,2011-12-01 11:10:00,Repeat,0.0571,269,50.61
12758,7,9903.24,1414.75,6155,2009-12-01 14:40:00,2011-08-15 10:22:00,Repeat,0.057,270,50.67
14329,15,9887.62,659.17,5913,2009-12-16 15:31:00,2011-11-22 15:50:00,Repeat,0.0569,271,50.73
12590,2,9864.26,4932.13,4283,2011-05-12 14:46:00,2011-05-12 14:52:00,Repeat,0.0568,272,50.78
14828,13,9839.46,756.88,9718,2009-12-07 11:19:00,2011-05-27 10:16:00,Repeat,0.0566,273,50.84
12490,21,9823.64,467.79,5906,2009-12-01 12:52:00,2011-12-04 16:07:00,Repeat,0.0565,274,50.9
13599,33,9811.04,297.3,6248,2009-12-01 12:30:00,2011-12-08 16:10:00,Repeat,0.0565,275,50.95
16353,38,9795.46,257.78,3483,2009-12-07 13:55:00,2011-12-06 12:23:00,Repeat,0.0564,276,51.01
14944,19,9784.67,514.98,4864,2010-02-17 08:47:00,2011-11-10 09:10:00,Repeat,0.0563,277,51.07
17306,21,9782.35,465.83,13747,2010-11-01 11:38:00,2011-11-29 12:14:00,Repeat,0.0563,278,51.12
13018,35,9763.16,278.95,6746,2010-03-01 12:34:00,2011-11-23 13:28:00,Repeat,0.0562,279,51.18
13735,13,9762.77,750.98,4135,2009-12-13 13:31:00,2011-11-15 11:14:00,Repeat,0.0562,280,51.23
14085,33,9720.67,294.57,6434,2009-12-08 13:41:00,2011-12-07 13:46:00,Repeat,0.0559,281,51.29
12380,11,9676.3,879.66,3355,2010-02-15 12:05:00,2011-11-18 11:27:00,Repeat,0.0557,282,51.35
12839,26,9669.12,371.89,6578,2009-12-07 09:18:00,2011-12-07 12:33:00,Repeat,0.0557,283,51.4
16782,38,9636.12,253.58,4027,2009-12-09 11:58:00,2011-11-29 13:20:00,Repeat,0.0555,284,51.46
17315,43,9599.58,223.25,5088,2010-09-27 12:45:00,2011-12-08 12:15:00,Repeat,0.0553,285,51.51
18109,38,9555.71,251.47,4822,2010-07-01 12:13:00,2011-12-08 11:36:00,Repeat,0.055,286,51.57
14091,2,9530.08,4765.04,3316,2010-01-10 13:41:00,2010-02-23 15:17:00,Repeat,0.0548,287,51.62
17811,47,9519.8,202.55,5278,2010-09-20 11:24:00,2011-12-05 13:46:00,Repeat,0.0548,288,51.68
13999,29,9502.26,327.66,5043,2009-12-05 12:42:00,2011-11-29 13:40:00,Repeat,0.0547,289,51.73
17504,18,9490.17,527.23,5420,2010-02-08 09:22:00,2011-05-17 12:59:00,Repeat,0.0546,290,51.79
14146,12,9450.3,787.52,5780,2010-01-13 16:04:00,2011-12-01 10:18:00,Repeat,0.0544,291,51.84
14439,5,9443.04,1888.61,2244,2010-01-21 14:01:00,2011-01-24 11:39:00,Repeat,0.0543,292,51.89
13267,36,9429.81,261.94,3959,2009-12-07 16:56:00,2011-12-07 11:12:00,Repeat,0.0543,293,51.95
17230,18,9388.49,521.58,3753,2009-12-08 13:41:00,2011-03-20 16:12:00,Repeat,0.054,294,52.0
15727,15,9371.71,624.78,5908,2010-01-24 12:12:00,2011-11-23 12:36:00,Repeat,0.0539,295,52.06
15981,21,9362.77,445.85,4827,2010-03-29 10:07:00,2011-11-15 08:00:00,Repeat,0.0539,296,52.11
13069,38,9284.45,244.33,15171,2010-06-14 14:27:00,2011-12-09 08:39:00,Repeat,0.0534,297,52.16
13162,16,9275.49,579.72,5755,2009-12-04 13:59:00,2011-08-09 15:59:00,Repeat,0.0534,298,52.22
15249,18,9266.0,514.78,4980,2010-03-26 14:51:00,2011-11-08 11:45:00,Repeat,0.0533,299,52.27
14367,16,9227.82,576.74,4426,2011-03-08 14:12:00,2011-12-01 13:19:00,Repeat,0.0531,300,52.32
14292,16,9226.25,576.64,3429,2010-03-19 11:10:00,2011-12-02 11:50:00,Repeat,0.0531,301,52.38
13327,20,9134.48,456.72,4203,2009-12-18 15:35:00,2011-11-01 10:21:00,Repeat,0.0526,302,52.43
17757,56,9074.05,162.04,5011,2010-01-13 15:56:00,2011-12-08 15:31:00,Repeat,0.0522,303,52.48
15298,23,9061.77,393.99,6000,2009-12-08 17:04:00,2011-12-07 17:17:00,Repeat,0.0522,304,52.53
15939,16,9060.39,566.27,6260,2010-11-30 12:07:00,2011-09-11 11:30:00,Repeat,0.0521,305,52.59
16709,14,9056.01,646.86,3261,2009-12-09 13:16:00,2011-09-16 10:56:00,Repeat,0.0521,306,52.64
17068,47,8987.68,191.23,4351,2010-03-28 14:26:00,2011-11-27 13:14:00,Repeat,0.0517,307,52.69
15150,13,8977.94,690.61,6167,2010-06-14 12:01:00,2011-11-22 12:52:00,Repeat,0.0517,308,52.74
15903,12,8939.84,744.99,3926,2010-01-14 10:57:00,2011-11-30 08:08:00,Repeat,0.0515,309,52.79
15867,31,8923.3,287.85,5067,2009-12-14 15:16:00,2011-12-04 13:32:00,Repeat,0.0514,310,52.84
12766,9,8918.99,991.0,5022,2010-10-28 09:29:00,2011-12-06 08:46:00,Repeat,0.0513,311,52.9
12747,26,8898.48,342.25,2640,2009-12-07 13:23:00,2011-12-07 14:34:00,Repeat,0.0512,312,52.95
14060,30,8898.24,296.61,7419,2010-03-11 09:47:00,2011-12-05 12:29:00,Repeat,0.0512,313,53.0
13555,13,8891.84,683.99,4762,2010-01-19 13:20:00,2011-09-27 12:36:00,Repeat,0.0512,314,53.05
14709,25,8886.33,355.45,4141,2009-12-05 15:26:00,2011-11-24 15:41:00,Repeat,0.0511,315,53.1
12359,10,8873.39,887.34,2739,2009-12-05 13:32:00,2011-10-13 12:47:00,Repeat,0.0511,316,53.15
14135,24,8839.67,368.32,8534,2009-12-02 08:58:00,2011-12-08 11:38:00,Repeat,0.0509,317,53.2
16700,25,8830.77,353.23,6644,2009-12-02 10:51:00,2011-12-01 11:00:00,Repeat,0.0508,318,53.25
16550,18,8813.58,489.64,5405,2009-12-02 11:24:00,2011-08-23 11:12:00,Repeat,0.0507,319,53.3
15260,25,8767.73,350.71,4468,2009-12-06 11:45:00,2011-08-31 13:55:00,Repeat,0.0505,320,53.35
16532,5,8756.64,1751.33,2544,2010-03-29 10:26:00,2011-11-22 11:08:00,Repeat,0.0504,321,53.41
13448,13,8745.93,672.76,4195,2009-12-06 12:14:00,2011-11-23 12:33:00,Repeat,0.0503,322,53.46
15570,25,8736.49,349.46,4079,2010-03-28 14:04:00,2011-12-02 14:47:00,Repeat,0.0503,323,53.51
16186,26,8718.43,335.32,6594,2009-12-09 15:36:00,2011-11-17 12:43:00,Repeat,0.0502,324,53.56
17576,41,8711.95,212.49,4583,2009-12-03 16:54:00,2011-12-01 17:56:00,Repeat,0.0501,325,53.61
12957,13,8706.97,669.77,4686,2009-12-11 12:01:00,2011-11-30 09:53:00,Repeat,0.0501,326,53.66
13758,15,8698.13,579.88,4667,2009-12-01 10:06:00,2011-11-28 11:11:00,Repeat,0.0501,327,53.71
13263,39,8676.2,222.47,5372,2010-10-22 17:07:00,2011-12-08 13:59:00,Repeat,0.0499,328,53.76
15497,9,8657.39,961.93,2937,2009-12-18 15:08:00,2011-11-22 11:51:00,Repeat,0.0498,329,53.81
13756,23,8655.95,376.35,5138,2009-12-15 15:18:00,2011-12-07 16:44:00,Repeat,0.0498,330,53.86
16945,33,8548.16,259.04,5889,2009-12-09 11:33:00,2011-11-18 11:39:00,Repeat,0.0492,331,53.91
15281,16,8543.57,533.97,5233,2010-10-08 12:14:00,2011-10-12 09:10:00,Repeat,0.0492,332,53.95
13269,28,8537.32,304.9,6366,2009-12-02 11:47:00,2011-12-08 14:53:00,Repeat,0.0491,333,54.0
15270,21,8524.86,405.95,4010,2009-12-17 15:02:00,2011-11-24 09:24:00,Repeat,0.0491,334,54.05
12798,4,8510.93,2127.73,8455,2010-10-14 12:27:00,2011-11-29 15:52:00,Repeat,0.049,335,54.1
13209,13,8509.51,654.58,5781,2010-01-24 14:30:00,2011-11-09 13:54:00,Repeat,0.049,336,54.15
15786,5,8501.62,1700.32,5957,2010-06-21 10:13:00,2011-10-24 14:13:00,Repeat,0.0489,337,54.2
13148,26,8497.82,326.84,4487,2009-12-07 15:26:00,2011-11-10 15:23:00,Repeat,0.0489,338,54.25
14286,7,8479.76,1211.39,8795,2009-12-04 08:40:00,2011-11-16 10:34:00,Repeat,0.0488,339,54.3
18139,6,8438.34,1406.39,5557,2011-11-21 14:06:00,2011-11-22 10:44:00,Repeat,0.0486,340,54.35
13047,24,8428.53,351.19,3328,2009-12-16 11:43:00,2011-11-08 12:06:00,Repeat,0.0485,341,54.39
14160,7,8421.47,1203.07,4661,2010-01-10 12:06:00,2010-04-08 14:30:00,Repeat,0.0485,342,54.44
17396,14,8409.6,600.69,2313,2010-09-24 13:04:00,2011-10-31 14:12:00,Repeat,0.0484,343,54.49
15984,30,8393.02,279.77,5730,2009-12-01 13:38:00,2011-12-07 12:16:00,Repeat,0.0483,344,54.54
14676,12,8356.79,696.4,8792,2010-03-10 09:30:00,2011-11-08 13:29:00,Repeat,0.0481,345,54.59
14057,22,8346.66,379.39,6438,2009-12-03 13:17:00,2011-11-16 10:32:00,Repeat,0.048,346,54.64
17611,28,8337.53,297.77,5341,2009-12-01 13:29:00,2011-12-02 13:29:00,Repeat,0.048,347,54.68
13206,13,8308.19,639.09,7086,2009-12-07 13:48:00,2010-11-04 16:50:00,Repeat,0.0478,348,54.73
12643,12,8304.82,692.07,4665,2010-04-07 14:16:00,2011-08-03 12:56:00,Repeat,0.0478,349,54.78
17686,9,8296.81,921.87,3583,2010-06-24 09:49:00,2011-12-02 15:39:00,Repeat,0.0478,350,54.83
12637,12,8283.81,690.32,4257,2010-06-14 13:36:00,2011-10-03 13:46:00,Repeat,0.0477,351,54.87
15998,16,8274.14,517.13,5350,2009-12-01 11:45:00,2011-11-03 12:45:00,Repeat,0.0476,352,54.92
15034,14,8231.2,587.94,4748,2010-05-11 13:30:00,2011-11-24 12:11:00,Repeat,0.0474,353,54.97
13381,12,8224.37,685.36,5125,2009-12-01 15:19:00,2011-11-08 11:58:00,Repeat,0.0473,354,55.02
13139,8,8202.98,1025.37,4614,2010-09-28 09:12:00,2011-11-23 13:54:00,Repeat,0.0472,355,55.06
16722,22,8189.56,372.25,7986,2009-12-03 19:23:00,2011-11-22 13:28:00,Repeat,0.0471,356,55.11
17365,15,8184.49,545.63,8015,2010-02-01 11:56:00,2011-11-27 12:13:00,Repeat,0.0471,357,55.16
13426,22,8167.38,371.24,4868,2009-12-09 15:16:00,2011-12-09 08:59:00,Repeat,0.047,358,55.21
13715,17,8153.04,479.59,4800,2010-03-11 15:33:00,2011-03-03 19:21:00,Repeat,0.0469,359,55.25
14056,23,8152.71,354.47,4252,2011-02-28 15:19:00,2011-12-08 13:36:00,Repeat,0.0469,360,55.3
16672,20,8134.94,406.75,2832,2011-03-18 10:15:00,2011-12-07 16:29:00,Repeat,0.0468,361,55.35
17593,11,8092.32,735.67,5595,2009-12-04 14:35:00,2011-12-06 10:30:00,Repeat,0.0466,362,55.39
15955,22,8085.98,367.54,3967,2010-02-23 16:36:00,2011-11-15 14:15:00,Repeat,0.0465,363,55.44
17426,13,8077.77,621.37,5187,2010-02-17 13:39:00,2011-12-01 18:07:00,Repeat,0.0465,364,55.49
16767,15,8056.76,537.12,7102,2010-04-28 16:49:00,2011-11-09 09:42:00,Repeat,0.0464,365,55.53
16670,20,8030.15,401.51,4534,2009-12-10 15:28:00,2011-11-23 09:34:00,Repeat,0.0462,366,55.58
14525,17,8026.54,472.15,5106,2009-12-13 14:01:00,2011-11-20 11:37:00,Repeat,0.0462,367,55.62
18041,38,8018.77,211.02,7316,2010-01-14 10:04:00,2011-11-28 11:39:00,Repeat,0.0462,368,55.67
16556,17,8012.58,471.33,4353,2009-12-07 10:51:00,2011-10-04 11:36:00,Repeat,0.0461,369,55.72
13869,10,7996.87,799.69,4302,2010-01-17 14:53:00,2011-08-08 13:53:00,Repeat,0.046,370,55.76
13174,12,7995.36,666.28,3794,2009-12-04 15:40:00,2011-11-23 14:35:00,Repeat,0.046,371,55.81
12428,9,7956.46,884.05,3536,2011-03-01 09:33:00,2011-11-14 08:22:00,Repeat,0.0458,372,55.85
16303,7,7928.27,1132.61,3859,2010-03-18 14:12:00,2011-11-14 10:49:00,Repeat,0.0456,373,55.9
14291,23,7904.1,343.66,6146,2009-12-09 10:46:00,2011-12-08 10:26:00,Repeat,0.0455,374,55.95
13871,17,7885.85,463.87,3502,2009-12-20 13:09:00,2011-11-17 10:49:00,Repeat,0.0454,375,55.99
14159,20,7860.8,393.04,6520,2009-12-03 12:31:00,2011-11-20 12:36:00,Repeat,0.0452,376,56.04
15622,17,7852.61,461.92,4091,2010-03-04 10:29:00,2011-10-27 16:44:00,Repeat,0.0452,377,56.08
17085,28,7847.67,280.27,3583,2009-12-06 12:16:00,2011-08-08 14:15:00,Repeat,0.0452,378,56.13
12757,13,7834.65,602.67,2395,2011-05-12 19:01:00,2011-11-24 12:30:00,Repeat,0.0451,379,56.17
12867,13,7829.26,602.25,7876,2009-12-16 16:25:00,2011-11-13 15:30:00,Repeat,0.0451,380,56.22
16592,28,7807.91,278.85,5504,2009-12-18 15:57:00,2011-12-05 13:49:00,Repeat,0.0449,381,56.26
15544,20,7807.89,390.39,6745,2010-01-28 14:39:00,2011-11-30 16:43:00,Repeat,0.0449,382,56.31
14395,20,7801.93,390.1,3872,2010-04-18 13:12:00,2011-12-07 14:34:00,Repeat,0.0449,383,56.35
17409,10,7793.51,779.35,4089,2009-12-11 12:17:00,2011-06-08 10:36:00,Repeat,0.0449,384,56.4
12720,30,7787.28,259.58,6018,2010-07-21 09:46:00,2011-12-07 08:03:00,Repeat,0.0448,385,56.44
17730,20,7773.8,388.69,5300,2010-04-29 11:48:00,2011-12-06 15:43:00,Repeat,0.0447,386,56.49
17739,18,7730.59,429.48,2335,2009-12-07 10:48:00,2011-11-28 09:12:00,Repeat,0.0445,387,56.53
13534,35,7720.9,220.6,3869,2010-07-07 15:00:00,2011-12-07 14:52:00,Repeat,0.0444,388,56.57
17696,27,7679.59,284.43,5891,2009-12-10 17:09:00,2011-11-01 13:43:00,Repeat,0.0442,389,56.62
14175,8,7678.88,959.86,3009,2010-03-22 10:43:00,2011-10-11 11:55:00,Repeat,0.0442,390,56.66
13141,17,7656.08,450.36,5159,2009-12-09 13:34:00,2011-09-16 09:54:00,Repeat,0.0441,391,56.71
15046,25,7623.79,304.95,4585,2010-01-14 14:29:00,2011-11-30 15:50:00,Repeat,0.0439,392,56.75
14145,7,7600.05,1085.72,1655,2010-04-08 09:47:00,2011-10-24 12:10:00,Repeat,0.0437,393,56.8
13373,6,7587.19,1264.53,4263,2009-12-06 12:34:00,2011-10-10 10:51:00,Repeat,0.0437,394,56.84
13137,16,7586.94,474.18,4238,2010-07-25 15:40:00,2011-11-29 12:09:00,Repeat,0.0437,395,56.88
13709,18,7571.35,420.63,4122,2010-01-11 10:40:00,2011-12-06 10:28:00,Repeat,0.0436,396,56.93
14030,20,7521.8,376.09,4215,2009-12-10 17:27:00,2011-11-21 16:48:00,Repeat,0.0433,397,56.97
17091,19,7495.75,394.51,3732,2009-12-16 15:45:00,2011-12-07 10:43:00,Repeat,0.0431,398,57.01
15179,13,7491.92,576.3,5416,2009-12-03 12:27:00,2011-11-21 12:53:00,Repeat,0.0431,399,57.06
15581,38,7480.4,196.85,3028,2009-12-02 12:19:00,2011-08-11 09:38:00,Repeat,0.0431,400,57.1
13815,8,7475.74,934.47,5381,2010-02-12 10:26:00,2011-11-17 14:19:00,Repeat,0.043,401,57.14
16570,20,7434.31,371.72,4292,2010-03-30 09:32:00,2011-11-24 17:02:00,Repeat,0.0428,402,57.18
16242,14,7404.65,528.9,3921,2010-03-15 16:02:00,2011-12-01 15:12:00,Repeat,0.0426,403,57.23
17602,14,7354.43,525.32,5880,2010-03-30 17:25:00,2011-12-07 13:53:00,Repeat,0.0423,404,57.27
13082,21,7335.75,349.32,8466,2009-12-22 15:37:00,2011-08-05 16:16:00,Repeat,0.0422,405,57.31
17238,32,7331.67,229.11,3555,2009-12-01 10:59:00,2011-12-07 11:35:00,Repeat,0.0422,406,57.35
16253,7,7272.2,1038.89,6030,2009-12-08 17:24:00,2011-10-04 09:09:00,Repeat,0.0419,407,57.4
14282,25,7250.76,290.03,5166,2010-02-15 11:22:00,2011-12-06 17:04:00,Repeat,0.0417,408,57.44
14092,24,7229.45,301.23,3606,2009-12-16 16:24:00,2011-12-02 12:13:00,Repeat,0.0416,409,57.48
14243,17,7217.75,424.57,3631,2010-08-20 13:41:00,2011-12-01 11:12:00,Repeat,0.0415,410,57.52
16729,21,7205.33,343.11,5722,2011-04-12 14:22:00,2011-11-01 14:29:00,Repeat,0.0415,411,57.56
14800,17,7191.33,423.02,6501,2010-09-30 14:38:00,2011-10-23 12:46:00,Repeat,0.0414,412,57.6
14688,28,7190.42,256.8,5041,2010-09-09 12:35:00,2011-12-02 12:26:00,Repeat,0.0414,413,57.64
16745,17,7180.7,422.39,6719,2011-02-01 11:31:00,2011-09-14 11:58:00,Repeat,0.0413,414,57.69
14841,14,7163.0,511.64,4164,2009-12-02 16:49:00,2011-10-17 15:03:00,Repeat,0.0412,415,57.73
15950,10,7120.91,712.09,3354,2010-01-26 11:39:00,2011-11-08 11:09:00,Repeat,0.041,416,57.77
15521,16,7098.24,443.64,4507,2010-01-05 10:19:00,2011-10-30 13:42:00,Repeat,0.0409,417,57.81
14113,16,7092.61,443.29,3439,2009-12-08 07:42:00,2011-12-06 12:18:00,Repeat,0.0408,418,57.85
13451,11,7090.06,644.55,5229,2010-03-21 16:13:00,2011-11-13 15:58:00,Repeat,0.0408,419,57.89
17231,25,7064.8,282.59,3681,2009-12-07 16:38:00,2011-11-27 15:18:00,Repeat,0.0407,420,57.93
17769,17,7053.38,414.9,3157,2010-01-19 11:33:00,2011-11-27 11:18:00,Repeat,0.0406,421,57.97
13183,15,7036.18,469.08,4027,2010-03-14 12:32:00,2011-12-02 10:30:00,Repeat,0.0405,422,58.01
17965,29,7006.65,241.61,4383,2009-12-14 13:19:00,2011-11-02 09:31:00,Repeat,0.0403,423,58.05
16938,9,6995.36,777.26,5041,2010-02-17 14:47:00,2011-12-01 10:20:00,Repeat,0.0403,424,58.09
17690,20,6963.8,348.19,2939,2010-02-03 14:26:00,2011-11-09 15:17:00,Repeat,0.0401,425,58.13
12841,40,6958.2,173.95,5008,2010-07-08 15:38:00,2011-12-05 11:13:00,Repeat,0.04,426,58.17
13552,22,6948.92,315.86,2630,2010-02-19 13:28:00,2011-10-04 15:19:00,Repeat,0.04,427,58.21
15674,13,6948.23,534.48,3648,2009-12-08 17:08:00,2011-09-27 15:17:00,Repeat,0.04,428,58.25
16265,12,6935.17,577.93,3214,2010-10-28 15:18:00,2011-11-30 16:41:00,Repeat,0.0399,429,58.29
16187,15,6911.44,460.76,5048,2011-02-28 13:34:00,2011-11-08 09:50:00,Repeat,0.0398,430,58.33
15301,17,6909.67,406.45,3763,2010-09-15 15:41:00,2011-10-20 09:57:00,Repeat,0.0398,431,58.37
12749,9,6897.36,766.37,2360,2010-07-06 15:05:00,2011-12-06 09:56:00,Repeat,0.0397,432,58.41
16170,20,6869.0,343.45,6056,2010-02-18 13:50:00,2011-10-20 08:21:00,Repeat,0.0395,433,58.45
15129,23,6860.18,298.27,4002,2010-04-08 17:15:00,2011-10-20 14:40:00,Repeat,0.0395,434,58.49
18231,28,6854.17,244.79,2915,2010-01-10 12:13:00,2011-05-31 14:18:00,Repeat,0.0394,435,58.53
16401,23,6849.15,297.79,6035,2010-06-02 13:13:00,2011-12-08 18:15:00,Repeat,0.0394,436,58.57
12613,10,6817.37,681.74,4157,2009-12-14 13:10:00,2011-10-13 14:59:00,Repeat,0.0392,437,58.61
12830,6,6814.64,1135.77,9848,2011-06-21 10:53:00,2011-11-02 11:54:00,Repeat,0.0392,438,58.65
16145,19,6805.44,358.18,5270,2010-05-04 13:31:00,2011-12-01 10:33:00,Repeat,0.0392,439,58.69
15413,5,6798.72,1359.74,2694,2009-12-01 10:18:00,2010-01-17 11:33:00,Repeat,0.0391,440,58.73
12417,20,6797.41,339.87,2884,2009-12-06 10:30:00,2011-12-06 14:52:00,Repeat,0.0391,441,58.77
14401,22,6795.9,308.9,6401,2009-12-14 13:22:00,2011-12-05 13:30:00,Repeat,0.0391,442,58.81
13993,19,6775.71,356.62,2135,2009-12-03 11:57:00,2011-10-28 09:06:00,Repeat,0.039,443,58.84
13983,21,6753.89,321.61,3925,2009-12-09 13:53:00,2011-11-10 11:06:00,Repeat,0.0389,444,58.88
12662,20,6726.54,336.33,3424,2010-04-01 09:50:00,2011-12-09 11:59:00,Repeat,0.0387,445,58.92
12712,21,6723.03,320.14,2205,2009-12-09 10:46:00,2011-11-11 08:19:00,Repeat,0.0387,446,58.96
15321,12,6709.73,559.14,3653,2010-02-03 09:47:00,2011-09-30 09:40:00,Repeat,0.0386,447,59.0
14844,10,6702.43,670.24,4369,2010-04-12 12:50:00,2011-10-07 10:41:00,Repeat,0.0386,448,59.04
17975,24,6696.33,279.01,2179,2010-08-06 11:24:00,2011-11-24 13:27:00,Repeat,0.0385,449,59.08
13734,4,6695.69,1673.92,302,2010-04-16 08:42:00,2010-07-19 12:04:00,Repeat,0.0385,450,59.11
16497,23,6695.28,291.1,3050,2009-12-03 14:11:00,2011-10-21 10:55:00,Repeat,0.0385,451,59.15
13384,11,6680.83,607.35,4142,2010-07-27 12:22:00,2011-11-09 11:04:00,Repeat,0.0385,452,59.19
17700,14,6679.97,477.14,3469,2009-12-01 11:37:00,2011-11-23 11:51:00,Repeat,0.0384,453,59.23
14461,13,6676.91,513.61,3005,2010-01-18 12:48:00,2011-07-14 17:11:00,Repeat,0.0384,454,59.27
16717,14,6663.68,475.98,3145,2009-12-07 15:55:00,2011-11-16 12:16:00,Repeat,0.0384,455,59.31
17001,19,6640.8,349.52,3782,2010-03-25 12:41:00,2011-12-09 09:38:00,Repeat,0.0382,456,59.35
13953,12,6640.68,553.39,5224,2009-12-11 12:58:00,2011-12-02 16:04:00,Repeat,0.0382,457,59.38
14562,26,6638.15,255.31,2574,2010-02-07 14:10:00,2011-12-06 11:05:00,Repeat,0.0382,458,59.42
13394,19,6621.7,348.51,5354,2009-12-01 11:58:00,2011-12-08 11:36:00,Repeat,0.0381,459,59.46
12626,9,6620.48,735.61,3453,2011-01-17 11:01:00,2011-11-16 16:06:00,Repeat,0.0381,460,59.5
13520,11,6606.0,600.55,3179,2009-12-17 11:11:00,2011-10-12 10:20:00,Repeat,0.038,461,59.54
13831,18,6585.54,365.86,2393,2009-12-10 14:50:00,2011-11-23 15:41:00,Repeat,0.0379,462,59.57
12843,30,6583.36,219.45,3028,2009-12-13 11:41:00,2011-10-05 12:09:00,Repeat,0.0379,463,59.61
13015,11,6579.78,598.16,3527,2010-04-15 16:35:00,2011-10-17 13:19:00,Repeat,0.0379,464,59.65
13883,15,6560.02,437.33,3584,2009-12-08 17:26:00,2011-11-29 10:45:00,Repeat,0.0378,465,59.69
12836,15,6559.73,437.32,2231,2009-12-01 14:19:00,2011-10-11 15:10:00,Repeat,0.0378,466,59.73
15980,7,6543.68,934.81,4822,2010-06-01 14:40:00,2011-09-12 09:41:00,Repeat,0.0377,467,59.76
14855,7,6520.3,931.47,3510,2010-04-08 10:30:00,2011-08-12 14:02:00,Repeat,0.0375,468,59.8
14221,17,6517.49,383.38,3808,2010-04-06 14:10:00,2011-10-28 13:42:00,Repeat,0.0375,469,59.84
12823,18,6501.5,361.19,930,2010-01-29 12:52:00,2011-09-26 07:35:00,Repeat,0.0374,470,59.88
13317,19,6486.09,341.37,3149,2009-12-13 11:11:00,2011-10-04 13:35:00,Repeat,0.0373,471,59.91
12779,14,6474.11,462.44,3501,2009-12-03 07:25:00,2011-11-02 11:43:00,Repeat,0.0373,472,59.95
14154,8,6460.7,807.59,3222,2010-01-13 12:47:00,2011-04-14 16:26:00,Repeat,0.0372,473,59.99
15750,18,6452.99,358.5,4281,2009-12-01 17:19:00,2011-12-07 12:34:00,Repeat,0.0371,474,60.02
16940,8,6427.66,803.46,4503,2009-12-08 13:08:00,2011-10-18 13:15:00,Repeat,0.037,475,60.06
16655,13,6423.26,494.1,3938,2010-01-31 15:40:00,2011-11-22 11:25:00,Repeat,0.037,476,60.1
12656,8,6407.83,800.98,2860,2010-05-26 09:00:00,2011-11-22 13:42:00,Repeat,0.0369,477,60.13
15514,18,6392.06,355.11,4087,2009-12-04 16:37:00,2011-11-27 14:40:00,Repeat,0.0368,478,60.17
18094,13,6391.52,491.66,4164,2010-01-07 11:16:00,2011-09-19 09:28:00,Repeat,0.0368,479,60.21
12406,5,6390.36,1278.07,3416,2010-01-11 14:04:00,2011-11-17 19:22:00,Repeat,0.0368,480,60.25
14388,16,6388.2,399.26,4190,2010-01-20 11:54:00,2011-11-29 13:32:00,Repeat,0.0368,481,60.28
14766,11,6375.73,579.61,3999,2010-06-06 11:11:00,2011-12-01 16:05:00,Repeat,0.0367,482,60.32
12356,6,6371.73,1061.95,3416,2010-10-11 09:42:00,2011-11-17 08:40:00,Repeat,0.0367,483,60.36
14702,29,6368.78,219.61,2878,2009-12-10 20:22:00,2011-12-08 19:29:00,Repeat,0.0367,484,60.39
14227,15,6368.71,424.58,4048,2010-02-08 09:38:00,2011-11-13 15:48:00,Repeat,0.0367,485,60.43
12484,12,6354.1,529.51,3266,2010-01-27 16:41:00,2011-11-07 11:37:00,Repeat,0.0366,486,60.47
13590,18,6336.04,352.0,5271,2009-12-01 13:37:00,2011-11-28 12:54:00,Repeat,0.0365,487,60.5
18245,20,6324.98,316.25,5098,2010-03-08 15:26:00,2011-12-02 14:48:00,Repeat,0.0364,488,60.54
13654,11,6308.0,573.45,4762,2009-12-02 11:43:00,2011-10-27 16:24:00,Repeat,0.0363,489,60.57
12913,13,6283.24,483.33,3086,2009-12-01 12:18:00,2011-12-05 12:11:00,Repeat,0.0362,490,60.61
15480,5,6279.0,1255.8,1852,2010-02-01 14:52:00,2011-08-15 14:32:00,Repeat,0.0361,491,60.65
13136,13,6274.56,482.66,3109,2009-12-08 18:30:00,2011-10-14 13:41:00,Repeat,0.0361,492,60.68
13615,8,6272.53,784.07,2910,2010-01-28 15:43:00,2011-01-25 08:21:00,Repeat,0.0361,493,60.72
17873,18,6265.33,348.07,4159,2009-12-16 15:11:00,2011-09-20 16:41:00,Repeat,0.0361,494,60.76
14004,11,6258.45,568.95,3425,2010-09-30 09:39:00,2011-10-27 14:40:00,Repeat,0.036,495,60.79
15369,11,6251.26,568.3,3288,2009-12-08 07:43:00,2010-08-04 13:54:00,Repeat,0.036,496,60.83
12497,3,6248.5,2082.83,5685,2010-03-05 09:39:00,2011-09-19 12:29:00,Repeat,0.036,497,60.86
17799,20,6246.93,312.35,3674,2009-12-13 16:03:00,2011-11-17 15:16:00,Repeat,0.036,498,60.9
18118,29,6221.02,214.52,3184,2010-11-23 13:36:00,2011-11-29 11:32:00,Repeat,0.0358,499,60.93
16735,14,6217.41,444.1,4240,2009-12-08 09:24:00,2011-09-22 11:49:00,Repeat,0.0358,500,60.97
12429,8,6204.41,775.55,2890,2010-06-11 13:28:00,2011-11-30 17:22:00,Repeat,0.0357,501,61.01
15673,9,6204.32,689.37,3274,2010-02-22 14:28:00,2011-09-12 16:12:00,Repeat,0.0357,502,61.04
13334,5,6201.8,1240.36,3198,2010-02-25 12:21:00,2011-09-18 15:21:00,Repeat,0.0357,503,61.08
16103,22,6191.71,281.44,2639,2010-01-08 12:08:00,2011-12-02 14:16:00,Repeat,0.0356,504,61.11
16156,20,6188.18,309.41,3205,2009-12-02 17:06:00,2011-12-01 12:42:00,Repeat,0.0356,505,61.15
14534,26,6187.66,237.99,2822,2010-03-15 14:16:00,2011-12-07 12:19:00,Repeat,0.0356,506,61.18
15299,10,6156.53,615.65,3356,2010-01-12 11:34:00,2011-10-03 14:19:00,Repeat,0.0354,507,61.22
14390,13,6150.03,473.08,2830,2010-10-10 14:30:00,2011-11-29 13:49:00,Repeat,0.0354,508,61.26
17669,10,6142.35,614.24,3505,2010-04-01 18:48:00,2011-10-28 08:53:00,Repeat,0.0354,509,61.29
13266,19,6135.04,322.9,6837,2009-12-17 10:52:00,2011-11-28 14:39:00,Repeat,0.0353,510,61.33
14852,18,6132.43,340.69,4366,2010-03-05 14:51:00,2011-10-12 13:20:00,Repeat,0.0353,511,61.36
17419,18,6126.25,340.35,2884,2010-01-25 13:19:00,2011-11-28 13:47:00,Repeat,0.0353,512,61.4
13230,30,6120.01,204.0,3520,2010-03-18 20:02:00,2011-12-05 16:03:00,Repeat,0.0352,513,61.43
14180,33,6117.5,185.38,847,2010-06-09 14:56:00,2011-11-29 10:56:00,Repeat,0.0352,514,61.47
13935,3,6116.92,2038.97,2252,2010-02-25 16:01:00,2010-04-22 11:21:00,Repeat,0.0352,515,61.5
14560,44,6114.03,138.96,4580,2009-12-02 10:15:00,2011-12-02 15:22:00,Repeat,0.0352,516,61.54
18178,11,6103.74,554.89,3850,2010-02-18 14:25:00,2011-08-03 09:30:00,Repeat,0.0351,517,61.57
14530,16,6088.87,380.55,2989,2010-01-21 11:25:00,2011-11-14 10:38:00,Repeat,0.035,518,61.61
18061,28,6083.81,217.28,3359,2009-12-04 11:36:00,2011-11-18 11:20:00,Repeat,0.035,519,61.64
17509,8,6083.64,760.46,3512,2011-10-07 13:14:00,2011-10-13 10:26:00,Repeat,0.035,520,61.68
16954,20,6081.88,304.09,4086,2010-01-18 14:49:00,2011-12-09 09:46:00,Repeat,0.035,521,61.71
12664,11,6070.04,551.82,1495,2009-12-13 10:28:00,2011-12-01 17:07:00,Repeat,0.0349,522,61.75
17644,20,6028.6,301.43,3469,2010-02-16 08:44:00,2011-12-08 13:43:00,Repeat,0.0347,523,61.78
13658,9,6025.5,669.5,2171,2010-02-05 13:17:00,2011-11-30 10:13:00,Repeat,0.0347,524,61.82
17819,12,6021.05,501.75,1610,2009-12-13 15:24:00,2011-09-29 10:52:00,Repeat,0.0347,525,61.85
15372,8,6017.06,752.13,6410,2010-02-14 11:24:00,2011-07-25 16:39:00,Repeat,0.0346,526,61.89
15202,3,6001.49,2000.5,3,2010-10-15 12:39:00,2010-10-15 13:05:00,Repeat,0.0345,527,61.92
16456,13,6000.94,461.61,3296,2010-03-29 11:16:00,2011-09-01 13:50:00,Repeat,0.0345,528,61.96
12835,41,5996.83,146.26,2349,2009-12-03 12:13:00,2010-10-08 10:59:00,Repeat,0.0345,529,61.99
15755,17,5993.12,352.54,4034,2009-12-04 08:24:00,2011-11-29 14:57:00,Repeat,0.0345,530,62.02
14105,5,5988.83,1197.77,3534,2009-12-18 16:57:00,2011-04-14 17:58:00,Repeat,0.0345,531,62.06
17457,14,5984.81,427.49,2695,2009-12-07 14:52:00,2011-08-05 12:48:00,Repeat,0.0344,532,62.09
14440,13,5982.03,460.16,1605,2009-12-02 12:13:00,2011-12-01 15:42:00,Repeat,0.0344,533,62.13
17625,8,5978.9,747.36,3505,2009-12-15 11:49:00,2011-11-21 13:36:00,Repeat,0.0344,534,62.16
14535,9,5973.23,663.69,3214,2010-02-24 15:03:00,2011-10-10 15:39:00,Repeat,0.0344,535,62.2
15785,16,5969.93,373.12,4479,2009-12-15 16:28:00,2011-11-07 11:33:00,Repeat,0.0344,536,62.23
14918,9,5955.81,661.76,2551,2010-04-08 11:18:00,2011-08-16 11:50:00,Repeat,0.0343,537,62.27
12500,19,5955.21,313.43,3377,2010-02-04 15:05:00,2011-11-16 16:20:00,Repeat,0.0343,538,62.3
14257,9,5954.45,661.61,3332,2010-03-01 15:36:00,2011-10-06 16:54:00,Repeat,0.0343,539,62.33
16710,22,5921.35,269.15,4174,2009-12-04 13:41:00,2011-11-20 14:50:00,Repeat,0.0341,540,62.37
15971,18,5902.83,327.94,2251,2009-12-08 09:46:00,2011-11-22 12:50:00,Repeat,0.034,541,62.4
12455,10,5879.95,588.0,3302,2009-12-18 12:33:00,2011-09-27 15:31:00,Repeat,0.0338,542,62.44
18065,29,5866.63,202.3,2265,2009-12-09 16:00:00,2011-12-04 10:30:00,Repeat,0.0338,543,62.47
17146,13,5852.64,450.2,2188,2010-02-02 09:39:00,2011-08-26 12:44:00,Repeat,0.0337,544,62.5
14112,13,5834.59,448.81,3539,2010-02-23 14:16:00,2011-11-17 12:30:00,Repeat,0.0336,545,62.54
12910,13,5796.52,445.89,3632,2010-03-28 13:10:00,2011-11-16 14:28:00,Repeat,0.0334,546,62.57
18075,20,5783.29,289.16,3281,2010-07-29 11:47:00,2011-11-16 15:21:00,Repeat,0.0333,547,62.6
17672,7,5778.63,825.52,2758,2010-01-26 17:20:00,2011-10-20 14:18:00,Repeat,0.0333,548,62.64
14099,20,5750.91,287.55,3666,2009-12-10 11:55:00,2011-11-23 13:53:00,Repeat,0.0331,549,62.67
16316,13,5744.91,441.92,3057,2010-08-03 14:38:00,2011-10-06 13:48:00,Repeat,0.0331,550,62.7
12615,8,5740.98,717.62,3317,2010-03-18 14:09:00,2011-12-07 15:02:00,Repeat,0.033,551,62.74
13771,9,5728.82,636.54,3140,2010-02-25 12:37:00,2011-10-06 14:18:00,Repeat,0.033,552,62.77
13870,15,5712.08,380.81,3449,2010-02-08 12:08:00,2011-12-07 13:23:00,Repeat,0.0329,553,62.8
16607,25,5706.87,228.27,4436,2010-04-29 14:01:00,2011-11-22 10:24:00,Repeat,0.0328,554,62.83
17651,16,5703.52,356.47,4086,2010-07-01 12:17:00,2011-11-28 10:29:00,Repeat,0.0328,555,62.87
16279,9,5698.28,633.14,3683,2010-04-22 14:09:00,2011-11-18 15:00:00,Repeat,0.0328,556,62.9
16458,30,5690.89,189.7,3395,2010-05-26 14:38:00,2011-12-07 09:34:00,Repeat,0.0328,557,62.93
13157,9,5687.36,631.93,4762,2010-03-08 11:59:00,2011-10-21 13:50:00,Repeat,0.0327,558,62.97
12727,10,5679.53,567.95,2832,2010-02-23 09:54:00,2011-11-29 11:46:00,Repeat,0.0327,559,63.0
12633,7,5678.16,811.17,3238,2010-07-02 11:44:00,2011-10-12 11:40:00,Repeat,0.0327,560,63.03
13901,15,5676.34,378.42,3344,2010-01-05 09:29:00,2011-09-28 14:48:00,Repeat,0.0327,561,63.06
17491,17,5653.67,332.57,3362,2010-04-28 11:57:00,2011-12-08 16:18:00,Repeat,0.0325,562,63.1
16409,12,5652.74,471.06,3664,2009-12-13 15:38:00,2011-11-03 16:45:00,Repeat,0.0325,563,63.13
13722,10,5635.41,563.54,3059,2010-03-03 14:13:00,2011-07-31 12:44:00,Repeat,0.0324,564,63.16
16320,6,5628.99,938.16,3319,2010-01-27 13:29:00,2011-06-20 15:25:00,Repeat,0.0324,565,63.19
16003,10,5613.83,561.38,2210,2009-12-03 18:51:00,2011-11-10 09:57:00,Repeat,0.0323,566,63.23
18145,11,5609.74,509.98,5104,2009-12-08 12:30:00,2011-11-27 11:22:00,Repeat,0.0323,567,63.26
16200,12,5608.1,467.34,3068,2009-12-02 15:04:00,2011-12-05 14:40:00,Repeat,0.0323,568,63.29
17838,13,5604.64,431.13,3491,2010-03-19 09:53:00,2011-11-13 11:20:00,Repeat,0.0323,569,63.32
16011,29,5601.01,193.14,3323,2009-12-01 12:02:00,2011-12-01 16:31:00,Repeat,0.0322,570,63.35
15228,6,5580.27,930.05,3375,2010-07-28 10:21:00,2011-10-04 13:56:00,Repeat,0.0321,571,63.39
15854,21,5578.28,265.63,1691,2009-12-10 12:08:00,2011-12-05 13:39:00,Repeat,0.0321,572,63.42
17203,10,5564.09,556.41,4597,2010-11-16 12:52:00,2011-11-04 12:27:00,Repeat,0.032,573,63.45
14210,16,5556.57,347.29,2511,2010-01-06 10:17:00,2011-08-26 12:36:00,Repeat,0.032,574,63.48
15527,23,5554.89,241.52,2211,2009-12-15 17:31:00,2011-11-21 12:17:00,Repeat,0.032,575,63.51
14907,16,5547.72,346.73,2583,2010-04-16 13:40:00,2011-12-06 14:14:00,Repeat,0.0319,576,63.55
14572,11,5526.88,502.44,2878,2010-03-28 13:47:00,2011-12-06 14:40:00,Repeat,0.0318,577,63.58
17069,14,5517.23,394.09,3230,2009-12-03 12:27:00,2011-11-11 17:13:00,Repeat,0.0318,578,63.61
14732,19,5517.07,290.37,2273,2009-12-09 10:48:00,2011-12-01 14:34:00,Repeat,0.0318,579,63.64
17092,11,5511.41,501.04,3768,2010-02-02 16:42:00,2011-10-20 19:51:00,Repeat,0.0317,580,63.67
17204,9,5504.69,611.63,2651,2010-06-10 11:37:00,2011-06-17 14:46:00,Repeat,0.0317,581,63.71
14189,16,5503.15,343.95,4392,2010-11-16 09:28:00,2011-12-07 15:55:00,Repeat,0.0317,582,63.74
13115,10,5494.7,549.47,3934,2010-04-19 13:29:00,2011-11-28 12:38:00,Repeat,0.0316,583,63.77
16609,7,5493.46,784.78,2420,2011-04-01 10:11:00,2011-11-24 13:32:00,Repeat,0.0316,584,63.8
13593,14,5493.29,392.38,2170,2010-03-02 16:36:00,2011-08-23 13:35:00,Repeat,0.0316,585,63.83
13769,20,5478.12,273.91,2452,2009-12-16 11:59:00,2011-12-07 15:08:00,Repeat,0.0315,586,63.86
16992,13,5476.5,421.27,2061,2010-02-11 12:36:00,2011-11-29 11:50:00,Repeat,0.0315,587,63.9
17512,18,5467.82,303.77,5434,2009-12-10 19:35:00,2011-11-11 12:11:00,Repeat,0.0315,588,63.93
12480,7,5464.85,780.69,2952,2010-07-20 13:21:00,2011-11-11 14:52:00,Repeat,0.0315,589,63.96
17685,12,5454.95,454.58,3474,2010-02-11 13:44:00,2011-11-23 11:36:00,Repeat,0.0314,590,63.99
18198,17,5425.56,319.15,4074,2011-01-07 13:39:00,2011-12-05 14:49:00,Repeat,0.0312,591,64.02
12378,2,5416.32,2708.16,3316,2010-05-26 14:07:00,2011-08-02 10:34:00,Repeat,0.0312,592,64.05
14626,11,5410.92,491.9,3135,2009-12-10 14:57:00,2011-11-16 10:37:00,Repeat,0.0311,593,64.08
14249,12,5400.46,450.04,2383,2010-01-29 14:21:00,2010-10-25 12:34:00,Repeat,0.0311,594,64.11
17719,15,5396.04,359.74,2466,2011-03-29 11:29:00,2011-11-02 10:36:00,Repeat,0.0311,595,64.15
17612,18,5394.86,299.71,3521,2009-12-17 11:59:00,2011-10-17 14:59:00,Repeat,0.031,596,64.18
13362,7,5394.07,770.58,2481,2010-10-10 15:27:00,2011-11-30 14:41:00,Repeat,0.031,597,64.21
13014,11,5381.08,489.19,1979,2010-10-03 11:35:00,2011-11-29 12:27:00,Repeat,0.031,598,64.24
14459,2,5375.74,2687.87,2303,2010-02-26 13:26:00,2011-07-07 13:35:00,Repeat,0.0309,599,64.27
14442,7,5367.02,766.72,1431,2010-01-18 12:59:00,2011-05-19 11:36:00,Repeat,0.0309,600,64.3
17863,12,5360.48,446.71,4676,2010-02-25 12:01:00,2011-10-11 13:45:00,Repeat,0.0309,601,64.33
12362,11,5356.23,486.93,2230,2009-12-01 10:10:00,2011-12-06 15:40:00,Repeat,0.0308,602,64.36
15641,12,5345.55,445.46,4422,2009-12-06 15:31:00,2011-08-26 14:04:00,Repeat,0.0308,603,64.39
16008,15,5339.13,355.94,3237,2010-03-19 11:07:00,2011-11-16 10:32:00,Repeat,0.0307,604,64.42
15628,17,5333.08,313.71,3569,2009-12-13 13:39:00,2011-12-05 10:24:00,Repeat,0.0307,605,64.45
13842,18,5319.34,295.52,2716,2010-02-16 15:54:00,2011-10-12 10:51:00,Repeat,0.0306,606,64.48
17584,6,5309.42,884.9,2464,2010-01-25 08:17:00,2011-12-02 17:12:00,Repeat,0.0306,607,64.52
16546,5,5307.07,1061.41,4211,2010-09-23 15:43:00,2011-02-22 11:20:00,Repeat,0.0305,608,64.55
16393,23,5297.77,230.34,3001,2009-12-01 12:13:00,2011-12-07 12:51:00,Repeat,0.0305,609,64.58
15394,11,5286.8,480.62,2372,2009-12-15 19:05:00,2011-11-30 11:49:00,Repeat,0.0304,610,64.61
15152,14,5263.83,375.99,2994,2010-01-07 15:15:00,2011-11-30 12:32:00,Repeat,0.0303,611,64.64
13931,11,5257.38,477.94,3488,2009-12-03 10:26:00,2011-09-05 10:12:00,Repeat,0.0303,612,64.67
13975,12,5256.4,438.03,3884,2010-02-02 13:13:00,2011-11-08 13:19:00,Repeat,0.0303,613,64.7
13107,9,5253.07,583.67,4316,2010-02-04 10:50:00,2011-10-26 14:52:00,Repeat,0.0302,614,64.73
14930,6,5236.73,872.79,2193,2010-04-12 11:22:00,2011-08-23 10:31:00,Repeat,0.0301,615,64.76
12755,11,5236.26,476.02,2293,2010-01-15 11:57:00,2011-03-04 12:42:00,Repeat,0.0301,616,64.79
15722,11,5234.0,475.82,2279,2010-03-09 15:05:00,2011-11-04 11:43:00,Repeat,0.0301,617,64.82
17061,11,5232.23,475.66,1526,2011-04-21 13:29:00,2011-09-27 11:24:00,Repeat,0.0301,618,64.85
12422,17,5231.8,307.75,2596,2009-12-18 12:44:00,2011-09-05 09:48:00,Repeat,0.0301,619,64.88
15606,17,5230.99,307.71,1615,2010-03-02 14:48:00,2011-10-09 15:47:00,Repeat,0.0301,620,64.91
13763,3,5217.44,1739.15,3224,2010-09-30 17:39:00,2011-10-07 15:13:00,Repeat,0.03,621,64.94
15812,12,5201.47,433.46,3450,2009-12-15 13:40:00,2011-08-24 14:19:00,Repeat,0.0299,622,64.97
14546,11,5184.84,471.35,2688,2009-12-06 13:10:00,2011-12-04 13:00:00,Repeat,0.0298,623,65.0
12510,9,5178.02,575.34,2049,2009-12-04 13:47:00,2011-07-20 10:15:00,Repeat,0.0298,624,65.03
17663,17,5175.83,304.46,2297,2010-03-04 11:42:00,2011-11-14 08:56:00,Repeat,0.0298,625,65.06
15796,17,5171.63,304.21,1733,2010-03-31 13:10:00,2011-12-08 19:55:00,Repeat,0.0298,626,65.09
12625,4,5164.88,1291.22,3309,2010-04-22 11:33:00,2011-05-12 09:54:00,Repeat,0.0297,627,65.12
17157,19,5151.9,271.15,2092,2009-12-04 13:00:00,2011-12-02 09:10:00,Repeat,0.0297,628,65.15
16153,11,5133.49,466.68,3693,2010-05-26 12:41:00,2011-10-21 10:50:00,Repeat,0.0295,629,65.18
16308,7,5120.0,731.43,16000,2009-12-15 15:48:00,2011-11-02 11:24:00,Repeat,0.0295,630,65.21
12708,18,5117.66,284.31,2432,2009-12-18 10:25:00,2011-11-10 09:52:00,Repeat,0.0295,631,65.24
14713,21,5115.76,243.61,3329,2009-12-03 19:22:00,2011-11-30 16:26:00,Repeat,0.0294,632,65.26
15443,14,5114.23,365.3,2699,2010-03-07 12:10:00,2011-12-08 10:40:00,Repeat,0.0294,633,65.29
12483,19,5097.18,268.27,2160,2010-01-31 13:28:00,2011-11-22 17:02:00,Repeat,0.0293,634,65.32
12594,15,5090.11,339.34,2768,2010-03-03 13:51:00,2011-11-02 12:20:00,Repeat,0.0293,635,65.35
17861,18,5088.29,282.68,4541,2009-12-10 11:27:00,2011-12-06 16:21:00,Repeat,0.0293,636,65.38
14493,10,5087.86,508.79,3148,2010-03-08 08:33:00,2011-12-02 16:14:00,Repeat,0.0293,637,65.41
15367,11,5081.33,461.94,2944,2009-12-10 14:20:00,2011-10-13 14:13:00,Repeat,0.0292,638,65.44
12432,5,5059.32,1011.86,1801,2011-06-20 13:27:00,2011-10-28 11:43:00,Repeat,0.0291,639,65.47
17469,17,5051.25,297.13,2304,2009-12-16 15:06:00,2011-11-23 13:15:00,Repeat,0.0291,640,65.5
13634,16,5033.77,314.61,2090,2010-01-10 14:26:00,2011-11-06 13:40:00,Repeat,0.029,641,65.53
16931,23,5032.22,218.79,3357,2010-11-07 13:24:00,2011-12-04 13:15:00,Repeat,0.029,642,65.56
12759,8,5020.74,627.59,3202,2009-12-04 10:47:00,2011-10-18 14:49:00,Repeat,0.0289,643,65.59
12444,5,5005.46,1001.09,1153,2011-06-21 14:00:00,2011-11-18 13:23:00,Repeat,0.0288,644,65.61
17084,3,5001.21,1667.07,3178,2010-11-08 14:20:00,2011-11-04 14:54:00,Repeat,0.0288,645,65.64
17346,26,4998.61,192.25,3439,2010-04-18 12:18:00,2011-12-06 12:18:00,Repeat,0.0288,646,65.67
15898,25,4996.45,199.86,2160,2009-12-11 16:11:00,2011-12-08 15:23:00,Repeat,0.0288,647,65.7
14209,15,4993.27,332.88,1739,2010-01-22 10:28:00,2011-11-29 10:18:00,Repeat,0.0287,648,65.73
14639,9,4978.96,553.22,2410,2010-02-16 12:35:00,2011-10-18 15:06:00,Repeat,0.0287,649,65.76
13198,8,4974.23,621.78,3449,2010-10-01 13:27:00,2011-11-29 15:17:00,Repeat,0.0286,650,65.79
12600,21,4967.42,236.54,1383,2009-12-07 13:37:00,2011-11-11 10:29:00,Repeat,0.0286,651,65.82
12562,9,4966.92,551.88,2327,2010-09-30 13:13:00,2011-12-01 17:20:00,Repeat,0.0286,652,65.84
17758,12,4964.03,413.67,3199,2010-05-20 13:18:00,2011-11-20 14:45:00,Repeat,0.0286,653,65.87
17802,10,4946.22,494.62,2705,2009-12-13 13:39:00,2011-09-18 14:56:00,Repeat,0.0285,654,65.9
12700,4,4939.99,1235.0,2967,2011-05-08 16:10:00,2011-12-02 10:47:00,Repeat,0.0284,655,65.93
12347,8,4921.53,615.19,2967,2010-10-31 14:20:00,2011-12-07 15:52:00,Repeat,0.0283,656,65.96
14970,12,4919.35,409.95,982,2010-02-14 13:37:00,2011-10-02 13:44:00,Repeat,0.0283,657,65.99
16919,24,4909.66,204.57,2333,2010-08-19 15:28:00,2011-07-06 13:35:00,Repeat,0.0283,658,66.01
17314,17,4904.43,288.5,3663,2009-12-03 11:25:00,2011-11-15 09:41:00,Repeat,0.0282,659,66.04
18144,19,4892.95,257.52,2144,2009-12-16 15:57:00,2011-12-02 12:46:00,Repeat,0.0282,660,66.07
15332,6,4892.68,815.45,2306,2010-07-14 13:01:00,2010-12-08 14:43:00,Repeat,0.0282,661,66.1
16986,11,4888.75,444.43,2539,2010-02-04 14:46:00,2011-11-10 11:55:00,Repeat,0.0281,662,66.13
13021,17,4887.24,287.48,2546,2009-12-05 12:02:00,2011-12-05 16:37:00,Repeat,0.0281,663,66.16
13659,12,4884.68,407.06,2527,2010-02-17 09:05:00,2011-05-18 12:37:00,Repeat,0.0281,664,66.18
16686,16,4881.07,305.07,3419,2009-12-06 15:48:00,2011-10-23 13:49:00,Repeat,0.0281,665,66.21
15379,8,4877.84,609.73,3000,2010-11-04 11:59:00,2011-06-23 13:13:00,Repeat,0.0281,666,66.24
14107,11,4877.3,443.39,3489,2009-12-09 14:20:00,2011-10-19 12:12:00,Repeat,0.0281,667,66.27
12688,1,4873.81,4873.81,3028,2011-08-18 08:49:00,2011-08-18 08:49:00,One-time,0.0281,668,66.3
17213,13,4869.4,374.57,2087,2009-12-15 10:28:00,2011-10-30 14:53:00,Repeat,0.028,669,66.32
17449,13,4868.15,374.47,2483,2009-12-09 14:16:00,2011-12-07 16:56:00,Repeat,0.028,670,66.35
17652,12,4867.72,405.64,2509,2011-03-03 14:05:00,2011-11-14 12:55:00,Repeat,0.028,671,66.38
14081,10,4867.57,486.76,3381,2009-12-10 18:27:00,2011-02-10 16:17:00,Repeat,0.028,672,66.41
17059,9,4864.57,540.51,3107,2010-01-26 14:43:00,2011-11-10 12:27:00,Repeat,0.028,673,66.44
13495,10,4863.31,486.33,2465,2009-12-07 12:12:00,2011-12-02 11:21:00,Repeat,0.028,674,66.46
13044,11,4848.05,440.73,2548,2010-01-08 14:46:00,2011-02-21 15:20:00,Repeat,0.0279,675,66.49
13562,8,4838.18,604.77,1603,2010-01-14 16:33:00,2011-09-19 10:51:00,Repeat,0.0278,676,66.52
17567,9,4838.08,537.56,2908,2010-09-24 10:48:00,2011-12-02 15:48:00,Repeat,0.0278,677,66.55
12449,6,4835.89,805.98,2282,2010-09-27 09:37:00,2011-11-17 13:46:00,Repeat,0.0278,678,66.58
14191,15,4817.66,321.18,3724,2009-12-11 10:48:00,2011-12-08 09:23:00,Repeat,0.0277,679,66.6
13875,14,4814.37,343.88,3072,2009-12-17 10:30:00,2011-10-17 09:36:00,Repeat,0.0277,680,66.63
15485,7,4810.92,687.27,2153,2009-12-01 17:31:00,2011-11-09 14:31:00,Repeat,0.0277,681,66.66
13329,8,4808.77,601.1,3311,2009-12-04 15:41:00,2011-11-08 10:29:00,Repeat,0.0277,682,66.69
15529,12,4783.66,398.64,4271,2010-11-10 14:26:00,2011-11-17 11:29:00,Repeat,0.0275,683,66.71
15187,16,4777.18,298.57,1887,2011-05-11 13:49:00,2011-12-08 11:56:00,Repeat,0.0275,684,66.74
17519,15,4774.17,318.28,3230,2009-12-01 09:57:00,2011-11-22 16:43:00,Repeat,0.0275,685,66.77
13988,8,4757.8,594.73,3385,2010-03-24 11:05:00,2011-11-20 10:15:00,Repeat,0.0274,686,66.8
12955,11,4757.16,432.47,3664,2011-03-17 09:03:00,2011-12-08 16:29:00,Repeat,0.0274,687,66.82
17829,5,4756.74,951.35,3009,2010-02-22 15:39:00,2011-02-14 12:46:00,Repeat,0.0274,688,66.85
14825,24,4735.08,197.29,2774,2010-04-06 14:14:00,2011-12-06 11:38:00,Repeat,0.0273,689,66.88
17082,6,4732.03,788.67,2526,2009-12-15 11:25:00,2011-11-06 15:17:00,Repeat,0.0272,690,66.91
16326,24,4721.25,196.72,1083,2010-01-28 13:23:00,2011-12-04 10:11:00,Repeat,0.0272,691,66.93
12395,15,4721.17,314.74,3205,2010-04-16 10:16:00,2011-11-20 15:21:00,Repeat,0.0272,692,66.96
14235,9,4717.99,524.22,3014,2010-03-30 13:36:00,2011-09-25 14:37:00,Repeat,0.0272,693,66.99
13958,8,4709.23,588.65,2264,2009-12-05 13:12:00,2010-11-25 10:11:00,Repeat,0.0271,694,67.01
16905,17,4706.77,276.87,1913,2009-12-10 20:04:00,2011-12-04 14:01:00,Repeat,0.0271,695,67.04
12589,8,4695.66,586.96,1764,2010-01-19 12:26:00,2011-11-11 10:19:00,Repeat,0.027,696,67.07
15410,10,4685.72,468.57,1902,2010-04-19 08:57:00,2011-09-16 14:47:00,Repeat,0.027,697,67.09
16904,21,4675.36,222.64,2607,2010-10-24 16:03:00,2011-12-05 13:10:00,Repeat,0.0269,698,67.12
13971,14,4667.57,333.4,3084,2010-01-26 09:51:00,2011-11-21 12:06:00,Repeat,0.0269,699,67.15
15123,5,4656.17,931.23,2524,2010-03-16 09:49:00,2011-12-02 13:12:00,Repeat,0.0268,700,67.18
15484,6,4652.1,775.35,4074,2009-12-05 15:18:00,2011-12-08 15:03:00,Repeat,0.0268,701,67.2
17050,11,4648.59,422.6,2432,2010-01-26 14:54:00,2011-09-04 13:48:00,Repeat,0.0268,702,67.23
12578,4,4642.45,1160.61,2380,2010-09-22 11:19:00,2011-11-18 13:30:00,Repeat,0.0267,703,67.26
13124,4,4641.66,1160.41,2738,2010-11-19 15:50:00,2011-09-11 12:45:00,Repeat,0.0267,704,67.28
17402,23,4635.56,201.55,1450,2009-12-16 17:40:00,2011-12-05 10:15:00,Repeat,0.0267,705,67.31
18097,11,4627.92,420.72,2716,2009-12-17 11:06:00,2011-12-02 11:16:00,Repeat,0.0266,706,67.34
17400,8,4623.28,577.91,2185,2009-12-17 15:41:00,2011-08-05 15:38:00,Repeat,0.0266,707,67.36
17442,15,4620.3,308.02,3134,2010-02-15 15:54:00,2011-11-03 09:17:00,Repeat,0.0266,708,67.39
12782,11,4618.24,419.84,2017,2010-07-08 13:31:00,2011-12-05 09:16:00,Repeat,0.0266,709,67.42
14441,11,4611.69,419.24,1260,2010-01-18 10:40:00,2011-12-09 09:07:00,Repeat,0.0265,710,67.44
15245,8,4610.84,576.36,3021,2010-04-23 14:23:00,2011-07-28 18:56:00,Repeat,0.0265,711,67.47
12553,12,4608.75,384.06,2325,2010-10-12 13:35:00,2011-12-01 16:38:00,Repeat,0.0265,712,67.49
13851,8,4606.46,575.81,2525,2010-01-29 11:54:00,2011-09-05 12:36:00,Repeat,0.0265,713,67.52
18257,12,4600.15,383.35,2369,2010-02-18 16:20:00,2011-10-31 14:48:00,Repeat,0.0265,714,67.55
17188,13,4592.93,353.3,2569,2009-12-08 19:16:00,2011-11-28 13:53:00,Repeat,0.0264,715,67.57
17508,8,4579.23,572.4,2891,2009-12-07 11:46:00,2011-03-04 08:10:00,Repeat,0.0264,716,67.6
15416,7,4572.82,653.26,2420,2010-02-01 11:55:00,2011-10-06 09:38:00,Repeat,0.0263,717,67.63
13510,11,4558.29,414.39,3044,2009-12-21 11:53:00,2011-12-08 13:46:00,Repeat,0.0262,718,67.65
15365,13,4557.13,350.55,2131,2010-02-04 16:43:00,2011-11-14 08:29:00,Repeat,0.0262,719,67.68
16143,12,4555.08,379.59,1866,2009-12-10 09:44:00,2011-12-06 14:13:00,Repeat,0.0262,720,67.71
14032,16,4546.41,284.15,3740,2009-12-14 12:02:00,2011-12-07 15:23:00,Repeat,0.0262,721,67.73
17613,14,4544.55,324.61,2490,2011-02-07 11:20:00,2011-11-17 10:51:00,Repeat,0.0262,722,67.76
13527,12,4541.29,378.44,2736,2010-01-21 12:37:00,2011-11-06 12:04:00,Repeat,0.0261,723,67.78
13571,26,4537.26,174.51,3191,2009-12-08 13:02:00,2011-11-27 10:47:00,Repeat,0.0261,724,67.81
14685,8,4536.64,567.08,1969,2009-12-13 11:32:00,2010-05-12 13:08:00,Repeat,0.0261,725,67.84
13523,6,4534.57,755.76,1989,2010-11-02 14:55:00,2011-11-06 15:11:00,Repeat,0.0261,726,67.86
12598,11,4534.09,412.19,2906,2010-03-01 09:58:00,2011-11-30 12:18:00,Repeat,0.0261,727,67.89
16255,15,4530.0,302.0,2876,2010-01-24 12:21:00,2011-11-23 12:40:00,Repeat,0.0261,728,67.91
15271,24,4528.54,188.69,2412,2010-08-05 14:57:00,2011-12-02 14:11:00,Repeat,0.0261,729,67.94
14290,8,4516.56,564.57,1600,2009-12-08 11:44:00,2011-11-28 14:02:00,Repeat,0.026,730,67.97
17308,2,4511.76,2255.88,5148,2010-09-13 09:35:00,2010-11-11 13:19:00,Repeat,0.026,731,67.99
15764,8,4503.08,562.88,2945,2010-08-18 13:58:00,2011-09-12 17:58:00,Repeat,0.0259,732,68.02
14625,11,4497.88,408.9,2155,2009-12-16 13:23:00,2011-05-27 15:32:00,Repeat,0.0259,733,68.04
17596,13,4491.46,345.5,7010,2009-12-15 13:21:00,2011-11-16 14:11:00,Repeat,0.0259,734,68.07
15122,11,4487.27,407.93,2033,2010-03-30 14:05:00,2011-08-17 16:48:00,Repeat,0.0258,735,68.1
14701,15,4487.11,299.14,1744,2010-01-24 12:15:00,2011-11-29 12:38:00,Repeat,0.0258,736,68.12
18064,11,4481.83,407.44,2685,2010-02-01 15:01:00,2011-07-29 16:39:00,Repeat,0.0258,737,68.15
12916,7,4479.73,639.96,1681,2010-01-24 11:26:00,2011-07-24 10:35:00,Repeat,0.0258,738,68.17
12627,7,4478.53,639.79,2752,2011-07-22 13:59:00,2011-11-29 12:07:00,Repeat,0.0258,739,68.2
13491,27,4467.66,165.47,2349,2009-12-07 08:24:00,2011-10-19 08:32:00,Repeat,0.0257,740,68.23
14648,15,4466.65,297.78,3265,2009-12-10 13:59:00,2010-10-19 13:12:00,Repeat,0.0257,741,68.25
18069,11,4464.92,405.9,3168,2010-02-28 16:14:00,2011-11-13 16:03:00,Repeat,0.0257,742,68.28
16912,15,4460.51,297.37,1689,2009-12-09 12:32:00,2011-11-11 12:18:00,Repeat,0.0257,743,68.3
15240,12,4459.98,371.66,3214,2009-12-05 14:57:00,2011-10-26 09:50:00,Repeat,0.0257,744,68.33
17220,21,4457.31,212.25,2663,2010-01-20 11:57:00,2011-11-15 13:47:00,Repeat,0.0257,745,68.35
18093,8,4452.71,556.59,3429,2010-03-31 10:27:00,2011-09-07 15:43:00,Repeat,0.0256,746,68.38
14341,18,4452.02,247.33,2813,2009-12-01 12:20:00,2011-10-25 15:48:00,Repeat,0.0256,747,68.4
17754,13,4451.22,342.4,4366,2009-12-11 15:52:00,2011-12-09 11:20:00,Repeat,0.0256,748,68.43
13435,9,4447.33,494.15,2754,2010-07-27 16:56:00,2011-12-04 14:45:00,Repeat,0.0256,749,68.46
12349,4,4428.69,1107.17,1624,2010-04-29 13:20:00,2011-11-21 09:51:00,Repeat,0.0255,750,68.48
15845,11,4426.28,402.39,2128,2010-01-26 14:44:00,2011-11-22 09:42:00,Repeat,0.0255,751,68.51
17138,7,4417.27,631.04,2024,2010-02-04 14:19:00,2011-03-09 11:54:00,Repeat,0.0254,752,68.53
16626,17,4413.1,259.59,2690,2011-03-18 12:27:00,2011-12-09 11:56:00,Repeat,0.0254,753,68.56
16563,6,4412.56,735.43,2584,2009-12-01 18:35:00,2011-10-17 11:51:00,Repeat,0.0254,754,68.58
14211,18,4402.29,244.57,2575,2009-12-09 12:48:00,2011-10-17 13:23:00,Repeat,0.0253,755,68.61
15203,15,4400.18,293.35,4182,2009-12-08 18:06:00,2011-11-14 08:16:00,Repeat,0.0253,756,68.63
13505,4,4393.63,1098.41,2486,2011-04-21 12:07:00,2011-09-28 11:56:00,Repeat,0.0253,757,68.66
16732,4,4387.64,1096.91,2414,2009-12-08 13:04:00,2011-11-08 09:54:00,Repeat,0.0253,758,68.68
18272,9,4385.98,487.33,2880,2010-03-04 12:53:00,2011-12-07 12:43:00,Repeat,0.0252,759,68.71
14514,9,4380.04,486.67,2362,2009-12-13 13:21:00,2011-10-09 16:05:00,Repeat,0.0252,760,68.73
16118,1,4376.25,4376.25,2851,2010-02-25 09:40:00,2010-02-25 09:40:00,One-time,0.0252,761,68.76
15861,12,4369.2,364.1,3837,2010-01-28 19:41:00,2011-11-27 15:59:00,Repeat,0.0251,762,68.79
13297,7,4368.62,624.09,2694,2010-06-15 12:35:00,2011-12-02 09:32:00,Repeat,0.0251,763,68.81
12752,1,4366.78,4366.78,2262,2011-09-19 13:32:00,2011-09-19 13:32:00,One-time,0.0251,764,68.84
12917,6,4359.2,726.53,1104,2009-12-09 14:22:00,2011-08-03 16:42:00,Repeat,0.0251,765,68.86
12523,23,4352.35,189.23,2263,2009-12-07 13:46:00,2011-11-20 12:55:00,Repeat,0.025,766,68.89
16283,8,4350.32,543.79,2867,2010-02-28 14:12:00,2011-12-04 12:08:00,Repeat,0.025,767,68.91
17372,28,4347.31,155.26,1863,2009-12-03 18:41:00,2011-10-30 11:37:00,Repeat,0.025,768,68.94
12408,8,4340.77,542.6,2229,2010-07-29 13:27:00,2011-11-07 12:27:00,Repeat,0.025,769,68.96
15633,13,4335.96,333.54,2048,2009-12-08 17:51:00,2010-07-18 13:54:00,Repeat,0.025,770,68.99
14334,12,4318.48,359.87,2986,2010-05-20 10:04:00,2011-11-23 10:01:00,Repeat,0.0249,771,69.01
12370,7,4316.56,616.65,2604,2010-02-09 09:41:00,2011-10-19 14:51:00,Repeat,0.0248,772,69.04
17191,15,4310.34,287.36,2208,2009-12-01 16:34:00,2011-11-11 16:58:00,Repeat,0.0248,773,69.06
14482,12,4306.72,358.89,2869,2010-08-26 14:13:00,2011-11-21 13:14:00,Repeat,0.0248,774,69.08
12928,12,4304.89,358.74,2899,2010-06-08 10:16:00,2011-11-04 14:24:00,Repeat,0.0248,775,69.11
14854,11,4303.06,391.19,2987,2010-01-22 09:48:00,2011-09-22 17:00:00,Repeat,0.0248,776,69.13
17937,7,4301.22,614.46,1754,2010-12-12 14:43:00,2011-12-01 11:45:00,Repeat,0.0248,777,69.16
13880,17,4293.86,252.58,2535,2010-05-26 14:29:00,2011-11-18 13:44:00,Repeat,0.0247,778,69.18
16858,10,4292.59,429.26,1423,2009-12-15 11:09:00,2010-12-06 09:52:00,Repeat,0.0247,779,69.21
16125,14,4292.35,306.6,1819,2009-12-14 15:38:00,2010-12-07 15:48:00,Repeat,0.0247,780,69.23
18230,9,4291.06,476.78,1996,2010-07-02 10:01:00,2011-11-30 13:22:00,Repeat,0.0247,781,69.26
14307,10,4287.92,428.79,2816,2009-12-07 13:06:00,2011-09-12 09:38:00,Repeat,0.0247,782,69.28
16293,15,4279.2,285.28,1833,2009-12-11 09:58:00,2011-11-18 09:58:00,Repeat,0.0246,783,69.31
16081,8,4278.96,534.87,2177,2010-02-03 12:46:00,2011-10-14 13:06:00,Repeat,0.0246,784,69.33
17930,13,4275.22,328.86,3795,2010-03-04 10:41:00,2011-11-04 10:23:00,Repeat,0.0246,785,69.36
14466,13,4267.15,328.24,2507,2009-12-13 15:44:00,2011-11-10 14:07:00,Repeat,0.0246,786,69.38
14239,21,4263.17,203.01,1729,2009-12-05 12:36:00,2011-10-27 14:40:00,Repeat,0.0245,787,69.41
12360,8,4252.89,531.61,2459,2010-02-22 09:32:00,2011-10-18 15:22:00,Repeat,0.0245,788,69.43
16571,10,4248.74,424.87,3703,2010-03-18 09:12:00,2011-11-13 11:46:00,Repeat,0.0245,789,69.45
12935,15,4243.86,282.92,3201,2010-04-11 15:59:00,2011-12-07 17:25:00,Repeat,0.0244,790,69.48
17728,5,4238.76,847.75,2146,2010-09-12 14:58:00,2011-12-06 08:52:00,Repeat,0.0244,791,69.5
13911,20,4234.99,211.75,4487,2010-03-01 16:31:00,2011-10-13 15:43:00,Repeat,0.0244,792,69.53
16875,11,4234.53,384.96,2099,2010-01-05 09:16:00,2011-10-03 13:39:00,Repeat,0.0244,793,69.55
16712,13,4232.87,325.61,2074,2010-11-03 15:45:00,2011-11-30 13:48:00,Repeat,0.0244,794,69.58
14001,9,4228.85,469.87,1779,2010-08-03 12:49:00,2011-10-25 10:31:00,Repeat,0.0243,795,69.6
17412,16,4220.22,263.76,2554,2009-12-02 13:51:00,2011-12-07 11:36:00,Repeat,0.0243,796,69.63
16743,14,4212.15,300.87,3707,2010-04-22 13:21:00,2011-11-10 13:13:00,Repeat,0.0242,797,69.65
15804,13,4206.39,323.57,2565,2011-05-25 10:12:00,2011-12-09 12:31:00,Repeat,0.0242,798,69.67
18079,5,4203.93,840.79,8730,2010-08-05 12:19:00,2011-10-25 15:27:00,Repeat,0.0242,799,69.7
15518,15,4189.99,279.33,2810,2009-12-20 12:21:00,2011-10-06 13:05:00,Repeat,0.0241,800,69.72
17406,13,4186.95,322.07,1847,2009-12-06 13:45:00,2011-01-10 15:07:00,Repeat,0.0241,801,69.75
14868,12,4184.01,348.67,2230,2010-10-15 14:52:00,2011-12-06 14:49:00,Repeat,0.0241,802,69.77
17738,13,4183.56,321.81,2776,2010-03-19 10:07:00,2011-11-20 15:05:00,Repeat,0.0241,803,69.79
18287,7,4182.99,597.57,3013,2010-05-17 11:55:00,2011-10-28 09:29:00,Repeat,0.0241,804,69.82
16072,4,4180.09,1045.02,1580,2010-06-08 16:47:00,2011-02-24 14:32:00,Repeat,0.0241,805,69.84
17673,13,4173.88,321.07,3284,2010-03-19 14:02:00,2011-12-08 12:50:00,Repeat,0.024,806,69.87
18194,6,4162.04,693.67,1774,2010-01-28 15:30:00,2011-09-18 13:29:00,Repeat,0.024,807,69.89
14740,11,4161.06,378.28,2081,2010-02-25 11:40:00,2011-05-26 18:17:00,Repeat,0.0239,808,69.91
12653,3,4160.83,1386.94,1681,2010-07-01 09:56:00,2011-07-14 10:41:00,Repeat,0.0239,809,69.94
13461,6,4160.0,693.33,3132,2010-04-21 16:01:00,2011-11-01 09:01:00,Repeat,0.0239,810,69.96
16749,2,4157.88,2078.94,1910,2009-12-15 14:05:00,2010-04-27 13:06:00,Repeat,0.0239,811,69.99
16209,9,4146.78,460.75,1895,2010-06-11 11:58:00,2011-09-12 11:58:00,Repeat,0.0239,812,70.01
15002,9,4138.08,459.79,2214,2010-01-12 11:40:00,2011-08-16 10:44:00,Repeat,0.0238,813,70.03
12569,32,4124.69,128.9,1801,2011-04-01 13:47:00,2011-12-07 16:24:00,Repeat,0.0237,814,70.06
15493,9,4121.68,457.96,1206,2010-02-23 11:14:00,2011-11-07 12:04:00,Repeat,0.0237,815,70.08
13450,13,4120.04,316.93,4318,2010-04-15 19:15:00,2011-11-13 11:54:00,Repeat,0.0237,816,70.1
14408,11,4102.27,372.93,2438,2009-12-07 12:18:00,2011-11-29 11:41:00,Repeat,0.0236,817,70.13
16477,11,4094.37,372.22,2507,2010-08-12 09:43:00,2011-10-07 09:44:00,Repeat,0.0236,818,70.15
14566,4,4092.0,1023.0,2400,2010-06-24 10:34:00,2011-08-21 11:05:00,Repeat,0.0236,819,70.18
15050,5,4087.19,817.44,2600,2010-08-16 12:00:00,2011-11-14 16:17:00,Repeat,0.0235,820,70.2
12876,4,4081.79,1020.45,3047,2010-04-28 13:26:00,2011-10-13 12:26:00,Repeat,0.0235,821,70.22
18077,18,4078.79,226.6,3020,2009-12-07 11:40:00,2011-12-01 13:32:00,Repeat,0.0235,822,70.25
14878,25,4076.5,163.06,2416,2010-02-21 11:14:00,2011-11-27 11:15:00,Repeat,0.0235,823,70.27
14913,8,4073.13,509.14,3955,2010-08-11 08:40:00,2011-11-04 08:29:00,Repeat,0.0234,824,70.29
12371,5,4067.38,813.48,1436,2010-03-04 18:23:00,2011-10-26 10:16:00,Repeat,0.0234,825,70.32
17682,11,4065.28,369.57,2281,2010-03-08 09:49:00,2011-11-29 15:59:00,Repeat,0.0234,826,70.34
13421,8,4058.75,507.34,2351,2010-02-14 14:45:00,2011-10-30 14:21:00,Repeat,0.0234,827,70.36
14025,8,4057.9,507.24,1914,2010-05-05 09:56:00,2010-09-01 10:11:00,Repeat,0.0234,828,70.39
17083,9,4049.79,449.98,1955,2010-02-09 11:46:00,2011-08-22 15:43:00,Repeat,0.0233,829,70.41
13048,9,4049.13,449.9,2661,2010-01-27 12:55:00,2011-11-25 13:23:00,Repeat,0.0233,830,70.43
12840,7,4041.97,577.42,2258,2010-02-03 14:51:00,2011-07-19 09:29:00,Repeat,0.0233,831,70.46
15680,10,4028.69,402.87,2743,2009-12-02 12:15:00,2011-11-30 13:46:00,Repeat,0.0232,832,70.48
14824,10,4022.91,402.29,1954,2010-03-12 13:07:00,2011-11-29 14:20:00,Repeat,0.0232,833,70.5
12726,11,4014.6,364.96,4618,2010-03-25 16:25:00,2011-11-11 13:35:00,Repeat,0.0231,834,70.53
15782,4,4014.1,1003.52,1844,2010-10-05 15:43:00,2011-11-30 10:49:00,Repeat,0.0231,835,70.55
12721,8,4013.08,501.63,2655,2010-08-25 11:07:00,2011-11-08 12:13:00,Repeat,0.0231,836,70.57
16098,14,4010.7,286.48,2008,2009-12-15 09:40:00,2011-09-13 09:59:00,Repeat,0.0231,837,70.6
13895,6,4008.52,668.09,2060,2009-12-03 13:09:00,2011-11-11 16:57:00,Repeat,0.0231,838,70.62
16841,12,4006.06,333.84,3478,2010-01-12 11:32:00,2011-11-03 11:51:00,Repeat,0.0231,839,70.64
16150,10,4002.17,400.22,1990,2009-12-17 15:33:00,2011-10-28 12:39:00,Repeat,0.023,840,70.66
17618,11,4001.64,363.79,1798,2010-01-24 11:03:00,2011-12-04 11:50:00,Repeat,0.023,841,70.69
17307,11,3999.89,363.63,3667,2010-01-19 16:38:00,2010-11-09 13:40:00,Repeat,0.023,842,70.71
16455,11,3995.57,363.23,2851,2010-03-30 10:31:00,2011-10-07 12:17:00,Repeat,0.023,843,70.73
16241,16,3992.86,249.55,2258,2010-10-25 13:40:00,2011-11-30 11:08:00,Repeat,0.023,844,70.76
15665,5,3987.07,797.41,2777,2010-03-14 15:07:00,2011-06-24 14:57:00,Repeat,0.0229,845,70.78
14547,8,3974.75,496.84,2639,2011-10-16 14:35:00,2011-12-06 11:06:00,Repeat,0.0229,846,70.8
16218,13,3968.67,305.28,2799,2010-05-27 16:09:00,2011-11-10 09:59:00,Repeat,0.0228,847,70.82
14047,14,3968.11,283.44,1541,2010-02-01 10:05:00,2011-12-01 11:43:00,Repeat,0.0228,848,70.85
15572,10,3965.2,396.52,2089,2010-04-14 14:38:00,2011-12-05 10:09:00,Repeat,0.0228,849,70.87
14817,7,3959.86,565.69,2462,2010-03-22 12:10:00,2011-05-23 13:35:00,Repeat,0.0228,850,70.89
13542,17,3959.49,232.91,804,2009-12-10 19:53:00,2010-11-28 11:24:00,Repeat,0.0228,851,70.92
16791,15,3957.63,263.84,1854,2009-12-03 18:08:00,2011-11-10 19:12:00,Repeat,0.0228,852,70.94
13982,9,3954.29,439.37,2478,2010-01-20 14:04:00,2011-10-31 16:24:00,Repeat,0.0228,853,70.96
17667,9,3950.7,438.97,2192,2010-02-23 09:57:00,2011-10-04 14:32:00,Repeat,0.0227,854,70.98
16771,10,3949.6,394.96,2308,2009-12-09 11:52:00,2011-11-06 13:28:00,Repeat,0.0227,855,71.01
18259,7,3941.9,563.13,1274,2009-12-08 08:38:00,2011-11-15 12:34:00,Repeat,0.0227,856,71.03
17526,12,3939.24,328.27,1442,2009-12-17 16:18:00,2011-12-05 11:05:00,Repeat,0.0227,857,71.05
15819,10,3934.79,393.48,2928,2010-03-18 11:08:00,2011-10-21 14:50:00,Repeat,0.0226,858,71.08
12473,5,3928.05,785.61,2414,2011-06-01 10:15:00,2011-11-10 13:46:00,Repeat,0.0226,859,71.1
15051,9,3926.91,436.32,3052,2009-12-01 13:29:00,2011-11-16 15:38:00,Repeat,0.0226,860,71.12
14465,11,3925.85,356.9,2539,2010-01-07 15:03:00,2011-04-07 12:38:00,Repeat,0.0226,861,71.14
15752,9,3924.91,436.1,2792,2010-09-08 11:56:00,2011-10-31 11:37:00,Repeat,0.0226,862,71.17
13037,12,3914.95,326.25,2130,2009-12-03 17:04:00,2011-07-24 15:46:00,Repeat,0.0225,863,71.19
12853,11,3907.5,355.23,1668,2010-02-05 11:57:00,2011-07-28 11:29:00,Repeat,0.0225,864,71.21
13995,14,3902.01,278.71,2359,2009-12-18 12:43:00,2011-11-24 14:22:00,Repeat,0.0225,865,71.23
12388,8,3901.11,487.64,2001,2010-05-06 12:54:00,2011-11-24 12:30:00,Repeat,0.0225,866,71.26
14498,10,3900.83,390.08,2120,2010-06-07 16:05:00,2011-10-28 12:09:00,Repeat,0.0225,867,71.28
17646,12,3898.79,324.9,1308,2009-12-16 09:37:00,2011-05-04 13:17:00,Repeat,0.0224,868,71.3
16928,29,3897.53,134.4,2587,2010-02-03 12:30:00,2011-09-20 15:10:00,Repeat,0.0224,869,71.32
15571,14,3892.35,278.02,2411,2009-12-06 12:10:00,2011-11-28 10:02:00,Repeat,0.0224,870,71.35
17218,18,3891.39,216.19,2066,2010-01-25 16:12:00,2011-12-05 13:52:00,Repeat,0.0224,871,71.37
15708,9,3887.15,431.91,1465,2010-10-10 11:33:00,2011-10-30 10:54:00,Repeat,0.0224,872,71.39
12358,5,3887.07,777.41,1079,2009-12-08 07:59:00,2011-12-08 10:26:00,Repeat,0.0224,873,71.41
15823,3,3882.17,1294.06,1774,2009-12-08 15:12:00,2010-12-02 15:08:00,Repeat,0.0223,874,71.43
13446,11,3881.89,352.9,2403,2010-02-14 11:52:00,2010-10-05 18:51:00,Repeat,0.0223,875,71.46
15696,13,3881.22,298.56,1386,2010-01-24 14:36:00,2011-11-06 14:02:00,Repeat,0.0223,876,71.48
14655,7,3878.51,554.07,2341,2010-04-22 14:29:00,2011-12-01 16:28:00,Repeat,0.0223,877,71.5
15067,5,3862.88,772.58,2151,2010-04-11 15:54:00,2011-09-22 13:20:00,Repeat,0.0222,878,71.52
15195,1,3861.0,3861.0,1404,2011-12-07 12:20:00,2011-12-07 12:20:00,One-time,0.0222,879,71.55
18073,12,3859.82,321.65,3102,2011-05-26 19:38:00,2011-08-17 14:02:00,Repeat,0.0222,880,71.57
14565,5,3859.22,771.84,1940,2010-08-23 09:48:00,2011-09-05 09:07:00,Repeat,0.0222,881,71.59
16440,6,3856.97,642.83,2108,2010-08-03 11:32:00,2011-12-02 12:02:00,Repeat,0.0222,882,71.61
16057,10,3854.85,385.49,1691,2010-01-07 17:11:00,2011-11-23 15:23:00,Repeat,0.0222,883,71.64
13213,11,3851.52,350.14,2962,2010-05-20 14:50:00,2011-10-14 11:42:00,Repeat,0.0222,884,71.66
16341,7,3850.79,550.11,3022,2010-04-09 10:30:00,2011-11-15 09:12:00,Repeat,0.0222,885,71.68
14532,11,3845.78,349.62,1111,2010-01-10 11:47:00,2011-04-17 13:05:00,Repeat,0.0221,886,71.7
13481,11,3830.84,348.26,2055,2009-12-04 12:37:00,2011-10-25 09:07:00,Repeat,0.022,887,71.72
17287,21,3826.86,182.23,1955,2009-12-03 12:45:00,2011-11-13 13:27:00,Repeat,0.022,888,71.75
12597,4,3811.22,952.8,2236,2011-03-16 14:00:00,2011-11-20 13:33:00,Repeat,0.0219,889,71.77
13357,5,3805.51,761.1,2112,2010-03-22 14:30:00,2011-03-27 13:56:00,Repeat,0.0219,890,71.79
15421,10,3805.34,380.53,1927,2009-12-07 15:10:00,2011-10-12 09:20:00,Repeat,0.0219,891,71.81
17954,19,3804.38,200.23,3180,2009-12-09 13:22:00,2011-12-04 14:15:00,Repeat,0.0219,892,71.83
16636,4,3802.04,950.51,2186,2010-03-03 14:06:00,2010-09-27 13:13:00,Repeat,0.0219,893,71.86
16128,11,3801.05,345.55,2445,2010-07-16 16:30:00,2011-11-22 11:14:00,Repeat,0.0219,894,71.88
17071,13,3793.71,291.82,1934,2010-01-24 13:05:00,2011-11-11 16:31:00,Repeat,0.0218,895,71.9
12619,10,3781.38,378.14,3518,2010-05-28 12:52:00,2011-11-23 14:52:00,Repeat,0.0218,896,71.92
14309,11,3780.81,343.71,2583,2010-06-07 10:24:00,2011-12-01 13:33:00,Repeat,0.0218,897,71.94
13126,13,3774.81,290.37,3289,2010-03-02 12:24:00,2011-12-05 10:00:00,Repeat,0.0217,898,71.96
17211,13,3773.35,290.26,2141,2009-12-13 13:17:00,2011-11-13 12:03:00,Repeat,0.0217,899,71.99
16466,15,3767.09,251.14,1777,2010-03-07 14:31:00,2011-11-06 11:35:00,Repeat,0.0217,900,72.01
17173,8,3766.6,470.82,1122,2011-07-31 15:26:00,2011-12-04 14:40:00,Repeat,0.0217,901,72.03
15834,7,3764.39,537.77,1815,2010-10-11 14:05:00,2011-09-30 14:41:00,Repeat,0.0217,902,72.05
12670,7,3760.29,537.18,1627,2010-02-11 10:13:00,2011-11-29 15:23:00,Repeat,0.0216,903,72.07
12530,9,3759.26,417.7,2713,2010-03-07 14:37:00,2011-10-11 12:34:00,Repeat,0.0216,904,72.09
17553,4,3757.6,939.4,2288,2010-04-08 09:44:00,2011-08-02 10:00:00,Repeat,0.0216,905,72.12
17293,17,3750.63,220.63,2228,2009-12-03 15:09:00,2011-12-01 14:37:00,Repeat,0.0216,906,72.14
12623,7,3747.84,535.41,1971,2010-01-12 11:45:00,2011-03-08 13:50:00,Repeat,0.0216,907,72.16
15370,8,3739.01,467.38,1397,2010-10-25 12:08:00,2011-10-30 10:58:00,Repeat,0.0215,908,72.18
15532,10,3738.85,373.89,1337,2010-06-08 14:52:00,2011-11-14 14:51:00,Repeat,0.0215,909,72.2
15704,6,3734.66,622.44,1709,2010-05-05 14:51:00,2011-07-22 13:35:00,Repeat,0.0215,910,72.22
14515,12,3724.06,310.34,1893,2010-06-07 12:37:00,2011-11-22 11:37:00,Repeat,0.0214,911,72.24
12502,5,3723.87,744.77,820,2011-02-03 10:41:00,2011-09-05 11:52:00,Repeat,0.0214,912,72.27
16240,2,3718.8,1859.4,1641,2011-09-23 13:44:00,2011-11-15 14:30:00,Repeat,0.0214,913,72.29
14364,8,3717.35,464.67,1967,2011-05-12 12:56:00,2011-08-23 11:01:00,Repeat,0.0214,914,72.31
15288,10,3715.38,371.54,1336,2010-02-12 15:27:00,2011-10-27 16:58:00,Repeat,0.0214,915,72.33
12737,2,3710.5,1855.25,2,2010-07-29 12:27:00,2010-07-29 12:29:00,Repeat,0.0214,916,72.35
14540,11,3709.64,337.24,1595,2009-12-07 13:00:00,2011-11-30 10:15:00,Repeat,0.0214,917,72.37
14776,15,3708.3,247.22,4658,2010-09-19 14:12:00,2011-10-19 15:34:00,Repeat,0.0213,918,72.39
15255,9,3706.02,411.78,2214,2009-12-03 09:10:00,2011-10-04 12:43:00,Repeat,0.0213,919,72.42
15494,5,3702.6,740.52,3052,2009-12-10 20:16:00,2011-11-18 14:51:00,Repeat,0.0213,920,72.44
16772,3,3698.05,1232.68,687,2009-12-18 10:50:00,2010-10-12 13:19:00,Repeat,0.0213,921,72.46
17096,11,3697.93,336.18,1559,2010-06-02 14:48:00,2011-11-24 15:01:00,Repeat,0.0213,922,72.48
16094,11,3695.56,335.96,2020,2010-04-16 14:00:00,2011-11-28 12:45:00,Repeat,0.0213,923,72.5
12857,6,3688.0,614.67,1420,2010-01-25 15:37:00,2011-05-13 10:20:00,Repeat,0.0212,924,72.52
12468,5,3670.74,734.15,2201,2010-01-26 10:09:00,2011-06-05 11:36:00,Repeat,0.0211,925,72.54
14593,12,3665.53,305.46,1848,2009-12-09 12:57:00,2011-11-18 12:48:00,Repeat,0.0211,926,72.56
14744,14,3660.08,261.43,2399,2010-05-18 14:06:00,2011-11-23 12:51:00,Repeat,0.0211,927,72.59
14857,7,3651.85,521.69,2081,2010-03-15 11:00:00,2011-10-11 09:23:00,Repeat,0.021,928,72.61
14649,9,3651.19,405.69,2415,2010-01-20 13:10:00,2011-12-05 12:30:00,Repeat,0.021,929,72.63
14640,10,3649.36,364.94,1645,2010-01-22 15:44:00,2011-11-15 13:07:00,Repeat,0.021,930,72.65
13632,8,3645.81,455.73,1633,2010-04-07 10:59:00,2011-11-15 10:51:00,Repeat,0.021,931,72.67
17063,13,3638.53,279.89,1899,2009-12-01 12:36:00,2011-11-18 16:19:00,Repeat,0.0209,932,72.69
14770,8,3637.64,454.7,1598,2010-02-25 18:58:00,2011-04-21 14:21:00,Repeat,0.0209,933,72.71
16748,14,3637.33,259.81,2127,2009-12-10 12:28:00,2011-11-22 10:17:00,Repeat,0.0209,934,72.73
16053,6,3634.84,605.81,3067,2010-04-08 11:11:00,2011-11-07 11:21:00,Repeat,0.0209,935,72.75
17528,8,3628.5,453.56,2138,2011-09-29 13:04:00,2011-12-08 13:27:00,Repeat,0.0209,936,72.77
16444,17,3625.88,213.29,1945,2010-03-24 14:06:00,2011-10-24 13:50:00,Repeat,0.0209,937,72.79
15079,11,3625.4,329.58,1459,2009-12-08 11:22:00,2011-05-11 12:45:00,Repeat,0.0209,938,72.82
13305,16,3616.41,226.03,2228,2010-03-10 14:49:00,2011-12-05 15:15:00,Repeat,0.0208,939,72.84
16503,11,3614.34,328.58,1535,2010-06-21 14:07:00,2011-08-25 11:46:00,Repeat,0.0208,940,72.86
15505,5,3610.96,722.19,2390,2011-07-07 13:33:00,2011-10-18 07:56:00,Repeat,0.0208,941,72.88
15791,5,3608.34,721.67,1970,2010-03-08 09:41:00,2011-10-27 10:14:00,Repeat,0.0208,942,72.9
18242,8,3605.21,450.65,2021,2010-01-11 08:49:00,2011-09-28 13:43:00,Repeat,0.0207,943,72.92
15827,28,3603.14,128.68,1715,2010-01-08 11:25:00,2011-09-27 15:35:00,Repeat,0.0207,944,72.94
17019,11,3602.29,327.48,2396,2009-12-02 11:52:00,2011-11-28 13:06:00,Repeat,0.0207,945,72.96
13750,11,3602.18,327.47,1370,2010-04-01 14:49:00,2011-10-17 12:16:00,Repeat,0.0207,946,72.98
16325,12,3597.5,299.79,2464,2009-12-04 13:21:00,2011-10-24 08:48:00,Repeat,0.0207,947,73.0
17422,11,3594.76,326.8,3538,2010-06-23 10:19:00,2011-11-23 13:27:00,Repeat,0.0207,948,73.02
14653,12,3593.06,299.42,1969,2009-12-02 11:51:00,2011-12-08 13:45:00,Repeat,0.0207,949,73.04
17659,14,3586.99,256.21,1752,2010-11-18 14:20:00,2011-11-22 13:29:00,Repeat,0.0206,950,73.06
14132,11,3586.03,326.0,3368,2011-06-09 12:04:00,2011-12-07 13:35:00,Repeat,0.0206,951,73.09
15569,10,3583.45,358.34,1734,2010-02-28 10:55:00,2011-08-28 10:15:00,Repeat,0.0206,952,73.11
17679,7,3577.61,511.09,1755,2009-12-03 17:32:00,2011-10-18 07:43:00,Repeat,0.0206,953,73.13
17311,6,3566.56,594.43,2755,2010-02-03 12:38:00,2011-09-22 14:11:00,Repeat,0.0205,954,73.15
15024,16,3559.39,222.46,1924,2010-10-11 16:14:00,2011-11-30 12:06:00,Repeat,0.0205,955,73.17
17848,30,3559.11,118.64,1404,2009-12-06 13:19:00,2011-09-19 16:49:00,Repeat,0.0205,956,73.19
14737,4,3554.17,888.54,1071,2010-11-04 11:29:00,2011-12-06 10:16:00,Repeat,0.0205,957,73.21
15858,13,3552.41,273.26,2715,2009-12-10 11:42:00,2011-11-24 12:48:00,Repeat,0.0204,958,73.23
15222,11,3550.91,322.81,4458,2009-12-16 13:49:00,2011-01-25 08:03:00,Repeat,0.0204,959,73.25
14882,14,3546.65,253.33,1614,2010-03-30 15:02:00,2011-11-13 12:47:00,Repeat,0.0204,960,73.27
14503,6,3543.26,590.54,2004,2011-06-14 10:00:00,2011-12-06 13:30:00,Repeat,0.0204,961,73.29
16950,10,3541.77,354.18,2432,2010-01-24 11:26:00,2011-10-14 09:06:00,Repeat,0.0204,962,73.31
12645,8,3539.3,442.41,2125,2010-02-09 10:49:00,2011-11-06 12:38:00,Repeat,0.0204,963,73.33
17722,5,3520.22,704.04,2412,2010-11-29 09:44:00,2011-09-04 15:22:00,Repeat,0.0203,964,73.35
16395,14,3518.41,251.31,2901,2009-12-06 12:26:00,2011-10-10 12:50:00,Repeat,0.0203,965,73.37
16336,4,3517.69,879.42,1473,2010-03-18 08:05:00,2010-10-15 12:32:00,Repeat,0.0202,966,73.39
16719,14,3513.62,250.97,2356,2009-12-13 10:59:00,2011-11-25 09:27:00,Repeat,0.0202,967,73.41
15113,3,3509.43,1169.81,2344,2011-10-16 15:27:00,2011-11-30 08:23:00,Repeat,0.0202,968,73.43
18044,18,3505.61,194.76,1598,2010-05-28 15:31:00,2011-12-05 14:26:00,Repeat,0.0202,969,73.45
14934,5,3503.5,700.7,2100,2010-09-24 12:08:00,2011-09-19 10:10:00,Repeat,0.0202,970,73.47
13929,11,3494.1,317.65,1566,2010-01-14 07:25:00,2011-06-23 15:26:00,Repeat,0.0201,971,73.49
15059,19,3491.2,183.75,1599,2009-12-06 12:17:00,2011-10-30 11:35:00,Repeat,0.0201,972,73.51
16983,11,3490.53,317.32,2315,2010-09-19 12:38:00,2011-11-27 12:10:00,Repeat,0.0201,973,73.53
13577,11,3489.28,317.21,1661,2009-12-14 16:10:00,2011-11-14 15:19:00,Repeat,0.0201,974,73.55
15811,7,3486.15,498.02,1781,2010-11-16 16:46:00,2011-11-17 15:31:00,Repeat,0.0201,975,73.57
15306,9,3484.73,387.19,3074,2010-02-18 17:12:00,2011-10-06 12:56:00,Repeat,0.0201,976,73.59
17597,5,3484.09,696.82,2215,2010-05-05 15:33:00,2011-05-10 11:54:00,Repeat,0.0201,977,73.61
12631,6,3481.57,580.26,1607,2010-01-15 14:50:00,2011-10-13 13:53:00,Repeat,0.02,978,73.63
15712,12,3472.41,289.37,1277,2009-12-01 11:17:00,2011-11-30 14:09:00,Repeat,0.02,979,73.65
13849,5,3469.3,693.86,1883,2010-03-25 12:03:00,2011-10-19 10:59:00,Repeat,0.02,980,73.67
14533,11,3466.37,315.12,6038,2010-04-08 12:13:00,2011-11-15 12:05:00,Repeat,0.02,981,73.69
14837,9,3460.32,384.48,3030,2010-01-24 10:20:00,2011-09-11 10:58:00,Repeat,0.0199,982,73.71
16360,6,3450.41,575.07,2110,2011-09-12 13:50:00,2011-12-05 12:16:00,Repeat,0.0199,983,73.73
13313,12,3445.32,287.11,2308,2009-12-02 16:18:00,2011-11-17 16:48:00,Repeat,0.0198,984,73.75
13536,7,3444.39,492.06,2126,2011-09-25 13:30:00,2011-12-08 16:38:00,Repeat,0.0198,985,73.77
16347,11,3442.96,313.0,1715,2010-03-12 12:41:00,2011-11-28 13:14:00,Repeat,0.0198,986,73.79
15974,7,3442.15,491.74,2262,2011-02-24 10:10:00,2011-10-31 13:13:00,Repeat,0.0198,987,73.81
16208,10,3440.45,344.04,1541,2010-02-24 14:24:00,2011-10-26 11:36:00,Repeat,0.0198,988,73.83
15953,18,3440.34,191.13,1741,2009-12-03 14:00:00,2011-11-24 15:32:00,Repeat,0.0198,989,73.85
17725,11,3439.08,312.64,2162,2011-03-17 19:47:00,2011-11-23 16:34:00,Repeat,0.0198,990,73.87
12609,9,3435.86,381.76,1553,2009-12-20 13:30:00,2011-09-22 16:34:00,Repeat,0.0198,991,73.89
15676,3,3435.76,1145.25,2252,2011-03-01 10:19:00,2011-11-21 12:40:00,Repeat,0.0198,992,73.91
18168,16,3435.5,214.72,1995,2009-12-03 17:29:00,2011-06-16 19:21:00,Repeat,0.0198,993,73.93
16045,8,3434.93,429.37,2108,2010-07-29 12:50:00,2011-08-12 12:41:00,Repeat,0.0198,994,73.95
15351,10,3430.22,343.02,1350,2010-10-03 12:18:00,2011-11-27 12:52:00,Repeat,0.0197,995,73.97
17913,14,3429.29,244.95,1725,2009-12-03 13:02:00,2011-10-12 10:45:00,Repeat,0.0197,996,73.99
14409,9,3427.29,380.81,2233,2010-05-21 16:45:00,2011-09-29 18:18:00,Repeat,0.0197,997,74.01
12377,4,3426.32,856.58,2105,2010-04-29 15:34:00,2011-01-28 15:45:00,Repeat,0.0197,998,74.03
17876,3,3424.02,1141.34,1958,2010-02-02 13:00:00,2010-11-05 10:52:00,Repeat,0.0197,999,74.05
16281,3,3424.02,1141.34,1570,2010-01-26 13:41:00,2011-09-28 14:57:00,Repeat,0.0197,1000,74.07
13437,7,3408.06,486.87,1283,2011-06-02 14:30:00,2011-11-25 14:00:00,Repeat,0.0196,1001,74.09
13823,7,3403.45,486.21,1564,2009-12-15 14:34:00,2011-11-21 10:22:00,Repeat,0.0196,1002,74.11
17931,14,3402.24,243.02,1919,2010-02-16 15:47:00,2011-07-28 18:33:00,Repeat,0.0196,1003,74.13
15114,12,3400.12,283.34,3532,2010-10-14 16:44:00,2011-11-09 15:05:00,Repeat,0.0196,1004,74.15
16271,10,3397.82,339.78,2359,2010-03-07 12:03:00,2011-12-07 12:45:00,Repeat,0.0196,1005,74.17
13425,5,3390.43,678.09,2358,2010-05-09 14:35:00,2011-08-23 17:13:00,Repeat,0.0195,1006,74.19
15058,16,3387.58,211.72,1645,2010-02-24 14:07:00,2011-11-14 14:57:00,Repeat,0.0195,1007,74.21
13979,7,3379.93,482.85,2270,2009-12-03 10:02:00,2011-09-27 13:32:00,Repeat,0.0195,1008,74.23
17723,7,3378.4,482.63,912,2010-11-29 10:35:00,2011-08-04 18:37:00,Repeat,0.0194,1009,74.24
13135,2,3371.45,1685.72,4423,2010-08-05 17:28:00,2011-05-27 10:52:00,Repeat,0.0194,1010,74.26
14898,14,3365.95,240.42,2207,2009-12-03 16:40:00,2011-11-16 14:54:00,Repeat,0.0194,1011,74.28
13707,5,3365.86,673.17,2210,2010-06-21 11:57:00,2011-03-17 18:03:00,Repeat,0.0194,1012,74.3
13285,6,3364.59,560.76,2457,2010-03-25 14:26:00,2011-11-16 13:19:00,Repeat,0.0194,1013,74.32
15538,6,3358.4,559.73,1016,2010-02-14 12:38:00,2010-06-20 10:49:00,Repeat,0.0193,1014,74.34
14608,11,3352.94,304.81,927,2009-12-06 12:34:00,2011-12-05 16:52:00,Repeat,0.0193,1015,74.36
18219,17,3352.7,197.22,1586,2009-12-07 13:17:00,2011-12-07 11:43:00,Repeat,0.0193,1016,74.38
13246,11,3351.75,304.7,2796,2010-07-02 13:36:00,2011-11-21 16:50:00,Repeat,0.0193,1017,74.4
16818,11,3349.57,304.51,2164,2011-05-18 11:42:00,2011-11-29 10:41:00,Repeat,0.0193,1018,74.42
17183,6,3347.31,557.88,1296,2011-08-26 15:25:00,2011-12-02 10:07:00,Repeat,0.0193,1019,74.44
15265,4,3345.64,836.41,1570,2009-12-01 17:08:00,2011-07-11 14:46:00,Repeat,0.0193,1020,74.46
12424,4,3340.03,835.01,2025,2010-06-09 15:15:00,2011-06-30 12:06:00,Repeat,0.0192,1021,74.48
16351,13,3330.03,256.16,2165,2009-12-04 16:12:00,2011-01-11 10:26:00,Repeat,0.0192,1022,74.5
15065,5,3326.86,665.37,1446,2010-10-25 09:13:00,2011-11-02 09:45:00,Repeat,0.0191,1023,74.51
12865,4,3323.47,830.87,1973,2010-08-20 12:20:00,2011-11-13 14:31:00,Repeat,0.0191,1024,74.53
13431,8,3316.24,414.53,1570,2010-02-18 11:53:00,2011-10-03 13:49:00,Repeat,0.0191,1025,74.55
13824,12,3314.76,276.23,1442,2010-03-12 15:17:00,2011-11-07 12:41:00,Repeat,0.0191,1026,74.57
13131,7,3313.77,473.4,1523,2010-02-09 09:47:00,2011-11-16 13:21:00,Repeat,0.0191,1027,74.59
14217,23,3298.59,143.42,1230,2010-06-30 12:54:00,2011-12-08 11:53:00,Repeat,0.019,1028,74.61
13611,10,3297.93,329.79,1988,2009-12-03 07:57:00,2011-09-11 14:51:00,Repeat,0.019,1029,74.63
13031,5,3292.84,658.57,2309,2010-06-03 14:57:00,2010-10-28 15:34:00,Repeat,0.019,1030,74.65
17768,7,3292.73,470.39,2339,2009-12-02 12:26:00,2011-12-01 13:22:00,Repeat,0.019,1031,74.67
16539,10,3289.66,328.97,1014,2010-06-25 15:24:00,2011-12-07 08:41:00,Repeat,0.0189,1032,74.69
13650,10,3288.0,328.8,1746,2010-01-26 08:44:00,2011-11-23 12:22:00,Repeat,0.0189,1033,74.7
15632,8,3285.31,410.66,2109,2011-03-10 08:29:00,2011-11-24 09:51:00,Repeat,0.0189,1034,74.72
14285,8,3284.42,410.55,954,2009-12-08 14:13:00,2011-11-18 14:50:00,Repeat,0.0189,1035,74.74
12872,12,3283.96,273.66,1642,2009-12-03 20:03:00,2011-01-17 10:52:00,Repeat,0.0189,1036,74.76
18188,6,3280.59,546.76,1888,2010-03-26 11:37:00,2011-11-24 16:46:00,Repeat,0.0189,1037,74.78
15978,3,3279.42,1093.14,2444,2010-03-05 14:39:00,2011-09-23 15:21:00,Repeat,0.0189,1038,74.8
17774,9,3273.83,363.76,1585,2010-02-08 16:06:00,2011-09-04 12:49:00,Repeat,0.0188,1039,74.82
13291,11,3270.79,297.34,1600,2010-02-11 18:36:00,2011-07-07 10:36:00,Repeat,0.0188,1040,74.84
16067,3,3269.11,1089.7,1236,2010-02-02 18:01:00,2010-05-26 12:33:00,Repeat,0.0188,1041,74.86
13214,7,3264.23,466.32,2966,2010-03-03 14:10:00,2010-10-18 10:00:00,Repeat,0.0188,1042,74.87
14064,15,3260.24,217.35,3911,2010-01-21 13:22:00,2011-11-10 13:14:00,Repeat,0.0188,1043,74.89
14451,12,3258.68,271.56,1737,2010-01-17 10:35:00,2011-10-10 13:38:00,Repeat,0.0188,1044,74.91
17924,8,3257.7,407.21,1208,2010-10-21 12:17:00,2011-11-28 09:11:00,Repeat,0.0187,1045,74.93
15057,5,3255.96,651.19,1394,2009-12-05 15:27:00,2011-03-09 15:17:00,Repeat,0.0187,1046,74.95
14215,9,3250.33,361.15,2181,2009-12-08 09:35:00,2011-11-28 12:19:00,Repeat,0.0187,1047,74.97
15380,11,3248.96,295.36,954,2009-12-01 13:50:00,2011-12-01 12:13:00,Repeat,0.0187,1048,74.99
12770,2,3246.45,1623.22,1843,2010-09-09 11:43:00,2011-05-13 09:33:00,Repeat,0.0187,1049,75.01
16612,9,3245.43,360.6,1419,2009-12-03 15:54:00,2011-11-07 07:38:00,Repeat,0.0187,1050,75.02
15140,8,3243.69,405.46,2010,2010-09-23 13:07:00,2011-10-18 14:07:00,Repeat,0.0187,1051,75.04
17353,4,3242.0,810.5,2168,2010-03-25 12:52:00,2011-08-02 17:19:00,Repeat,0.0187,1052,75.06
15356,13,3239.57,249.2,1892,2010-10-13 13:12:00,2011-11-08 13:11:00,Repeat,0.0186,1053,75.08
15625,9,3236.4,359.6,3020,2010-06-15 15:23:00,2011-08-28 10:21:00,Repeat,0.0186,1054,75.1
12963,12,3235.79,269.65,1637,2010-07-08 14:45:00,2011-12-01 12:55:00,Repeat,0.0186,1055,75.12
16101,4,3229.16,807.29,1844,2010-05-27 12:50:00,2011-09-30 10:18:00,Repeat,0.0186,1056,75.14
14669,7,3216.78,459.54,2043,2009-12-02 13:06:00,2011-04-12 11:43:00,Repeat,0.0185,1057,75.15
14507,11,3216.74,292.43,1491,2009-12-10 17:04:00,2011-11-16 12:21:00,Repeat,0.0185,1058,75.17
12951,15,3213.72,214.25,1662,2010-01-10 12:43:00,2011-12-01 12:14:00,Repeat,0.0185,1059,75.19
16918,16,3206.54,200.41,2066,2009-12-03 12:27:00,2011-10-21 12:50:00,Repeat,0.0185,1060,75.21
16107,7,3204.16,457.74,1176,2011-06-09 18:42:00,2011-11-22 09:40:00,Repeat,0.0184,1061,75.23
17147,9,3199.95,355.55,1308,2010-01-11 09:38:00,2011-11-17 12:32:00,Repeat,0.0184,1062,75.25
14315,8,3197.82,399.73,1344,2010-03-15 12:49:00,2011-10-26 12:06:00,Repeat,0.0184,1063,75.27
15027,10,3195.6,319.56,2782,2010-03-25 14:39:00,2011-11-09 10:16:00,Repeat,0.0184,1064,75.28
13868,2,3192.54,1596.27,1964,2011-11-01 12:45:00,2011-12-02 16:32:00,Repeat,0.0184,1065,75.3
13397,10,3191.87,319.19,1336,2010-01-20 09:50:00,2011-09-28 10:56:00,Repeat,0.0184,1066,75.32
12456,3,3181.04,1060.35,1633,2011-03-30 09:12:00,2011-10-26 14:41:00,Repeat,0.0183,1067,75.34
16515,10,3179.06,317.91,1573,2010-06-17 12:17:00,2011-10-18 13:10:00,Repeat,0.0183,1068,75.36
17621,6,3175.12,529.19,1110,2010-10-04 09:37:00,2011-11-18 17:11:00,Repeat,0.0183,1069,75.38
13268,11,3174.75,288.61,3624,2011-03-17 13:20:00,2011-11-22 11:51:00,Repeat,0.0183,1070,75.39
16837,11,3170.98,288.27,1563,2011-04-08 08:48:00,2011-11-08 14:27:00,Repeat,0.0183,1071,75.41
17640,6,3168.94,528.16,1692,2010-03-23 09:15:00,2011-09-14 09:13:00,Repeat,0.0182,1072,75.43
16365,15,3167.34,211.16,1034,2009-12-11 12:41:00,2011-11-22 11:24:00,Repeat,0.0182,1073,75.45
16041,3,3166.4,1055.47,1584,2011-07-21 16:27:00,2011-11-09 12:25:00,Repeat,0.0182,1074,75.47
13804,9,3161.12,351.24,1797,2010-09-29 10:26:00,2011-11-09 12:32:00,Repeat,0.0182,1075,75.48
12976,8,3156.38,394.55,2684,2010-02-12 15:46:00,2011-05-12 09:55:00,Repeat,0.0182,1076,75.5
16584,5,3156.17,631.23,1913,2010-02-16 10:41:00,2011-09-20 13:45:00,Repeat,0.0182,1077,75.52
14306,6,3151.4,525.23,2065,2010-01-31 13:42:00,2011-10-19 13:23:00,Repeat,0.0181,1078,75.54
15614,4,3147.36,786.84,1632,2010-03-23 11:13:00,2010-09-28 10:46:00,Repeat,0.0181,1079,75.56
15916,13,3145.24,241.94,1618,2009-12-10 16:21:00,2011-11-23 13:46:00,Repeat,0.0181,1080,75.58
17702,6,3144.04,524.01,2153,2010-11-04 12:09:00,2011-11-09 16:03:00,Repeat,0.0181,1081,75.59
15095,10,3141.64,314.16,2233,2010-01-21 09:37:00,2011-08-28 12:01:00,Repeat,0.0181,1082,75.61
14897,8,3140.54,392.57,1162,2009-12-15 17:05:00,2011-12-02 10:32:00,Repeat,0.0181,1083,75.63
15602,16,3137.96,196.12,2292,2009-12-02 09:35:00,2011-12-01 14:14:00,Repeat,0.0181,1084,75.65
17354,4,3133.96,783.49,2531,2010-10-07 13:22:00,2011-10-20 10:34:00,Repeat,0.018,1085,75.67
13786,6,3127.99,521.33,1515,2009-12-03 15:32:00,2010-12-07 13:53:00,Repeat,0.018,1086,75.68
14963,12,3123.57,260.3,2287,2010-07-02 12:43:00,2011-11-30 12:16:00,Repeat,0.018,1087,75.7
15199,10,3122.4,312.24,894,2010-05-13 10:14:00,2011-10-11 15:12:00,Repeat,0.018,1088,75.72
17145,4,3120.91,780.23,2591,2010-02-19 12:07:00,2010-07-15 09:02:00,Repeat,0.018,1089,75.74
13685,7,3119.44,445.63,5056,2011-10-10 12:59:00,2011-12-07 11:41:00,Repeat,0.018,1090,75.76
13052,7,3119.33,445.62,1424,2010-02-23 12:31:00,2011-05-11 14:12:00,Repeat,0.018,1091,75.77
13692,5,3114.4,622.88,2101,2010-10-15 13:28:00,2011-11-15 11:17:00,Repeat,0.0179,1092,75.79
14978,10,3112.19,311.22,736,2010-04-28 10:50:00,2011-09-28 13:07:00,Repeat,0.0179,1093,75.81
15983,8,3110.37,388.8,1872,2009-12-06 12:52:00,2011-11-17 17:34:00,Repeat,0.0179,1094,75.83
16678,12,3109.99,259.17,2397,2011-03-02 09:24:00,2011-12-07 12:17:00,Repeat,0.0179,1095,75.85
13742,12,3107.87,258.99,1115,2011-01-23 14:59:00,2011-11-23 11:07:00,Repeat,0.0179,1096,75.86
12909,8,3103.19,387.9,1948,2010-02-24 12:14:00,2011-10-31 12:43:00,Repeat,0.0179,1097,75.88
13538,12,3103.13,258.59,959,2010-02-02 12:47:00,2011-10-27 16:34:00,Repeat,0.0179,1098,75.9
15031,14,3102.94,221.64,1576,2009-12-08 13:38:00,2011-12-05 14:19:00,Repeat,0.0179,1099,75.92
15491,6,3100.09,516.68,1646,2011-04-18 10:04:00,2011-09-05 15:56:00,Repeat,0.0178,1100,75.93
13772,8,3100.02,387.5,1446,2010-02-23 13:55:00,2011-11-06 11:43:00,Repeat,0.0178,1101,75.95
16933,9,3099.3,344.37,1533,2009-12-09 15:03:00,2011-12-08 12:54:00,Repeat,0.0178,1102,75.97
13464,6,3097.64,516.27,1440,2010-03-31 15:22:00,2011-10-12 15:01:00,Repeat,0.0178,1103,75.99
12937,9,3097.61,344.18,1983,2009-12-03 15:43:00,2011-11-24 15:05:00,Repeat,0.0178,1104,76.01
15105,9,3094.91,343.88,1747,2010-03-23 12:18:00,2011-11-21 16:54:00,Repeat,0.0178,1105,76.02
14312,11,3090.29,280.94,1904,2010-07-23 15:05:00,2011-10-24 09:46:00,Repeat,0.0178,1106,76.04
15373,17,3084.54,181.44,726,2010-05-02 11:57:00,2011-12-01 15:05:00,Repeat,0.0178,1107,76.06
12511,1,3084.02,3084.02,1753,2010-10-07 10:39:00,2010-10-07 10:39:00,One-time,0.0177,1108,76.08
17929,12,3082.1,256.84,434,2009-12-09 11:40:00,2011-11-28 16:01:00,Repeat,0.0177,1109,76.09
17090,13,3080.18,236.94,1344,2010-07-19 16:02:00,2011-12-05 13:44:00,Repeat,0.0177,1110,76.11
14044,10,3077.7,307.77,2100,2010-01-24 15:14:00,2011-11-13 12:05:00,Repeat,0.0177,1111,76.13
14700,5,3076.06,615.21,1606,2010-08-11 12:19:00,2011-11-07 14:40:00,Repeat,0.0177,1112,76.15
12469,2,3070.54,1535.27,2552,2010-06-21 10:30:00,2010-07-05 12:40:00,Repeat,0.0177,1113,76.17
13631,11,3070.42,279.13,467,2011-03-17 17:13:00,2011-09-01 09:57:00,Repeat,0.0177,1114,76.18
14038,5,3069.88,613.98,1708,2010-02-04 08:56:00,2011-09-22 13:37:00,Repeat,0.0177,1115,76.2
13196,7,3068.84,438.41,2006,2010-04-01 12:54:00,2011-11-28 13:54:00,Repeat,0.0177,1116,76.22
16400,9,3059.85,339.98,2066,2009-12-08 12:38:00,2011-09-06 12:27:00,Repeat,0.0176,1117,76.24
16059,12,3053.57,254.46,1431,2010-05-19 13:04:00,2011-10-05 09:56:00,Repeat,0.0176,1118,76.25
16007,7,3053.06,436.15,2631,2010-06-14 13:18:00,2011-10-23 11:05:00,Repeat,0.0176,1119,76.27
15241,11,3050.16,277.29,3328,2010-02-23 13:59:00,2011-10-04 09:05:00,Repeat,0.0176,1120,76.29
16560,8,3048.38,381.05,1603,2009-12-08 12:05:00,2011-11-13 10:35:00,Repeat,0.0175,1121,76.31
14916,8,3042.95,380.37,2415,2010-04-01 10:57:00,2011-09-30 09:20:00,Repeat,0.0175,1122,76.32
12849,6,3042.47,507.08,1855,2010-04-27 13:44:00,2011-11-08 13:41:00,Repeat,0.0175,1123,76.34
13647,8,3041.68,380.21,1795,2010-04-15 12:55:00,2011-11-30 12:00:00,Repeat,0.0175,1124,76.36
15754,9,3037.61,337.51,1762,2010-02-22 13:31:00,2011-10-19 14:40:00,Repeat,0.0175,1125,76.38
14673,7,3037.32,433.9,1822,2010-10-26 10:14:00,2011-12-06 14:31:00,Repeat,0.0175,1126,76.39
13557,13,3032.26,233.25,2398,2009-12-08 17:41:00,2011-11-11 15:24:00,Repeat,0.0175,1127,76.41
13485,11,3019.22,274.47,1798,2009-12-03 13:46:00,2011-04-20 13:58:00,Repeat,0.0174,1128,76.43
14456,9,3017.28,335.25,2885,2011-07-20 13:06:00,2011-12-04 13:59:00,Repeat,0.0174,1129,76.45
13848,8,3015.0,376.88,9200,2009-12-09 16:17:00,2011-09-08 12:58:00,Repeat,0.0174,1130,76.46
12754,3,3010.74,1003.58,6481,2011-02-04 10:31:00,2011-04-18 09:00:00,Repeat,0.0173,1131,76.48
16718,5,3006.08,601.22,1924,2009-12-06 13:07:00,2010-12-05 13:03:00,Repeat,0.0173,1132,76.5
14621,9,3000.57,333.4,1706,2010-01-25 09:08:00,2011-12-08 16:22:00,Repeat,0.0173,1133,76.52
13635,4,2999.16,749.79,1884,2009-12-01 09:46:00,2011-10-03 10:55:00,Repeat,0.0173,1134,76.53
15810,8,2999.04,374.88,1653,2010-02-04 18:18:00,2011-09-22 09:38:00,Repeat,0.0173,1135,76.55
15182,11,2998.95,272.63,1186,2010-02-21 12:03:00,2011-07-08 13:37:00,Repeat,0.0173,1136,76.57
15611,26,2997.28,115.28,747,2010-01-25 14:50:00,2011-11-30 12:36:00,Repeat,0.0173,1137,76.58
14161,7,2996.93,428.13,1480,2009-12-13 11:46:00,2011-05-08 11:41:00,Repeat,0.0172,1138,76.6
12457,8,2995.91,374.49,1094,2010-09-30 17:59:00,2011-10-04 13:13:00,Repeat,0.0172,1139,76.62
14590,20,2993.37,149.67,901,2009-12-07 14:10:00,2010-10-11 12:06:00,Repeat,0.0172,1140,76.64
15687,9,2993.1,332.57,1310,2011-01-13 15:13:00,2011-12-01 08:33:00,Repeat,0.0172,1141,76.65
14344,20,2993.05,149.65,1546,2010-03-23 15:47:00,2011-08-04 13:51:00,Repeat,0.0172,1142,76.67
15681,14,2989.7,213.55,1392,2010-05-24 14:18:00,2011-11-14 16:30:00,Repeat,0.0172,1143,76.69
12374,4,2989.22,747.31,1362,2010-04-30 14:01:00,2011-11-14 15:37:00,Repeat,0.0172,1144,76.71
18241,21,2986.99,142.24,1471,2010-04-01 11:55:00,2011-11-30 12:10:00,Repeat,0.0172,1145,76.72
14226,6,2985.13,497.52,1714,2010-09-24 14:32:00,2011-11-11 11:34:00,Repeat,0.0172,1146,76.74
17032,8,2984.32,373.04,1667,2009-12-10 15:36:00,2010-06-10 12:16:00,Repeat,0.0172,1147,76.76
16012,5,2978.59,595.72,1760,2010-06-28 11:39:00,2011-11-04 13:25:00,Repeat,0.0171,1148,76.77
17655,9,2976.38,330.71,1268,2010-10-19 10:20:00,2011-11-29 11:34:00,Repeat,0.0171,1149,76.79
12838,10,2975.91,297.59,1606,2010-04-26 09:59:00,2011-11-06 12:20:00,Repeat,0.0171,1150,76.81
17692,12,2975.8,247.98,2338,2010-06-17 11:14:00,2011-08-04 14:01:00,Repeat,0.0171,1151,76.83
12854,7,2970.97,424.42,1630,2009-12-11 12:55:00,2011-09-22 12:15:00,Repeat,0.0171,1152,76.84
16120,6,2967.51,494.59,2161,2010-10-13 15:07:00,2011-10-11 14:22:00,Repeat,0.0171,1153,76.86
15967,12,2966.0,247.17,1183,2009-12-01 13:29:00,2011-11-16 15:41:00,Repeat,0.0171,1154,76.88
14506,7,2960.25,422.89,936,2010-04-19 08:27:00,2011-11-22 13:02:00,Repeat,0.017,1155,76.89
15329,11,2958.83,268.98,1217,2009-12-14 12:18:00,2011-10-31 15:36:00,Repeat,0.017,1156,76.91
16416,9,2957.88,328.65,2198,2010-02-23 12:00:00,2011-11-13 12:50:00,Repeat,0.017,1157,76.93
13012,11,2957.83,268.89,1559,2010-04-26 14:14:00,2011-11-30 13:05:00,Repeat,0.017,1158,76.94
13110,12,2957.47,246.46,763,2009-12-01 14:14:00,2011-11-08 14:30:00,Repeat,0.017,1159,76.96
16736,5,2956.56,591.31,1050,2009-12-03 16:12:00,2010-07-22 10:09:00,Repeat,0.017,1160,76.98
14867,16,2952.06,184.5,996,2009-12-05 15:47:00,2011-06-07 11:39:00,Repeat,0.017,1161,77.0
13253,4,2951.11,737.78,3015,2010-01-05 12:13:00,2011-07-06 10:09:00,Repeat,0.017,1162,77.01
12877,20,2942.14,147.11,2237,2010-01-18 10:23:00,2011-12-06 10:30:00,Repeat,0.0169,1163,77.03
15757,6,2940.36,490.06,1757,2010-06-10 13:47:00,2011-10-05 12:14:00,Repeat,0.0169,1164,77.05
17444,3,2940.04,980.01,2119,2011-06-20 09:04:00,2011-07-15 12:05:00,Repeat,0.0169,1165,77.06
17588,7,2939.55,419.94,1379,2010-03-12 12:34:00,2011-08-31 13:37:00,Repeat,0.0169,1166,77.08
14544,3,2938.53,979.51,2412,2010-08-26 16:00:00,2011-11-15 15:06:00,Repeat,0.0169,1167,77.1
12967,3,2938.52,979.51,912,2010-11-21 11:03:00,2010-12-16 19:10:00,Repeat,0.0169,1168,77.11
12635,4,2930.41,732.6,1949,2010-09-09 10:50:00,2011-09-11 11:04:00,Repeat,0.0169,1169,77.13
15312,12,2930.19,244.18,1693,2009-12-16 09:23:00,2011-09-25 13:10:00,Repeat,0.0169,1170,77.15
13890,14,2927.38,209.1,1392,2009-12-06 15:15:00,2011-12-08 15:36:00,Repeat,0.0168,1171,77.16
12906,5,2919.81,583.96,1749,2011-09-22 15:03:00,2011-11-28 09:55:00,Repeat,0.0168,1172,77.18
16358,5,2919.65,583.93,2065,2010-11-10 11:36:00,2011-12-08 15:09:00,Repeat,0.0168,1173,77.2
13764,6,2919.62,486.6,2084,2010-03-07 12:56:00,2011-09-30 12:03:00,Repeat,0.0168,1174,77.21
15392,7,2911.62,415.95,2144,2010-10-04 12:50:00,2011-12-05 11:01:00,Repeat,0.0168,1175,77.23
13784,14,2910.23,207.87,2827,2010-09-15 12:27:00,2011-11-30 09:33:00,Repeat,0.0167,1176,77.25
14524,13,2909.86,223.84,1169,2010-10-19 11:44:00,2011-11-08 12:29:00,Repeat,0.0167,1177,77.27
12438,2,2906.85,1453.42,1180,2011-07-22 13:29:00,2011-11-25 13:28:00,Repeat,0.0167,1178,77.28
14233,7,2904.27,414.9,1261,2010-03-05 16:35:00,2011-10-21 15:54:00,Repeat,0.0167,1179,77.3
14293,9,2903.01,322.56,1558,2009-12-10 10:57:00,2011-12-06 15:17:00,Repeat,0.0167,1180,77.32
16383,7,2896.69,413.81,1596,2010-02-04 13:18:00,2011-09-26 12:45:00,Repeat,0.0167,1181,77.33
17242,5,2889.28,577.86,1459,2010-01-24 10:27:00,2011-08-23 14:55:00,Repeat,0.0166,1182,77.35
13501,3,2885.11,961.7,1253,2010-05-18 13:24:00,2011-02-24 18:59:00,Repeat,0.0166,1183,77.37
16633,6,2883.1,480.52,1138,2011-04-19 14:36:00,2011-11-22 13:41:00,Repeat,0.0166,1184,77.38
14251,5,2879.7,575.94,1674,2011-10-13 12:46:00,2011-12-08 08:32:00,Repeat,0.0166,1185,77.4
12806,4,2878.96,719.74,2087,2010-04-30 10:44:00,2010-09-30 13:34:00,Repeat,0.0166,1186,77.42
18170,9,2878.0,319.78,1184,2010-01-08 14:10:00,2011-11-06 14:35:00,Repeat,0.0166,1187,77.43
14005,5,2874.72,574.94,2478,2011-05-08 10:33:00,2011-11-30 12:41:00,Repeat,0.0165,1188,77.45
15043,6,2870.32,478.39,1019,2010-06-24 15:50:00,2011-11-08 14:26:00,Repeat,0.0165,1189,77.46
16467,7,2869.16,409.88,7384,2009-12-02 11:59:00,2010-07-19 11:49:00,Repeat,0.0165,1190,77.48
16711,9,2868.48,318.72,1212,2009-12-02 13:22:00,2011-12-06 16:32:00,Repeat,0.0165,1191,77.5
16229,6,2867.86,477.98,1292,2010-05-24 12:59:00,2011-09-13 17:16:00,Repeat,0.0165,1192,77.51
17961,100,2866.74,28.67,1491,2009-12-01 14:48:00,2011-11-18 16:55:00,Repeat,0.0165,1193,77.53
14758,7,2864.97,409.28,840,2010-04-08 08:27:00,2011-07-18 08:21:00,Repeat,0.0165,1194,77.55
16755,7,2864.68,409.24,1985,2009-12-09 14:25:00,2011-08-17 13:21:00,Repeat,0.0165,1195,77.56
16062,8,2863.45,357.93,2035,2010-06-21 13:32:00,2011-11-30 12:15:00,Repeat,0.0165,1196,77.58
12685,6,2863.08,477.18,1523,2011-09-07 10:28:00,2011-11-11 13:46:00,Repeat,0.0165,1197,77.6
14875,3,2862.4,954.13,1332,2010-09-24 10:28:00,2011-08-24 12:20:00,Repeat,0.0165,1198,77.61
13963,17,2860.57,168.27,2007,2010-04-21 16:20:00,2011-02-04 14:43:00,Repeat,0.0165,1199,77.63
16979,9,2859.74,317.75,1451,2010-09-15 14:30:00,2011-12-06 12:21:00,Repeat,0.0165,1200,77.65
15563,7,2859.46,408.49,3005,2010-01-28 11:36:00,2011-11-17 14:50:00,Repeat,0.0165,1201,77.66
16225,15,2859.31,190.62,1281,2010-02-07 12:41:00,2011-10-26 08:30:00,Repeat,0.0165,1202,77.68
13728,16,2855.17,178.45,1269,2009-12-09 17:13:00,2011-11-03 10:49:00,Repeat,0.0164,1203,77.7
12352,10,2849.84,284.98,724,2010-11-12 10:20:00,2011-11-03 14:37:00,Repeat,0.0164,1204,77.71
14935,2,2849.83,1424.91,1931,2010-03-30 11:48:00,2011-02-15 14:44:00,Repeat,0.0164,1205,77.73
12676,11,2843.09,258.46,1867,2010-08-13 13:29:00,2011-11-15 12:25:00,Repeat,0.0164,1206,77.74
16554,8,2841.72,355.21,1346,2009-12-15 09:42:00,2011-10-28 14:51:00,Repeat,0.0164,1207,77.76
14711,11,2839.62,258.15,966,2011-03-22 13:32:00,2011-11-29 14:58:00,Repeat,0.0163,1208,77.78
14842,4,2824.69,706.17,1166,2011-02-04 15:32:00,2011-10-27 12:37:00,Repeat,0.0163,1209,77.79
15797,6,2821.08,470.18,1281,2010-01-27 13:12:00,2011-08-18 17:04:00,Repeat,0.0162,1210,77.81
16775,16,2820.84,176.3,957,2010-09-23 17:34:00,2011-11-29 15:22:00,Repeat,0.0162,1211,77.83
17228,13,2820.03,216.93,2354,2010-03-12 11:54:00,2011-11-24 10:24:00,Repeat,0.0162,1212,77.84
13477,11,2819.17,256.29,2091,2010-01-25 11:52:00,2011-11-02 12:04:00,Repeat,0.0162,1213,77.86
13032,9,2815.96,312.88,1274,2010-09-05 14:01:00,2011-10-18 15:54:00,Repeat,0.0162,1214,77.87
17386,7,2812.77,401.82,1955,2010-11-19 13:40:00,2011-12-02 11:28:00,Repeat,0.0162,1215,77.89
16871,6,2812.34,468.72,1253,2011-03-14 10:31:00,2011-11-17 19:27:00,Repeat,0.0162,1216,77.91
13799,9,2803.57,311.51,1539,2010-03-05 16:39:00,2011-08-15 12:07:00,Repeat,0.0161,1217,77.92
13205,1,2803.2,2803.2,256,2010-09-22 16:26:00,2010-09-22 16:26:00,One-time,0.0161,1218,77.94
12826,12,2800.75,233.4,1915,2009-12-18 10:43:00,2011-12-07 10:25:00,Repeat,0.0161,1219,77.96
16742,14,2799.87,199.99,2558,2009-12-16 17:22:00,2011-10-24 12:02:00,Repeat,0.0161,1220,77.97
13330,6,2796.1,466.02,1951,2010-02-23 10:12:00,2011-09-08 12:27:00,Repeat,0.0161,1221,77.99
14903,5,2795.33,559.07,1531,2011-03-06 11:50:00,2011-11-18 16:07:00,Repeat,0.0161,1222,78.0
14035,9,2794.75,310.53,1405,2010-04-06 12:39:00,2011-11-11 10:03:00,Repeat,0.0161,1223,78.02
15353,7,2794.47,399.21,1391,2009-12-02 11:33:00,2011-03-30 12:15:00,Repeat,0.0161,1224,78.04
12863,6,2792.55,465.43,895,2010-04-29 13:54:00,2011-10-18 14:15:00,Repeat,0.0161,1225,78.05
17530,12,2791.69,232.64,1741,2009-12-06 16:17:00,2011-12-08 18:42:00,Repeat,0.0161,1226,78.07
16764,13,2790.95,214.69,1253,2011-07-19 17:17:00,2011-12-06 11:41:00,Repeat,0.0161,1227,78.08
17284,8,2788.06,348.51,2069,2010-09-20 16:18:00,2011-10-10 14:38:00,Repeat,0.016,1228,78.1
15073,8,2788.02,348.5,1410,2010-01-27 08:48:00,2011-11-30 10:44:00,Repeat,0.016,1229,78.12
17552,12,2786.77,232.23,1951,2010-03-22 09:19:00,2011-10-10 17:00:00,Repeat,0.016,1230,78.13
13719,11,2783.08,253.01,1588,2010-05-17 14:36:00,2011-11-24 15:26:00,Repeat,0.016,1231,78.15
14121,4,2780.15,695.04,2082,2011-10-11 10:39:00,2011-12-06 12:19:00,Repeat,0.016,1232,78.16
17790,20,2779.41,138.97,1387,2010-06-13 13:30:00,2011-11-13 11:30:00,Repeat,0.016,1233,78.18
14869,6,2778.14,463.02,2130,2009-12-16 11:43:00,2011-12-01 12:36:00,Repeat,0.016,1234,78.2
15993,7,2777.67,396.81,2037,2011-10-26 16:21:00,2011-12-01 10:45:00,Repeat,0.016,1235,78.21
16104,9,2774.46,308.27,1047,2009-12-06 10:41:00,2011-10-09 10:23:00,Repeat,0.016,1236,78.23
17031,6,2773.85,462.31,1595,2010-05-07 14:52:00,2011-11-28 10:23:00,Repeat,0.016,1237,78.24
15235,16,2772.76,173.3,1676,2010-11-16 12:48:00,2011-05-06 09:44:00,Repeat,0.016,1238,78.26
15965,13,2771.94,213.23,1313,2009-12-03 11:45:00,2011-11-22 16:44:00,Repeat,0.016,1239,78.28
13695,16,2770.73,173.17,1791,2010-05-11 11:07:00,2011-11-08 14:26:00,Repeat,0.0159,1240,78.29
18210,7,2768.83,395.55,1499,2010-11-22 09:39:00,2011-12-08 11:02:00,Repeat,0.0159,1241,78.31
15817,3,2766.4,922.13,1596,2010-06-14 13:31:00,2010-10-15 11:07:00,Repeat,0.0159,1242,78.32
13813,8,2765.47,345.68,1292,2009-12-06 10:16:00,2011-10-31 10:38:00,Repeat,0.0159,1243,78.34
16407,14,2761.65,197.26,1448,2010-10-03 13:56:00,2011-11-27 11:05:00,Repeat,0.0159,1244,78.36
17115,7,2761.49,394.5,885,2009-12-05 12:13:00,2011-12-01 14:30:00,Repeat,0.0159,1245,78.37
17368,14,2758.29,197.02,2319,2009-12-15 17:45:00,2011-11-16 15:26:00,Repeat,0.0159,1246,78.39
16335,7,2753.52,393.36,1004,2009-12-04 10:18:00,2010-06-06 11:35:00,Repeat,0.0158,1247,78.4
17870,13,2753.29,211.79,1699,2010-11-23 11:39:00,2011-12-07 15:07:00,Repeat,0.0158,1248,78.42
13736,7,2752.47,393.21,1549,2009-12-06 12:07:00,2011-12-04 15:19:00,Repeat,0.0158,1249,78.43
17490,9,2750.5,305.61,1531,2010-05-19 12:40:00,2011-12-09 09:08:00,Repeat,0.0158,1250,78.45
14665,7,2749.65,392.81,1144,2010-04-26 11:17:00,2011-10-10 09:14:00,Repeat,0.0158,1251,78.47
12982,8,2744.81,343.1,1729,2010-04-12 13:50:00,2011-04-11 11:51:00,Repeat,0.0158,1252,78.48
12669,3,2744.03,914.68,1115,2011-03-28 10:15:00,2011-07-12 09:54:00,Repeat,0.0158,1253,78.5
15841,9,2742.41,304.71,2391,2009-12-10 08:29:00,2011-09-28 12:15:00,Repeat,0.0158,1254,78.51
13077,11,2740.65,249.15,2468,2009-12-11 11:17:00,2011-12-08 19:24:00,Repeat,0.0158,1255,78.53
17241,12,2736.64,228.05,859,2010-02-15 14:47:00,2010-11-19 13:01:00,Repeat,0.0158,1256,78.55
15389,5,2733.8,546.76,3940,2010-01-27 12:44:00,2011-06-20 16:18:00,Repeat,0.0157,1257,78.56
12986,10,2729.84,272.98,1164,2010-01-21 10:45:00,2010-10-07 11:57:00,Repeat,0.0157,1258,78.58
15596,9,2727.72,303.08,1208,2010-07-28 11:46:00,2011-08-31 10:55:00,Repeat,0.0157,1259,78.59
12739,4,2726.73,681.68,951,2010-11-10 14:27:00,2011-09-22 13:00:00,Repeat,0.0157,1260,78.61
12391,6,2724.84,454.14,1204,2010-02-15 10:12:00,2011-11-18 12:07:00,Repeat,0.0157,1261,78.62
14404,13,2724.13,209.55,1577,2009-12-20 14:40:00,2011-11-06 12:30:00,Repeat,0.0157,1262,78.64
16190,8,2723.55,340.44,1231,2009-12-14 11:59:00,2011-10-30 15:59:00,Repeat,0.0157,1263,78.66
14125,3,2720.63,906.88,1628,2011-09-22 15:40:00,2011-11-29 12:47:00,Repeat,0.0157,1264,78.67
14808,8,2718.6,339.82,2120,2011-06-20 12:53:00,2011-10-31 12:21:00,Repeat,0.0156,1265,78.69
15985,7,2715.28,387.9,2750,2010-05-27 15:51:00,2011-08-08 16:31:00,Repeat,0.0156,1266,78.7
16232,7,2712.97,387.57,1849,2010-06-07 14:04:00,2011-10-27 12:16:00,Repeat,0.0156,1267,78.72
17884,20,2698.47,134.92,2749,2009-12-04 16:23:00,2011-12-06 11:33:00,Repeat,0.0155,1268,78.73
16359,16,2697.75,168.61,1764,2010-02-16 10:39:00,2011-12-02 17:04:00,Repeat,0.0155,1269,78.75
18173,5,2696.36,539.27,1730,2010-04-06 10:43:00,2011-09-14 11:26:00,Repeat,0.0155,1270,78.76
12820,11,2689.52,244.5,1964,2009-12-05 13:37:00,2011-12-06 15:12:00,Repeat,0.0155,1271,78.78
16086,10,2687.73,268.77,1450,2009-12-02 13:20:00,2011-10-11 13:09:00,Repeat,0.0155,1272,78.8
14748,10,2681.9,268.19,2422,2010-03-04 17:08:00,2011-11-10 18:33:00,Repeat,0.0154,1273,78.81
17388,11,2675.37,243.22,2555,2009-12-10 11:45:00,2011-09-23 10:31:00,Repeat,0.0154,1274,78.83
16434,12,2673.69,222.81,1310,2010-01-17 14:51:00,2011-11-10 14:28:00,Repeat,0.0154,1275,78.84
17720,10,2666.91,266.69,1589,2010-05-10 09:58:00,2011-11-13 15:04:00,Repeat,0.0153,1276,78.86
18283,22,2664.9,121.13,1679,2010-02-19 17:16:00,2011-12-06 12:02:00,Repeat,0.0153,1277,78.87
15910,15,2661.17,177.41,2158,2010-01-21 11:51:00,2011-12-09 10:51:00,Repeat,0.0153,1278,78.89
13473,8,2657.76,332.22,1000,2009-12-15 19:02:00,2011-10-10 11:20:00,Repeat,0.0153,1279,78.9
15671,7,2657.13,379.59,1699,2011-03-14 09:37:00,2011-11-21 12:43:00,Repeat,0.0153,1280,78.92
16369,7,2656.56,379.51,1589,2010-04-07 16:52:00,2011-11-21 16:25:00,Repeat,0.0153,1281,78.93
15157,5,2654.11,530.82,3466,2009-12-10 14:44:00,2011-12-06 11:28:00,Repeat,0.0153,1282,78.95
14756,3,2653.76,884.59,1423,2010-10-11 11:50:00,2011-11-24 18:13:00,Repeat,0.0153,1283,78.96
17744,7,2649.14,378.45,3826,2010-11-24 09:34:00,2011-12-06 12:11:00,Repeat,0.0152,1284,78.98
12516,4,2648.62,662.15,1952,2010-04-19 14:14:00,2011-09-23 09:13:00,Repeat,0.0152,1285,78.99
13203,10,2648.25,264.82,2413,2009-12-17 14:15:00,2011-11-30 10:45:00,Repeat,0.0152,1286,79.01
16618,5,2647.59,529.52,1363,2011-01-21 11:55:00,2011-11-08 13:52:00,Repeat,0.0152,1287,79.03
13819,6,2642.35,440.39,2309,2009-12-01 16:18:00,2011-02-11 10:38:00,Repeat,0.0152,1288,79.04
15814,6,2634.44,439.07,1728,2010-04-15 14:31:00,2011-11-23 08:17:00,Repeat,0.0152,1289,79.06
12520,5,2634.26,526.85,1439,2011-03-11 11:35:00,2011-09-21 15:23:00,Repeat,0.0152,1290,79.07
14410,11,2631.9,239.26,1369,2010-09-28 15:46:00,2011-09-08 15:08:00,Repeat,0.0151,1291,79.09
16276,3,2629.39,876.46,1467,2010-04-11 12:02:00,2011-06-16 09:34:00,Repeat,0.0151,1292,79.1
17470,11,2626.47,238.77,2731,2010-07-19 16:16:00,2011-10-26 12:42:00,Repeat,0.0151,1293,79.12
13422,1,2626.3,2626.3,1326,2011-10-06 13:42:00,2011-10-06 13:42:00,One-time,0.0151,1294,79.13
13644,4,2624.26,656.07,2067,2011-08-26 11:53:00,2011-11-23 14:07:00,Repeat,0.0151,1295,79.15
12671,1,2622.48,2622.48,1460,2010-04-12 16:30:00,2010-04-12 16:30:00,One-time,0.0151,1296,79.16
12423,10,2622.39,262.24,1793,2010-08-31 09:31:00,2011-12-09 10:10:00,Repeat,0.0151,1297,79.18
15142,6,2619.92,436.65,2155,2010-07-27 09:05:00,2011-10-24 12:51:00,Repeat,0.0151,1298,79.19
13211,10,2618.77,261.88,1845,2009-12-06 15:24:00,2011-11-29 14:43:00,Repeat,0.0151,1299,79.21
14262,8,2618.23,327.28,1645,2011-04-13 12:23:00,2011-12-01 14:17:00,Repeat,0.0151,1300,79.22
14195,6,2615.6,435.93,2144,2010-03-15 17:12:00,2011-05-22 10:29:00,Repeat,0.0151,1301,79.24
14431,4,2614.2,653.55,1202,2010-01-21 10:49:00,2011-02-10 10:40:00,Repeat,0.015,1302,79.25
14397,19,2612.96,137.52,1890,2011-05-10 12:25:00,2011-12-07 09:22:00,Repeat,0.015,1303,79.27
14564,2,2605.62,1302.81,1295,2009-12-04 09:27:00,2010-10-01 09:02:00,Repeat,0.015,1304,79.28
15660,15,2603.69,173.58,1783,2010-02-05 16:01:00,2011-11-14 16:58:00,Repeat,0.015,1305,79.3
17317,3,2600.34,866.78,1146,2011-09-11 12:45:00,2011-10-24 17:19:00,Repeat,0.015,1306,79.31
15826,4,2598.28,649.57,1824,2010-05-20 17:00:00,2011-10-14 16:05:00,Repeat,0.015,1307,79.33
13700,13,2596.97,199.77,2786,2010-02-07 10:53:00,2011-11-13 13:00:00,Repeat,0.0149,1308,79.34
12412,6,2596.93,432.82,1997,2010-06-18 13:22:00,2011-09-26 10:16:00,Repeat,0.0149,1309,79.36
14163,5,2594.62,518.92,950,2010-09-03 17:15:00,2011-09-13 15:18:00,Repeat,0.0149,1310,79.37
14229,7,2594.04,370.58,934,2010-08-25 11:47:00,2011-10-19 10:03:00,Repeat,0.0149,1311,79.39
17043,8,2593.65,324.21,1616,2009-12-09 15:20:00,2011-11-07 15:33:00,Repeat,0.0149,1312,79.4
14129,9,2591.34,287.93,1414,2010-05-09 14:54:00,2011-12-08 11:02:00,Repeat,0.0149,1313,79.42
14147,9,2590.2,287.8,995,2010-03-09 13:43:00,2011-09-22 18:10:00,Repeat,0.0149,1314,79.43
16206,13,2589.87,199.22,1379,2010-01-24 15:25:00,2011-10-16 10:41:00,Repeat,0.0149,1315,79.45
15062,8,2585.62,323.2,1872,2010-04-08 15:41:00,2011-09-29 16:51:00,Repeat,0.0149,1316,79.46
12592,5,2582.66,516.53,1875,2010-07-08 14:06:00,2011-09-08 15:04:00,Repeat,0.0149,1317,79.48
16499,8,2578.34,322.29,1364,2010-06-11 12:22:00,2010-12-14 13:31:00,Repeat,0.0148,1318,79.49
17095,7,2572.25,367.46,1695,2009-12-15 12:32:00,2011-11-17 12:21:00,Repeat,0.0148,1319,79.51
17002,7,2571.55,367.36,1265,2010-03-08 15:46:00,2011-09-15 12:40:00,Repeat,0.0148,1320,79.52
15434,11,2567.06,233.37,1423,2010-01-24 15:35:00,2011-12-01 13:33:00,Repeat,0.0148,1321,79.54
16817,13,2560.7,196.98,1401,2010-10-04 09:06:00,2011-12-07 11:03:00,Repeat,0.0147,1322,79.55
13192,6,2558.58,426.43,1629,2010-01-22 08:37:00,2011-09-05 14:13:00,Repeat,0.0147,1323,79.56
15033,10,2557.18,255.72,1672,2011-01-14 13:28:00,2011-12-05 12:40:00,Repeat,0.0147,1324,79.58
16036,4,2556.84,639.21,1369,2010-03-29 14:47:00,2011-09-13 14:53:00,Repeat,0.0147,1325,79.59
13862,9,2556.09,284.01,1927,2010-11-15 13:43:00,2011-11-21 16:24:00,Repeat,0.0147,1326,79.61
16115,12,2553.8,212.82,1589,2010-05-14 11:59:00,2011-11-30 11:32:00,Repeat,0.0147,1327,79.62
14745,12,2551.41,212.62,1969,2010-03-12 10:33:00,2011-08-19 10:05:00,Repeat,0.0147,1328,79.64
18179,8,2547.55,318.44,1811,2010-02-14 15:51:00,2011-11-30 16:23:00,Repeat,0.0147,1329,79.65
17465,7,2542.79,363.26,1477,2009-12-03 13:25:00,2010-10-10 11:56:00,Repeat,0.0146,1330,79.67
14548,9,2541.29,282.37,986,2009-12-06 14:00:00,2011-07-12 12:19:00,Repeat,0.0146,1331,79.68
17463,7,2535.26,362.18,1480,2010-04-29 17:57:00,2011-11-23 13:40:00,Repeat,0.0146,1332,79.7
13623,10,2533.06,253.31,1010,2009-12-02 13:57:00,2011-11-09 12:00:00,Repeat,0.0146,1333,79.71
15906,10,2530.19,253.02,749,2010-09-15 12:17:00,2011-11-20 12:24:00,Repeat,0.0146,1334,79.73
14659,9,2529.93,281.1,1195,2011-01-28 12:43:00,2011-12-01 12:17:00,Repeat,0.0146,1335,79.74
16889,6,2526.65,421.11,1611,2010-05-23 10:46:00,2011-05-29 11:05:00,Repeat,0.0145,1336,79.75
14790,10,2526.62,252.66,2642,2009-12-11 14:37:00,2011-11-23 09:28:00,Repeat,0.0145,1337,79.77
16987,11,2521.4,229.22,671,2009-12-02 14:34:00,2011-12-06 17:26:00,Repeat,0.0145,1338,79.78
15862,13,2512.29,193.25,1520,2009-12-17 11:33:00,2011-12-01 13:28:00,Repeat,0.0145,1339,79.8
13344,3,2511.69,837.23,952,2011-03-07 10:28:00,2011-10-03 09:45:00,Repeat,0.0145,1340,79.81
17101,7,2507.05,358.15,1175,2010-06-07 15:12:00,2011-11-29 13:57:00,Repeat,0.0144,1341,79.83
17550,9,2506.64,278.52,968,2010-02-07 15:07:00,2011-05-26 14:09:00,Repeat,0.0144,1342,79.84
12978,5,2502.82,500.56,1394,2009-12-10 12:10:00,2010-11-19 14:29:00,Repeat,0.0144,1343,79.86
16202,9,2501.99,278.0,1307,2009-12-02 10:48:00,2010-12-14 10:43:00,Repeat,0.0144,1344,79.87
13471,4,2501.84,625.46,1583,2011-10-23 13:10:00,2011-12-08 15:44:00,Repeat,0.0144,1345,79.88
15021,12,2500.59,208.38,1079,2010-07-29 16:35:00,2011-12-01 11:53:00,Repeat,0.0144,1346,79.9
15747,9,2499.81,277.76,1344,2010-01-18 11:21:00,2011-11-27 12:26:00,Repeat,0.0144,1347,79.91
17594,4,2497.88,624.47,1368,2010-04-14 08:53:00,2011-09-15 16:34:00,Repeat,0.0144,1348,79.93
15932,8,2495.87,311.98,2325,2011-02-23 14:50:00,2011-12-05 17:13:00,Repeat,0.0144,1349,79.94
13414,6,2494.14,415.69,2702,2010-04-15 17:00:00,2011-07-29 11:45:00,Repeat,0.0144,1350,79.96
14541,14,2491.38,177.96,1123,2010-01-07 11:59:00,2011-10-12 10:08:00,Repeat,0.0143,1351,79.97
17262,11,2488.76,226.25,635,2009-12-15 11:26:00,2011-10-18 12:56:00,Repeat,0.0143,1352,79.99
15227,9,2488.49,276.5,1217,2010-03-16 08:23:00,2011-11-03 11:59:00,Repeat,0.0143,1353,80.0
15117,8,2485.97,310.75,3093,2010-03-15 13:39:00,2011-11-25 08:12:00,Repeat,0.0143,1354,80.01
15716,11,2485.26,225.93,1379,2009-12-07 12:42:00,2011-07-17 11:59:00,Repeat,0.0143,1355,80.03
12517,5,2481.6,496.32,1361,2011-06-02 15:13:00,2011-11-11 14:04:00,Repeat,0.0143,1356,80.04
13507,4,2479.16,619.79,1597,2011-07-17 11:50:00,2011-12-06 13:13:00,Repeat,0.0143,1357,80.06
13588,9,2478.95,275.44,2606,2011-03-29 15:53:00,2011-11-24 10:42:00,Repeat,0.0143,1358,80.07
13134,6,2475.23,412.54,1364,2010-10-19 13:21:00,2011-09-15 10:35:00,Repeat,0.0142,1359,80.09
14696,8,2473.28,309.16,1867,2010-10-14 11:43:00,2011-12-05 13:43:00,Repeat,0.0142,1360,80.1
13762,5,2472.48,494.5,2608,2010-01-10 12:13:00,2011-05-05 09:15:00,Repeat,0.0142,1361,80.11
12924,12,2469.4,205.78,1423,2009-12-09 12:40:00,2011-09-12 13:55:00,Repeat,0.0142,1362,80.13
14421,6,2469.37,411.56,1342,2010-01-17 11:30:00,2011-10-13 13:24:00,Repeat,0.0142,1363,80.14
17288,11,2468.43,224.4,1699,2010-11-10 14:44:00,2011-11-30 16:09:00,Repeat,0.0142,1364,80.16
17164,7,2467.35,352.48,1501,2011-03-11 14:26:00,2011-11-07 09:14:00,Repeat,0.0142,1365,80.17
13151,3,2465.21,821.74,813,2010-03-22 10:26:00,2011-02-17 12:29:00,Repeat,0.0142,1366,80.18
17131,5,2463.17,492.63,983,2011-09-25 12:42:00,2011-12-04 12:52:00,Repeat,0.0142,1367,80.2
14256,5,2460.79,492.16,1147,2010-01-14 10:35:00,2011-03-24 13:17:00,Repeat,0.0142,1368,80.21
17629,10,2455.52,245.55,1903,2010-10-14 13:35:00,2011-12-04 10:56:00,Repeat,0.0141,1369,80.23
17676,10,2448.64,244.86,1764,2010-03-30 10:49:00,2011-12-05 15:16:00,Repeat,0.0141,1370,80.24
12701,6,2446.41,407.73,1727,2010-03-16 13:23:00,2011-09-21 10:47:00,Repeat,0.0141,1371,80.26
13338,4,2445.62,611.4,1151,2010-01-05 12:25:00,2011-07-05 09:06:00,Repeat,0.0141,1372,80.27
17320,6,2444.85,407.47,1182,2010-01-21 16:29:00,2011-08-31 13:31:00,Repeat,0.0141,1373,80.28
15111,5,2442.37,488.47,1058,2010-04-26 13:12:00,2011-11-10 16:58:00,Repeat,0.0141,1374,80.3
17348,9,2442.29,271.37,2766,2010-03-10 12:13:00,2011-11-25 11:25:00,Repeat,0.0141,1375,80.31
18171,9,2437.31,270.81,991,2010-01-05 10:46:00,2011-10-12 09:13:00,Repeat,0.014,1376,80.33
15623,8,2437.05,304.63,1087,2009-12-10 14:46:00,2011-07-21 17:26:00,Repeat,0.014,1377,80.34
17505,5,2435.48,487.1,1242,2010-04-13 16:33:00,2011-07-01 12:50:00,Repeat,0.014,1378,80.35
13085,8,2433.28,304.16,944,2009-12-01 07:45:00,2011-07-05 12:11:00,Repeat,0.014,1379,80.37
14502,11,2429.83,220.89,1480,2011-01-30 15:52:00,2011-11-20 11:50:00,Repeat,0.014,1380,80.38
15077,2,2428.08,1214.04,528,2009-12-09 17:10:00,2010-08-02 11:13:00,Repeat,0.014,1381,80.4
13949,6,2427.32,404.55,2474,2011-09-06 11:55:00,2011-12-07 09:35:00,Repeat,0.014,1382,80.41
12733,4,2424.87,606.22,896,2010-01-19 13:23:00,2011-04-19 16:19:00,Repeat,0.014,1383,80.42
15215,7,2422.43,346.06,776,2010-04-06 11:21:00,2011-10-24 11:41:00,Repeat,0.0139,1384,80.44
15089,6,2420.84,403.47,1359,2011-08-03 14:14:00,2011-11-29 16:31:00,Repeat,0.0139,1385,80.45
15489,8,2419.61,302.45,1264,2010-01-15 16:58:00,2011-11-17 08:53:00,Repeat,0.0139,1386,80.47
16040,7,2416.9,345.27,1185,2010-04-09 10:12:00,2011-10-05 13:47:00,Repeat,0.0139,1387,80.48
13878,4,2416.9,604.23,927,2010-04-14 13:50:00,2011-10-16 12:19:00,Repeat,0.0139,1388,80.49
16470,11,2416.85,219.71,1335,2009-12-11 12:21:00,2011-10-19 12:11:00,Repeat,0.0139,1389,80.51
12802,7,2416.42,345.2,1972,2010-05-25 09:34:00,2011-06-06 09:36:00,Repeat,0.0139,1390,80.52
13118,9,2415.41,268.38,834,2010-09-26 15:46:00,2011-11-20 12:46:00,Repeat,0.0139,1391,80.54
14205,9,2414.2,268.24,1342,2010-03-07 12:20:00,2011-11-23 10:55:00,Repeat,0.0139,1392,80.55
12397,2,2409.9,1204.95,1263,2011-07-27 14:21:00,2011-11-04 09:52:00,Repeat,0.0139,1393,80.56
16833,6,2409.04,401.51,878,2010-03-26 15:31:00,2011-12-08 14:39:00,Repeat,0.0139,1394,80.58
16163,6,2407.98,401.33,676,2009-12-02 10:00:00,2011-04-21 15:15:00,Repeat,0.0139,1395,80.59
15341,2,2402.72,1201.36,1008,2010-09-16 16:41:00,2011-09-20 09:40:00,Repeat,0.0138,1396,80.6
13173,11,2399.82,218.17,1481,2009-12-10 12:52:00,2011-12-05 15:51:00,Repeat,0.0138,1397,80.62
15793,8,2399.57,299.95,1685,2009-12-01 12:54:00,2011-11-25 09:31:00,Repeat,0.0138,1398,80.63
12393,6,2399.45,399.91,1311,2010-10-07 13:49:00,2011-09-28 15:41:00,Repeat,0.0138,1399,80.65
14414,8,2399.33,299.92,2877,2010-11-30 10:12:00,2011-09-09 12:09:00,Repeat,0.0138,1400,80.66
16147,5,2398.91,479.78,1395,2010-02-05 12:26:00,2011-07-29 09:57:00,Repeat,0.0138,1401,80.67
17921,10,2394.36,239.44,991,2010-07-15 20:05:00,2011-10-06 18:56:00,Repeat,0.0138,1402,80.69
16812,4,2392.0,598.0,1116,2010-11-22 14:36:00,2010-12-14 12:35:00,Repeat,0.0138,1403,80.7
15366,7,2389.08,341.3,2447,2010-02-26 10:10:00,2011-09-25 15:01:00,Repeat,0.0138,1404,80.71
16105,5,2386.19,477.24,2125,2010-04-14 13:27:00,2011-04-05 10:13:00,Repeat,0.0137,1405,80.73
16638,15,2380.13,158.68,1627,2010-08-18 13:33:00,2011-11-17 11:09:00,Repeat,0.0137,1406,80.74
17827,6,2376.17,396.03,1582,2010-03-28 12:20:00,2011-12-04 15:00:00,Repeat,0.0137,1407,80.76
17434,7,2373.82,339.12,1693,2011-09-15 13:54:00,2011-12-07 13:16:00,Repeat,0.0137,1408,80.77
13908,4,2369.55,592.39,1478,2011-03-08 12:04:00,2011-09-21 11:49:00,Repeat,0.0136,1409,80.78
17623,7,2365.77,337.97,799,2009-12-14 14:36:00,2011-11-07 11:32:00,Repeat,0.0136,1410,80.8
16005,10,2365.49,236.55,1269,2010-09-15 13:21:00,2011-11-27 13:47:00,Repeat,0.0136,1411,80.81
14496,7,2363.89,337.7,905,2010-03-16 13:15:00,2011-02-01 09:01:00,Repeat,0.0136,1412,80.82
14295,5,2362.91,472.58,1029,2009-12-08 09:49:00,2011-10-30 15:50:00,Repeat,0.0136,1413,80.84
16676,6,2361.9,393.65,927,2010-10-17 13:07:00,2011-11-06 12:01:00,Repeat,0.0136,1414,80.85
15860,17,2361.3,138.9,1259,2009-12-06 12:31:00,2011-10-30 11:25:00,Repeat,0.0136,1415,80.86
17634,9,2358.59,262.07,838,2011-01-06 12:45:00,2011-11-03 13:09:00,Repeat,0.0136,1416,80.88
15015,13,2354.97,181.15,1584,2009-12-14 14:46:00,2010-07-26 13:50:00,Repeat,0.0136,1417,80.89
17969,20,2354.29,117.71,1014,2009-12-06 13:53:00,2011-06-26 13:00:00,Repeat,0.0136,1418,80.91
14810,13,2354.03,181.08,1162,2010-10-06 13:12:00,2011-10-30 11:19:00,Repeat,0.0135,1419,80.92
16083,4,2351.42,587.86,1514,2010-11-16 11:53:00,2011-08-31 10:47:00,Repeat,0.0135,1420,80.93
16085,12,2341.03,195.09,1382,2010-01-20 14:03:00,2011-11-16 13:24:00,Repeat,0.0135,1421,80.95
12704,8,2340.84,292.61,1006,2011-06-23 10:20:00,2011-12-02 13:15:00,Repeat,0.0135,1422,80.96
17591,8,2339.32,292.42,1028,2010-01-17 16:09:00,2011-09-27 13:42:00,Repeat,0.0135,1423,80.97
12584,9,2338.15,259.79,416,2011-03-04 15:15:00,2011-12-06 09:35:00,Repeat,0.0135,1424,80.99
15549,8,2334.16,291.77,936,2010-01-11 13:16:00,2011-09-23 16:22:00,Repeat,0.0134,1425,81.0
13614,6,2332.74,388.79,821,2010-06-06 13:42:00,2011-11-15 14:47:00,Repeat,0.0134,1426,81.01
16496,6,2330.77,388.46,1764,2010-07-18 13:42:00,2011-12-01 10:31:00,Repeat,0.0134,1427,81.03
17313,1,2328.84,2328.84,1402,2011-11-08 15:45:00,2011-11-08 15:45:00,One-time,0.0134,1428,81.04
17004,4,2324.36,581.09,1233,2010-10-11 15:43:00,2011-10-24 14:25:00,Repeat,0.0134,1429,81.05
14938,2,2322.43,1161.21,1369,2010-05-26 13:35:00,2010-05-26 13:38:00,Repeat,0.0134,1430,81.07
13091,3,2321.82,773.94,1339,2009-12-10 11:50:00,2011-11-11 15:54:00,Repeat,0.0134,1431,81.08
13055,4,2321.11,580.28,1821,2010-10-06 08:17:00,2011-09-22 14:26:00,Repeat,0.0134,1432,81.09
16628,7,2318.1,331.16,1260,2010-03-08 12:24:00,2011-11-10 12:45:00,Repeat,0.0133,1433,81.11
12724,7,2317.52,331.07,1379,2010-06-22 14:00:00,2011-12-04 16:02:00,Repeat,0.0133,1434,81.12
12948,9,2317.43,257.49,1304,2009-12-02 12:28:00,2011-11-23 17:10:00,Repeat,0.0133,1435,81.13
14346,5,2315.75,463.15,1878,2010-07-30 10:44:00,2011-08-11 09:47:00,Repeat,0.0133,1436,81.15
17193,9,2310.04,256.67,1668,2009-12-02 10:02:00,2011-11-04 12:47:00,Repeat,0.0133,1437,81.16
17282,5,2308.54,461.71,2332,2010-06-09 12:07:00,2011-08-01 14:29:00,Repeat,0.0133,1438,81.17
13704,9,2308.06,256.45,1531,2011-09-12 14:40:00,2011-12-04 15:13:00,Repeat,0.0133,1439,81.19
17113,6,2305.59,384.27,913,2010-01-11 10:14:00,2010-05-14 13:59:00,Repeat,0.0133,1440,81.2
17894,18,2304.58,128.03,938,2010-08-27 14:13:00,2011-09-29 09:23:00,Repeat,0.0133,1441,81.21
15946,3,2304.18,768.06,1614,2010-03-16 10:49:00,2010-07-25 12:18:00,Repeat,0.0133,1442,81.23
14555,6,2304.03,384.01,842,2009-12-18 11:39:00,2011-10-13 16:24:00,Repeat,0.0133,1443,81.24
18095,5,2303.09,460.62,1623,2010-04-19 14:09:00,2011-01-31 12:50:00,Repeat,0.0133,1444,81.25
16077,1,2300.4,2300.4,840,2010-03-24 10:42:00,2010-03-24 10:42:00,One-time,0.0132,1445,81.27
16531,11,2298.33,208.94,1863,2010-09-24 09:49:00,2011-11-17 16:29:00,Repeat,0.0132,1446,81.28
13371,2,2297.66,1148.83,1019,2010-03-17 15:29:00,2010-07-22 17:33:00,Repeat,0.0132,1447,81.29
12599,13,2296.72,176.67,2189,2010-05-11 10:42:00,2011-11-10 13:34:00,Repeat,0.0132,1448,81.31
12649,8,2294.65,286.83,1959,2010-01-12 17:24:00,2011-08-24 14:41:00,Repeat,0.0132,1449,81.32
13280,7,2293.33,327.62,1489,2010-03-05 09:07:00,2011-08-09 13:14:00,Repeat,0.0132,1450,81.33
13059,10,2291.77,229.18,860,2010-03-31 12:23:00,2011-04-04 10:40:00,Repeat,0.0132,1451,81.35
17047,6,2289.23,381.54,1184,2009-12-08 08:48:00,2011-09-15 13:27:00,Repeat,0.0132,1452,81.36
17018,6,2287.7,381.28,456,2009-12-05 10:27:00,2011-10-30 11:42:00,Repeat,0.0132,1453,81.37
16485,5,2287.19,457.44,1153,2009-12-06 12:28:00,2011-09-23 15:50:00,Repeat,0.0132,1454,81.39
14481,5,2284.69,456.94,1568,2010-01-31 12:43:00,2011-06-28 10:38:00,Repeat,0.0131,1455,81.4
12684,7,2283.63,326.23,1985,2011-05-10 12:55:00,2011-12-02 09:53:00,Repeat,0.0131,1456,81.41
18051,7,2282.28,326.04,1661,2009-12-09 12:17:00,2010-03-15 13:58:00,Repeat,0.0131,1457,81.42
13655,6,2280.51,380.09,1225,2010-04-27 09:59:00,2011-08-17 14:25:00,Repeat,0.0131,1458,81.44
14554,4,2279.49,569.87,1443,2011-10-18 13:04:00,2011-11-29 16:44:00,Repeat,0.0131,1459,81.45
13994,6,2274.14,379.02,932,2011-07-14 18:28:00,2011-12-06 11:05:00,Repeat,0.0131,1460,81.46
17994,11,2270.03,206.37,2181,2010-03-29 10:37:00,2011-08-10 11:41:00,Repeat,0.0131,1461,81.48
12725,4,2266.76,566.69,1142,2010-05-04 13:59:00,2010-12-03 15:45:00,Repeat,0.013,1462,81.49
15638,6,2265.2,377.53,1134,2010-04-08 14:37:00,2010-11-26 11:52:00,Repeat,0.013,1463,81.5
15734,4,2263.3,565.83,516,2010-06-10 14:25:00,2011-08-17 10:50:00,Repeat,0.013,1464,81.52
13652,5,2262.05,452.41,1458,2010-02-25 17:37:00,2011-10-25 08:51:00,Repeat,0.013,1465,81.53
13814,3,2257.32,752.44,1214,2010-06-30 14:12:00,2011-09-08 13:48:00,Repeat,0.013,1466,81.54
13117,18,2255.66,125.31,1852,2010-03-26 13:50:00,2011-11-18 12:02:00,Repeat,0.013,1467,81.55
16350,9,2253.89,250.43,1077,2010-10-07 16:33:00,2011-11-18 15:53:00,Repeat,0.013,1468,81.57
17414,6,2249.52,374.92,6256,2009-12-03 16:49:00,2011-10-27 12:13:00,Repeat,0.0129,1469,81.58
14432,6,2248.5,374.75,2013,2011-09-11 14:09:00,2011-11-30 08:04:00,Repeat,0.0129,1470,81.59
14644,7,2247.72,321.1,770,2009-12-03 16:24:00,2011-10-03 08:30:00,Repeat,0.0129,1471,81.61
16177,8,2247.31,280.91,1021,2010-03-02 14:03:00,2011-10-20 12:57:00,Repeat,0.0129,1472,81.62
16174,7,2246.75,320.96,1431,2010-04-15 15:12:00,2011-08-05 13:26:00,Repeat,0.0129,1473,81.63
16883,19,2246.06,118.21,1016,2009-12-04 12:07:00,2011-06-05 12:51:00,Repeat,0.0129,1474,81.65
13627,7,2245.9,320.84,1632,2010-03-09 14:03:00,2011-10-11 14:20:00,Repeat,0.0129,1475,81.66
16042,8,2245.32,280.67,1430,2010-09-12 12:00:00,2011-11-17 17:50:00,Repeat,0.0129,1476,81.67
13407,3,2244.7,748.23,1690,2010-02-16 11:13:00,2010-05-10 12:41:00,Repeat,0.0129,1477,81.68
16823,7,2243.09,320.44,1166,2009-12-02 09:57:00,2011-04-26 15:00:00,Repeat,0.0129,1478,81.7
14462,12,2242.81,186.9,1063,2010-10-03 14:13:00,2011-10-04 15:55:00,Repeat,0.0129,1479,81.71
15865,5,2241.42,448.28,1141,2010-01-05 13:58:00,2011-10-30 12:43:00,Repeat,0.0129,1480,81.72
15629,4,2240.9,560.23,1518,2010-06-25 11:39:00,2010-09-15 13:46:00,Repeat,0.0129,1481,81.74
16551,7,2237.12,319.59,2076,2009-12-13 16:12:00,2011-09-05 09:38:00,Repeat,0.0129,1482,81.75
17180,11,2236.77,203.34,1809,2010-01-21 17:43:00,2011-10-14 15:46:00,Repeat,0.0129,1483,81.76
17075,10,2236.63,223.66,785,2009-12-14 11:24:00,2011-11-22 11:58:00,Repeat,0.0129,1484,81.77
16108,4,2235.92,558.98,1473,2010-03-18 14:14:00,2011-09-16 11:48:00,Repeat,0.0129,1485,81.79
16076,10,2234.73,223.47,1435,2011-05-15 12:31:00,2011-12-06 14:59:00,Repeat,0.0129,1486,81.8
13662,11,2233.61,203.06,1169,2010-02-19 13:21:00,2011-09-15 12:04:00,Repeat,0.0129,1487,81.81
18215,5,2232.49,446.5,1131,2010-03-26 13:03:00,2011-09-11 16:05:00,Repeat,0.0128,1488,81.83
14449,8,2230.96,278.87,1604,2010-09-29 13:15:00,2011-11-21 12:06:00,Repeat,0.0128,1489,81.84
12783,6,2225.91,370.98,624,2011-09-25 15:35:00,2011-12-07 15:56:00,Repeat,0.0128,1490,81.85
13365,2,2225.37,1112.68,1247,2011-05-06 12:00:00,2011-11-06 12:36:00,Repeat,0.0128,1491,81.86
14321,7,2218.06,316.87,3275,2010-08-23 12:56:00,2011-11-29 09:47:00,Repeat,0.0128,1492,81.88
17648,5,2216.37,443.27,954,2010-11-19 16:41:00,2011-10-10 09:41:00,Repeat,0.0128,1493,81.89
18177,9,2216.32,246.26,1238,2009-12-15 18:57:00,2011-11-08 14:44:00,Repeat,0.0128,1494,81.9
13478,5,2215.78,443.16,1189,2010-01-31 15:51:00,2010-08-27 13:23:00,Repeat,0.0128,1495,81.92
13455,6,2212.99,368.83,795,2009-12-09 08:58:00,2011-11-15 11:21:00,Repeat,0.0127,1496,81.93
13320,6,2211.6,368.6,1509,2010-08-18 10:29:00,2011-09-22 18:07:00,Repeat,0.0127,1497,81.94
15550,12,2211.05,184.25,1139,2009-12-03 15:15:00,2011-12-05 15:38:00,Repeat,0.0127,1498,81.95
15476,4,2209.98,552.5,1174,2010-09-23 14:00:00,2010-11-24 15:17:00,Repeat,0.0127,1499,81.97
14177,13,2209.69,169.98,1043,2010-02-26 11:59:00,2011-09-14 15:11:00,Repeat,0.0127,1500,81.98
13094,13,2209.44,169.96,1896,2010-11-15 14:15:00,2011-11-18 14:07:00,Repeat,0.0127,1501,81.99
14834,7,2206.16,315.17,872,2010-10-28 17:37:00,2011-11-22 10:30:00,Repeat,0.0127,1502,82.0
14467,12,2203.24,183.6,1187,2009-12-02 12:44:00,2011-11-22 12:48:00,Repeat,0.0127,1503,82.02
13410,9,2201.96,244.66,1244,2009-12-08 13:43:00,2011-11-15 15:33:00,Repeat,0.0127,1504,82.03
14006,7,2196.67,313.81,2181,2010-02-25 09:45:00,2011-08-16 09:39:00,Repeat,0.0126,1505,82.04
15100,7,2193.9,313.41,270,2010-01-07 14:33:00,2011-01-10 10:35:00,Repeat,0.0126,1506,82.06
16317,5,2192.51,438.5,1236,2010-05-04 10:17:00,2011-08-12 12:46:00,Repeat,0.0126,1507,82.07
15934,2,2190.66,1095.33,2166,2010-10-06 12:08:00,2010-10-18 10:13:00,Repeat,0.0126,1508,82.08
14212,2,2190.14,1095.07,2046,2010-09-20 11:48:00,2011-09-11 12:45:00,Repeat,0.0126,1509,82.09
14597,6,2184.63,364.11,1436,2010-09-28 13:17:00,2011-11-28 13:13:00,Repeat,0.0126,1510,82.11
15864,7,2180.76,311.54,1486,2010-11-23 15:02:00,2011-11-17 13:32:00,Repeat,0.0126,1511,82.12
17905,13,2178.87,167.61,1299,2010-01-28 17:54:00,2011-09-29 17:33:00,Repeat,0.0125,1512,82.13
17324,12,2171.07,180.92,1485,2009-12-18 15:29:00,2011-11-22 10:34:00,Repeat,0.0125,1513,82.14
12856,6,2170.78,361.8,1076,2011-10-07 12:38:00,2011-12-02 10:52:00,Repeat,0.0125,1514,82.16
12501,1,2169.39,2169.39,1783,2011-01-07 12:28:00,2011-01-07 12:28:00,One-time,0.0125,1515,82.17
17732,8,2166.42,270.8,1058,2010-08-09 08:41:00,2010-12-02 09:29:00,Repeat,0.0125,1516,82.18
14595,8,2164.45,270.56,1228,2010-01-20 13:59:00,2011-11-20 12:12:00,Repeat,0.0125,1517,82.19
15944,4,2164.24,541.06,859,2009-12-13 12:57:00,2011-03-08 10:33:00,Repeat,0.0125,1518,82.21
14573,13,2163.12,166.39,683,2010-01-08 16:34:00,2011-06-13 11:15:00,Repeat,0.0124,1519,82.22
17822,5,2162.93,432.59,1375,2010-05-28 12:15:00,2010-10-15 13:47:00,Repeat,0.0124,1520,82.23
17460,16,2157.97,134.87,954,2010-01-22 13:25:00,2011-09-06 15:04:00,Repeat,0.0124,1521,82.24
14407,6,2157.73,359.62,1415,2011-03-08 11:59:00,2011-08-24 14:02:00,Repeat,0.0124,1522,82.26
16379,4,2157.4,539.35,1410,2011-09-22 09:33:00,2011-12-05 15:38:00,Repeat,0.0124,1523,82.27
13643,10,2156.77,215.68,902,2009-12-08 12:48:00,2011-11-08 15:37:00,Repeat,0.0124,1524,82.28
15426,9,2156.35,239.59,1041,2010-05-02 15:10:00,2011-11-20 15:36:00,Repeat,0.0124,1525,82.29
13224,2,2155.95,1077.97,1518,2011-07-11 14:10:00,2011-10-10 14:55:00,Repeat,0.0124,1526,82.3
16966,7,2154.97,307.85,1981,2011-04-13 14:17:00,2011-12-01 13:40:00,Repeat,0.0124,1527,82.32
16600,13,2153.41,165.65,2420,2009-12-18 12:59:00,2011-12-05 16:00:00,Repeat,0.0124,1528,82.33
16275,3,2151.11,717.04,1268,2010-03-08 14:41:00,2011-05-27 12:41:00,Repeat,0.0124,1529,82.34
14216,5,2150.04,430.01,712,2010-10-21 15:07:00,2011-12-06 14:56:00,Repeat,0.0124,1530,82.35
16716,3,2149.68,716.56,912,2010-03-19 11:05:00,2011-03-18 10:03:00,Repeat,0.0124,1531,82.37
17272,4,2148.63,537.16,1778,2011-03-22 12:05:00,2011-10-28 16:37:00,Repeat,0.0124,1532,82.38
16520,6,2148.38,358.06,1045,2010-03-02 16:50:00,2011-06-06 13:24:00,Repeat,0.0124,1533,82.39
16004,5,2146.39,429.28,1076,2010-01-25 13:56:00,2010-08-22 11:48:00,Repeat,0.0124,1534,82.4
13152,7,2146.38,306.63,977,2010-01-14 10:01:00,2010-10-18 13:44:00,Repeat,0.0124,1535,82.42
16134,5,2145.34,429.07,1637,2010-06-17 09:48:00,2011-11-18 10:05:00,Repeat,0.0123,1536,82.43
18009,8,2144.23,268.03,651,2010-02-25 11:49:00,2011-04-18 13:36:00,Repeat,0.0123,1537,82.44
12576,8,2142.72,267.84,1494,2010-07-01 13:46:00,2011-11-04 10:11:00,Repeat,0.0123,1538,82.45
13092,12,2140.28,178.36,664,2010-02-10 08:44:00,2011-09-30 11:18:00,Repeat,0.0123,1539,82.47
12687,2,2138.91,1069.45,1403,2010-08-16 12:10:00,2010-08-16 12:12:00,Repeat,0.0123,1540,82.48
17029,7,2137.3,305.33,1265,2010-02-14 10:19:00,2011-08-21 11:06:00,Repeat,0.0123,1541,82.49
17305,1,2135.46,2135.46,1006,2010-03-01 12:47:00,2010-03-01 12:47:00,One-time,0.0123,1542,82.5
18116,13,2134.49,164.19,1267,2010-10-24 15:29:00,2011-10-03 11:00:00,Repeat,0.0123,1543,82.51
12560,3,2134.01,711.34,1110,2011-07-19 15:55:00,2011-12-04 13:54:00,Repeat,0.0123,1544,82.53
16493,7,2132.09,304.58,1988,2010-03-26 13:05:00,2011-09-21 11:10:00,Repeat,0.0123,1545,82.54
13517,3,2128.42,709.47,1369,2011-06-13 08:44:00,2011-10-11 11:43:00,Repeat,0.0123,1546,82.55
14634,4,2124.46,531.12,1906,2010-06-16 09:48:00,2010-09-28 10:40:00,Repeat,0.0122,1547,82.56
16807,6,2123.88,353.98,1433,2010-03-26 14:38:00,2011-07-20 12:00:00,Repeat,0.0122,1548,82.58
16996,9,2123.61,235.96,919,2010-10-18 12:24:00,2011-11-09 16:43:00,Repeat,0.0122,1549,82.59
14472,9,2118.72,235.41,1271,2010-01-19 13:09:00,2011-08-28 11:01:00,Repeat,0.0122,1550,82.6
14360,4,2118.03,529.51,1139,2011-09-06 11:58:00,2011-11-08 09:12:00,Repeat,0.0122,1551,82.61
15658,8,2117.27,264.66,627,2009-12-03 11:19:00,2011-06-02 15:22:00,Repeat,0.0122,1552,82.62
14691,5,2114.33,422.87,707,2011-05-11 09:55:00,2011-11-09 12:30:00,Repeat,0.0122,1553,82.64
16201,5,2112.12,422.42,1421,2010-10-20 12:00:00,2011-12-06 16:02:00,Repeat,0.0122,1554,82.65
16054,4,2111.88,527.97,791,2010-04-01 18:37:00,2011-07-17 13:08:00,Repeat,0.0122,1555,82.66
12997,8,2110.91,263.86,1186,2010-04-06 11:06:00,2011-11-17 15:47:00,Repeat,0.0121,1556,82.67
14399,8,2108.21,263.53,965,2010-02-03 13:09:00,2010-11-10 13:23:00,Repeat,0.0121,1557,82.69
13755,9,2108.06,234.23,1242,2011-10-07 15:45:00,2011-12-06 12:26:00,Repeat,0.0121,1558,82.7
13610,14,2103.71,150.27,869,2010-01-05 14:12:00,2011-11-27 15:38:00,Repeat,0.0121,1559,82.71
15252,5,2103.41,420.68,1430,2010-04-07 10:24:00,2011-11-03 13:30:00,Repeat,0.0121,1560,82.72
14276,7,2102.68,300.38,1406,2010-02-17 13:10:00,2011-09-02 09:45:00,Repeat,0.0121,1561,82.73
14499,7,2101.79,300.26,1231,2010-08-27 11:57:00,2011-11-13 13:01:00,Repeat,0.0121,1562,82.75
15815,5,2100.6,420.12,1856,2011-03-25 08:43:00,2011-10-07 12:42:00,Repeat,0.0121,1563,82.76
12975,6,2100.09,350.02,911,2009-12-06 10:38:00,2010-09-29 09:46:00,Repeat,0.0121,1564,82.77
17897,9,2099.89,233.32,864,2010-05-12 16:03:00,2011-06-20 11:23:00,Repeat,0.0121,1565,82.78
17159,5,2099.59,419.92,1348,2010-03-04 14:53:00,2011-11-18 10:52:00,Repeat,0.0121,1566,82.79
12610,5,2099.54,419.91,1049,2011-08-05 13:52:00,2011-11-17 09:34:00,Repeat,0.0121,1567,82.81
17742,11,2098.48,190.77,653,2009-12-01 13:16:00,2011-08-18 15:28:00,Repeat,0.0121,1568,82.82
13753,4,2094.57,523.64,1450,2009-12-03 10:20:00,2011-02-25 12:48:00,Repeat,0.0121,1569,82.83
13591,7,2093.94,299.13,850,2009-12-14 15:44:00,2011-10-06 12:26:00,Repeat,0.0121,1570,82.84
14469,4,2093.46,523.37,973,2010-01-29 11:12:00,2010-10-19 14:30:00,Repeat,0.012,1571,82.85
13265,5,2092.66,418.53,1740,2011-03-11 09:54:00,2011-10-17 15:02:00,Repeat,0.012,1572,82.87
15456,10,2091.52,209.15,2727,2009-12-08 12:54:00,2011-03-01 13:51:00,Repeat,0.012,1573,82.88
15151,2,2085.61,1042.81,795,2010-07-18 12:19:00,2010-10-12 16:37:00,Repeat,0.012,1574,82.89
17705,11,2083.9,189.45,1301,2010-05-12 09:47:00,2011-12-06 13:45:00,Repeat,0.012,1575,82.9
16016,11,2083.4,189.4,881,2010-11-02 13:27:00,2011-12-06 14:35:00,Repeat,0.012,1576,82.91
16934,6,2083.14,347.19,936,2010-03-28 12:43:00,2011-10-16 12:40:00,Repeat,0.012,1577,82.93
14443,5,2082.97,416.59,1357,2010-11-25 14:18:00,2011-10-17 10:10:00,Repeat,0.012,1578,82.94
18026,2,2074.07,1037.04,530,2010-07-22 16:21:00,2010-07-27 10:37:00,Repeat,0.0119,1579,82.95
17048,7,2071.68,295.95,1068,2010-01-18 13:55:00,2011-08-14 11:49:00,Repeat,0.0119,1580,82.96
17585,7,2064.71,294.96,2510,2010-08-18 16:39:00,2011-08-22 13:30:00,Repeat,0.0119,1581,82.97
13748,9,2064.35,229.37,1028,2009-12-01 16:44:00,2011-09-05 09:45:00,Repeat,0.0119,1582,82.99
16726,7,2063.88,294.84,1323,2010-10-24 16:09:00,2011-11-13 14:53:00,Repeat,0.0119,1583,83.0
12586,4,2062.67,515.67,687,2009-12-16 13:15:00,2011-11-22 16:24:00,Repeat,0.0119,1584,83.01
16795,3,2062.41,687.47,1214,2010-01-25 13:14:00,2010-12-09 14:08:00,Repeat,0.0119,1585,83.02
15221,4,2062.2,515.55,244,2010-03-12 10:40:00,2010-12-08 13:08:00,Repeat,0.0119,1586,83.03
13476,5,2061.47,412.29,713,2010-03-05 09:39:00,2011-06-14 12:00:00,Repeat,0.0119,1587,83.05
18258,6,2059.67,343.28,1981,2010-05-16 11:35:00,2010-09-01 14:20:00,Repeat,0.0119,1588,83.06
17633,7,2057.39,293.91,899,2010-11-15 14:55:00,2011-11-08 13:25:00,Repeat,0.0118,1589,83.07
12518,5,2056.89,411.38,1318,2011-08-21 13:18:00,2011-12-09 10:13:00,Repeat,0.0118,1590,83.08
15253,8,2055.09,256.89,1588,2010-05-02 11:17:00,2011-11-23 16:22:00,Repeat,0.0118,1591,83.09
14188,6,2054.36,342.39,1162,2011-02-02 13:46:00,2011-11-09 12:45:00,Repeat,0.0118,1592,83.11
16235,9,2053.71,228.19,788,2010-08-26 12:10:00,2011-10-30 10:56:00,Repeat,0.0118,1593,83.12
16794,15,2052.7,136.85,1576,2010-03-25 15:17:00,2011-12-08 17:54:00,Repeat,0.0118,1594,83.13
16176,4,2052.69,513.17,952,2010-03-29 14:52:00,2010-10-14 13:54:00,Repeat,0.0118,1595,83.14
17086,6,2050.08,341.68,1859,2011-10-07 11:22:00,2011-12-02 13:54:00,Repeat,0.0118,1596,83.15
13874,7,2049.15,292.74,864,2010-02-04 18:39:00,2010-12-16 18:20:00,Repeat,0.0118,1597,83.16
16027,15,2048.36,136.56,2099,2010-01-08 13:21:00,2011-09-09 10:47:00,Repeat,0.0118,1598,83.18
14232,5,2048.07,409.61,1941,2011-03-20 12:44:00,2011-10-28 11:09:00,Repeat,0.0118,1599,83.19
17666,5,2047.8,409.56,1552,2010-06-30 12:03:00,2011-12-06 09:06:00,Repeat,0.0118,1600,83.2
13663,5,2047.51,409.5,893,2010-03-03 10:11:00,2011-06-13 15:44:00,Repeat,0.0118,1601,83.21
14000,5,2046.34,409.27,1838,2009-12-02 09:50:00,2011-05-12 16:50:00,Repeat,0.0118,1602,83.22
15473,8,2046.0,255.75,776,2010-09-21 09:14:00,2011-11-25 15:15:00,Repeat,0.0118,1603,83.23
12868,8,2043.76,255.47,1170,2010-11-12 10:05:00,2011-06-07 10:42:00,Repeat,0.0118,1604,83.25
17289,9,2041.8,226.87,1237,2010-03-08 12:52:00,2011-11-08 12:01:00,Repeat,0.0118,1605,83.26
12585,2,2040.1,1020.05,1279,2010-12-23 12:58:00,2011-04-19 13:39:00,Repeat,0.0117,1606,83.27
14988,7,2038.65,291.24,1260,2010-04-16 13:34:00,2011-05-12 12:05:00,Repeat,0.0117,1607,83.28
16214,4,2038.25,509.56,1308,2010-09-30 13:57:00,2011-06-22 11:30:00,Repeat,0.0117,1608,83.29
16331,6,2037.7,339.62,756,2010-03-07 10:55:00,2010-10-03 13:47:00,Repeat,0.0117,1609,83.31
17846,1,2033.1,2033.1,1,2011-09-15 15:20:00,2011-09-15 15:20:00,One-time,0.0117,1610,83.32
13630,7,2031.78,290.25,1391,2011-02-27 12:49:00,2011-12-04 15:16:00,Repeat,0.0117,1611,83.33
14225,4,2031.07,507.77,1167,2010-01-12 15:02:00,2010-10-01 10:32:00,Repeat,0.0117,1612,83.34
15272,6,2030.95,338.49,665,2010-02-14 13:39:00,2011-10-13 12:59:00,Repeat,0.0117,1613,83.35
15506,6,2030.33,338.39,1637,2010-08-19 12:38:00,2011-11-17 12:11:00,Repeat,0.0117,1614,83.36
15164,9,2028.11,225.35,912,2010-01-18 13:34:00,2011-10-02 12:05:00,Repeat,0.0117,1615,83.38
15384,4,2027.79,506.95,1767,2010-04-26 12:38:00,2011-06-23 10:57:00,Repeat,0.0117,1616,83.39
12873,3,2027.3,675.77,786,2010-01-27 09:50:00,2011-03-02 14:58:00,Repeat,0.0117,1617,83.4
13989,5,2026.06,405.21,2207,2010-05-25 12:13:00,2011-10-05 09:47:00,Repeat,0.0117,1618,83.41
14631,6,2025.69,337.62,1407,2010-08-09 14:45:00,2011-10-20 11:17:00,Repeat,0.0117,1619,83.42
14651,9,2025.52,225.06,880,2010-03-18 11:39:00,2011-10-03 15:52:00,Repeat,0.0117,1620,83.43
12418,4,2021.2,505.3,1088,2010-03-19 14:47:00,2011-08-19 11:08:00,Repeat,0.0116,1621,83.45
13696,3,2020.4,673.47,552,2010-02-11 14:17:00,2010-10-14 09:44:00,Repeat,0.0116,1622,83.46
16221,9,2019.92,224.44,1449,2010-08-10 13:32:00,2011-11-03 11:43:00,Repeat,0.0116,1623,83.47
12348,5,2019.4,403.88,2714,2010-09-27 14:59:00,2011-09-25 13:13:00,Repeat,0.0116,1624,83.48
14623,10,2016.98,201.7,1025,2010-04-16 17:12:00,2011-11-07 13:56:00,Repeat,0.0116,1625,83.49
16197,9,2016.71,224.08,1420,2009-12-16 11:44:00,2010-08-27 12:56:00,Repeat,0.0116,1626,83.5
17152,4,2016.5,504.13,577,2010-10-10 12:40:00,2011-05-29 12:19:00,Repeat,0.0116,1627,83.52
17126,9,2016.43,224.05,1426,2010-08-31 13:41:00,2011-07-10 13:52:00,Repeat,0.0116,1628,83.53
13693,9,2011.82,223.54,880,2009-12-07 11:29:00,2010-11-30 18:21:00,Repeat,0.0116,1629,83.54
17671,5,2009.16,401.83,987,2010-11-29 11:53:00,2011-11-24 12:21:00,Repeat,0.0116,1630,83.55
13888,7,2001.59,285.94,795,2010-05-13 11:57:00,2011-08-12 10:13:00,Repeat,0.0115,1631,83.56
16332,11,2000.01,181.82,1128,2010-04-29 13:41:00,2011-11-11 14:22:00,Repeat,0.0115,1632,83.57
16698,2,1998.0,999.0,840,2011-03-31 13:33:00,2011-04-27 10:52:00,Repeat,0.0115,1633,83.58
14628,5,1998.0,399.6,1147,2010-01-25 14:40:00,2011-09-09 14:58:00,Repeat,0.0115,1634,83.6
15990,7,1997.75,285.39,1086,2010-02-28 12:30:00,2011-10-26 15:58:00,Repeat,0.0115,1635,83.61
14152,7,1997.34,285.33,1844,2010-02-18 13:57:00,2011-09-25 12:54:00,Repeat,0.0115,1636,83.62
15481,1,1993.34,1993.34,1450,2010-11-03 14:52:00,2010-11-03 14:52:00,One-time,0.0115,1637,83.63
14301,4,1992.18,498.05,1686,2010-02-11 13:07:00,2011-08-14 15:33:00,Repeat,0.0115,1638,83.64
16065,8,1992.13,249.02,1207,2010-09-02 13:27:00,2010-12-09 13:03:00,Repeat,0.0115,1639,83.65
13889,6,1991.23,331.87,979,2010-01-22 14:32:00,2011-09-08 09:13:00,Repeat,0.0115,1640,83.66
17088,4,1991.01,497.75,868,2011-03-31 09:48:00,2011-11-11 14:23:00,Repeat,0.0115,1641,83.68
16960,8,1990.88,248.86,1492,2010-03-02 13:36:00,2011-11-01 11:35:00,Repeat,0.0115,1642,83.69
17351,12,1988.23,165.69,383,2009-12-10 18:43:00,2011-11-03 18:45:00,Repeat,0.0114,1643,83.7
16529,4,1986.8,496.7,739,2010-06-27 13:29:00,2011-06-02 17:23:00,Repeat,0.0114,1644,83.71
15478,3,1983.48,661.16,894,2010-05-13 18:49:00,2011-10-30 14:19:00,Repeat,0.0114,1645,83.72
14967,6,1982.61,330.44,652,2009-12-03 14:07:00,2011-10-21 11:06:00,Repeat,0.0114,1646,83.73
17337,4,1981.06,495.26,1247,2011-02-02 17:06:00,2011-07-11 14:55:00,Repeat,0.0114,1647,83.74
13725,8,1980.56,247.57,806,2011-02-04 12:18:00,2011-10-21 10:03:00,Repeat,0.0114,1648,83.76
12582,4,1980.4,495.1,985,2010-05-11 09:55:00,2011-04-15 08:45:00,Repeat,0.0114,1649,83.77
17158,5,1980.0,396.0,1147,2010-03-07 15:50:00,2011-11-07 15:15:00,Repeat,0.0114,1650,83.78
15030,8,1979.91,247.49,1225,2010-03-04 17:10:00,2011-09-29 10:50:00,Repeat,0.0114,1651,83.79
15795,8,1979.87,247.48,1411,2010-01-18 11:31:00,2011-07-13 10:43:00,Repeat,0.0114,1652,83.8
13208,9,1976.3,219.59,1343,2009-12-03 13:25:00,2011-10-12 09:54:00,Repeat,0.0114,1653,83.81
18204,3,1975.35,658.45,1190,2011-05-31 15:26:00,2011-09-29 16:44:00,Repeat,0.0114,1654,83.82
15531,2,1972.39,986.19,1085,2011-11-09 17:47:00,2011-12-01 18:43:00,Repeat,0.0114,1655,83.84
17797,8,1971.87,246.48,1086,2009-12-15 14:30:00,2011-11-17 13:21:00,Repeat,0.0113,1656,83.85
14905,8,1971.39,246.42,1009,2009-12-03 14:36:00,2011-07-05 12:41:00,Repeat,0.0113,1657,83.86
12674,4,1970.6,492.65,1133,2011-05-16 09:10:00,2011-11-01 12:12:00,Repeat,0.0113,1658,83.87
14477,7,1969.6,281.37,1120,2010-01-04 15:41:00,2011-11-20 11:11:00,Repeat,0.0113,1659,83.88
14396,7,1969.38,281.34,959,2009-12-02 14:21:00,2011-10-05 16:09:00,Repeat,0.0113,1660,83.89
16032,6,1965.72,327.62,1467,2010-07-04 13:31:00,2010-09-09 18:00:00,Repeat,0.0113,1661,83.9
17966,10,1963.92,196.39,3918,2010-01-18 13:24:00,2011-11-02 10:26:00,Repeat,0.0113,1662,83.92
17997,8,1962.46,245.31,2273,2011-06-28 17:28:00,2011-09-26 16:13:00,Repeat,0.0113,1663,83.93
12399,7,1962.3,280.33,2198,2010-03-05 08:45:00,2011-08-12 13:15:00,Repeat,0.0113,1664,83.94
15789,6,1962.01,327.0,2499,2010-03-26 11:21:00,2010-12-16 14:35:00,Repeat,0.0113,1665,83.95
16290,4,1957.7,489.43,957,2010-05-23 11:46:00,2010-09-01 11:52:00,Repeat,0.0113,1666,83.96
17039,1,1954.99,1954.99,689,2010-04-14 12:56:00,2010-04-14 12:56:00,One-time,0.0113,1667,83.97
18016,7,1954.56,279.22,1207,2010-01-27 16:00:00,2011-11-07 13:25:00,Repeat,0.0112,1668,83.98
14794,10,1953.9,195.39,783,2010-08-09 15:44:00,2011-12-07 10:11:00,Repeat,0.0112,1669,83.99
17554,5,1952.45,390.49,1763,2011-07-14 20:01:00,2011-12-08 14:15:00,Repeat,0.0112,1670,84.01
13761,6,1952.17,325.36,1079,2010-02-21 11:08:00,2011-10-20 14:01:00,Repeat,0.0112,1671,84.02
15885,15,1951.82,130.12,622,2010-01-21 12:47:00,2011-09-08 10:43:00,Repeat,0.0112,1672,84.03
16993,2,1950.95,975.47,285,2010-05-12 13:55:00,2010-09-02 12:16:00,Repeat,0.0112,1673,84.04
14014,3,1948.21,649.4,2004,2010-05-12 09:04:00,2011-09-23 13:18:00,Repeat,0.0112,1674,84.05
15620,4,1942.36,485.59,1249,2010-10-26 11:32:00,2011-10-14 12:41:00,Repeat,0.0112,1675,84.06
15425,4,1941.12,485.28,1041,2010-02-14 12:36:00,2010-11-04 18:13:00,Repeat,0.0112,1676,84.07
12385,1,1938.4,1938.4,612,2010-11-25 15:14:00,2010-11-25 15:14:00,One-time,0.0112,1677,84.08
16619,4,1938.33,484.58,1055,2010-02-22 12:05:00,2011-03-21 08:18:00,Repeat,0.0112,1678,84.09
14418,3,1937.25,645.75,1711,2011-08-23 17:18:00,2011-12-06 11:39:00,Repeat,0.0111,1679,84.11
15561,8,1934.39,241.8,1334,2010-02-14 12:22:00,2011-11-28 11:07:00,Repeat,0.0111,1680,84.12
12528,6,1933.48,322.25,756,2011-01-31 09:05:00,2011-11-30 14:40:00,Repeat,0.0111,1681,84.13
12531,2,1933.2,966.6,1119,2010-01-22 14:17:00,2011-11-25 11:12:00,Repeat,0.0111,1682,84.14
16859,7,1932.41,276.06,1899,2010-03-04 12:37:00,2011-07-18 12:19:00,Repeat,0.0111,1683,84.15
15803,4,1929.66,482.41,1030,2010-02-01 16:29:00,2011-10-19 14:56:00,Repeat,0.0111,1684,84.16
17236,12,1929.26,160.77,804,2010-03-07 13:00:00,2011-11-27 12:00:00,Repeat,0.0111,1685,84.17
16788,5,1928.93,385.79,965,2010-02-07 12:40:00,2011-08-08 14:53:00,Repeat,0.0111,1686,84.18
13029,5,1927.3,385.46,194,2010-07-04 13:46:00,2011-11-09 09:13:00,Repeat,0.0111,1687,84.19
14492,7,1921.91,274.56,751,2010-03-30 14:23:00,2010-10-05 13:21:00,Repeat,0.0111,1688,84.21
16681,7,1921.84,274.55,1492,2010-03-08 14:10:00,2011-09-28 11:11:00,Repeat,0.0111,1689,84.22
18220,6,1921.76,320.29,1352,2009-12-15 11:42:00,2011-04-27 09:03:00,Repeat,0.0111,1690,84.23
14901,12,1919.0,159.92,880,2010-07-29 11:11:00,2011-11-28 17:09:00,Repeat,0.011,1691,84.24
12644,4,1918.49,479.62,1032,2010-01-14 13:02:00,2011-08-02 10:33:00,Repeat,0.011,1692,84.25
12842,4,1917.99,479.5,887,2009-12-02 08:15:00,2011-09-30 15:33:00,Repeat,0.011,1693,84.26
14332,5,1917.41,383.48,875,2010-10-19 13:01:00,2011-11-17 11:54:00,Repeat,0.011,1694,84.27
16650,7,1916.11,273.73,1511,2010-07-08 14:18:00,2011-09-29 09:51:00,Repeat,0.011,1695,84.28
16555,6,1915.68,319.28,1816,2010-07-22 13:39:00,2011-11-04 14:31:00,Repeat,0.011,1696,84.29
16692,4,1914.7,478.67,878,2010-09-24 11:31:00,2011-03-28 14:46:00,Repeat,0.011,1697,84.31
17046,5,1906.07,381.21,1636,2010-03-29 13:46:00,2011-07-05 14:24:00,Repeat,0.011,1698,84.32
16942,9,1904.99,211.67,805,2011-04-26 11:59:00,2011-11-27 12:40:00,Repeat,0.011,1699,84.33
14250,3,1904.05,634.68,1200,2011-09-11 13:44:00,2011-12-02 14:30:00,Repeat,0.011,1700,84.34
14127,6,1900.08,316.68,828,2010-10-10 11:53:00,2011-08-09 10:49:00,Repeat,0.0109,1701,84.35
14710,13,1899.79,146.14,1135,2009-12-03 17:12:00,2011-11-25 14:53:00,Repeat,0.0109,1702,84.36
12762,2,1898.52,949.26,1227,2011-11-14 14:23:00,2011-12-02 10:23:00,Repeat,0.0109,1703,84.37
14389,5,1898.01,379.6,1388,2010-04-28 14:57:00,2011-10-05 15:17:00,Repeat,0.0109,1704,84.38
14730,8,1897.57,237.2,1078,2011-03-08 12:49:00,2011-12-08 14:39:00,Repeat,0.0109,1705,84.39
17560,8,1895.8,236.97,1588,2010-02-17 12:11:00,2011-09-06 09:18:00,Repeat,0.0109,1706,84.4
14327,6,1894.93,315.82,1296,2010-01-08 14:04:00,2011-06-29 13:58:00,Repeat,0.0109,1707,84.41
15248,3,1893.93,631.31,1065,2010-06-23 14:34:00,2010-10-24 13:09:00,Repeat,0.0109,1708,84.43
13984,12,1893.8,157.82,1301,2009-12-07 11:51:00,2011-11-13 12:38:00,Repeat,0.0109,1709,84.44
17350,7,1893.7,270.53,1178,2010-02-01 15:38:00,2011-12-01 15:47:00,Repeat,0.0109,1710,84.45
16631,7,1892.52,270.36,775,2010-02-26 10:49:00,2010-08-15 11:20:00,Repeat,0.0109,1711,84.46
13276,5,1891.91,378.38,840,2010-03-07 14:05:00,2011-10-07 12:44:00,Repeat,0.0109,1712,84.47
15381,5,1890.57,378.11,802,2010-05-05 14:35:00,2011-05-10 11:55:00,Repeat,0.0109,1713,84.48
14912,6,1889.25,314.88,1819,2010-01-26 16:29:00,2011-11-23 09:20:00,Repeat,0.0109,1714,84.49
17609,11,1887.9,171.63,1321,2010-04-09 16:54:00,2011-10-30 12:28:00,Repeat,0.0109,1715,84.5
16172,8,1884.55,235.57,1419,2010-07-14 15:34:00,2011-09-05 13:22:00,Repeat,0.0108,1716,84.51
14403,6,1880.51,313.42,737,2010-03-10 14:00:00,2011-08-01 12:57:00,Repeat,0.0108,1717,84.52
16660,7,1879.55,268.51,991,2010-01-14 11:09:00,2011-11-23 14:53:00,Repeat,0.0108,1718,84.53
18151,6,1879.44,313.24,986,2010-03-04 10:47:00,2011-07-28 11:35:00,Repeat,0.0108,1719,84.55
17227,12,1878.93,156.58,1681,2010-01-15 15:05:00,2011-11-21 10:51:00,Repeat,0.0108,1720,84.56
15197,6,1877.51,312.92,1058,2009-12-11 12:56:00,2011-11-29 10:00:00,Repeat,0.0108,1721,84.57
13946,6,1876.23,312.7,2847,2009-12-04 11:07:00,2011-09-21 13:33:00,Repeat,0.0108,1722,84.58
16426,10,1863.76,186.38,1215,2011-03-08 15:45:00,2011-12-07 14:01:00,Repeat,0.0107,1723,84.59
14887,1,1862.0,1862.0,1100,2011-09-21 15:32:00,2011-09-21 15:32:00,One-time,0.0107,1724,84.6
13503,6,1859.24,309.87,1105,2010-02-16 13:49:00,2011-09-29 13:23:00,Repeat,0.0107,1725,84.61
14305,3,1858.96,619.65,1089,2011-07-27 14:14:00,2011-09-29 15:29:00,Repeat,0.0107,1726,84.62
14130,4,1858.77,464.69,1215,2009-12-11 16:33:00,2011-01-24 16:05:00,Repeat,0.0107,1727,84.63
16043,8,1856.59,232.07,1011,2010-08-15 11:26:00,2011-11-02 12:50:00,Repeat,0.0107,1728,84.64
15081,12,1854.57,154.55,749,2010-06-22 10:25:00,2011-11-17 17:08:00,Repeat,0.0107,1729,84.65
16049,6,1852.15,308.69,1132,2010-07-11 13:53:00,2011-10-30 13:19:00,Repeat,0.0107,1730,84.66
16917,2,1851.88,925.94,792,2010-03-17 15:24:00,2011-03-08 11:55:00,Repeat,0.0107,1731,84.67
12383,5,1850.56,370.11,1532,2010-12-22 14:28:00,2011-06-08 08:02:00,Repeat,0.0107,1732,84.68
12381,5,1845.31,369.06,808,2011-08-12 09:57:00,2011-12-05 12:44:00,Repeat,0.0106,1733,84.69
12507,4,1844.06,461.01,1256,2010-05-04 09:23:00,2011-07-28 17:09:00,Repeat,0.0106,1734,84.71
18180,6,1843.75,307.29,1721,2011-07-20 08:59:00,2011-12-05 08:39:00,Repeat,0.0106,1735,84.72
12694,3,1843.35,614.45,1355,2010-10-14 19:39:00,2011-09-30 13:06:00,Repeat,0.0106,1736,84.73
12950,3,1843.0,614.33,1380,2011-11-15 13:48:00,2011-12-07 13:17:00,Repeat,0.0106,1737,84.74
15201,7,1842.95,263.28,1660,2010-04-07 14:50:00,2011-09-13 14:53:00,Repeat,0.0106,1738,84.75
16102,3,1842.14,614.05,942,2011-08-03 12:50:00,2011-10-28 13:19:00,Repeat,0.0106,1739,84.76
14224,9,1841.71,204.63,826,2010-06-13 13:46:00,2011-08-21 13:24:00,Repeat,0.0106,1740,84.77
13168,5,1840.73,368.15,898,2010-06-15 15:00:00,2011-11-03 12:56:00,Repeat,0.0106,1741,84.78
17919,2,1840.32,920.16,1452,2010-09-27 10:40:00,2011-09-12 13:41:00,Repeat,0.0106,1742,84.79
15822,6,1840.06,306.68,950,2009-12-06 15:12:00,2011-12-06 14:50:00,Repeat,0.0106,1743,84.8
14870,6,1838.95,306.49,483,2010-01-25 09:05:00,2011-03-23 10:51:00,Repeat,0.0106,1744,84.81
13924,6,1838.85,306.47,1575,2011-09-28 15:07:00,2011-12-08 09:39:00,Repeat,0.0106,1745,84.82
17015,3,1838.61,612.87,1978,2011-06-07 13:19:00,2011-11-11 10:45:00,Repeat,0.0106,1746,84.83
16175,7,1836.44,262.35,932,2010-05-25 12:01:00,2011-09-06 14:32:00,Repeat,0.0106,1747,84.84
15402,6,1830.54,305.09,2034,2010-04-27 12:12:00,2011-07-14 12:17:00,Repeat,0.0105,1748,84.85
16152,1,1829.04,1829.04,642,2011-03-16 09:47:00,2011-03-16 09:47:00,One-time,0.0105,1749,84.86
16825,5,1826.89,365.38,1297,2010-06-23 13:14:00,2011-11-01 11:51:00,Repeat,0.0105,1750,84.87
17244,5,1826.04,365.21,1419,2009-12-06 11:27:00,2011-10-17 15:19:00,Repeat,0.0105,1751,84.89
14896,8,1826.0,228.25,931,2009-12-06 12:42:00,2011-05-19 10:20:00,Repeat,0.0105,1752,84.9
15678,3,1825.94,608.65,1022,2010-07-05 12:49:00,2011-10-18 09:25:00,Repeat,0.0105,1753,84.91
14715,8,1825.45,228.18,1030,2010-01-19 12:18:00,2011-11-15 12:10:00,Repeat,0.0105,1754,84.92
13884,10,1825.03,182.5,752,2010-08-26 19:57:00,2011-12-02 16:30:00,Repeat,0.0105,1755,84.93
17642,5,1824.49,364.9,1475,2009-12-05 16:01:00,2011-08-12 09:11:00,Repeat,0.0105,1756,84.94
16169,4,1822.97,455.74,1325,2011-09-25 11:33:00,2011-12-01 15:28:00,Repeat,0.0105,1757,84.95
14738,9,1821.9,202.43,757,2009-12-07 10:21:00,2011-10-28 08:56:00,Repeat,0.0105,1758,84.96
15339,7,1821.02,260.15,1138,2010-02-08 13:38:00,2011-10-04 12:51:00,Repeat,0.0105,1759,84.97
16205,7,1820.11,260.02,1452,2010-06-15 11:58:00,2011-11-09 09:32:00,Repeat,0.0105,1760,84.98
17828,4,1820.09,455.02,667,2011-06-08 08:31:00,2011-11-17 08:41:00,Repeat,0.0105,1761,84.99
14553,9,1818.6,202.07,1118,2010-07-18 12:07:00,2011-11-20 13:20:00,Repeat,0.0105,1762,85.0
16233,9,1818.31,202.03,677,2009-12-02 13:23:00,2011-09-29 17:27:00,Repeat,0.0105,1763,85.01
17787,4,1817.54,454.38,896,2010-12-03 13:43:00,2011-07-10 11:24:00,Repeat,0.0105,1764,85.02
15807,5,1817.52,363.5,1532,2010-02-11 15:32:00,2011-10-20 14:10:00,Repeat,0.0105,1765,85.03
12494,9,1815.27,201.7,979,2010-05-12 13:52:00,2011-11-24 09:34:00,Repeat,0.0104,1766,85.04
16880,8,1813.21,226.65,904,2010-08-03 13:54:00,2011-11-09 11:33:00,Repeat,0.0104,1767,85.05
14915,11,1811.25,164.66,707,2009-12-03 10:17:00,2011-09-09 13:34:00,Repeat,0.0104,1768,85.06
16474,7,1810.65,258.66,909,2011-07-17 14:51:00,2011-12-02 13:02:00,Repeat,0.0104,1769,85.07
14893,3,1809.61,603.2,1047,2010-04-01 09:03:00,2011-11-30 12:31:00,Repeat,0.0104,1770,85.08
15530,5,1808.68,361.74,1328,2010-07-15 11:10:00,2011-11-18 12:25:00,Repeat,0.0104,1771,85.09
17888,25,1807.44,72.3,1536,2009-12-21 16:34:00,2011-11-18 13:45:00,Repeat,0.0104,1772,85.11
15133,5,1806.9,361.38,960,2010-07-07 12:31:00,2011-08-04 10:44:00,Repeat,0.0104,1773,85.12
13561,11,1803.4,163.95,1125,2010-02-28 13:42:00,2011-05-08 12:39:00,Repeat,0.0104,1774,85.13
18161,6,1803.1,300.52,965,2010-11-25 15:55:00,2011-11-24 16:40:00,Repeat,0.0104,1775,85.14
14723,11,1803.06,163.91,1168,2009-12-04 11:22:00,2011-11-29 15:23:00,Repeat,0.0104,1776,85.15
16797,5,1802.02,360.4,898,2009-12-02 13:33:00,2010-11-11 19:14:00,Repeat,0.0104,1777,85.16
16249,5,1800.07,360.01,950,2011-04-14 13:50:00,2011-10-18 10:07:00,Repeat,0.0104,1778,85.17
18235,3,1796.48,598.83,1578,2011-05-06 13:35:00,2011-09-29 08:27:00,Repeat,0.0103,1779,85.18
18236,12,1795.35,149.61,696,2010-04-15 13:39:00,2011-11-10 08:06:00,Repeat,0.0103,1780,85.19
17165,6,1794.32,299.05,788,2009-12-11 09:18:00,2011-02-28 16:39:00,Repeat,0.0103,1781,85.2
14708,5,1793.22,358.64,1159,2010-09-10 10:26:00,2011-12-07 08:21:00,Repeat,0.0103,1782,85.21
18122,6,1793.06,298.84,1225,2011-07-12 11:37:00,2011-12-01 13:08:00,Repeat,0.0103,1783,85.22
13711,9,1792.26,199.14,819,2009-12-15 19:04:00,2011-05-05 10:31:00,Repeat,0.0103,1784,85.23
13375,2,1792.23,896.12,1124,2010-09-21 08:12:00,2011-09-12 10:19:00,Repeat,0.0103,1785,85.24
12369,3,1791.15,597.05,1241,2010-03-08 08:09:00,2010-10-22 13:13:00,Repeat,0.0103,1786,85.25
17603,4,1788.38,447.1,638,2009-12-10 09:44:00,2011-09-22 14:18:00,Repeat,0.0103,1787,85.26
13782,13,1786.08,137.39,643,2009-12-06 12:52:00,2011-11-27 11:54:00,Repeat,0.0103,1788,85.27
15608,5,1785.98,357.2,1262,2010-10-20 10:10:00,2011-11-11 13:20:00,Repeat,0.0103,1789,85.28
16611,6,1785.13,297.52,874,2010-03-10 16:07:00,2011-06-06 15:46:00,Repeat,0.0103,1790,85.29
15452,6,1785.11,297.52,1087,2010-07-16 14:23:00,2011-11-10 12:13:00,Repeat,0.0103,1791,85.3
15128,5,1783.68,356.74,1583,2010-10-05 16:46:00,2011-10-10 13:54:00,Repeat,0.0103,1792,85.31
16110,4,1781.59,445.4,880,2010-07-05 13:04:00,2011-10-25 14:35:00,Repeat,0.0103,1793,85.32
18214,4,1780.34,445.08,989,2010-06-03 19:47:00,2010-06-27 11:21:00,Repeat,0.0102,1794,85.33
15220,6,1778.96,296.49,1393,2011-03-04 10:24:00,2011-10-19 12:39:00,Repeat,0.0102,1795,85.34
16770,9,1778.93,197.66,1052,2010-08-22 16:08:00,2011-10-13 12:21:00,Repeat,0.0102,1796,85.35
16510,6,1777.5,296.25,930,2010-01-17 12:30:00,2010-12-02 13:39:00,Repeat,0.0102,1797,85.36
12458,4,1777.49,444.37,986,2010-08-09 10:33:00,2011-09-29 15:25:00,Repeat,0.0102,1798,85.37
12908,5,1776.0,355.2,3000,2010-03-19 15:59:00,2011-06-16 15:39:00,Repeat,0.0102,1799,85.38
12778,9,1775.68,197.3,1735,2010-04-16 09:57:00,2011-11-20 11:30:00,Repeat,0.0102,1800,85.39
13920,4,1774.68,443.67,1772,2010-05-26 15:48:00,2010-10-04 12:37:00,Repeat,0.0102,1801,85.4
16124,4,1772.49,443.12,797,2009-12-07 10:33:00,2011-01-26 14:45:00,Repeat,0.0102,1802,85.41
15594,5,1771.78,354.36,983,2011-04-19 10:08:00,2011-11-24 08:53:00,Repeat,0.0102,1803,85.42
14850,7,1770.96,252.99,1393,2010-05-20 13:28:00,2011-02-01 11:21:00,Repeat,0.0102,1804,85.43
14933,4,1770.0,442.5,600,2010-09-21 17:29:00,2010-09-22 10:47:00,Repeat,0.0102,1805,85.44
15972,5,1769.33,353.87,468,2010-04-18 14:06:00,2010-09-09 13:20:00,Repeat,0.0102,1806,85.45
15736,2,1767.12,883.56,1208,2010-09-30 14:19:00,2010-09-30 14:20:00,Repeat,0.0102,1807,85.46
13456,6,1766.72,294.45,765,2011-05-16 15:34:00,2011-11-22 09:18:00,Repeat,0.0102,1808,85.48
16751,1,1764.72,1764.72,1031,2011-11-09 10:48:00,2011-11-09 10:48:00,One-time,0.0102,1809,85.49
13648,8,1764.02,220.5,960,2009-12-01 18:13:00,2010-11-04 14:46:00,Repeat,0.0102,1810,85.5
13717,8,1763.3,220.41,2144,2010-08-11 09:40:00,2011-11-07 14:13:00,Repeat,0.0101,1811,85.51
12784,3,1763.15,587.72,862,2010-06-28 13:06:00,2011-11-30 15:38:00,Repeat,0.0101,1812,85.52
15777,7,1762.61,251.8,599,2010-05-20 10:37:00,2011-04-12 16:43:00,Repeat,0.0101,1813,85.53
16511,6,1760.49,293.42,769,2010-03-01 12:21:00,2011-11-18 10:41:00,Repeat,0.0101,1814,85.54
16620,6,1758.93,293.16,1146,2009-12-01 14:35:00,2011-12-06 12:19:00,Repeat,0.0101,1815,85.55
16266,14,1757.95,125.57,791,2010-02-04 16:21:00,2011-09-27 12:08:00,Repeat,0.0101,1816,85.56
16595,5,1757.75,351.55,1331,2010-01-17 12:12:00,2011-10-09 13:15:00,Repeat,0.0101,1817,85.57
12809,3,1755.94,585.31,518,2010-03-02 14:19:00,2011-06-15 10:51:00,Repeat,0.0101,1818,85.58
14704,11,1752.92,159.36,1164,2010-03-25 17:21:00,2011-11-28 12:51:00,Repeat,0.0101,1819,85.59
14522,8,1748.42,218.55,956,2010-01-24 13:55:00,2011-11-15 13:24:00,Repeat,0.0101,1820,85.6
16639,4,1747.98,437.0,751,2010-10-26 18:23:00,2011-11-08 13:20:00,Repeat,0.0101,1821,85.61
13808,5,1747.66,349.53,782,2011-09-04 12:07:00,2011-12-04 12:18:00,Repeat,0.0101,1822,85.62
17695,5,1746.04,349.21,1809,2010-01-28 09:27:00,2011-07-31 10:40:00,Repeat,0.01,1823,85.63
16348,8,1744.42,218.05,1164,2010-10-05 13:57:00,2011-11-07 15:44:00,Repeat,0.01,1824,85.64
16380,1,1743.15,1743.15,1428,2011-10-09 15:40:00,2011-10-09 15:40:00,One-time,0.01,1825,85.65
15605,9,1741.95,193.55,641,2010-01-14 14:03:00,2011-11-03 14:17:00,Repeat,0.01,1826,85.66
12425,2,1741.41,870.71,1147,2010-09-17 14:10:00,2011-09-22 17:31:00,Repeat,0.01,1827,85.67
16087,5,1739.92,347.98,664,2010-01-19 12:30:00,2010-11-15 16:44:00,Repeat,0.01,1828,85.68
17974,6,1739.09,289.85,1189,2010-10-28 20:03:00,2011-11-15 11:37:00,Repeat,0.01,1829,85.69
14584,8,1738.16,217.27,960,2010-02-17 14:01:00,2011-06-23 18:33:00,Repeat,0.01,1830,85.7
14075,6,1734.87,289.14,1494,2010-06-16 14:47:00,2011-12-05 08:38:00,Repeat,0.01,1831,85.71
17268,11,1733.89,157.63,1395,2009-12-08 11:46:00,2011-08-24 10:06:00,Repeat,0.01,1832,85.72
13026,9,1733.08,192.56,2466,2009-12-13 11:34:00,2011-12-08 16:58:00,Repeat,0.01,1833,85.73
14400,3,1732.47,577.49,1706,2010-03-18 12:11:00,2011-07-13 15:50:00,Repeat,0.01,1834,85.74
17432,9,1728.99,192.11,1008,2009-12-03 19:13:00,2011-11-21 17:33:00,Repeat,0.01,1835,85.75
16891,11,1727.94,157.09,652,2009-12-04 12:37:00,2011-12-08 11:15:00,Repeat,0.0099,1836,85.76
14387,3,1727.6,575.87,795,2011-08-22 14:13:00,2011-11-07 12:29:00,Repeat,0.0099,1837,85.77
16809,9,1727.43,191.94,1093,2010-04-13 15:34:00,2011-11-16 15:45:00,Repeat,0.0099,1838,85.78
15730,5,1726.58,345.32,1061,2010-10-04 14:15:00,2011-10-05 12:31:00,Repeat,0.0099,1839,85.79
17190,7,1726.57,246.65,2218,2010-03-05 13:21:00,2011-10-12 11:33:00,Repeat,0.0099,1840,85.8
14304,3,1725.01,575.0,775,2010-05-18 10:50:00,2011-05-01 11:50:00,Repeat,0.0099,1841,85.81
13363,3,1723.86,574.62,1146,2010-10-26 11:07:00,2011-11-22 12:40:00,Repeat,0.0099,1842,85.82
16374,5,1723.4,344.68,771,2010-04-30 13:10:00,2011-10-04 15:21:00,Repeat,0.0099,1843,85.83
17135,10,1722.18,172.22,1686,2010-05-09 16:03:00,2011-11-23 16:48:00,Repeat,0.0099,1844,85.84
17451,7,1721.4,245.91,1203,2011-08-26 11:54:00,2011-12-08 15:02:00,Repeat,0.0099,1845,85.85
16119,8,1720.81,215.1,811,2009-12-16 11:56:00,2011-12-01 15:11:00,Repeat,0.0099,1846,85.86
15267,5,1717.36,343.47,944,2011-06-10 10:24:00,2011-11-17 15:59:00,Repeat,0.0099,1847,85.87
13705,7,1717.19,245.31,906,2010-03-25 17:19:00,2011-12-02 12:32:00,Repeat,0.0099,1848,85.88
14021,7,1716.58,245.23,878,2010-04-26 11:22:00,2011-07-07 15:46:00,Repeat,0.0099,1849,85.89
17162,10,1715.46,171.55,1001,2011-02-07 12:27:00,2011-11-11 11:34:00,Repeat,0.0099,1850,85.9
14692,12,1715.14,142.93,890,2010-04-01 14:04:00,2011-07-25 15:08:00,Repeat,0.0099,1851,85.91
14741,7,1713.09,244.73,1006,2010-10-18 09:33:00,2011-11-28 08:48:00,Repeat,0.0099,1852,85.92
18239,6,1712.26,285.38,844,2010-10-13 10:11:00,2011-05-05 12:38:00,Repeat,0.0099,1853,85.93
14447,6,1711.73,285.29,913,2010-11-04 13:32:00,2011-11-21 08:28:00,Repeat,0.0099,1854,85.93
13665,3,1711.66,570.55,1652,2010-07-23 13:29:00,2010-11-18 13:06:00,Repeat,0.0099,1855,85.94
17750,9,1710.45,190.05,3747,2011-06-28 15:44:00,2011-12-04 14:09:00,Repeat,0.0098,1856,85.95
12405,1,1710.39,1710.39,857,2011-07-14 08:52:00,2011-07-14 08:52:00,One-time,0.0098,1857,85.96
13104,9,1709.1,189.9,834,2010-02-24 15:06:00,2011-12-06 13:10:00,Repeat,0.0098,1858,85.97
17731,6,1708.99,284.83,707,2010-02-09 12:37:00,2011-09-21 15:02:00,Repeat,0.0098,1859,85.98
15607,9,1708.97,189.89,1470,2010-01-08 12:16:00,2011-01-07 12:44:00,Repeat,0.0098,1860,85.99
15947,1,1708.24,1708.24,898,2011-09-18 10:46:00,2011-09-18 10:46:00,One-time,0.0098,1861,86.0
12407,5,1708.12,341.62,1416,2011-03-20 13:21:00,2011-10-21 10:11:00,Repeat,0.0098,1862,86.01
16902,1,1706.88,1706.88,629,2011-08-15 14:17:00,2011-08-15 14:17:00,One-time,0.0098,1863,86.02
13309,6,1706.37,284.39,1914,2010-11-12 12:10:00,2011-12-02 16:34:00,Repeat,0.0098,1864,86.03
16398,2,1705.8,852.9,758,2011-03-31 09:38:00,2011-07-08 15:16:00,Repeat,0.0098,1865,86.04
14859,5,1705.64,341.13,888,2010-06-03 10:26:00,2011-11-27 11:18:00,Repeat,0.0098,1866,86.05
12693,7,1703.02,243.29,536,2010-07-05 13:56:00,2011-08-04 17:51:00,Repeat,0.0098,1867,86.06
15326,5,1700.52,340.1,1351,2009-12-01 13:19:00,2011-01-10 11:38:00,Repeat,0.0098,1868,86.07
15911,8,1700.24,212.53,810,2009-12-09 13:26:00,2010-03-26 12:06:00,Repeat,0.0098,1869,86.08
16768,9,1698.57,188.73,774,2009-12-07 11:47:00,2011-10-23 10:38:00,Repeat,0.0098,1870,86.09
12932,8,1698.56,212.32,1609,2010-02-10 08:46:00,2010-06-18 14:22:00,Repeat,0.0098,1871,86.1
17813,5,1698.07,339.61,752,2011-09-29 15:57:00,2011-11-25 16:13:00,Repeat,0.0098,1872,86.11
17694,3,1695.97,565.32,1493,2010-05-26 08:27:00,2011-07-21 12:00:00,Repeat,0.0098,1873,86.12
16899,8,1695.77,211.97,811,2010-11-07 15:00:00,2011-12-02 12:03:00,Repeat,0.0098,1874,86.13
16010,11,1694.86,154.08,919,2010-10-24 10:54:00,2011-04-08 10:14:00,Repeat,0.0098,1875,86.14
15976,6,1694.41,282.4,1053,2010-06-06 14:01:00,2011-06-27 13:00:00,Repeat,0.0098,1876,86.15
12764,1,1693.88,1693.88,386,2011-01-27 10:19:00,2011-01-27 10:19:00,One-time,0.0097,1877,86.16
14245,2,1693.45,846.73,976,2011-03-21 10:41:00,2011-05-04 08:40:00,Repeat,0.0097,1878,86.17
16671,3,1692.27,564.09,875,2011-06-28 11:20:00,2011-11-11 13:40:00,Repeat,0.0097,1879,86.18
13838,10,1690.07,169.01,694,2010-05-09 11:40:00,2011-12-04 11:00:00,Repeat,0.0097,1880,86.19
13294,3,1689.53,563.18,996,2010-03-03 12:54:00,2011-06-03 08:54:00,Repeat,0.0097,1881,86.2
13566,5,1688.6,337.72,1257,2010-03-10 12:22:00,2011-10-30 11:59:00,Repeat,0.0097,1882,86.21
16725,14,1688.26,120.59,700,2009-12-13 15:54:00,2011-02-10 16:52:00,Repeat,0.0097,1883,86.22
12813,3,1687.8,562.6,1141,2010-01-15 16:52:00,2010-07-26 09:50:00,Repeat,0.0097,1884,86.23
12775,7,1686.12,240.87,1083,2010-10-26 14:24:00,2011-11-22 16:33:00,Repeat,0.0097,1885,86.24
13516,4,1685.26,421.31,1114,2010-10-18 08:52:00,2011-11-18 13:15:00,Repeat,0.0097,1886,86.25
14643,5,1679.89,335.98,1377,2009-12-11 11:52:00,2011-06-22 14:41:00,Repeat,0.0097,1887,86.26
15551,7,1679.81,239.97,796,2010-06-07 15:05:00,2011-11-03 12:37:00,Repeat,0.0097,1888,86.27
13800,3,1679.56,559.85,891,2009-12-03 10:03:00,2011-02-03 12:27:00,Repeat,0.0097,1889,86.28
12870,3,1676.95,558.98,906,2010-03-25 14:32:00,2010-11-29 13:42:00,Repeat,0.0097,1890,86.29
14831,3,1676.57,558.86,885,2009-12-02 09:21:00,2010-01-28 14:31:00,Repeat,0.0096,1891,86.3
13149,4,1676.06,419.01,1280,2011-02-23 13:57:00,2011-11-25 13:09:00,Repeat,0.0096,1892,86.31
17656,5,1674.69,334.94,1399,2011-08-03 10:45:00,2011-09-27 13:04:00,Repeat,0.0096,1893,86.32
13587,4,1673.5,418.38,664,2010-02-14 13:17:00,2011-10-07 12:31:00,Repeat,0.0096,1894,86.33
13308,4,1670.37,417.59,1073,2010-04-22 09:22:00,2011-11-17 09:31:00,Repeat,0.0096,1895,86.33
13417,6,1669.49,278.25,532,2010-02-08 12:39:00,2011-12-05 08:49:00,Repeat,0.0096,1896,86.34
13184,10,1668.95,166.9,1662,2011-02-22 17:25:00,2011-11-25 12:02:00,Repeat,0.0096,1897,86.35
17534,5,1668.83,333.77,860,2010-02-25 16:55:00,2011-10-17 12:47:00,Repeat,0.0096,1898,86.36
13434,5,1666.86,333.37,864,2010-02-22 09:54:00,2011-09-26 14:30:00,Repeat,0.0096,1899,86.37
13064,6,1666.84,277.81,668,2010-04-27 10:08:00,2011-11-27 12:31:00,Repeat,0.0096,1900,86.38
15192,5,1666.39,333.28,1448,2010-01-29 10:13:00,2011-08-12 11:41:00,Repeat,0.0096,1901,86.39
17321,6,1665.21,277.54,790,2010-05-11 12:10:00,2011-12-01 13:41:00,Repeat,0.0096,1902,86.4
16329,4,1664.92,416.23,797,2009-12-01 11:34:00,2010-10-08 12:44:00,Repeat,0.0096,1903,86.41
12912,5,1662.3,332.46,670,2011-10-30 11:35:00,2011-12-07 08:55:00,Repeat,0.0096,1904,86.42
15214,8,1661.44,207.68,1254,2011-04-11 09:46:00,2011-12-08 12:07:00,Repeat,0.0096,1905,86.43
15649,4,1660.35,415.09,365,2010-11-17 16:22:00,2011-01-07 13:34:00,Repeat,0.0096,1906,86.44
14583,8,1660.29,207.54,1071,2010-03-28 15:16:00,2011-12-04 12:32:00,Repeat,0.0096,1907,86.45
18096,6,1657.87,276.31,1409,2010-07-14 14:30:00,2011-11-28 12:44:00,Repeat,0.0095,1908,86.46
18276,6,1656.52,276.09,1246,2009-12-10 17:14:00,2011-10-27 10:54:00,Repeat,0.0095,1909,86.47
17041,6,1655.2,275.87,1303,2010-04-18 14:25:00,2011-11-13 11:21:00,Repeat,0.0095,1910,86.48
16625,5,1654.03,330.81,1057,2010-06-14 11:56:00,2011-03-10 12:50:00,Repeat,0.0095,1911,86.49
16813,10,1652.18,165.22,1501,2011-05-19 13:28:00,2011-12-01 14:03:00,Repeat,0.0095,1912,86.5
12911,1,1651.72,1651.72,807,2010-06-06 12:13:00,2010-06-06 12:13:00,One-time,0.0095,1913,86.51
16634,6,1649.81,274.97,1257,2010-01-21 09:30:00,2011-05-01 12:09:00,Repeat,0.0095,1914,86.52
12657,4,1643.18,410.8,1044,2011-09-22 11:40:00,2011-11-28 15:47:00,Repeat,0.0095,1915,86.53
14420,4,1639.17,409.79,1120,2010-01-17 12:41:00,2011-09-01 18:07:00,Repeat,0.0094,1916,86.54
12933,8,1636.63,204.58,949,2009-12-10 16:39:00,2011-11-15 16:38:00,Repeat,0.0094,1917,86.54
12398,1,1635.66,1635.66,1394,2011-10-25 10:27:00,2011-10-25 10:27:00,One-time,0.0094,1918,86.55
17006,8,1635.27,204.41,572,2010-03-05 13:33:00,2011-12-05 12:09:00,Repeat,0.0094,1919,86.56
15310,1,1634.64,1634.64,1476,2010-08-18 11:38:00,2010-08-18 11:38:00,One-time,0.0094,1920,86.57
18062,6,1632.67,272.11,831,2010-04-21 08:55:00,2011-06-19 14:47:00,Repeat,0.0094,1921,86.58
14164,2,1631.77,815.88,1033,2011-09-20 12:18:00,2011-09-30 12:24:00,Repeat,0.0094,1922,86.59
18136,5,1631.36,326.27,860,2010-09-14 15:50:00,2011-10-07 15:40:00,Repeat,0.0094,1923,86.6
17571,5,1630.91,326.18,991,2010-06-15 12:50:00,2011-10-20 15:57:00,Repeat,0.0094,1924,86.61
14904,4,1630.49,407.62,2522,2010-10-08 12:48:00,2011-12-07 12:55:00,Repeat,0.0094,1925,86.62
16256,3,1629.37,543.12,1590,2010-04-21 10:34:00,2011-03-18 12:18:00,Repeat,0.0094,1926,86.63
13554,7,1629.35,232.76,578,2010-09-19 12:39:00,2010-11-24 15:05:00,Repeat,0.0094,1927,86.64
15167,5,1627.62,325.52,863,2010-02-04 14:13:00,2011-01-23 12:41:00,Repeat,0.0094,1928,86.65
14759,3,1625.97,541.99,569,2011-04-21 10:55:00,2011-12-05 12:03:00,Repeat,0.0094,1929,86.66
13154,3,1624.84,541.61,976,2009-12-04 08:46:00,2010-11-05 16:00:00,Repeat,0.0094,1930,86.67
15172,5,1624.05,324.81,1611,2011-04-17 11:56:00,2011-12-01 11:51:00,Repeat,0.0093,1931,86.68
14937,3,1621.88,540.63,484,2011-08-01 14:16:00,2011-10-14 12:29:00,Repeat,0.0093,1932,86.69
12379,4,1620.22,405.06,815,2010-06-23 12:49:00,2011-09-19 10:09:00,Repeat,0.0093,1933,86.69
15422,7,1619.97,231.42,710,2010-02-07 11:52:00,2011-01-20 16:17:00,Repeat,0.0093,1934,86.7
12577,8,1617.1,202.14,1191,2009-12-03 19:31:00,2011-11-04 13:24:00,Repeat,0.0093,1935,86.71
16224,5,1616.54,323.31,1555,2010-11-17 13:14:00,2011-10-13 17:51:00,Repeat,0.0093,1936,86.72
14336,4,1614.91,403.73,1759,2011-03-08 16:48:00,2011-11-23 11:40:00,Repeat,0.0093,1937,86.73
15013,10,1610.82,161.08,1715,2010-01-31 12:15:00,2010-08-09 12:05:00,Repeat,0.0093,1938,86.74
16860,3,1610.62,536.87,625,2010-02-15 13:46:00,2010-09-13 10:05:00,Repeat,0.0093,1939,86.75
13900,6,1610.59,268.43,938,2010-03-25 13:46:00,2011-06-09 19:26:00,Repeat,0.0093,1940,86.76
17814,2,1609.37,804.68,1435,2010-10-13 14:03:00,2010-11-29 14:21:00,Repeat,0.0093,1941,86.77
12847,2,1609.0,804.5,1497,2010-11-17 12:44:00,2011-11-17 13:16:00,Repeat,0.0093,1942,86.78
13249,9,1608.93,178.77,1246,2010-01-24 12:11:00,2011-09-08 13:26:00,Repeat,0.0093,1943,86.79
14920,3,1607.17,535.72,886,2010-05-23 15:25:00,2011-05-11 10:32:00,Repeat,0.0093,1944,86.8
12947,6,1603.99,267.33,1165,2010-12-01 16:21:00,2011-07-19 10:06:00,Repeat,0.0092,1945,86.81
17515,9,1602.51,178.06,527,2010-06-07 13:29:00,2011-11-08 14:04:00,Repeat,0.0092,1946,86.82
15325,8,1601.46,200.18,1382,2010-02-16 13:30:00,2011-08-28 11:55:00,Repeat,0.0092,1947,86.82
14178,7,1600.26,228.61,1494,2011-06-10 12:51:00,2011-12-01 12:01:00,Repeat,0.0092,1948,86.83
14885,3,1598.12,532.71,1308,2010-08-31 10:11:00,2011-07-31 12:05:00,Repeat,0.0092,1949,86.84
12514,2,1597.76,798.88,840,2010-03-08 12:18:00,2011-03-17 16:38:00,Repeat,0.0092,1950,86.85
17853,3,1596.29,532.1,625,2009-12-03 15:09:00,2010-10-28 15:29:00,Repeat,0.0092,1951,86.86
15134,10,1596.29,159.63,1057,2010-10-13 12:44:00,2011-11-25 08:55:00,Repeat,0.0092,1952,86.87
13850,1,1595.48,1595.48,944,2011-08-02 14:04:00,2011-08-02 14:04:00,One-time,0.0092,1953,86.88
13239,5,1594.69,318.94,1151,2010-07-25 13:34:00,2011-03-23 10:25:00,Repeat,0.0092,1954,86.89
16801,4,1594.23,398.56,493,2011-03-11 13:56:00,2011-06-29 15:33:00,Repeat,0.0092,1955,86.9
17028,3,1593.83,531.28,856,2009-12-18 14:28:00,2010-05-07 15:33:00,Repeat,0.0092,1956,86.91
15289,5,1593.09,318.62,1627,2010-03-28 11:45:00,2011-11-10 13:49:00,Repeat,0.0092,1957,86.92
17540,6,1590.6,265.1,588,2010-04-19 09:47:00,2011-11-15 11:56:00,Repeat,0.0092,1958,86.93
16092,6,1587.94,264.66,1188,2010-05-09 16:10:00,2011-08-17 10:46:00,Repeat,0.0091,1959,86.93
17345,10,1586.63,158.66,2008,2009-12-01 16:17:00,2011-11-24 15:02:00,Repeat,0.0091,1960,86.94
13156,3,1586.54,528.85,914,2010-02-01 13:45:00,2010-11-19 13:09:00,Repeat,0.0091,1961,86.95
16096,4,1584.97,396.24,700,2010-03-04 15:44:00,2011-03-20 13:38:00,Repeat,0.0091,1962,86.96
13740,5,1582.77,316.55,987,2009-12-02 12:22:00,2011-04-13 10:32:00,Repeat,0.0091,1963,86.97
17867,15,1582.05,105.47,638,2009-12-02 13:39:00,2011-11-09 14:15:00,Repeat,0.0091,1964,86.98
14719,5,1581.84,316.37,1025,2011-04-04 14:17:00,2011-12-08 12:43:00,Repeat,0.0091,1965,86.99
15279,5,1580.54,316.11,802,2010-02-02 10:15:00,2010-12-20 10:48:00,Repeat,0.0091,1966,87.0
13202,7,1580.3,225.76,572,2009-12-09 10:48:00,2010-11-10 16:24:00,Repeat,0.0091,1967,87.01
14587,9,1580.29,175.59,749,2011-01-12 13:16:00,2011-11-21 11:34:00,Repeat,0.0091,1968,87.02
13752,7,1579.83,225.69,1005,2010-06-30 10:23:00,2011-08-07 14:16:00,Repeat,0.0091,1969,87.03
17222,6,1579.51,263.25,857,2010-01-10 15:24:00,2011-10-05 13:58:00,Repeat,0.0091,1970,87.03
12607,1,1579.51,1579.51,1228,2011-10-10 16:06:00,2011-10-10 16:06:00,One-time,0.0091,1971,87.04
17649,3,1578.89,526.3,723,2010-08-24 13:01:00,2011-07-24 15:53:00,Repeat,0.0091,1972,87.05
13186,3,1575.89,525.3,820,2011-08-03 09:09:00,2011-10-31 11:40:00,Repeat,0.0091,1973,87.06
12549,6,1575.68,262.61,1366,2010-01-11 12:29:00,2010-05-13 12:05:00,Repeat,0.0091,1974,87.07
13337,1,1575.26,1575.26,980,2010-06-11 13:27:00,2010-06-11 13:27:00,One-time,0.0091,1975,87.08
14489,4,1574.93,393.73,1011,2010-04-06 09:52:00,2011-05-16 14:51:00,Repeat,0.0091,1976,87.09
16099,7,1573.2,224.74,960,2010-03-03 11:13:00,2011-10-20 13:13:00,Repeat,0.0091,1977,87.1
17886,6,1572.55,262.09,711,2010-04-29 11:10:00,2011-11-08 10:09:00,Repeat,0.0091,1978,87.11
14136,5,1570.81,314.16,1148,2009-12-08 09:19:00,2010-11-04 11:53:00,Repeat,0.009,1979,87.12
14198,9,1569.73,174.41,623,2010-01-05 10:07:00,2011-11-21 16:35:00,Repeat,0.009,1980,87.13
13539,7,1569.36,224.19,710,2010-04-28 12:04:00,2011-09-15 10:18:00,Repeat,0.009,1981,87.13
17624,4,1568.63,392.16,958,2009-12-20 12:35:00,2011-11-25 10:52:00,Repeat,0.009,1982,87.14
16774,8,1567.48,195.94,774,2010-02-16 16:53:00,2011-10-03 12:41:00,Repeat,0.009,1983,87.15
17235,8,1562.98,195.37,845,2010-06-04 17:01:00,2011-11-14 15:51:00,Repeat,0.009,1984,87.16
13939,7,1560.96,222.99,1608,2010-04-06 12:43:00,2011-11-16 13:33:00,Repeat,0.009,1985,87.17
15466,4,1560.46,390.12,941,2009-12-03 12:28:00,2011-09-15 14:08:00,Repeat,0.009,1986,87.18
12629,2,1558.22,779.11,722,2010-10-12 16:40:00,2010-11-19 09:18:00,Repeat,0.009,1987,87.19
16394,5,1555.34,311.07,2604,2011-02-23 10:58:00,2011-10-14 09:48:00,Repeat,0.009,1988,87.2
14236,5,1555.34,311.07,774,2010-07-22 14:27:00,2011-09-20 09:13:00,Repeat,0.009,1989,87.21
15149,5,1554.61,310.92,380,2010-02-28 11:13:00,2011-07-29 10:58:00,Repeat,0.0089,1990,87.22
18149,7,1553.96,221.99,869,2010-03-14 12:41:00,2011-10-20 12:04:00,Repeat,0.0089,1991,87.22
13360,4,1553.65,388.41,942,2010-01-08 11:16:00,2010-10-04 12:37:00,Repeat,0.0089,1992,87.23
14078,9,1553.47,172.61,586,2010-03-28 15:05:00,2011-08-30 12:16:00,Repeat,0.0089,1993,87.24
15074,3,1553.13,517.71,1039,2010-08-29 11:47:00,2011-08-26 14:45:00,Repeat,0.0089,1994,87.25
13377,2,1552.88,776.44,748,2010-03-04 10:06:00,2010-11-08 12:20:00,Repeat,0.0089,1995,87.26
17851,6,1552.35,258.72,933,2009-12-03 17:46:00,2010-10-13 15:13:00,Repeat,0.0089,1996,87.27
17323,12,1551.04,129.25,1426,2010-01-10 11:58:00,2011-11-24 17:29:00,Repeat,0.0089,1997,87.28
14987,8,1550.65,193.83,607,2009-12-02 14:56:00,2011-11-24 09:59:00,Repeat,0.0089,1998,87.29
14186,5,1550.63,310.13,1550,2010-03-05 11:17:00,2010-10-08 13:30:00,Repeat,0.0089,1999,87.3
16366,4,1548.13,387.03,882,2009-12-16 10:39:00,2011-11-21 08:19:00,Repeat,0.0089,2000,87.3
17454,10,1547.94,154.79,727,2010-01-15 15:40:00,2011-05-31 13:58:00,Repeat,0.0089,2001,87.31
14754,6,1547.93,257.99,1010,2010-01-18 11:04:00,2011-10-26 12:01:00,Repeat,0.0089,2002,87.32
16461,3,1545.83,515.28,933,2010-03-03 13:57:00,2011-06-15 12:07:00,Repeat,0.0089,2003,87.33
16790,6,1545.62,257.6,898,2011-11-02 11:23:00,2011-12-06 11:53:00,Repeat,0.0089,2004,87.34
16017,5,1545.58,309.12,635,2010-01-05 12:06:00,2011-10-23 12:56:00,Repeat,0.0089,2005,87.35
18036,11,1545.49,140.5,741,2009-12-18 12:04:00,2011-11-07 14:40:00,Repeat,0.0089,2006,87.36
15732,10,1543.97,154.4,1264,2010-02-04 10:10:00,2011-05-11 14:24:00,Repeat,0.0089,2007,87.37
16915,11,1543.18,140.29,190,2010-05-19 13:32:00,2011-11-30 16:39:00,Repeat,0.0089,2008,87.38
13783,4,1542.09,385.52,3437,2010-02-04 13:47:00,2010-08-09 09:23:00,Repeat,0.0089,2009,87.38
12818,1,1542.08,1542.08,929,2011-03-23 12:06:00,2011-03-23 12:06:00,One-time,0.0089,2010,87.39
17837,8,1541.23,192.65,510,2011-06-29 16:44:00,2011-10-28 16:13:00,Repeat,0.0089,2011,87.4
13310,5,1541.2,308.24,816,2010-11-02 17:03:00,2011-11-11 17:23:00,Repeat,0.0089,2012,87.41
15987,8,1535.99,192.0,1599,2010-11-25 12:56:00,2011-11-27 15:38:00,Repeat,0.0088,2013,87.42
15798,3,1535.37,511.79,915,2010-01-27 11:55:00,2010-08-04 09:13:00,Repeat,0.0088,2014,87.43
14695,3,1534.22,511.41,661,2009-12-07 11:05:00,2010-07-08 14:18:00,Repeat,0.0088,2015,87.44
18252,7,1533.69,219.1,932,2009-12-18 16:13:00,2011-10-20 12:43:00,Repeat,0.0088,2016,87.45
16491,2,1533.16,766.58,1060,2010-10-22 15:42:00,2011-10-24 10:18:00,Repeat,0.0088,2017,87.46
14567,2,1530.36,765.18,412,2011-08-01 13:48:00,2011-10-14 10:21:00,Repeat,0.0088,2018,87.46
15701,4,1529.0,382.25,912,2011-08-21 12:36:00,2011-12-07 14:39:00,Repeat,0.0088,2019,87.47
17990,6,1527.61,254.6,777,2009-12-07 15:19:00,2011-04-17 11:44:00,Repeat,0.0088,2020,87.48
12926,4,1523.97,380.99,754,2009-12-14 14:35:00,2010-10-24 15:57:00,Repeat,0.0088,2021,87.49
16244,2,1522.75,761.38,855,2010-12-02 11:41:00,2011-05-12 10:18:00,Repeat,0.0088,2022,87.5
15587,7,1522.08,217.44,528,2010-08-05 08:44:00,2011-10-20 13:37:00,Repeat,0.0088,2023,87.51
16066,5,1521.04,304.21,935,2011-08-07 14:33:00,2011-11-23 11:54:00,Repeat,0.0088,2024,87.52
14055,3,1520.96,506.99,720,2009-12-16 15:11:00,2011-08-25 15:04:00,Repeat,0.0088,2025,87.53
14264,6,1517.36,252.89,553,2010-04-07 13:21:00,2011-07-08 10:20:00,Repeat,0.0087,2026,87.53
14068,4,1516.72,379.18,510,2010-01-31 10:10:00,2011-01-23 16:02:00,Repeat,0.0087,2027,87.54
14267,3,1516.24,505.41,530,2011-03-24 11:38:00,2011-06-30 10:09:00,Repeat,0.0087,2028,87.55
13791,2,1516.0,758.0,1200,2011-06-24 16:38:00,2011-08-04 11:44:00,Repeat,0.0087,2029,87.56
14220,4,1515.0,378.75,468,2010-05-19 13:26:00,2011-04-06 13:23:00,Repeat,0.0087,2030,87.57
14682,6,1514.81,252.47,949,2010-02-05 14:47:00,2011-06-05 12:12:00,Repeat,0.0087,2031,87.58
17764,5,1513.57,302.71,674,2009-12-03 14:28:00,2011-10-20 11:03:00,Repeat,0.0087,2032,87.59
17610,5,1511.94,302.39,893,2009-12-06 16:07:00,2010-06-17 16:34:00,Repeat,0.0087,2033,87.6
17977,2,1511.45,755.72,1948,2010-11-04 14:26:00,2011-11-10 13:28:00,Repeat,0.0087,2034,87.6
16037,5,1509.34,301.87,766,2010-03-01 12:31:00,2011-03-15 09:13:00,Repeat,0.0087,2035,87.61
15948,3,1509.09,503.03,852,2010-10-11 12:16:00,2011-12-01 15:32:00,Repeat,0.0087,2036,87.62
16910,8,1508.96,188.62,884,2011-09-09 14:14:00,2011-12-05 12:51:00,Repeat,0.0087,2037,87.63
13158,5,1508.18,301.64,992,2010-11-16 17:12:00,2011-09-06 11:58:00,Repeat,0.0087,2038,87.64
15261,4,1508.0,377.0,806,2010-10-01 11:59:00,2011-07-27 15:20:00,Repeat,0.0087,2039,87.65
17179,6,1507.26,251.21,625,2010-05-26 11:22:00,2011-06-14 16:48:00,Repeat,0.0087,2040,87.66
18022,5,1507.25,301.45,1311,2010-06-11 13:59:00,2011-11-04 12:45:00,Repeat,0.0087,2041,87.66
15110,6,1505.85,250.98,337,2010-08-11 15:49:00,2011-11-16 11:16:00,Repeat,0.0087,2042,87.67
16450,3,1505.73,501.91,681,2010-02-21 15:46:00,2011-07-13 11:47:00,Repeat,0.0087,2043,87.68
14802,2,1502.98,751.49,2,2010-09-27 16:32:00,2010-09-27 16:34:00,Repeat,0.0087,2044,87.69
13810,3,1499.01,499.67,312,2011-10-14 12:57:00,2011-11-11 08:33:00,Repeat,0.0086,2045,87.7
16714,4,1497.33,374.33,828,2010-02-07 11:17:00,2011-05-05 11:09:00,Repeat,0.0086,2046,87.71
15590,5,1496.6,299.32,832,2010-04-12 10:09:00,2010-11-22 14:49:00,Repeat,0.0086,2047,87.72
16340,3,1496.24,498.75,1319,2010-06-06 13:26:00,2011-08-24 14:53:00,Repeat,0.0086,2048,87.73
15173,7,1494.6,213.51,840,2010-04-01 12:26:00,2010-11-24 10:21:00,Repeat,0.0086,2049,87.73
14894,3,1492.81,497.6,603,2009-12-02 10:42:00,2011-09-15 13:51:00,Repeat,0.0086,2050,87.74
16239,6,1492.2,248.7,692,2010-09-02 19:17:00,2011-10-14 08:29:00,Repeat,0.0086,2051,87.75
16314,3,1491.4,497.13,636,2010-08-24 11:52:00,2010-11-15 12:06:00,Repeat,0.0086,2052,87.76
18268,6,1490.23,248.37,711,2009-12-11 10:27:00,2011-07-28 19:13:00,Repeat,0.0086,2053,87.77
13042,3,1488.59,496.2,812,2009-12-07 15:42:00,2010-04-20 13:43:00,Repeat,0.0086,2054,87.78
17290,8,1487.96,186.0,1139,2009-12-13 13:28:00,2011-12-06 12:38:00,Repeat,0.0086,2055,87.79
14609,10,1486.2,148.62,12720,2010-02-09 09:48:00,2011-09-28 12:54:00,Repeat,0.0086,2056,87.79
16654,8,1484.07,185.51,640,2010-04-06 13:29:00,2011-07-21 15:23:00,Repeat,0.0085,2057,87.8
15630,3,1481.4,493.8,987,2010-03-05 14:30:00,2011-10-25 15:36:00,Repeat,0.0085,2058,87.81
15101,6,1477.94,246.32,676,2010-04-28 15:00:00,2011-12-01 10:18:00,Repeat,0.0085,2059,87.82
13240,8,1475.79,184.47,709,2010-02-25 13:17:00,2011-09-04 14:08:00,Repeat,0.0085,2060,87.83
14246,3,1474.06,491.35,804,2011-04-08 08:25:00,2011-08-21 11:50:00,Repeat,0.0085,2061,87.84
16907,9,1470.89,163.43,451,2010-07-01 17:30:00,2011-11-10 18:04:00,Repeat,0.0085,2062,87.84
17590,3,1468.02,489.34,822,2011-10-30 14:05:00,2011-12-07 12:55:00,Repeat,0.0084,2063,87.85
13500,4,1466.3,366.57,838,2010-11-03 13:16:00,2011-11-16 15:35:00,Repeat,0.0084,2064,87.86
16419,8,1463.7,182.96,701,2010-02-09 13:26:00,2011-08-19 12:33:00,Repeat,0.0084,2065,87.87
12882,2,1463.04,731.52,246,2011-11-06 11:22:00,2011-11-30 16:18:00,Repeat,0.0084,2066,87.88
16586,3,1462.78,487.59,348,2010-03-14 11:24:00,2011-04-05 09:32:00,Repeat,0.0084,2067,87.89
18196,4,1457.19,364.3,1038,2010-03-17 14:55:00,2011-09-05 16:22:00,Repeat,0.0084,2068,87.9
16835,6,1456.66,242.78,496,2010-05-19 08:41:00,2011-08-03 13:50:00,Repeat,0.0084,2069,87.9
14829,7,1455.87,207.98,957,2010-09-29 13:14:00,2011-11-10 16:16:00,Repeat,0.0084,2070,87.91
15071,4,1455.56,363.89,416,2010-05-18 12:45:00,2011-09-07 11:43:00,Repeat,0.0084,2071,87.92
16569,5,1455.23,291.05,988,2009-12-16 15:05:00,2011-12-06 15:32:00,Repeat,0.0084,2072,87.93
13649,6,1453.68,242.28,782,2010-06-30 16:35:00,2011-03-28 11:51:00,Repeat,0.0084,2073,87.94
12970,10,1453.6,145.36,954,2009-12-04 14:19:00,2011-12-02 14:30:00,Repeat,0.0084,2074,87.95
17259,6,1452.39,242.07,844,2010-02-22 13:38:00,2011-07-14 15:01:00,Repeat,0.0084,2075,87.95
13165,3,1451.16,483.72,1736,2010-10-22 17:04:00,2011-10-24 15:05:00,Repeat,0.0084,2076,87.96
13361,2,1450.5,725.25,324,2010-04-01 07:49:00,2010-08-24 14:56:00,Repeat,0.0083,2077,87.97
14657,6,1450.19,241.7,879,2010-09-30 19:57:00,2011-11-22 12:47:00,Repeat,0.0083,2078,87.98
16121,5,1450.04,290.01,879,2010-05-23 10:52:00,2011-10-13 12:59:00,Repeat,0.0083,2079,87.99
15876,2,1449.14,724.57,886,2010-09-17 15:26:00,2010-10-26 18:58:00,Repeat,0.0083,2080,88.0
13023,3,1449.03,483.01,585,2010-06-29 09:51:00,2011-10-06 16:27:00,Repeat,0.0083,2081,88.0
15076,3,1447.74,482.58,866,2010-07-05 14:11:00,2011-06-20 08:23:00,Repeat,0.0083,2082,88.01
17582,5,1446.95,289.39,603,2010-03-26 12:23:00,2011-04-17 13:18:00,Repeat,0.0083,2083,88.02
17073,4,1446.09,361.52,759,2011-08-22 14:37:00,2011-11-22 11:47:00,Repeat,0.0083,2084,88.03
13583,2,1445.03,722.52,1097,2010-01-29 13:53:00,2011-07-07 10:40:00,Repeat,0.0083,2085,88.04
15636,4,1444.58,361.14,560,2010-05-19 11:37:00,2011-09-11 11:17:00,Repeat,0.0083,2086,88.05
17175,4,1443.69,360.92,866,2011-02-16 14:56:00,2011-10-26 15:31:00,Repeat,0.0083,2087,88.05
17734,6,1442.32,240.39,741,2010-03-07 13:55:00,2011-10-17 12:33:00,Repeat,0.0083,2088,88.06
18106,6,1441.06,240.18,506,2010-01-15 11:36:00,2011-01-14 12:23:00,Repeat,0.0083,2089,88.07
18066,3,1440.4,480.13,535,2010-10-20 11:42:00,2011-09-25 15:30:00,Repeat,0.0083,2090,88.08
13543,2,1439.61,719.81,329,2010-01-21 14:30:00,2010-03-15 13:34:00,Repeat,0.0083,2091,88.09
14071,8,1437.57,179.7,994,2011-03-20 11:33:00,2011-12-06 12:27:00,Repeat,0.0083,2092,88.1
16088,2,1437.43,718.71,373,2010-04-27 10:56:00,2010-05-13 10:16:00,Repeat,0.0083,2093,88.1
13278,4,1435.85,358.96,1358,2010-04-08 11:59:00,2011-10-30 11:49:00,Repeat,0.0083,2094,88.11
12805,4,1434.95,358.74,593,2010-02-03 09:06:00,2010-11-23 12:27:00,Repeat,0.0083,2095,88.12
16140,3,1433.46,477.82,1272,2010-09-24 12:03:00,2011-10-05 12:15:00,Repeat,0.0083,2096,88.13
12389,3,1433.33,477.78,614,2010-02-22 10:15:00,2010-11-02 11:52:00,Repeat,0.0082,2097,88.14
17941,4,1433.28,358.32,1108,2010-01-06 15:37:00,2011-08-01 08:30:00,Repeat,0.0082,2098,88.14
13531,6,1433.07,238.84,497,2009-12-03 15:20:00,2011-05-18 16:56:00,Repeat,0.0082,2099,88.15
13475,4,1431.78,357.94,1012,2011-02-14 12:36:00,2011-06-01 13:52:00,Repeat,0.0082,2100,88.16
15427,3,1430.54,476.85,967,2011-10-23 14:47:00,2011-11-06 14:29:00,Repeat,0.0082,2101,88.17
15468,3,1430.48,476.83,1400,2010-11-12 09:39:00,2011-10-19 13:49:00,Repeat,0.0082,2102,88.18
14684,6,1430.03,238.34,1005,2010-11-14 14:07:00,2011-11-14 11:33:00,Repeat,0.0082,2103,88.19
13159,4,1429.35,357.34,1058,2011-08-16 11:44:00,2011-12-01 11:20:00,Repeat,0.0082,2104,88.19
15889,8,1427.6,178.45,800,2009-12-10 12:21:00,2011-07-06 11:10:00,Repeat,0.0082,2105,88.2
14412,3,1426.19,475.4,1428,2010-10-11 12:33:00,2011-10-28 10:45:00,Repeat,0.0082,2106,88.21
17411,5,1425.38,285.08,608,2009-12-03 12:02:00,2011-11-27 14:25:00,Repeat,0.0082,2107,88.22
18221,6,1424.94,237.49,1000,2010-11-14 15:46:00,2011-11-17 14:40:00,Repeat,0.0082,2108,88.23
16980,3,1422.83,474.28,990,2010-10-07 14:05:00,2011-03-29 16:36:00,Repeat,0.0082,2109,88.24
17438,5,1422.77,284.55,553,2010-03-08 16:53:00,2011-03-31 10:26:00,Repeat,0.0082,2110,88.24
15106,5,1422.52,284.5,1181,2011-03-15 12:52:00,2011-11-22 09:16:00,Repeat,0.0082,2111,88.25
16463,4,1422.4,355.6,1163,2011-05-19 14:45:00,2011-11-18 14:01:00,Repeat,0.0082,2112,88.26
14019,3,1421.61,473.87,1037,2011-07-24 15:39:00,2011-10-24 10:13:00,Repeat,0.0082,2113,88.27
15799,4,1421.34,355.33,1341,2010-10-17 14:26:00,2011-09-25 12:46:00,Repeat,0.0082,2114,88.28
16173,6,1418.32,236.39,575,2011-09-02 15:23:00,2011-11-24 10:53:00,Repeat,0.0082,2115,88.28
17856,4,1418.03,354.51,842,2011-03-03 11:40:00,2011-12-08 09:40:00,Repeat,0.0082,2116,88.29
15223,5,1417.95,283.59,385,2009-12-05 11:19:00,2011-04-28 11:31:00,Repeat,0.0082,2117,88.3
16245,3,1413.66,471.22,1014,2011-03-28 09:30:00,2011-11-16 10:14:00,Repeat,0.0081,2118,88.31
17496,4,1412.89,353.22,675,2010-01-14 13:36:00,2010-12-16 08:39:00,Repeat,0.0081,2119,88.32
15237,4,1412.32,353.08,1071,2011-04-26 15:04:00,2011-12-08 09:46:00,Repeat,0.0081,2120,88.33
16848,4,1411.62,352.91,780,2010-10-03 11:01:00,2011-10-18 08:42:00,Repeat,0.0081,2121,88.33
15444,2,1411.21,705.61,759,2011-10-30 16:12:00,2011-11-30 17:37:00,Repeat,0.0081,2122,88.34
16906,7,1410.92,201.56,590,2010-05-13 13:23:00,2011-09-19 11:49:00,Repeat,0.0081,2123,88.35
17714,5,1410.18,282.04,608,2010-07-14 10:41:00,2011-01-23 10:32:00,Repeat,0.0081,2124,88.36
17545,6,1409.86,234.98,682,2010-05-11 10:04:00,2011-10-27 14:04:00,Repeat,0.0081,2125,88.37
16854,2,1408.96,704.48,997,2010-03-09 14:32:00,2010-10-18 16:31:00,Repeat,0.0081,2126,88.37
13049,4,1408.24,352.06,620,2010-11-03 15:39:00,2011-10-06 15:31:00,Repeat,0.0081,2127,88.38
12695,7,1407.12,201.02,454,2010-02-12 13:22:00,2011-12-02 13:22:00,Repeat,0.0081,2128,88.39
15652,5,1405.94,281.19,657,2010-08-11 16:58:00,2011-09-09 14:22:00,Repeat,0.0081,2129,88.4
14909,3,1404.68,468.23,888,2010-02-14 15:47:00,2010-09-28 16:56:00,Repeat,0.0081,2130,88.41
12765,6,1404.58,234.1,1009,2010-03-08 09:43:00,2010-08-24 13:51:00,Repeat,0.0081,2131,88.41
18189,3,1403.73,467.91,836,2010-03-24 09:57:00,2011-09-23 12:40:00,Repeat,0.0081,2132,88.42
15186,5,1403.2,280.64,716,2010-01-12 10:14:00,2011-11-25 14:58:00,Repeat,0.0081,2133,88.43
13259,9,1402.54,155.84,503,2010-01-10 10:26:00,2011-10-09 10:48:00,Repeat,0.0081,2134,88.44
14687,3,1402.06,467.35,850,2010-06-06 10:36:00,2011-08-25 11:59:00,Repeat,0.0081,2135,88.45
18202,3,1396.99,465.66,581,2011-02-01 13:36:00,2011-05-24 12:12:00,Repeat,0.008,2136,88.45
16129,3,1396.05,465.35,1261,2010-07-20 12:32:00,2010-10-28 14:29:00,Repeat,0.008,2137,88.46
15322,2,1390.86,695.43,971,2010-08-20 13:10:00,2011-09-15 09:34:00,Repeat,0.008,2138,88.47
15141,7,1388.47,198.35,1197,2010-03-28 15:58:00,2010-09-08 11:33:00,Repeat,0.008,2139,88.48
12952,4,1387.79,346.95,653,2011-09-22 16:37:00,2011-12-04 10:35:00,Repeat,0.008,2140,88.49
13382,5,1387.58,277.52,863,2009-12-08 09:56:00,2011-03-04 10:03:00,Repeat,0.008,2141,88.49
15996,7,1386.4,198.06,643,2010-11-07 15:49:00,2011-09-12 15:14:00,Repeat,0.008,2142,88.5
16167,5,1386.12,277.22,1494,2009-12-01 10:46:00,2010-10-21 15:33:00,Repeat,0.008,2143,88.51
18167,3,1384.86,461.62,382,2011-08-26 11:40:00,2011-11-16 15:56:00,Repeat,0.008,2144,88.52
13572,1,1384.25,1384.25,534,2011-05-18 11:59:00,2011-05-18 11:59:00,One-time,0.008,2145,88.53
14116,5,1382.74,276.55,707,2011-08-10 12:44:00,2011-11-20 10:29:00,Repeat,0.008,2146,88.53
16389,4,1382.07,345.52,1242,2011-03-01 15:47:00,2011-10-17 14:41:00,Repeat,0.008,2147,88.54
14861,10,1380.73,138.07,1076,2009-12-08 12:12:00,2011-10-18 12:54:00,Repeat,0.0079,2148,88.55
15751,11,1380.44,125.49,443,2009-12-06 13:08:00,2010-09-05 12:44:00,Repeat,0.0079,2149,88.56
13821,6,1379.08,229.85,477,2010-01-04 13:36:00,2011-07-18 09:49:00,Repeat,0.0079,2150,88.57
17878,3,1378.93,459.64,1014,2010-11-09 13:50:00,2011-10-27 11:24:00,Repeat,0.0079,2151,88.57
13074,4,1378.74,344.69,826,2009-12-16 11:46:00,2010-07-16 16:53:00,Repeat,0.0079,2152,88.58
12886,2,1378.4,689.2,770,2011-05-04 11:21:00,2011-10-03 10:09:00,Repeat,0.0079,2153,88.59
16727,4,1377.77,344.44,1066,2010-01-20 10:48:00,2010-12-10 13:48:00,Repeat,0.0079,2154,88.6
14853,5,1376.87,275.37,345,2010-04-13 09:26:00,2011-11-15 16:56:00,Repeat,0.0079,2155,88.61
14662,7,1376.43,196.63,907,2009-12-03 16:47:00,2011-11-11 12:13:00,Repeat,0.0079,2156,88.61
15580,8,1375.39,171.92,955,2010-02-07 11:21:00,2010-11-28 11:00:00,Repeat,0.0079,2157,88.62
13579,5,1374.34,274.87,718,2010-02-18 13:53:00,2011-11-25 08:41:00,Repeat,0.0079,2158,88.63
14265,4,1373.35,343.34,715,2010-04-06 14:39:00,2011-08-22 13:32:00,Repeat,0.0079,2159,88.64
14434,6,1372.8,228.8,368,2011-09-28 15:31:00,2011-11-18 08:56:00,Repeat,0.0079,2160,88.65
15453,7,1371.77,195.97,837,2011-06-05 12:37:00,2011-12-08 10:59:00,Repeat,0.0079,2161,88.65
14538,5,1370.84,274.17,284,2010-01-25 15:42:00,2011-10-06 10:31:00,Repeat,0.0079,2162,88.66
13155,6,1370.48,228.41,741,2010-08-05 09:30:00,2011-11-06 15:41:00,Repeat,0.0079,2163,88.67
14316,5,1370.34,274.07,4494,2010-03-19 15:18:00,2010-10-13 16:31:00,Repeat,0.0079,2164,88.68
12533,2,1367.89,683.94,704,2009-12-01 11:50:00,2010-03-22 10:56:00,Repeat,0.0079,2165,88.69
16300,3,1367.32,455.77,643,2010-02-02 11:40:00,2010-10-05 13:14:00,Repeat,0.0079,2166,88.69
13035,3,1364.2,454.73,926,2010-10-04 15:41:00,2011-09-27 08:57:00,Repeat,0.0079,2167,88.7
14577,7,1364.15,194.88,569,2009-12-11 12:09:00,2011-11-27 12:47:00,Repeat,0.0079,2168,88.71
14114,7,1364.09,194.87,650,2010-04-12 11:07:00,2011-03-11 09:42:00,Repeat,0.0079,2169,88.72
13760,5,1363.64,272.73,623,2010-04-25 13:10:00,2011-10-16 16:13:00,Repeat,0.0078,2170,88.72
16588,4,1361.28,340.32,882,2010-05-14 13:43:00,2010-11-18 17:56:00,Repeat,0.0078,2171,88.73
13396,2,1360.99,680.5,600,2011-01-24 13:37:00,2011-11-10 16:59:00,Repeat,0.0078,2172,88.74
13919,4,1360.68,340.17,1133,2010-06-17 09:30:00,2011-10-11 14:24:00,Repeat,0.0078,2173,88.75
16384,4,1358.95,339.74,861,2010-04-28 14:01:00,2011-09-11 11:19:00,Repeat,0.0078,2174,88.76
17150,6,1357.95,226.33,397,2009-12-06 10:51:00,2010-11-28 11:27:00,Repeat,0.0078,2175,88.76
17429,5,1357.46,271.49,1286,2010-10-06 12:30:00,2011-08-03 13:22:00,Repeat,0.0078,2176,88.77
12875,5,1356.99,271.4,5187,2010-01-11 12:37:00,2011-07-19 15:30:00,Repeat,0.0078,2177,88.78
17054,5,1356.33,271.27,804,2011-04-08 13:14:00,2011-11-11 12:56:00,Repeat,0.0078,2178,88.79
15116,4,1352.75,338.19,648,2011-05-19 08:50:00,2011-11-22 12:25:00,Repeat,0.0078,2179,88.79
16079,3,1352.0,450.67,864,2011-10-30 13:06:00,2011-11-23 12:48:00,Repeat,0.0078,2180,88.8
16367,3,1350.48,450.16,1103,2010-11-21 13:23:00,2011-11-02 13:13:00,Repeat,0.0078,2181,88.81
17025,5,1349.67,269.93,885,2010-03-08 13:37:00,2011-10-10 09:06:00,Repeat,0.0078,2182,88.82
14847,3,1348.95,449.65,533,2010-05-24 12:29:00,2011-07-14 10:52:00,Repeat,0.0078,2183,88.83
15411,4,1348.93,337.23,529,2011-06-10 12:30:00,2011-11-13 15:19:00,Repeat,0.0078,2184,88.83
16669,3,1348.88,449.63,881,2011-09-22 14:13:00,2011-11-16 12:26:00,Repeat,0.0078,2185,88.84
12646,2,1346.97,673.48,897,2011-10-21 12:52:00,2011-12-05 10:14:00,Repeat,0.0078,2186,88.85
14320,5,1346.75,269.35,713,2010-01-21 11:44:00,2011-05-17 09:24:00,Repeat,0.0078,2187,88.86
13639,2,1346.27,673.13,997,2010-09-29 10:05:00,2011-09-26 13:36:00,Repeat,0.0077,2188,88.86
15398,2,1345.53,672.77,769,2011-09-22 14:56:00,2011-11-23 16:47:00,Repeat,0.0077,2189,88.87
12426,2,1345.21,672.61,584,2010-02-15 08:41:00,2011-05-29 12:26:00,Repeat,0.0077,2190,88.88
14550,4,1345.06,336.26,771,2010-08-13 12:05:00,2011-11-29 12:12:00,Repeat,0.0077,2191,88.89
12463,4,1344.78,336.19,776,2011-04-12 12:47:00,2011-10-17 13:44:00,Repeat,0.0077,2192,88.9
15154,3,1343.72,447.91,333,2010-08-18 17:41:00,2011-09-25 16:05:00,Repeat,0.0077,2193,88.9
14618,7,1342.32,191.76,704,2010-06-11 10:11:00,2011-11-30 13:45:00,Repeat,0.0077,2194,88.91
18085,4,1341.85,335.46,507,2010-03-21 11:57:00,2011-01-13 15:17:00,Repeat,0.0077,2195,88.92
13743,7,1341.6,191.66,1776,2011-03-25 14:46:00,2011-12-07 10:09:00,Repeat,0.0077,2196,88.93
17499,2,1341.39,670.69,1086,2010-05-27 09:59:00,2011-02-23 09:14:00,Repeat,0.0077,2197,88.93
17951,4,1340.58,335.15,780,2010-10-31 15:15:00,2011-10-31 12:30:00,Repeat,0.0077,2198,88.94
12620,3,1339.41,446.47,1181,2011-05-19 12:10:00,2011-11-25 10:20:00,Repeat,0.0077,2199,88.95
12711,2,1339.05,669.52,770,2010-02-01 11:30:00,2010-04-07 11:59:00,Repeat,0.0077,2200,88.96
12591,3,1338.95,446.32,653,2010-10-27 10:42:00,2011-01-26 14:35:00,Repeat,0.0077,2201,88.96
13803,3,1338.91,446.3,831,2010-03-31 10:00:00,2011-03-29 12:57:00,Repeat,0.0077,2202,88.97
13506,5,1338.08,267.62,942,2010-09-05 12:33:00,2011-01-27 13:53:00,Repeat,0.0077,2203,88.98
13220,5,1336.09,267.22,396,2010-05-13 10:35:00,2011-09-22 13:38:00,Repeat,0.0077,2204,88.99
12919,6,1335.19,222.53,673,2011-06-23 09:22:00,2011-12-01 13:47:00,Repeat,0.0077,2205,89.0
17033,4,1332.79,333.2,871,2010-11-07 12:55:00,2011-09-14 14:34:00,Repeat,0.0077,2206,89.0
17932,3,1331.57,443.86,789,2011-05-12 13:58:00,2011-11-10 19:49:00,Repeat,0.0077,2207,89.01
14899,1,1331.38,1331.38,570,2010-11-09 15:20:00,2010-11-09 15:20:00,One-time,0.0077,2208,89.02
16295,4,1328.55,332.14,841,2011-10-06 10:45:00,2011-11-30 08:17:00,Repeat,0.0076,2209,89.03
13232,7,1328.35,189.76,773,2011-04-10 13:48:00,2011-11-27 10:39:00,Repeat,0.0076,2210,89.03
14712,4,1328.07,332.02,411,2010-10-17 14:49:00,2011-11-10 12:59:00,Repeat,0.0076,2211,89.04
15146,2,1327.16,663.58,1473,2011-02-21 13:07:00,2011-06-28 12:09:00,Repeat,0.0076,2212,89.05
14956,1,1325.0,1325.0,2500,2010-10-14 16:40:00,2010-10-14 16:40:00,One-time,0.0076,2213,89.06
12960,4,1322.07,330.52,1379,2010-02-16 13:32:00,2010-10-22 09:31:00,Repeat,0.0076,2214,89.06
14591,4,1320.21,330.05,1228,2011-05-10 14:09:00,2011-11-24 13:57:00,Repeat,0.0076,2215,89.07
12526,3,1316.66,438.89,632,2011-09-06 14:19:00,2011-12-09 12:09:00,Repeat,0.0076,2216,89.08
14921,2,1316.07,658.03,953,2011-05-22 12:51:00,2011-11-09 13:17:00,Repeat,0.0076,2217,89.09
14511,5,1314.81,262.96,784,2011-07-29 12:13:00,2011-11-28 17:05:00,Repeat,0.0076,2218,89.09
14973,3,1314.45,438.15,369,2011-04-28 12:22:00,2011-08-24 15:51:00,Repeat,0.0076,2219,89.1
16296,4,1313.67,328.42,645,2009-12-18 12:03:00,2010-03-23 13:11:00,Repeat,0.0076,2220,89.11
13282,4,1313.19,328.3,410,2010-10-29 14:11:00,2011-11-21 15:33:00,Repeat,0.0076,2221,89.12
12364,4,1313.1,328.27,1506,2011-08-19 15:24:00,2011-12-02 10:22:00,Repeat,0.0076,2222,89.13
16756,7,1312.37,187.48,707,2010-03-09 15:56:00,2011-05-09 09:33:00,Repeat,0.0076,2223,89.13
12639,3,1312.37,437.46,631,2010-03-22 09:05:00,2011-04-15 12:48:00,Repeat,0.0076,2224,89.14
12987,5,1312.21,262.44,585,2010-01-20 09:57:00,2011-09-27 12:03:00,Repeat,0.0076,2225,89.15
17027,9,1310.63,145.63,645,2009-12-10 12:10:00,2011-09-22 12:24:00,Repeat,0.0075,2226,89.16
13855,4,1310.34,327.59,575,2009-12-08 16:56:00,2010-07-27 09:53:00,Repeat,0.0075,2227,89.16
12717,3,1308.91,436.3,600,2010-04-28 14:34:00,2011-07-11 14:47:00,Repeat,0.0075,2228,89.17
16377,2,1308.48,654.24,2928,2010-04-01 10:36:00,2011-03-17 15:41:00,Repeat,0.0075,2229,89.18
13328,1,1308.48,1308.48,680,2011-01-27 15:22:00,2011-01-27 15:22:00,One-time,0.0075,2230,89.19
13846,4,1307.79,326.95,705,2010-11-05 09:47:00,2011-11-15 12:07:00,Repeat,0.0075,2231,89.19
16282,3,1307.58,435.86,790,2009-12-21 11:52:00,2011-01-04 11:42:00,Repeat,0.0075,2232,89.2
16894,3,1306.96,435.65,503,2010-06-22 14:21:00,2010-07-25 15:43:00,Repeat,0.0075,2233,89.21
15677,3,1305.63,435.21,675,2010-09-02 12:08:00,2011-10-21 15:36:00,Repeat,0.0075,2234,89.22
14297,4,1305.33,326.33,865,2011-03-10 08:31:00,2011-11-22 09:06:00,Repeat,0.0075,2235,89.22
15813,2,1303.91,651.95,603,2011-04-14 09:09:00,2011-05-16 08:13:00,Repeat,0.0075,2236,89.23
15400,8,1302.3,162.79,662,2010-05-28 08:33:00,2011-09-08 13:57:00,Repeat,0.0075,2237,89.24
16370,4,1301.91,325.48,640,2011-04-28 16:40:00,2011-09-18 15:55:00,Repeat,0.0075,2238,89.25
16574,3,1301.78,433.93,1002,2010-02-19 11:46:00,2011-09-29 13:39:00,Repeat,0.0075,2239,89.25
15108,4,1300.25,325.06,499,2011-04-26 10:54:00,2011-07-21 10:24:00,Repeat,0.0075,2240,89.26
14284,3,1299.65,433.22,510,2010-02-24 12:06:00,2011-11-09 08:11:00,Repeat,0.0075,2241,89.27
14480,4,1299.52,324.88,670,2009-12-21 16:32:00,2011-11-28 16:35:00,Repeat,0.0075,2242,89.28
16943,5,1299.49,259.9,147,2010-03-25 13:34:00,2011-05-12 11:57:00,Repeat,0.0075,2243,89.28
12488,3,1298.66,432.89,529,2011-09-25 10:34:00,2011-11-30 08:50:00,Repeat,0.0075,2244,89.29
16464,3,1298.66,432.89,952,2011-07-20 13:53:00,2011-11-20 12:11:00,Repeat,0.0075,2245,89.3
12372,3,1298.04,432.68,794,2011-02-16 12:46:00,2011-09-29 12:12:00,Repeat,0.0075,2246,89.31
18286,2,1296.43,648.22,608,2009-12-16 10:45:00,2010-08-20 11:57:00,Repeat,0.0075,2247,89.31
16929,7,1295.39,185.06,929,2011-07-07 12:39:00,2011-12-06 08:37:00,Repeat,0.0075,2248,89.32
13440,7,1295.25,185.04,573,2010-09-14 10:34:00,2010-10-12 13:11:00,Repeat,0.0075,2249,89.33
16212,4,1293.71,323.43,571,2010-02-07 15:26:00,2011-11-20 13:00:00,Repeat,0.0074,2250,89.34
15621,4,1293.03,323.26,501,2011-11-18 11:49:00,2011-12-05 14:01:00,Repeat,0.0074,2251,89.34
16777,5,1292.18,258.44,470,2010-03-17 12:42:00,2011-09-20 13:41:00,Repeat,0.0074,2252,89.35
15471,3,1292.01,430.67,670,2010-06-07 12:17:00,2011-12-07 14:12:00,Repeat,0.0074,2253,89.36
16744,7,1291.91,184.56,798,2011-06-19 15:13:00,2011-11-28 13:06:00,Repeat,0.0074,2254,89.36
17109,8,1291.71,161.46,788,2010-07-30 12:42:00,2011-11-10 16:59:00,Repeat,0.0074,2255,89.37
14619,2,1291.24,645.62,594,2010-06-16 14:41:00,2011-04-08 07:37:00,Repeat,0.0074,2256,89.38
14856,3,1290.53,430.18,711,2011-10-14 09:35:00,2011-11-03 14:53:00,Repeat,0.0074,2257,89.39
16372,5,1290.31,258.06,722,2010-04-11 15:20:00,2011-11-06 13:08:00,Repeat,0.0074,2258,89.39
15171,1,1289.5,1289.5,290,2011-01-12 15:36:00,2011-01-12 15:36:00,One-time,0.0074,2259,89.4
14679,3,1289.44,429.81,794,2009-12-08 17:13:00,2010-11-23 11:51:00,Repeat,0.0074,2260,89.41
15774,6,1288.34,214.72,465,2010-02-21 12:57:00,2011-10-02 12:04:00,Repeat,0.0074,2261,89.42
15136,4,1286.7,321.68,776,2011-09-04 16:05:00,2011-12-07 12:26:00,Repeat,0.0074,2262,89.42
16608,2,1286.62,643.31,612,2010-02-14 11:57:00,2010-09-12 11:44:00,Repeat,0.0074,2263,89.43
16949,6,1286.27,214.38,791,2011-01-27 12:11:00,2011-12-06 11:07:00,Repeat,0.0074,2264,89.44
13300,3,1285.51,428.5,455,2010-05-14 15:56:00,2011-06-23 13:09:00,Repeat,0.0074,2265,89.45
13617,8,1278.75,159.84,593,2010-08-01 15:23:00,2011-10-30 13:50:00,Repeat,0.0074,2266,89.45
17521,5,1278.06,255.61,806,2010-10-01 11:49:00,2011-11-10 11:22:00,Repeat,0.0074,2267,89.46
16951,3,1277.75,425.92,1318,2011-02-08 14:58:00,2011-07-28 12:05:00,Repeat,0.0074,2268,89.47
14478,4,1276.66,319.16,1226,2009-12-01 13:20:00,2010-11-22 15:29:00,Repeat,0.0073,2269,89.48
17034,5,1276.42,255.28,694,2010-07-14 12:55:00,2011-11-23 15:14:00,Repeat,0.0073,2270,89.48
13916,4,1275.81,318.95,673,2010-02-02 10:06:00,2010-09-02 10:04:00,Repeat,0.0073,2271,89.49
17142,4,1275.25,318.81,322,2010-01-24 15:23:00,2011-04-14 18:22:00,Repeat,0.0073,2272,89.5
14820,9,1274.76,141.64,724,2010-01-31 12:49:00,2011-11-18 15:41:00,Repeat,0.0073,2273,89.51
15809,7,1274.44,182.06,700,2010-06-22 14:23:00,2011-11-03 16:40:00,Repeat,0.0073,2274,89.51
14167,8,1274.29,159.29,340,2010-01-27 16:07:00,2011-10-31 14:29:00,Repeat,0.0073,2275,89.52
13138,7,1274.01,182.0,593,2010-11-08 11:45:00,2011-11-17 16:51:00,Repeat,0.0073,2276,89.53
14490,2,1273.47,636.74,933,2010-10-07 11:36:00,2010-10-29 15:04:00,Repeat,0.0073,2277,89.53
13443,6,1273.16,212.19,805,2010-01-31 13:30:00,2010-09-17 12:31:00,Repeat,0.0073,2278,89.54
17478,2,1272.8,636.4,516,2010-03-16 14:19:00,2010-10-27 15:01:00,Repeat,0.0073,2279,89.55
12394,2,1272.48,636.24,819,2011-05-06 14:01:00,2011-10-07 08:08:00,Repeat,0.0073,2280,89.56
17341,5,1272.21,254.44,831,2010-06-17 18:17:00,2011-07-06 12:33:00,Repeat,0.0073,2281,89.56
16222,2,1272.05,636.03,463,2009-12-18 14:31:00,2011-01-25 13:38:00,Repeat,0.0073,2282,89.57
12630,2,1270.88,635.44,548,2011-10-27 10:41:00,2011-11-30 10:48:00,Repeat,0.0073,2283,89.58
13492,3,1269.84,423.28,408,2011-05-09 10:06:00,2011-07-26 14:25:00,Repeat,0.0073,2284,89.59
15439,4,1269.05,317.26,572,2010-02-24 12:05:00,2010-10-31 10:38:00,Repeat,0.0073,2285,89.59
15584,6,1268.2,211.37,483,2010-02-07 12:16:00,2011-11-16 10:55:00,Repeat,0.0073,2286,89.6
13892,6,1267.65,211.27,3125,2010-05-13 10:32:00,2011-11-13 11:50:00,Repeat,0.0073,2287,89.61
17037,1,1267.32,1267.32,656,2011-09-13 12:49:00,2011-09-13 12:49:00,One-time,0.0073,2288,89.62
17531,3,1266.82,422.27,472,2010-03-31 12:57:00,2011-06-02 19:17:00,Repeat,0.0073,2289,89.62
14487,7,1266.27,180.9,761,2010-11-25 13:36:00,2011-11-13 12:17:00,Repeat,0.0073,2290,89.63
13515,6,1265.82,210.97,819,2010-03-05 11:58:00,2011-09-28 11:26:00,Repeat,0.0073,2291,89.64
17635,3,1265.58,421.86,770,2010-04-28 10:51:00,2010-10-11 15:12:00,Repeat,0.0073,2292,89.64
14379,4,1265.16,316.29,712,2010-08-16 15:31:00,2011-10-26 16:43:00,Repeat,0.0073,2293,89.65
16842,3,1264.19,421.4,693,2011-02-10 14:51:00,2011-08-31 10:42:00,Repeat,0.0073,2294,89.66
14427,4,1263.52,315.88,538,2010-03-18 09:49:00,2011-10-20 14:23:00,Repeat,0.0073,2295,89.67
17759,5,1261.88,252.38,965,2010-05-05 11:40:00,2011-11-22 16:02:00,Repeat,0.0073,2296,89.67
16688,4,1260.86,315.21,804,2011-10-10 12:23:00,2011-12-08 15:24:00,Repeat,0.0073,2297,89.68
14984,6,1260.51,210.09,348,2010-01-11 13:22:00,2011-11-20 14:28:00,Repeat,0.0073,2298,89.69
18035,5,1260.23,252.05,1134,2010-11-19 13:42:00,2011-11-04 12:39:00,Repeat,0.0073,2299,89.7
17343,6,1259.94,209.99,454,2009-12-03 18:30:00,2010-12-19 15:07:00,Repeat,0.0073,2300,89.7
12993,8,1259.63,157.45,751,2010-02-18 10:35:00,2011-11-16 15:49:00,Repeat,0.0072,2301,89.71
13689,2,1259.5,629.75,722,2010-09-21 10:27:00,2011-10-07 13:21:00,Repeat,0.0072,2302,89.72
15009,3,1259.43,419.81,639,2011-11-14 17:40:00,2011-11-27 13:35:00,Repeat,0.0072,2303,89.72
15651,5,1259.06,251.81,871,2010-04-22 13:26:00,2011-11-03 08:41:00,Repeat,0.0072,2304,89.73
14474,2,1258.89,629.44,448,2010-05-09 12:12:00,2011-10-24 13:26:00,Repeat,0.0072,2305,89.74
14931,5,1257.68,251.54,417,2011-04-13 09:32:00,2011-12-05 10:19:00,Repeat,0.0072,2306,89.75
12402,6,1256.9,209.48,584,2010-02-07 12:41:00,2011-01-20 13:49:00,Repeat,0.0072,2307,89.75
17481,4,1255.59,313.9,1061,2011-09-07 09:57:00,2011-12-06 12:28:00,Repeat,0.0072,2308,89.76
17862,4,1254.89,313.72,440,2010-05-25 17:22:00,2011-01-20 12:23:00,Repeat,0.0072,2309,89.77
14419,7,1254.64,179.23,552,2010-11-22 11:09:00,2011-11-29 11:22:00,Repeat,0.0072,2310,89.77
15064,4,1254.41,313.6,810,2009-12-22 16:17:00,2010-10-25 14:32:00,Repeat,0.0072,2311,89.78
15441,3,1254.21,418.07,587,2009-12-09 14:55:00,2010-11-08 15:50:00,Repeat,0.0072,2312,89.79
15664,4,1254.03,313.51,530,2010-02-28 12:50:00,2011-10-20 10:57:00,Repeat,0.0072,2313,89.8
16292,5,1253.76,250.75,688,2010-04-14 13:29:00,2011-08-10 12:24:00,Repeat,0.0072,2314,89.8
14725,4,1252.74,313.19,1335,2010-06-23 11:34:00,2011-11-15 12:42:00,Repeat,0.0072,2315,89.81
15579,5,1250.63,250.13,713,2010-10-03 14:37:00,2011-10-02 12:45:00,Repeat,0.0072,2316,89.82
15599,3,1250.06,416.69,1098,2010-09-20 10:15:00,2011-11-13 11:44:00,Repeat,0.0072,2317,89.83
18135,10,1249.62,124.96,753,2010-03-15 13:55:00,2011-11-10 19:32:00,Repeat,0.0072,2318,89.83
14020,4,1249.01,312.25,648,2010-06-28 15:29:00,2011-11-23 09:22:00,Repeat,0.0072,2319,89.84
12666,1,1248.42,1248.42,370,2010-11-10 16:40:00,2010-11-10 16:40:00,One-time,0.0072,2320,89.85
14383,3,1247.69,415.9,817,2011-06-29 10:18:00,2011-11-01 15:53:00,Repeat,0.0072,2321,89.85
12689,2,1247.61,623.81,628,2011-08-04 10:04:00,2011-11-14 08:31:00,Repeat,0.0072,2322,89.86
14240,3,1247.49,415.83,655,2010-10-12 12:48:00,2011-11-09 13:45:00,Repeat,0.0072,2323,89.87
13860,5,1245.9,249.18,591,2011-09-14 09:27:00,2011-12-08 12:57:00,Repeat,0.0072,2324,89.88
17076,6,1242.75,207.13,514,2009-12-04 12:12:00,2011-11-03 17:53:00,Repeat,0.0072,2325,89.88
17529,2,1240.25,620.13,790,2010-01-11 12:29:00,2010-04-08 17:51:00,Repeat,0.0071,2326,89.89
13863,4,1239.55,309.89,553,2010-04-25 13:09:00,2011-04-06 10:20:00,Repeat,0.0071,2327,89.9
12985,2,1239.38,619.69,1533,2011-11-11 12:44:00,2011-12-09 10:46:00,Repeat,0.0071,2328,89.9
17796,7,1236.39,176.63,347,2010-10-14 13:37:00,2011-10-30 15:38:00,Repeat,0.0071,2329,89.91
14231,4,1235.62,308.9,610,2010-09-15 09:52:00,2011-06-09 11:05:00,Repeat,0.0071,2330,89.92
13201,4,1233.06,308.26,1036,2010-03-07 11:01:00,2010-07-25 14:30:00,Repeat,0.0071,2331,89.93
12605,4,1232.95,308.24,929,2010-09-07 14:21:00,2010-11-28 14:18:00,Repeat,0.0071,2332,89.93
16527,2,1232.94,616.47,708,2010-10-11 13:25:00,2011-09-19 16:21:00,Repeat,0.0071,2333,89.94
16159,4,1232.79,308.2,635,2009-12-03 11:51:00,2011-03-03 12:27:00,Repeat,0.0071,2334,89.95
18080,2,1231.5,615.75,642,2011-04-11 10:10:00,2011-11-21 08:02:00,Repeat,0.0071,2335,89.95
16723,4,1231.36,307.84,958,2009-12-04 13:23:00,2011-09-09 13:01:00,Repeat,0.0071,2336,89.96
14821,7,1230.15,175.74,459,2010-02-01 13:33:00,2010-12-08 08:43:00,Repeat,0.0071,2337,89.97
12673,3,1230.02,410.01,700,2010-11-03 10:46:00,2011-12-04 13:55:00,Repeat,0.0071,2338,89.97
13019,6,1229.95,204.99,397,2009-12-06 15:40:00,2010-11-25 14:56:00,Repeat,0.0071,2339,89.98
14871,9,1228.17,136.46,446,2009-12-01 11:57:00,2011-12-06 13:42:00,Repeat,0.0071,2340,89.99
17342,4,1227.54,306.88,521,2010-02-08 09:16:00,2010-11-25 11:07:00,Repeat,0.0071,2341,90.0
12866,3,1227.35,409.12,553,2010-07-25 11:37:00,2011-03-01 14:11:00,Repeat,0.0071,2342,90.0
15800,7,1227.07,175.3,575,2010-03-31 13:17:00,2011-08-24 14:23:00,Repeat,0.0071,2343,90.01
13402,4,1226.85,306.71,917,2010-05-24 10:56:00,2011-08-04 15:51:00,Repeat,0.0071,2344,90.02
15269,3,1225.36,408.45,372,2010-11-14 12:58:00,2011-11-16 09:32:00,Repeat,0.0071,2345,90.02
15303,3,1224.18,408.06,514,2010-01-25 09:42:00,2011-02-22 13:59:00,Repeat,0.007,2346,90.03
14428,5,1224.06,244.81,428,2011-01-18 16:39:00,2011-12-02 13:17:00,Repeat,0.007,2347,90.04
13787,6,1222.5,203.75,998,2010-01-14 10:13:00,2011-09-25 12:06:00,Repeat,0.007,2348,90.05
16946,5,1222.04,244.41,509,2010-03-02 10:49:00,2010-11-21 14:06:00,Repeat,0.007,2349,90.05
15376,3,1221.56,407.19,615,2011-05-01 13:45:00,2011-10-30 15:04:00,Repeat,0.007,2350,90.06
17132,2,1220.91,610.45,963,2010-08-08 13:49:00,2010-09-13 16:31:00,Repeat,0.007,2351,90.07
14430,3,1220.9,406.97,446,2010-04-11 15:59:00,2010-07-16 11:35:00,Repeat,0.007,2352,90.07
15004,1,1220.77,1220.77,623,2011-07-15 14:05:00,2011-07-15 14:05:00,One-time,0.007,2353,90.08
13243,5,1220.38,244.08,554,2010-03-18 13:10:00,2011-05-20 13:14:00,Repeat,0.007,2354,90.09
13299,3,1218.7,406.23,416,2010-06-29 11:30:00,2011-03-16 12:55:00,Repeat,0.007,2355,90.09
13304,4,1217.99,304.5,716,2010-02-08 12:42:00,2010-12-23 14:35:00,Repeat,0.007,2356,90.1
14698,5,1217.27,243.45,602,2011-10-19 12:54:00,2011-12-08 12:26:00,Repeat,0.007,2357,90.11
15390,2,1216.66,608.33,894,2010-10-26 17:23:00,2010-11-08 15:19:00,Repeat,0.007,2358,90.12
14512,7,1215.97,173.71,736,2009-12-07 13:49:00,2011-06-05 12:39:00,Repeat,0.007,2359,90.12
15661,8,1215.95,151.99,779,2010-05-10 07:59:00,2011-01-26 13:56:00,Repeat,0.007,2360,90.13
17410,5,1214.72,242.94,616,2011-05-08 15:21:00,2011-11-23 15:46:00,Repeat,0.007,2361,90.14
13405,6,1213.81,202.3,855,2009-12-15 14:13:00,2011-09-26 17:01:00,Repeat,0.007,2362,90.14
18263,3,1213.16,404.39,1468,2011-04-01 11:48:00,2011-11-14 09:00:00,Repeat,0.007,2363,90.15
16872,6,1213.13,202.19,1079,2010-09-02 17:36:00,2011-09-23 16:05:00,Repeat,0.007,2364,90.16
13918,2,1212.84,606.42,1140,2011-03-31 18:05:00,2011-10-21 12:25:00,Repeat,0.007,2365,90.16
16653,2,1212.66,606.33,733,2011-09-29 13:38:00,2011-11-23 14:51:00,Repeat,0.007,2366,90.17
12464,8,1212.05,151.51,112,2011-02-03 13:30:00,2011-11-29 13:33:00,Repeat,0.007,2367,90.18
15377,4,1211.75,302.94,253,2010-10-20 11:42:00,2010-11-22 08:55:00,Repeat,0.007,2368,90.19
14193,3,1210.19,403.4,653,2010-11-08 12:31:00,2011-10-03 09:34:00,Repeat,0.007,2369,90.19
17653,4,1207.56,301.89,1409,2011-08-11 15:24:00,2011-11-03 12:46:00,Repeat,0.007,2370,90.2
16830,4,1207.5,301.88,699,2009-12-13 12:11:00,2011-11-01 11:35:00,Repeat,0.0069,2371,90.21
18193,3,1207.35,402.45,926,2010-09-23 13:33:00,2011-06-27 13:58:00,Repeat,0.0069,2372,90.21
16762,3,1207.24,402.41,480,2011-07-18 12:52:00,2011-11-20 11:43:00,Repeat,0.0069,2373,90.22
12742,1,1201.52,1201.52,1359,2010-03-24 12:43:00,2010-03-24 12:43:00,One-time,0.0069,2374,90.23
17360,6,1200.51,200.09,624,2010-10-01 12:07:00,2011-11-22 13:11:00,Repeat,0.0069,2375,90.23
14446,5,1200.28,240.06,1091,2010-11-18 12:08:00,2011-12-09 11:34:00,Repeat,0.0069,2376,90.24
15181,5,1200.2,240.04,688,2009-12-08 19:02:00,2011-10-04 13:58:00,Repeat,0.0069,2377,90.25
15600,4,1199.31,299.83,657,2010-04-25 11:50:00,2010-10-07 14:30:00,Repeat,0.0069,2378,90.25
17397,3,1198.28,399.43,691,2010-10-19 13:20:00,2011-11-17 14:08:00,Repeat,0.0069,2379,90.26
17713,4,1198.09,299.52,989,2010-06-09 09:33:00,2010-11-22 16:50:00,Repeat,0.0069,2380,90.27
16307,3,1194.92,398.31,1123,2010-05-11 14:40:00,2010-10-06 14:31:00,Repeat,0.0069,2381,90.28
15145,4,1194.73,298.68,756,2011-04-05 15:20:00,2011-12-05 17:21:00,Repeat,0.0069,2382,90.28
13723,6,1194.08,199.01,593,2010-04-07 14:32:00,2011-05-06 17:04:00,Repeat,0.0069,2383,90.29
14382,2,1193.63,596.82,1667,2010-11-14 16:32:00,2011-11-13 16:18:00,Repeat,0.0069,2384,90.3
14201,10,1193.54,119.35,806,2010-04-30 13:00:00,2011-10-10 13:27:00,Repeat,0.0069,2385,90.3
12611,1,1193.32,1193.32,846,2011-10-18 13:12:00,2011-10-18 13:12:00,One-time,0.0069,2386,90.31
13293,6,1192.94,198.82,555,2010-02-09 12:05:00,2010-11-12 13:28:00,Repeat,0.0069,2387,90.32
13976,4,1192.36,298.09,452,2010-02-09 13:08:00,2011-05-17 09:13:00,Repeat,0.0069,2388,90.32
14213,1,1192.2,1192.2,244,2010-10-31 10:37:00,2010-10-31 10:37:00,One-time,0.0069,2389,90.33
16501,1,1191.23,1191.23,628,2010-11-21 14:10:00,2010-11-21 14:10:00,One-time,0.0069,2390,90.34
13882,5,1191.13,238.23,953,2011-10-06 15:28:00,2011-12-07 11:16:00,Repeat,0.0069,2391,90.34
16471,4,1189.98,297.5,670,2010-02-25 10:07:00,2011-03-10 09:41:00,Repeat,0.0068,2392,90.35
12462,2,1189.59,594.79,536,2011-02-09 14:44:00,2011-11-21 09:11:00,Repeat,0.0068,2393,90.36
17239,4,1189.45,297.36,515,2010-07-01 10:53:00,2011-01-31 09:41:00,Repeat,0.0068,2394,90.36
14275,6,1189.38,198.23,538,2010-04-11 12:32:00,2010-11-09 09:06:00,Repeat,0.0068,2395,90.37
18057,3,1188.46,396.15,970,2010-01-18 12:42:00,2010-11-11 16:55:00,Repeat,0.0068,2396,90.38
15573,5,1188.42,237.68,770,2009-12-10 14:19:00,2011-11-08 11:38:00,Repeat,0.0068,2397,90.39
18181,5,1188.34,237.67,510,2009-12-04 15:30:00,2011-11-15 15:08:00,Repeat,0.0068,2398,90.39
15737,8,1188.12,148.51,597,2011-04-11 10:01:00,2011-11-25 11:21:00,Repeat,0.0068,2399,90.4
17800,9,1187.21,131.91,732,2011-01-09 13:50:00,2011-11-02 12:57:00,Repeat,0.0068,2400,90.41
13388,3,1185.65,395.22,701,2010-04-15 10:18:00,2011-07-31 12:52:00,Repeat,0.0068,2401,90.41
18060,2,1185.46,592.73,902,2010-05-24 08:34:00,2010-10-27 16:41:00,Repeat,0.0068,2402,90.42
14206,3,1185.01,395.0,930,2010-11-02 11:37:00,2011-04-14 16:38:00,Repeat,0.0068,2403,90.43
15259,4,1182.38,295.59,631,2010-01-26 09:41:00,2010-07-15 08:47:00,Repeat,0.0068,2404,90.43
17021,6,1182.22,197.04,992,2010-04-29 20:05:00,2010-09-23 20:01:00,Repeat,0.0068,2405,90.44
13526,2,1182.0,591.0,1911,2009-12-01 12:56:00,2009-12-01 13:13:00,Repeat,0.0068,2406,90.45
13395,3,1180.23,393.41,1660,2010-10-14 13:00:00,2011-06-07 15:04:00,Repeat,0.0068,2407,90.45
18277,5,1180.05,236.01,449,2010-08-02 10:26:00,2011-10-12 15:22:00,Repeat,0.0068,2408,90.46
17058,3,1179.89,393.3,592,2011-04-14 09:18:00,2011-09-19 10:13:00,Repeat,0.0068,2409,90.47
16614,3,1179.79,393.26,349,2010-05-10 15:18:00,2011-06-10 11:36:00,Repeat,0.0068,2410,90.47
16693,5,1179.48,235.9,658,2010-02-21 12:42:00,2011-10-02 11:10:00,Repeat,0.0068,2411,90.48
13797,3,1179.45,393.15,573,2010-03-02 12:17:00,2010-09-29 10:34:00,Repeat,0.0068,2412,90.49
16345,2,1178.79,589.39,611,2010-08-13 17:13:00,2011-10-26 16:03:00,Repeat,0.0068,2413,90.49
18025,6,1177.72,196.29,1053,2010-03-30 17:33:00,2010-11-25 12:37:00,Repeat,0.0068,2414,90.5
17539,4,1176.84,294.21,708,2009-12-13 12:36:00,2010-04-01 12:07:00,Repeat,0.0068,2415,90.51
13233,4,1176.46,294.12,1604,2010-01-14 14:10:00,2011-09-26 13:25:00,Repeat,0.0068,2416,90.51
15210,3,1176.19,392.06,841,2010-05-13 14:42:00,2011-04-28 16:11:00,Repeat,0.0068,2417,90.52
14370,6,1175.78,195.96,266,2010-02-01 08:35:00,2010-09-15 10:53:00,Repeat,0.0068,2418,90.53
15994,3,1175.68,391.89,462,2010-03-14 11:55:00,2011-10-16 12:28:00,Repeat,0.0068,2419,90.53
12885,3,1175.22,391.74,655,2011-08-08 11:45:00,2011-10-07 13:40:00,Repeat,0.0068,2420,90.54
15068,4,1174.9,293.73,832,2010-03-28 13:18:00,2011-10-24 14:47:00,Repeat,0.0068,2421,90.55
12640,3,1174.58,391.53,311,2011-09-19 12:01:00,2011-11-16 11:52:00,Repeat,0.0068,2422,90.56
14126,4,1172.46,293.12,887,2010-09-21 14:51:00,2011-12-02 11:45:00,Repeat,0.0067,2423,90.56
12691,7,1170.4,167.2,445,2010-10-15 12:00:00,2011-11-11 16:49:00,Repeat,0.0067,2424,90.57
18071,6,1169.68,194.95,678,2009-12-05 10:31:00,2011-03-27 11:59:00,Repeat,0.0067,2425,90.58
16926,5,1169.61,233.92,197,2010-07-01 12:57:00,2010-12-03 13:42:00,Repeat,0.0067,2426,90.58
17373,7,1167.5,166.79,738,2010-02-28 14:17:00,2011-10-30 15:28:00,Repeat,0.0067,2427,90.59
13497,6,1166.83,194.47,525,2010-02-08 10:27:00,2011-03-02 09:04:00,Repeat,0.0067,2428,90.6
17950,7,1166.29,166.61,659,2010-01-04 17:39:00,2011-09-28 15:18:00,Repeat,0.0067,2429,90.6
17664,4,1166.23,291.56,1058,2010-03-29 17:17:00,2011-11-21 11:29:00,Repeat,0.0067,2430,90.61
14693,7,1165.36,166.48,388,2010-07-02 08:28:00,2011-03-20 12:50:00,Repeat,0.0067,2431,90.62
14261,2,1163.45,581.73,406,2011-09-22 10:47:00,2011-10-20 10:04:00,Repeat,0.0067,2432,90.62
16800,1,1162.65,1162.65,524,2011-11-28 14:06:00,2011-11-28 14:06:00,One-time,0.0067,2433,90.63
15347,4,1162.0,290.5,542,2010-09-28 12:50:00,2010-12-08 15:25:00,Repeat,0.0067,2434,90.64
17525,3,1161.9,387.3,338,2010-10-07 09:12:00,2010-12-15 12:05:00,Repeat,0.0067,2435,90.64
12546,2,1161.5,580.75,633,2011-09-23 09:44:00,2011-10-24 12:09:00,Repeat,0.0067,2436,90.65
12972,4,1161.2,290.3,844,2010-02-16 14:30:00,2010-10-22 08:41:00,Repeat,0.0067,2437,90.66
13897,3,1160.72,386.91,820,2010-01-31 13:48:00,2011-10-20 14:30:00,Repeat,0.0067,2438,90.66
13459,2,1160.41,580.2,986,2010-01-26 13:35:00,2010-03-25 10:24:00,Repeat,0.0067,2439,90.67
15088,2,1160.07,580.04,460,2011-10-03 14:05:00,2011-11-18 13:14:00,Repeat,0.0067,2440,90.68
17978,4,1159.99,290.0,1297,2009-12-08 13:27:00,2010-12-09 14:05:00,Repeat,0.0067,2441,90.68
13601,4,1159.99,290.0,957,2010-06-11 15:03:00,2011-10-25 17:31:00,Repeat,0.0067,2442,90.69
16838,4,1159.61,289.9,509,2010-02-14 15:27:00,2011-05-26 13:13:00,Repeat,0.0067,2443,90.7
13499,5,1159.11,231.82,1365,2011-03-15 08:52:00,2011-11-22 11:21:00,Repeat,0.0067,2444,90.7
17513,3,1158.8,386.27,440,2010-08-17 15:08:00,2011-09-28 16:42:00,Repeat,0.0067,2445,90.71
16184,6,1158.79,193.13,561,2011-05-12 13:33:00,2011-10-06 17:43:00,Repeat,0.0067,2446,90.72
17169,3,1156.73,385.58,671,2010-05-10 13:00:00,2011-10-13 10:25:00,Repeat,0.0067,2447,90.72
14788,3,1156.32,385.44,719,2010-04-22 18:16:00,2011-12-02 17:06:00,Repeat,0.0067,2448,90.73
17127,5,1155.03,231.01,340,2009-12-04 15:18:00,2010-10-07 09:54:00,Repeat,0.0066,2449,90.74
16637,4,1154.47,288.62,927,2011-04-28 10:20:00,2011-11-07 13:17:00,Repeat,0.0066,2450,90.74
13462,5,1153.85,230.77,697,2009-12-14 09:48:00,2011-04-01 11:20:00,Repeat,0.0066,2451,90.75
14818,6,1153.56,192.26,543,2010-03-02 12:48:00,2011-09-27 11:01:00,Repeat,0.0066,2452,90.76
17984,5,1152.19,230.44,939,2009-12-01 11:51:00,2011-07-17 15:59:00,Repeat,0.0066,2453,90.76
14475,4,1151.15,287.79,541,2010-10-27 09:20:00,2011-09-29 10:46:00,Repeat,0.0066,2454,90.77
12475,2,1149.64,574.82,771,2010-10-26 08:49:00,2011-10-17 10:10:00,Repeat,0.0066,2455,90.78
12710,3,1149.02,383.01,851,2011-05-22 14:05:00,2011-09-04 12:00:00,Repeat,0.0066,2456,90.78
14308,2,1147.02,573.51,2,2010-06-08 16:39:00,2010-06-08 16:48:00,Repeat,0.0066,2457,90.79
15038,9,1146.53,127.39,381,2010-10-10 14:35:00,2011-10-12 11:33:00,Repeat,0.0066,2458,90.8
16766,2,1145.6,572.8,536,2011-03-11 13:34:00,2011-03-11 15:22:00,Repeat,0.0066,2459,90.8
17477,2,1144.3,572.15,225,2010-03-02 11:53:00,2010-04-06 10:06:00,Repeat,0.0066,2460,90.81
12769,1,1143.6,1143.6,356,2011-04-15 10:25:00,2011-04-15 10:25:00,One-time,0.0066,2461,90.82
17097,9,1143.36,127.04,582,2010-10-05 14:09:00,2011-12-07 17:05:00,Repeat,0.0066,2462,90.82
17770,5,1143.27,228.65,365,2011-03-02 13:35:00,2011-05-25 12:34:00,Repeat,0.0066,2463,90.83
14585,5,1143.27,228.65,630,2010-10-19 12:17:00,2011-10-20 14:33:00,Repeat,0.0066,2464,90.83
17201,4,1143.1,285.77,1004,2010-02-10 12:26:00,2011-10-17 11:55:00,Repeat,0.0066,2465,90.84
12439,2,1142.88,571.44,478,2009-12-14 08:40:00,2010-01-26 12:11:00,Repeat,0.0066,2466,90.85
17908,5,1142.47,228.49,670,2009-12-14 12:24:00,2010-12-01 11:45:00,Repeat,0.0066,2467,90.85
13856,11,1142.03,103.82,1105,2010-03-30 15:40:00,2011-06-24 10:03:00,Repeat,0.0066,2468,90.86
16270,1,1141.24,1141.24,688,2010-12-21 14:26:00,2010-12-21 14:26:00,One-time,0.0066,2469,90.87
16521,3,1140.11,380.04,1014,2010-03-01 13:22:00,2010-10-20 13:09:00,Repeat,0.0066,2470,90.87
15586,3,1139.1,379.7,1338,2010-01-08 10:02:00,2010-04-26 11:00:00,Repeat,0.0066,2471,90.88
17500,3,1138.0,379.33,17,2011-11-10 09:08:00,2011-11-22 14:25:00,Repeat,0.0065,2472,90.89
15879,4,1137.8,284.45,639,2009-12-17 19:54:00,2010-10-31 16:21:00,Repeat,0.0065,2473,90.89
17302,5,1135.63,227.13,575,2011-02-07 10:14:00,2011-11-25 09:36:00,Repeat,0.0065,2474,90.9
17866,3,1134.95,378.32,535,2009-12-14 16:01:00,2011-07-20 11:07:00,Repeat,0.0065,2475,90.91
13109,3,1134.03,378.01,757,2010-06-06 12:59:00,2011-10-11 10:16:00,Repeat,0.0065,2476,90.91
15022,5,1133.44,226.69,640,2010-01-31 16:02:00,2011-11-28 12:35:00,Repeat,0.0065,2477,90.92
16989,6,1133.25,188.88,1233,2011-07-12 09:11:00,2011-12-02 16:39:00,Repeat,0.0065,2478,90.93
18125,4,1131.75,282.94,800,2011-01-27 15:02:00,2011-11-10 12:29:00,Repeat,0.0065,2479,90.93
15500,4,1131.56,282.89,572,2011-09-19 13:47:00,2011-12-01 13:47:00,Repeat,0.0065,2480,90.94
13393,4,1131.45,282.86,662,2009-12-07 18:12:00,2010-05-05 09:34:00,Repeat,0.0065,2481,90.95
12616,3,1131.1,377.03,498,2010-11-16 11:38:00,2011-09-05 15:17:00,Repeat,0.0065,2482,90.95
15695,4,1131.04,282.76,484,2010-01-27 10:56:00,2011-03-18 08:32:00,Repeat,0.0065,2483,90.96
17622,2,1130.21,565.11,379,2010-04-20 13:38:00,2010-04-21 12:36:00,Repeat,0.0065,2484,90.97
13447,3,1129.14,376.38,584,2011-11-04 10:10:00,2011-11-16 13:38:00,Repeat,0.0065,2485,90.97
13145,7,1128.52,161.22,265,2010-04-19 11:11:00,2011-10-31 12:45:00,Repeat,0.0065,2486,90.98
14450,7,1128.44,161.21,522,2010-04-08 12:09:00,2011-06-12 10:46:00,Repeat,0.0065,2487,90.99
12373,3,1127.65,375.88,516,2010-02-04 12:08:00,2011-02-01 13:10:00,Repeat,0.0065,2488,90.99
14671,2,1127.45,563.73,571,2010-05-20 18:21:00,2010-06-08 13:39:00,Repeat,0.0065,2489,91.0
15969,5,1127.05,225.41,223,2010-07-05 13:10:00,2011-12-07 11:06:00,Repeat,0.0065,2490,91.0
12503,1,1126.0,1126.0,561,2010-05-04 13:59:00,2010-05-04 13:59:00,One-time,0.0065,2491,91.01
13167,5,1125.15,225.03,1007,2010-11-14 12:58:00,2011-11-21 12:24:00,Repeat,0.0065,2492,91.02
16306,7,1124.72,160.67,712,2010-10-01 09:36:00,2011-05-10 12:12:00,Repeat,0.0065,2493,91.02
14479,4,1124.71,281.18,562,2009-12-06 13:48:00,2011-03-31 09:07:00,Repeat,0.0065,2494,91.03
15882,8,1124.66,140.58,650,2009-12-10 15:33:00,2011-05-25 11:35:00,Repeat,0.0065,2495,91.04
13778,4,1124.49,281.12,511,2010-05-23 13:34:00,2011-08-28 15:25:00,Repeat,0.0065,2496,91.04
14917,2,1123.75,561.88,891,2010-04-22 09:44:00,2010-04-22 11:28:00,Repeat,0.0065,2497,91.05
17492,3,1122.42,374.14,450,2010-07-09 13:27:00,2011-04-05 15:21:00,Repeat,0.0065,2498,91.06
13486,3,1122.41,374.14,669,2011-07-07 17:19:00,2011-09-22 13:13:00,Repeat,0.0065,2499,91.06
17562,7,1122.38,160.34,817,2011-06-19 13:06:00,2011-11-25 14:21:00,Repeat,0.0065,2500,91.07
18218,4,1121.84,280.46,1028,2010-02-17 15:11:00,2011-05-12 12:53:00,Repeat,0.0065,2501,91.08
13368,4,1121.5,280.38,606,2010-10-12 10:43:00,2011-03-28 09:59:00,Repeat,0.0065,2502,91.08
13589,6,1120.74,186.79,293,2009-12-06 10:26:00,2011-11-25 12:10:00,Repeat,0.0065,2503,91.09
16955,6,1120.31,186.72,723,2010-01-31 11:38:00,2011-06-08 10:36:00,Repeat,0.0064,2504,91.1
17007,7,1120.1,160.01,717,2010-09-28 13:51:00,2011-10-20 10:47:00,Repeat,0.0064,2505,91.1
16354,5,1119.46,223.89,592,2010-04-27 13:33:00,2011-10-07 14:28:00,Repeat,0.0064,2506,91.11
17423,3,1118.95,372.98,790,2010-11-11 12:26:00,2011-10-24 13:36:00,Repeat,0.0064,2507,91.11
16430,7,1117.94,159.71,307,2010-01-27 12:45:00,2011-10-13 14:47:00,Repeat,0.0064,2508,91.12
17788,2,1117.9,558.95,211,2011-08-02 10:38:00,2011-09-27 10:09:00,Repeat,0.0064,2509,91.13
16278,3,1117.84,372.61,342,2010-07-28 15:40:00,2011-08-31 17:12:00,Repeat,0.0064,2510,91.13
16769,4,1117.05,279.26,295,2009-12-14 11:10:00,2011-03-24 13:41:00,Repeat,0.0064,2511,91.14
14080,5,1115.68,223.14,268,2009-12-02 15:01:00,2011-11-07 11:09:00,Repeat,0.0064,2512,91.15
13509,8,1114.72,139.34,1214,2010-07-20 12:10:00,2011-12-01 10:10:00,Repeat,0.0064,2513,91.15
14672,4,1113.14,278.29,646,2010-01-28 11:33:00,2011-04-19 10:19:00,Repeat,0.0064,2514,91.16
12679,4,1113.02,278.25,554,2011-03-01 12:26:00,2011-10-12 12:30:00,Repeat,0.0064,2515,91.17
12648,4,1112.0,278.0,518,2010-01-07 18:38:00,2011-07-08 11:55:00,Repeat,0.0064,2516,91.17
16139,5,1111.15,222.23,602,2009-12-03 13:51:00,2011-11-21 08:37:00,Repeat,0.0064,2517,91.18
16702,4,1110.83,277.71,692,2009-12-07 16:40:00,2010-10-20 14:10:00,Repeat,0.0064,2518,91.19
15069,1,1109.53,1109.53,520,2011-06-13 14:16:00,2011-06-13 14:16:00,One-time,0.0064,2519,91.19
15559,1,1109.4,1109.4,526,2010-05-20 14:06:00,2010-05-20 14:06:00,One-time,0.0064,2520,91.2
15828,1,1108.82,1108.82,367,2010-11-29 16:41:00,2010-11-29 16:41:00,One-time,0.0064,2521,91.2
15933,3,1107.46,369.15,885,2011-09-14 12:05:00,2011-11-18 13:14:00,Repeat,0.0064,2522,91.21
14375,3,1106.82,368.94,647,2010-06-16 14:34:00,2011-06-07 13:44:00,Repeat,0.0064,2523,91.22
14891,4,1106.73,276.68,788,2010-09-29 12:41:00,2011-07-14 18:08:00,Repeat,0.0064,2524,91.22
14102,5,1105.88,221.18,769,2011-10-26 12:46:00,2011-12-04 15:38:00,Repeat,0.0064,2525,91.23
12434,3,1103.43,367.81,532,2010-11-23 13:38:00,2011-09-16 12:38:00,Repeat,0.0064,2526,91.24
16895,5,1102.9,220.58,421,2010-02-12 11:07:00,2011-10-06 12:15:00,Repeat,0.0063,2527,91.24
14948,6,1101.97,183.66,673,2011-05-04 14:52:00,2011-11-16 17:16:00,Repeat,0.0063,2528,91.25
13295,4,1101.97,275.49,733,2010-05-12 09:13:00,2010-12-15 11:21:00,Repeat,0.0063,2529,91.26
15574,6,1101.44,183.57,750,2010-09-01 14:37:00,2011-06-15 12:01:00,Repeat,0.0063,2530,91.26
12785,3,1100.4,366.8,453,2009-12-08 13:56:00,2010-12-10 13:48:00,Repeat,0.0063,2531,91.27
16014,5,1100.28,220.06,462,2010-01-31 12:43:00,2011-11-02 12:04:00,Repeat,0.0063,2532,91.27
14009,3,1099.91,366.64,951,2010-09-03 12:08:00,2011-05-25 15:47:00,Repeat,0.0063,2533,91.28
17137,6,1099.81,183.3,680,2010-01-31 12:27:00,2010-10-19 14:51:00,Repeat,0.0063,2534,91.29
12421,6,1098.6,183.1,652,2010-07-22 13:57:00,2011-11-24 09:07:00,Repeat,0.0063,2535,91.29
14971,3,1097.98,365.99,639,2011-10-27 13:33:00,2011-11-04 17:07:00,Repeat,0.0063,2536,91.3
13835,7,1095.27,156.47,520,2010-03-04 08:26:00,2011-11-14 15:37:00,Repeat,0.0063,2537,91.31
17703,4,1094.84,273.71,897,2010-10-17 16:16:00,2011-11-04 15:51:00,Repeat,0.0063,2538,91.31
15745,4,1094.59,273.65,421,2011-04-17 13:04:00,2011-11-20 13:45:00,Repeat,0.0063,2539,91.32
14460,9,1093.5,121.5,1879,2009-12-15 19:06:00,2011-08-21 14:19:00,Repeat,0.0063,2540,91.32
12803,1,1092.81,1092.81,872,2010-11-11 14:57:00,2010-11-11 14:57:00,One-time,0.0063,2541,91.33
17726,7,1092.06,156.01,444,2010-01-26 14:58:00,2010-11-09 13:37:00,Repeat,0.0063,2542,91.34
14199,4,1091.7,272.93,254,2010-06-27 12:13:00,2011-05-05 13:44:00,Repeat,0.0063,2543,91.34
16805,5,1091.34,218.27,1120,2009-12-08 14:29:00,2011-06-19 11:23:00,Repeat,0.0063,2544,91.35
16211,3,1090.59,363.53,519,2010-09-27 15:24:00,2011-09-12 12:11:00,Repeat,0.0063,2545,91.36
13853,1,1090.14,1090.14,312,2011-10-13 14:18:00,2011-10-13 14:18:00,One-time,0.0063,2546,91.36
12534,1,1089.18,1089.18,651,2011-08-01 10:26:00,2011-08-01 10:26:00,One-time,0.0063,2547,91.37
15254,3,1088.35,362.78,711,2010-05-28 10:08:00,2011-08-04 15:04:00,Repeat,0.0063,2548,91.37
16188,5,1087.66,217.53,838,2010-10-27 11:50:00,2011-10-26 12:19:00,Repeat,0.0063,2549,91.38
16223,2,1087.05,543.53,643,2010-11-09 12:07:00,2010-11-30 11:50:00,Repeat,0.0063,2550,91.39
15763,2,1086.92,543.46,271,2011-09-23 12:10:00,2011-11-08 09:44:00,Repeat,0.0063,2551,91.39
14139,4,1086.8,271.7,1049,2010-06-15 09:17:00,2011-10-24 13:34:00,Repeat,0.0063,2552,91.4
13546,5,1086.24,217.25,587,2010-10-11 17:23:00,2011-11-27 14:50:00,Repeat,0.0063,2553,91.41
16298,7,1085.7,155.1,308,2010-09-23 15:23:00,2011-11-17 11:59:00,Repeat,0.0062,2554,91.41
14013,5,1084.57,216.91,775,2010-03-26 10:02:00,2011-08-21 15:01:00,Repeat,0.0062,2555,91.42
16533,3,1082.81,360.94,611,2011-10-02 15:07:00,2011-11-20 13:08:00,Repeat,0.0062,2556,91.42
14805,7,1082.55,154.65,416,2010-03-28 12:34:00,2011-11-24 16:20:00,Repeat,0.0062,2557,91.43
14083,11,1082.19,98.38,760,2009-12-18 11:34:00,2011-12-05 13:14:00,Repeat,0.0062,2558,91.44
14561,3,1080.76,360.25,1014,2011-06-08 13:26:00,2011-09-25 12:39:00,Repeat,0.0062,2559,91.44
13744,2,1080.52,540.26,1153,2011-02-20 14:08:00,2011-09-05 15:19:00,Repeat,0.0062,2560,91.45
14343,4,1079.66,269.92,626,2010-01-18 16:47:00,2010-10-14 13:05:00,Repeat,0.0062,2561,91.46
13726,2,1079.66,539.83,1054,2011-08-31 11:06:00,2011-11-01 10:49:00,Repeat,0.0062,2562,91.46
12354,1,1079.4,1079.4,530,2011-04-21 13:11:00,2011-04-21 13:11:00,One-time,0.0062,2563,91.47
13567,4,1079.29,269.82,643,2010-06-16 12:48:00,2010-10-07 12:51:00,Repeat,0.0062,2564,91.47
15546,2,1079.1,539.55,198,2010-04-12 11:45:00,2010-04-12 11:51:00,Repeat,0.0062,2565,91.48
14352,4,1078.96,269.74,538,2011-03-11 14:58:00,2011-07-05 15:41:00,Repeat,0.0062,2566,91.49
13656,4,1078.85,269.71,862,2010-04-23 12:50:00,2011-06-28 10:31:00,Repeat,0.0062,2567,91.49
16183,4,1077.81,269.45,351,2010-10-28 14:43:00,2011-10-03 14:59:00,Repeat,0.0062,2568,91.5
16642,3,1077.45,359.15,775,2010-10-20 14:22:00,2011-12-05 11:31:00,Repeat,0.0062,2569,91.51
17366,2,1077.24,538.62,504,2010-09-09 19:46:00,2010-10-03 16:04:00,Repeat,0.0062,2570,91.51
16071,4,1076.8,269.2,697,2010-02-22 14:48:00,2011-10-26 11:14:00,Repeat,0.0062,2571,91.52
13607,2,1075.81,537.9,466,2010-11-02 11:48:00,2011-10-30 16:17:00,Repeat,0.0062,2572,91.52
15912,9,1074.7,119.41,759,2009-12-10 12:58:00,2011-06-14 14:29:00,Repeat,0.0062,2573,91.53
16231,4,1074.47,268.62,563,2010-04-21 12:06:00,2010-11-25 15:00:00,Repeat,0.0062,2574,91.54
13727,8,1074.15,134.27,368,2009-12-09 13:25:00,2011-11-11 09:46:00,Repeat,0.0062,2575,91.54
15238,3,1071.99,357.33,692,2011-06-08 16:00:00,2011-11-10 14:28:00,Repeat,0.0062,2576,91.55
13467,2,1071.91,535.95,580,2011-11-03 16:56:00,2011-11-29 10:01:00,Repeat,0.0062,2577,91.56
12801,1,1071.82,1071.82,505,2010-07-27 09:38:00,2010-07-27 09:38:00,One-time,0.0062,2578,91.56
13521,3,1071.73,357.24,718,2011-11-29 15:09:00,2011-12-08 13:50:00,Repeat,0.0062,2579,91.57
16593,8,1071.14,133.89,377,2009-12-05 10:44:00,2011-10-20 12:41:00,Repeat,0.0062,2580,91.57
14484,4,1070.98,267.75,744,2009-12-17 10:57:00,2011-10-20 14:11:00,Repeat,0.0062,2581,91.58
16884,4,1070.97,267.74,520,2010-05-18 12:00:00,2011-11-02 11:52:00,Repeat,0.0062,2582,91.59
17522,5,1070.71,214.14,1034,2011-05-05 16:31:00,2011-12-08 12:31:00,Repeat,0.0062,2583,91.59
12728,5,1070.17,214.03,543,2010-11-21 11:34:00,2011-09-29 15:31:00,Repeat,0.0062,2584,91.6
17871,5,1068.95,213.79,665,2010-01-15 14:48:00,2011-05-19 11:32:00,Repeat,0.0062,2585,91.6
17854,6,1068.5,178.08,607,2009-12-08 11:13:00,2011-06-07 16:21:00,Repeat,0.0061,2586,91.61
16386,3,1068.16,356.05,700,2010-11-17 11:19:00,2011-11-11 12:28:00,Repeat,0.0061,2587,91.62
15436,3,1067.75,355.92,574,2011-04-19 16:52:00,2011-11-27 16:05:00,Repeat,0.0061,2588,91.62
15626,3,1067.52,355.84,1138,2010-10-14 17:16:00,2011-09-26 10:03:00,Repeat,0.0061,2589,91.63
17277,2,1065.35,532.67,430,2011-01-21 12:37:00,2011-04-26 12:47:00,Repeat,0.0061,2590,91.64
15639,3,1065.08,355.03,849,2010-04-13 13:11:00,2011-07-28 14:30:00,Repeat,0.0061,2591,91.64
13959,6,1064.77,177.46,694,2010-07-16 15:11:00,2011-09-21 15:06:00,Repeat,0.0061,2592,91.65
14488,1,1064.28,1064.28,799,2011-10-03 09:30:00,2011-10-03 09:30:00,One-time,0.0061,2593,91.65
14966,6,1064.26,177.38,1060,2009-12-15 13:48:00,2011-11-25 12:20:00,Repeat,0.0061,2594,91.66
15801,3,1063.95,354.65,570,2011-08-22 09:53:00,2011-10-24 13:52:00,Repeat,0.0061,2595,91.67
12936,4,1063.9,265.98,559,2011-09-22 13:51:00,2011-11-22 17:32:00,Repeat,0.0061,2596,91.67
17849,8,1063.76,132.97,224,2010-03-14 15:17:00,2011-05-05 13:46:00,Repeat,0.0061,2597,91.68
12815,2,1063.46,531.73,379,2011-05-25 13:34:00,2011-07-15 10:21:00,Repeat,0.0061,2598,91.68
14411,1,1063.0,1063.0,196,2011-02-02 10:56:00,2011-02-02 10:56:00,One-time,0.0061,2599,91.69
15706,4,1060.56,265.14,321,2011-08-15 14:32:00,2011-10-07 10:09:00,Repeat,0.0061,2600,91.7
17727,1,1060.25,1060.25,645,2011-11-24 17:06:00,2011-11-24 17:06:00,One-time,0.0061,2601,91.7
17421,3,1059.41,353.14,807,2009-12-04 15:43:00,2010-11-18 16:57:00,Repeat,0.0061,2602,91.71
18130,3,1059.39,353.13,824,2011-10-13 15:58:00,2011-11-24 14:40:00,Repeat,0.0061,2603,91.71
17214,6,1059.12,176.52,272,2010-12-15 15:14:00,2011-10-10 13:17:00,Repeat,0.0061,2604,91.72
14734,4,1056.42,264.11,378,2010-06-06 15:15:00,2010-10-10 12:04:00,Repeat,0.0061,2605,91.73
15645,3,1055.17,351.72,396,2010-10-10 12:51:00,2011-11-21 11:55:00,Repeat,0.0061,2606,91.73
13065,5,1055.05,211.01,381,2010-06-10 11:44:00,2010-12-01 16:52:00,Repeat,0.0061,2607,91.74
13140,5,1054.92,210.98,572,2010-08-05 19:05:00,2011-08-23 15:33:00,Repeat,0.0061,2608,91.75
15977,2,1054.73,527.37,1016,2011-10-31 16:24:00,2011-11-22 13:29:00,Repeat,0.0061,2609,91.75
12716,2,1053.49,526.75,708,2011-07-29 13:28:00,2011-12-06 08:55:00,Repeat,0.0061,2610,91.76
12580,2,1052.9,526.45,569,2010-05-12 11:45:00,2011-04-07 10:24:00,Repeat,0.0061,2611,91.76
15886,4,1052.87,263.22,667,2010-04-20 15:03:00,2011-10-10 14:25:00,Repeat,0.0061,2612,91.77
15855,6,1052.72,175.45,712,2010-08-20 17:15:00,2011-07-26 10:20:00,Repeat,0.0061,2613,91.78
16391,4,1052.26,263.06,715,2010-05-27 11:27:00,2010-11-04 12:27:00,Repeat,0.0061,2614,91.78
14947,6,1049.79,174.97,416,2010-03-25 11:29:00,2011-09-28 15:48:00,Repeat,0.006,2615,91.79
13775,1,1049.66,1049.66,455,2010-04-28 12:15:00,2010-04-28 12:15:00,One-time,0.006,2616,91.79
17934,3,1049.15,349.72,628,2010-10-29 12:23:00,2011-10-19 11:16:00,Repeat,0.006,2617,91.8
15026,5,1048.89,209.78,655,2010-09-17 13:52:00,2011-09-20 13:52:00,Repeat,0.006,2618,91.81
15839,3,1048.49,349.5,675,2011-07-14 16:35:00,2011-11-06 13:54:00,Repeat,0.006,2619,91.81
16728,4,1048.28,262.07,671,2011-03-20 13:28:00,2011-10-24 14:36:00,Repeat,0.006,2620,91.82
17578,7,1047.33,149.62,529,2010-06-28 11:55:00,2011-05-05 18:38:00,Repeat,0.006,2621,91.82
17474,1,1047.0,1047.0,200,2010-04-19 10:43:00,2010-04-19 10:43:00,One-time,0.006,2622,91.83
15407,4,1046.74,261.69,552,2011-02-07 13:18:00,2011-11-06 11:55:00,Repeat,0.006,2623,91.84
15091,3,1046.61,348.87,582,2010-02-03 11:46:00,2011-10-03 12:47:00,Repeat,0.006,2624,91.84
17555,5,1045.74,209.15,739,2010-05-02 16:02:00,2011-11-20 12:22:00,Repeat,0.006,2625,91.85
14108,4,1044.96,261.24,660,2009-12-01 18:07:00,2011-11-09 10:41:00,Repeat,0.006,2626,91.85
15464,1,1044.65,1044.65,348,2011-01-05 15:56:00,2011-01-05 15:56:00,One-time,0.006,2627,91.86
15535,6,1044.37,174.06,314,2010-09-16 20:04:00,2011-06-19 16:02:00,Repeat,0.006,2628,91.87
13359,2,1043.31,521.65,381,2010-11-01 15:05:00,2011-10-07 09:30:00,Repeat,0.006,2629,91.87
16903,3,1041.75,347.25,717,2010-10-20 14:42:00,2011-11-10 15:32:00,Repeat,0.006,2630,91.88
16991,1,1041.21,1041.21,793,2010-10-14 14:08:00,2010-10-14 14:08:00,One-time,0.006,2631,91.88
16261,6,1041.16,173.53,454,2010-09-23 16:40:00,2011-11-22 17:23:00,Repeat,0.006,2632,91.89
13613,5,1039.85,207.97,445,2010-02-17 12:40:00,2010-09-13 12:01:00,Repeat,0.006,2633,91.9
13873,8,1038.92,129.87,472,2010-03-03 12:31:00,2011-08-12 10:08:00,Repeat,0.006,2634,91.9
12486,1,1037.28,1037.28,523,2010-10-04 12:14:00,2010-10-04 12:14:00,One-time,0.006,2635,91.91
17042,5,1036.58,207.32,990,2011-04-06 14:53:00,2011-12-07 12:26:00,Repeat,0.006,2636,91.91
14902,3,1035.62,345.21,716,2010-06-04 12:35:00,2011-11-14 10:34:00,Repeat,0.006,2637,91.92
17926,5,1035.49,207.1,572,2010-05-09 14:07:00,2011-07-29 14:39:00,Repeat,0.006,2638,91.93
16260,1,1035.45,1035.45,311,2011-10-20 09:40:00,2011-10-20 09:40:00,One-time,0.006,2639,91.93
12811,5,1033.9,206.78,435,2010-10-08 12:20:00,2011-03-24 09:42:00,Repeat,0.006,2640,91.94
17724,3,1033.0,344.33,300,2011-07-24 13:26:00,2011-09-29 15:26:00,Repeat,0.0059,2641,91.94
14248,3,1032.95,344.32,692,2010-07-12 14:27:00,2011-01-25 14:45:00,Repeat,0.0059,2642,91.95
13000,4,1032.5,258.13,548,2009-12-14 17:03:00,2011-08-25 10:43:00,Repeat,0.0059,2643,91.96
17405,3,1031.41,343.8,726,2011-07-12 14:17:00,2011-12-08 17:12:00,Repeat,0.0059,2644,91.96
13235,1,1031.07,1031.07,441,2011-05-11 17:13:00,2011-05-11 17:13:00,One-time,0.0059,2645,91.97
16198,2,1030.04,515.02,384,2010-09-28 13:59:00,2011-09-25 14:58:00,Repeat,0.0059,2646,91.97
16418,5,1028.74,205.75,564,2010-10-13 12:31:00,2011-10-26 12:39:00,Repeat,0.0059,2647,91.98
15333,1,1028.56,1028.56,344,2011-05-15 13:27:00,2011-05-15 13:27:00,One-time,0.0059,2648,91.98
16682,5,1028.0,205.6,1040,2011-06-05 11:02:00,2011-12-05 12:13:00,Repeat,0.0059,2649,91.99
16227,3,1027.22,342.41,436,2010-06-22 13:28:00,2011-04-28 13:33:00,Repeat,0.0059,2650,92.0
15887,3,1027.15,342.38,605,2010-06-02 11:53:00,2010-10-29 08:36:00,Repeat,0.0059,2651,92.0
15003,6,1027.03,171.17,525,2010-01-26 13:04:00,2010-08-23 15:44:00,Repeat,0.0059,2652,92.01
17749,3,1026.18,342.06,446,2010-06-11 14:56:00,2011-06-14 15:45:00,Repeat,0.0059,2653,92.01
16160,2,1025.44,512.72,1162,2011-09-15 10:53:00,2011-10-05 14:19:00,Repeat,0.0059,2654,92.02
13602,4,1025.17,256.29,538,2010-05-28 11:49:00,2011-10-06 11:47:00,Repeat,0.0059,2655,92.03
17310,2,1025.1,512.55,402,2010-06-23 11:38:00,2010-11-17 16:00:00,Repeat,0.0059,2656,92.03
14204,4,1024.83,256.21,469,2009-12-02 13:26:00,2011-12-07 13:38:00,Repeat,0.0059,2657,92.04
17362,7,1024.04,146.29,549,2010-01-06 10:53:00,2011-04-14 14:43:00,Repeat,0.0059,2658,92.04
16568,2,1020.9,510.45,366,2010-03-08 14:51:00,2010-10-08 10:54:00,Repeat,0.0059,2659,92.05
12572,2,1020.42,510.21,452,2011-10-19 08:20:00,2011-12-01 09:20:00,Repeat,0.0059,2660,92.06
13376,3,1019.76,339.92,493,2011-04-19 13:03:00,2011-09-01 16:16:00,Repeat,0.0059,2661,92.06
18142,2,1019.52,509.76,1276,2011-05-08 12:31:00,2011-07-05 13:19:00,Repeat,0.0059,2662,92.07
18074,2,1019.44,509.72,361,2010-07-22 10:31:00,2010-12-01 09:53:00,Repeat,0.0059,2663,92.07
12403,2,1019.36,509.68,260,2010-07-06 11:39:00,2011-10-21 10:51:00,Repeat,0.0059,2664,92.08
13956,5,1019.27,203.85,486,2011-03-13 12:51:00,2011-12-04 13:20:00,Repeat,0.0059,2665,92.09
16441,5,1019.13,203.83,478,2010-03-22 18:00:00,2011-10-03 17:48:00,Repeat,0.0059,2666,92.09
12828,6,1018.71,169.78,494,2011-08-01 16:16:00,2011-12-07 08:45:00,Repeat,0.0059,2667,92.1
16284,3,1018.48,339.49,674,2010-11-11 13:27:00,2011-11-08 16:12:00,Repeat,0.0059,2668,92.1
12905,2,1018.42,509.21,532,2010-01-26 14:06:00,2010-05-12 10:05:00,Repeat,0.0059,2669,92.11
16787,4,1017.53,254.38,472,2010-01-10 11:12:00,2010-11-07 11:01:00,Repeat,0.0059,2670,92.11
15970,2,1017.32,508.66,498,2010-04-20 11:30:00,2011-02-09 12:08:00,Repeat,0.0059,2671,92.12
12652,2,1017.03,508.51,536,2010-10-01 15:16:00,2011-01-12 15:00:00,Repeat,0.0059,2672,92.13
13641,5,1016.47,203.29,1098,2009-12-05 13:17:00,2010-03-09 07:37:00,Repeat,0.0059,2673,92.13
13333,3,1015.74,338.58,685,2010-02-19 09:26:00,2010-10-24 13:24:00,Repeat,0.0058,2674,92.14
14675,2,1015.58,507.79,660,2010-11-16 12:22:00,2011-11-23 12:58:00,Repeat,0.0058,2675,92.14
16623,4,1015.24,253.81,442,2010-04-26 14:04:00,2011-04-08 10:09:00,Repeat,0.0058,2676,92.15
12410,3,1013.71,337.9,341,2010-07-25 13:26:00,2011-02-04 10:39:00,Repeat,0.0058,2677,92.16
13466,5,1013.35,202.67,660,2010-03-21 13:50:00,2011-06-08 16:39:00,Repeat,0.0058,2678,92.16
12642,3,1013.26,337.75,552,2011-08-24 09:23:00,2011-11-14 15:03:00,Repeat,0.0058,2679,92.17
15951,3,1013.17,337.72,420,2010-11-23 18:20:00,2011-12-01 08:34:00,Repeat,0.0058,2680,92.17
16451,3,1013.15,337.72,524,2009-12-04 15:11:00,2011-09-13 09:17:00,Repeat,0.0058,2681,92.18
17197,1,1013.01,1013.01,191,2011-11-10 10:32:00,2011-11-10 10:32:00,One-time,0.0058,2682,92.18
17980,4,1012.72,253.18,771,2010-11-11 14:42:00,2011-06-27 12:01:00,Repeat,0.0058,2683,92.19
14775,3,1011.9,337.3,1174,2010-12-02 16:38:00,2011-10-12 15:27:00,Repeat,0.0058,2684,92.2
13039,4,1010.73,252.68,290,2009-12-17 16:43:00,2010-05-04 16:45:00,Repeat,0.0058,2685,92.2
16572,3,1009.6,336.53,532,2011-03-09 12:04:00,2011-08-04 16:34:00,Repeat,0.0058,2686,92.21
13258,5,1009.43,201.89,446,2010-11-04 12:45:00,2011-11-28 09:31:00,Repeat,0.0058,2687,92.21
16287,5,1006.98,201.4,1426,2010-01-19 09:46:00,2011-06-23 09:08:00,Repeat,0.0058,2688,92.22
13429,4,1006.8,251.7,1390,2011-09-25 15:59:00,2011-11-29 09:10:00,Repeat,0.0058,2689,92.23
15850,6,1006.75,167.79,1334,2009-12-13 13:27:00,2011-11-20 14:14:00,Repeat,0.0058,2690,92.23
13238,6,1006.63,167.77,442,2010-04-28 15:02:00,2011-11-22 15:37:00,Repeat,0.0058,2691,92.24
15771,3,1006.54,335.51,512,2010-01-15 12:14:00,2010-04-14 13:56:00,Repeat,0.0058,2692,92.24
13427,6,1006.53,167.75,880,2009-12-17 13:44:00,2011-11-20 13:02:00,Repeat,0.0058,2693,92.25
12703,4,1006.53,251.63,595,2010-01-24 12:05:00,2011-09-29 17:52:00,Repeat,0.0058,2694,92.25
13549,8,1005.8,125.72,554,2010-11-17 12:17:00,2011-11-14 09:20:00,Repeat,0.0058,2695,92.26
13867,3,1005.09,335.03,501,2011-05-05 17:28:00,2011-11-08 15:48:00,Repeat,0.0058,2696,92.27
14214,5,1004.38,200.88,751,2011-03-07 12:26:00,2011-11-09 10:31:00,Repeat,0.0058,2697,92.27
18160,3,1003.88,334.63,519,2010-11-18 16:33:00,2011-10-13 15:50:00,Repeat,0.0058,2698,92.28
16435,3,1003.07,334.36,608,2010-07-13 13:29:00,2010-07-15 18:22:00,Repeat,0.0058,2699,92.28
12446,1,1002.31,1002.31,351,2011-10-13 12:50:00,2011-10-13 12:50:00,One-time,0.0058,2700,92.29
13857,6,1001.01,166.84,782,2010-05-17 14:21:00,2010-11-11 12:54:00,Repeat,0.0058,2701,92.29
14255,1,1000.63,1000.63,1,2010-06-11 15:54:00,2010-06-11 15:54:00,One-time,0.0058,2702,92.3
12545,2,1000.39,500.19,523,2011-03-25 12:04:00,2011-09-25 13:39:00,Repeat,0.0058,2703,92.31
15508,6,1000.27,166.71,440,2011-04-18 15:31:00,2011-06-03 15:43:00,Repeat,0.0058,2704,92.31
18143,2,1000.16,500.08,570,2011-07-21 10:44:00,2011-08-15 12:07:00,Repeat,0.0058,2705,92.32
13005,4,999.68,249.92,462,2010-09-08 12:52:00,2011-06-19 10:53:00,Repeat,0.0058,2706,92.32
12413,4,999.45,249.86,319,2010-11-02 13:26:00,2011-10-04 09:00:00,Repeat,0.0058,2707,92.33
17205,3,999.35,333.12,2214,2010-05-24 15:36:00,2011-10-17 12:46:00,Repeat,0.0058,2708,92.33
17329,5,998.53,199.71,430,2009-12-03 16:09:00,2011-11-25 14:24:00,Repeat,0.0057,2709,92.34
17631,7,998.49,142.64,591,2009-12-09 14:15:00,2011-12-08 09:47:00,Repeat,0.0057,2710,92.35
12722,4,997.63,249.41,566,2011-07-12 11:55:00,2011-09-15 14:50:00,Repeat,0.0057,2711,92.35
13965,3,996.61,332.2,425,2010-01-05 15:21:00,2010-08-20 10:40:00,Repeat,0.0057,2712,92.36
16699,7,994.6,142.09,640,2009-12-04 13:31:00,2010-11-24 14:38:00,Repeat,0.0057,2713,92.36
13292,5,994.51,198.9,530,2010-07-01 14:36:00,2011-11-01 10:04:00,Repeat,0.0057,2714,92.37
17237,4,994.13,248.53,414,2010-11-23 11:45:00,2011-11-28 15:02:00,Repeat,0.0057,2715,92.37
15104,2,993.54,496.77,635,2011-03-02 14:16:00,2011-05-27 12:29:00,Repeat,0.0057,2716,92.38
17299,6,993.23,165.54,919,2010-08-15 16:00:00,2011-11-28 12:01:00,Repeat,0.0057,2717,92.39
14223,3,991.13,330.38,585,2011-03-20 16:02:00,2011-09-08 13:38:00,Repeat,0.0057,2718,92.39
13559,2,990.0,495.0,360,2010-06-14 11:52:00,2010-07-15 09:52:00,Repeat,0.0057,2719,92.4
13245,2,989.22,494.61,371,2010-10-03 14:03:00,2011-10-20 11:40:00,Repeat,0.0057,2720,92.4
17883,7,988.42,141.2,476,2010-02-25 20:07:00,2011-12-06 17:49:00,Repeat,0.0057,2721,92.41
15176,1,988.04,988.04,448,2010-02-10 10:36:00,2010-02-10 10:36:00,One-time,0.0057,2722,92.41
16130,4,987.48,246.87,296,2010-04-01 13:58:00,2010-10-13 15:14:00,Repeat,0.0057,2723,92.42
18237,5,987.1,197.42,622,2011-07-28 13:05:00,2011-12-07 12:49:00,Repeat,0.0057,2724,92.43
13439,3,986.61,328.87,952,2010-07-01 14:36:00,2011-03-29 14:20:00,Repeat,0.0057,2725,92.43
12862,2,984.62,492.31,611,2010-08-01 15:20:00,2010-10-10 11:47:00,Repeat,0.0057,2726,92.44
17144,2,984.57,492.28,483,2011-09-16 12:50:00,2011-12-08 17:57:00,Repeat,0.0057,2727,92.44
15109,3,983.1,327.7,258,2009-12-04 12:33:00,2011-04-08 09:58:00,Repeat,0.0057,2728,92.45
12541,3,981.18,327.06,680,2011-03-04 09:32:00,2011-11-10 10:40:00,Repeat,0.0056,2729,92.45
12543,1,980.25,980.25,688,2010-09-17 15:51:00,2010-09-17 15:51:00,One-time,0.0056,2730,92.46
14510,3,979.85,326.62,793,2010-09-29 13:35:00,2010-11-29 12:46:00,Repeat,0.0056,2731,92.47
14230,3,979.8,326.6,246,2010-06-09 13:56:00,2010-09-30 09:07:00,Repeat,0.0056,2732,92.47
15025,2,979.79,489.89,503,2010-05-20 13:28:00,2011-11-06 15:20:00,Repeat,0.0056,2733,92.48
17369,1,979.2,979.2,1152,2010-09-10 09:49:00,2010-09-10 09:49:00,One-time,0.0056,2734,92.48
13350,2,979.12,489.56,287,2011-09-21 13:33:00,2011-11-23 16:33:00,Repeat,0.0056,2735,92.49
14157,5,978.69,195.74,521,2010-03-03 16:49:00,2011-11-20 11:32:00,Repeat,0.0056,2736,92.49
15132,5,977.93,195.59,679,2011-03-22 12:02:00,2011-11-21 17:10:00,Repeat,0.0056,2737,92.5
14454,5,977.3,195.46,400,2009-12-06 12:56:00,2010-11-28 13:26:00,Repeat,0.0056,2738,92.51
17123,3,977.17,325.72,676,2010-05-16 11:52:00,2011-07-01 10:47:00,Repeat,0.0056,2739,92.51
17221,5,976.62,195.32,713,2010-04-11 15:34:00,2011-12-02 13:35:00,Repeat,0.0056,2740,92.52
15247,3,976.06,325.35,514,2010-06-20 14:08:00,2011-08-09 12:52:00,Repeat,0.0056,2741,92.52
15406,4,975.87,243.97,547,2010-09-12 13:06:00,2011-11-08 13:22:00,Repeat,0.0056,2742,92.53
17456,2,975.56,487.78,508,2010-09-09 15:28:00,2010-12-09 15:23:00,Repeat,0.0056,2743,92.53
12915,4,975.1,243.78,411,2010-04-29 19:36:00,2011-07-14 11:34:00,Repeat,0.0056,2744,92.54
16376,2,974.96,487.48,691,2011-11-22 16:47:00,2011-12-01 11:38:00,Repeat,0.0056,2745,92.54
15449,3,974.52,324.84,812,2011-03-23 10:43:00,2011-11-13 15:02:00,Repeat,0.0056,2746,92.55
12994,3,974.42,324.81,459,2011-03-16 08:31:00,2011-12-05 15:43:00,Repeat,0.0056,2747,92.56
17958,2,973.88,486.94,284,2009-12-11 15:37:00,2011-08-15 12:19:00,Repeat,0.0056,2748,92.56
12525,3,973.73,324.58,509,2010-03-02 14:01:00,2010-07-29 16:08:00,Repeat,0.0056,2749,92.57
16009,4,972.11,243.03,366,2011-07-03 11:26:00,2011-11-17 16:51:00,Repeat,0.0056,2750,92.57
16535,3,972.04,324.01,664,2010-01-28 15:26:00,2011-12-04 15:18:00,Repeat,0.0056,2751,92.58
14350,3,972.03,324.01,543,2010-10-05 15:52:00,2011-03-10 14:14:00,Repeat,0.0056,2752,92.58
17100,2,971.74,485.87,800,2011-11-21 16:36:00,2011-11-21 16:36:00,Repeat,0.0056,2753,92.59
14953,4,971.32,242.83,1014,2010-09-30 12:16:00,2011-11-14 14:59:00,Repeat,0.0056,2754,92.6
15208,6,970.52,161.75,356,2010-10-12 12:17:00,2011-12-08 17:24:00,Repeat,0.0056,2755,92.6
18006,4,969.51,242.38,395,2009-12-17 12:27:00,2011-11-16 16:52:00,Repeat,0.0056,2756,92.61
13223,6,969.12,161.52,568,2010-02-12 13:27:00,2011-05-23 13:03:00,Repeat,0.0056,2757,92.61
16254,3,967.44,322.48,543,2010-03-17 15:43:00,2010-11-26 13:22:00,Repeat,0.0056,2758,92.62
13204,1,966.66,966.66,428,2009-12-08 14:56:00,2009-12-08 14:56:00,One-time,0.0056,2759,92.62
14138,2,965.88,482.94,600,2011-10-07 09:38:00,2011-12-08 12:44:00,Repeat,0.0056,2760,92.63
17987,5,965.44,193.09,981,2010-06-07 11:23:00,2011-06-07 14:22:00,Repeat,0.0056,2761,92.63
15084,2,965.2,482.6,600,2010-03-04 10:45:00,2010-11-25 11:58:00,Repeat,0.0056,2762,92.64
12550,1,964.83,964.83,569,2011-09-21 14:35:00,2011-09-21 14:35:00,One-time,0.0056,2763,92.65
16763,2,964.7,482.35,492,2009-12-01 15:26:00,2011-05-25 11:52:00,Repeat,0.0056,2764,92.65
15028,6,962.94,160.49,673,2010-11-10 14:32:00,2011-12-01 14:06:00,Repeat,0.0055,2765,92.66
15268,3,961.9,320.63,428,2010-04-13 11:27:00,2010-08-18 10:33:00,Repeat,0.0055,2766,92.66
15156,3,961.49,320.5,597,2011-11-06 12:41:00,2011-12-08 18:22:00,Repeat,0.0055,2767,92.67
16518,4,959.37,239.84,524,2010-06-01 13:31:00,2011-10-09 15:04:00,Repeat,0.0055,2768,92.67
12588,4,958.78,239.69,438,2010-04-21 12:22:00,2011-10-31 15:01:00,Repeat,0.0055,2769,92.68
18192,1,957.97,957.97,339,2011-09-29 09:53:00,2011-09-29 09:53:00,One-time,0.0055,2770,92.68
12697,3,957.59,319.2,508,2011-06-23 15:44:00,2011-11-11 08:47:00,Repeat,0.0055,2771,92.69
17080,7,957.53,136.79,569,2010-07-01 16:03:00,2011-11-17 12:59:00,Repeat,0.0055,2772,92.69
12675,2,957.25,478.63,336,2010-05-10 16:44:00,2010-06-04 09:49:00,Repeat,0.0055,2773,92.7
17172,3,956.57,318.86,1215,2009-12-13 11:46:00,2011-09-22 09:36:00,Repeat,0.0055,2774,92.71
16141,2,955.94,477.97,410,2010-10-18 14:12:00,2011-09-12 13:11:00,Repeat,0.0055,2775,92.71
12990,7,955.5,136.5,480,2010-03-30 11:36:00,2011-11-08 13:01:00,Repeat,0.0055,2776,92.72
14629,2,955.26,477.63,378,2011-10-23 16:13:00,2011-12-05 16:55:00,Repeat,0.0055,2777,92.72
16947,5,955.21,191.04,655,2010-03-03 10:54:00,2011-04-18 09:38:00,Repeat,0.0055,2778,92.73
12505,1,955.2,955.2,324,2010-10-27 09:18:00,2010-10-27 09:18:00,One-time,0.0055,2779,92.73
15430,2,954.75,477.38,309,2010-06-29 15:04:00,2010-08-29 10:42:00,Repeat,0.0055,2780,92.74
17298,5,954.26,190.85,852,2010-03-08 08:56:00,2011-08-30 16:43:00,Repeat,0.0055,2781,92.74
15835,4,954.09,238.52,439,2011-01-13 10:35:00,2011-10-26 15:47:00,Repeat,0.0055,2782,92.75
17189,5,953.63,190.73,601,2009-12-02 11:45:00,2011-08-25 19:39:00,Repeat,0.0055,2783,92.76
17420,6,953.58,158.93,446,2010-11-03 13:09:00,2011-10-20 14:52:00,Repeat,0.0055,2784,92.76
12414,6,952.41,158.73,495,2010-09-02 12:22:00,2011-05-06 14:51:00,Repeat,0.0055,2785,92.77
14615,5,951.76,190.35,495,2010-06-09 13:59:00,2010-11-10 13:36:00,Repeat,0.0055,2786,92.77
17955,6,949.9,158.32,681,2010-02-12 16:27:00,2011-05-25 12:00:00,Repeat,0.0055,2787,92.78
12767,1,949.82,949.82,598,2010-11-29 09:38:00,2010-11-29 09:38:00,One-time,0.0055,2788,92.78
17081,6,949.39,158.23,381,2010-02-22 13:19:00,2011-11-14 12:56:00,Repeat,0.0055,2789,92.79
13046,3,949.25,316.42,505,2010-09-09 13:09:00,2011-11-09 08:36:00,Repeat,0.0055,2790,92.79
13636,5,949.12,189.82,592,2011-02-27 14:29:00,2011-11-03 10:30:00,Repeat,0.0055,2791,92.8
15177,1,948.93,948.93,485,2010-10-10 12:48:00,2010-10-10 12:48:00,One-time,0.0055,2792,92.8
12822,2,948.88,474.44,550,2011-09-13 13:46:00,2011-09-30 10:04:00,Repeat,0.0055,2793,92.81
12874,2,948.42,474.21,623,2010-06-03 12:51:00,2010-11-19 15:23:00,Repeat,0.0055,2794,92.82
12355,2,947.61,473.81,543,2010-05-21 11:59:00,2011-05-09 13:49:00,Repeat,0.0055,2795,92.82
17516,6,947.5,157.92,522,2010-11-26 12:50:00,2011-11-24 16:51:00,Repeat,0.0055,2796,92.83
16136,4,946.8,236.7,674,2010-02-14 12:49:00,2011-10-11 09:10:00,Repeat,0.0054,2797,92.83
14994,5,946.72,189.34,568,2010-03-26 14:16:00,2010-11-22 12:59:00,Repeat,0.0054,2798,92.84
16861,5,946.59,189.32,616,2010-07-19 11:44:00,2011-10-11 09:05:00,Repeat,0.0054,2799,92.84
17356,5,946.47,189.29,925,2010-01-20 12:14:00,2011-02-01 11:07:00,Repeat,0.0054,2800,92.85
16146,4,946.38,236.59,544,2010-09-17 10:46:00,2011-07-05 14:20:00,Repeat,0.0054,2801,92.85
18217,4,945.04,236.26,740,2010-07-01 15:39:00,2011-11-10 13:18:00,Repeat,0.0054,2802,92.86
17544,3,944.82,314.94,410,2010-11-14 14:47:00,2010-11-14 15:08:00,Repeat,0.0054,2803,92.86
13261,2,944.1,472.05,210,2011-02-27 10:41:00,2011-03-16 12:22:00,Repeat,0.0054,2804,92.87
16203,6,943.84,157.31,537,2010-07-23 13:09:00,2011-10-12 12:31:00,Repeat,0.0054,2805,92.88
16199,7,942.75,134.68,321,2010-03-18 18:47:00,2010-11-12 12:55:00,Repeat,0.0054,2806,92.88
17604,6,942.38,157.06,614,2010-01-27 12:19:00,2011-05-06 13:43:00,Repeat,0.0054,2807,92.89
15385,3,942.08,314.03,428,2010-01-31 13:02:00,2011-10-30 15:11:00,Repeat,0.0054,2808,92.89
14958,6,941.99,157.0,248,2009-12-03 16:02:00,2011-07-15 14:20:00,Repeat,0.0054,2809,92.9
14326,3,940.98,313.66,572,2010-06-25 12:10:00,2011-04-11 15:04:00,Repeat,0.0054,2810,92.9
13416,3,940.8,313.6,208,2009-12-03 13:02:00,2011-10-27 08:56:00,Repeat,0.0054,2811,92.91
13936,3,939.66,313.22,661,2010-10-21 14:21:00,2011-06-13 08:47:00,Repeat,0.0054,2812,92.91
16109,3,939.48,313.16,1092,2010-01-10 10:37:00,2011-05-05 09:17:00,Repeat,0.0054,2813,92.92
17527,4,939.37,234.84,488,2011-05-05 13:43:00,2011-10-17 12:32:00,Repeat,0.0054,2814,92.92
17020,2,935.62,467.81,860,2010-03-03 12:27:00,2010-06-15 13:06:00,Repeat,0.0054,2815,92.93
14140,2,935.05,467.52,811,2011-11-08 11:20:00,2011-12-06 09:05:00,Repeat,0.0054,2816,92.93
15792,2,933.84,466.92,606,2010-03-31 09:42:00,2010-11-05 08:21:00,Repeat,0.0054,2817,92.94
15787,3,933.26,311.09,534,2011-10-09 13:11:00,2011-11-13 14:55:00,Repeat,0.0054,2818,92.95
16661,4,932.76,233.19,364,2009-12-17 15:39:00,2010-06-17 15:24:00,Repeat,0.0054,2819,92.95
18154,5,932.6,186.52,626,2010-08-06 09:18:00,2011-12-06 16:41:00,Repeat,0.0054,2820,92.96
18133,1,931.5,931.5,1350,2011-05-11 14:14:00,2011-05-11 14:14:00,One-time,0.0054,2821,92.96
12396,1,931.43,931.43,591,2010-02-03 13:22:00,2010-02-03 13:22:00,One-time,0.0054,2822,92.97
13465,2,931.12,465.56,584,2010-05-02 15:30:00,2010-09-19 15:13:00,Repeat,0.0054,2823,92.97
14924,3,931.01,310.34,312,2010-03-10 12:51:00,2011-04-08 09:25:00,Repeat,0.0054,2824,92.98
15723,4,930.7,232.68,427,2010-05-14 12:55:00,2010-12-10 11:12:00,Repeat,0.0054,2825,92.98
14338,3,928.1,309.37,622,2010-06-21 10:32:00,2011-07-01 14:08:00,Repeat,0.0053,2826,92.99
13288,5,927.61,185.52,379,2010-02-11 14:59:00,2010-09-22 16:32:00,Repeat,0.0053,2827,92.99
15243,2,927.28,463.64,543,2010-09-30 17:28:00,2011-09-26 14:12:00,Repeat,0.0053,2828,93.0
17805,2,927.03,463.51,1126,2010-04-08 14:36:00,2011-09-27 11:49:00,Repeat,0.0053,2829,93.0
16975,3,926.12,308.71,586,2010-07-22 11:38:00,2010-10-12 17:53:00,Repeat,0.0053,2830,93.01
12745,3,925.41,308.47,468,2010-01-26 16:22:00,2010-08-10 10:14:00,Repeat,0.0053,2831,93.02
13805,2,924.6,462.3,1900,2011-08-02 15:29:00,2011-10-18 14:50:00,Repeat,0.0053,2832,93.02
14128,3,924.21,308.07,814,2010-06-06 14:05:00,2011-10-10 12:00:00,Repeat,0.0053,2833,93.03
18001,6,924.14,154.02,874,2009-12-02 15:38:00,2011-11-27 16:02:00,Repeat,0.0053,2834,93.03
16643,2,923.11,461.56,553,2010-10-13 09:47:00,2011-04-08 08:24:00,Repeat,0.0053,2835,93.04
17322,5,922.59,184.52,631,2009-12-03 11:46:00,2010-11-28 14:41:00,Repeat,0.0053,2836,93.04
15654,2,922.53,461.26,475,2011-11-13 15:15:00,2011-11-30 13:08:00,Repeat,0.0053,2837,93.05
13122,2,922.39,461.19,585,2011-04-13 14:12:00,2011-09-06 15:53:00,Repeat,0.0053,2838,93.05
17472,4,922.35,230.59,551,2010-03-21 13:27:00,2011-06-01 14:57:00,Repeat,0.0053,2839,93.06
16362,6,922.16,153.69,467,2010-09-28 09:24:00,2011-11-07 13:01:00,Repeat,0.0053,2840,93.06
13934,1,922.1,922.1,390,2011-03-21 08:39:00,2011-03-21 08:39:00,One-time,0.0053,2841,93.07
14605,4,921.56,230.39,416,2009-12-08 13:59:00,2010-11-30 14:07:00,Repeat,0.0053,2842,93.07
12638,2,921.49,460.75,663,2010-03-10 10:30:00,2011-11-06 13:11:00,Repeat,0.0053,2843,93.08
15576,1,921.37,921.37,394,2011-11-02 12:03:00,2011-11-02 12:03:00,One-time,0.0053,2844,93.08
15957,3,921.25,307.08,453,2010-10-15 12:11:00,2011-11-08 12:14:00,Repeat,0.0053,2845,93.09
14272,4,920.81,230.2,1097,2010-05-06 14:01:00,2011-09-27 10:08:00,Repeat,0.0053,2846,93.09
17363,3,920.46,306.82,499,2010-11-02 17:25:00,2010-11-09 17:11:00,Repeat,0.0053,2847,93.1
12998,3,920.08,306.69,1124,2010-02-24 11:55:00,2010-08-04 08:05:00,Repeat,0.0053,2848,93.11
14568,1,919.7,919.7,645,2010-09-30 17:15:00,2010-09-30 17:15:00,One-time,0.0053,2849,93.11
13075,1,919.61,919.61,485,2011-08-02 10:19:00,2011-08-02 10:19:00,One-time,0.0053,2850,93.12
13872,3,919.57,306.52,339,2009-12-14 09:56:00,2010-06-30 15:35:00,Repeat,0.0053,2851,93.12
16204,3,918.71,306.24,671,2009-12-08 17:44:00,2011-11-16 13:40:00,Repeat,0.0053,2852,93.13
14342,6,918.44,153.07,521,2010-08-24 13:03:00,2011-11-18 13:21:00,Repeat,0.0053,2853,93.13
12368,1,917.7,917.7,330,2010-03-21 15:56:00,2010-03-21 15:56:00,One-time,0.0053,2854,93.14
14061,3,917.43,305.81,133,2009-12-01 18:03:00,2010-07-20 17:22:00,Repeat,0.0053,2855,93.14
14015,1,917.34,917.34,378,2011-10-18 10:02:00,2011-10-18 10:02:00,One-time,0.0053,2856,93.15
15707,4,916.98,229.25,594,2011-09-14 14:19:00,2011-11-04 14:35:00,Repeat,0.0053,2857,93.15
14423,3,916.61,305.54,419,2010-01-14 11:49:00,2011-05-05 15:12:00,Repeat,0.0053,2858,93.16
14839,3,915.28,305.09,927,2010-01-04 16:29:00,2010-10-17 13:01:00,Repeat,0.0053,2859,93.16
14141,4,915.13,228.78,355,2011-08-26 14:40:00,2011-12-07 09:53:00,Repeat,0.0053,2860,93.17
16216,1,914.93,914.93,254,2011-03-17 15:34:00,2011-03-17 15:34:00,One-time,0.0053,2861,93.17
14549,4,913.6,228.4,394,2009-12-02 14:06:00,2011-02-01 13:47:00,Repeat,0.0053,2862,93.18
15364,2,913.19,456.6,493,2011-03-30 13:39:00,2011-09-05 09:46:00,Repeat,0.0053,2863,93.18
14359,3,912.18,304.06,371,2011-09-13 09:03:00,2011-11-20 13:17:00,Repeat,0.0053,2864,93.19
15244,3,912.08,304.03,472,2010-02-11 14:48:00,2011-10-05 13:19:00,Repeat,0.0052,2865,93.2
17812,7,911.99,130.28,444,2010-06-27 13:34:00,2011-11-27 11:47:00,Repeat,0.0052,2866,93.2
16034,6,911.32,151.89,585,2010-10-26 13:00:00,2011-05-27 16:17:00,Repeat,0.0052,2867,93.21
14289,6,911.26,151.88,292,2011-02-23 12:33:00,2011-12-01 11:44:00,Repeat,0.0052,2868,93.21
14133,4,911.14,227.78,398,2009-12-06 12:10:00,2011-08-02 11:34:00,Repeat,0.0052,2869,93.22
16138,3,910.35,303.45,774,2010-04-28 09:51:00,2010-11-26 12:13:00,Repeat,0.0052,2870,93.22
13038,3,908.46,302.82,360,2011-02-22 11:43:00,2011-09-20 14:37:00,Repeat,0.0052,2871,93.23
15097,3,908.35,302.78,424,2010-05-05 14:22:00,2011-12-05 14:03:00,Repeat,0.0052,2872,93.23
17464,3,907.14,302.38,608,2010-03-30 13:15:00,2011-07-04 13:19:00,Repeat,0.0052,2873,93.24
14714,4,906.24,226.56,642,2010-01-21 11:51:00,2011-11-15 13:07:00,Repeat,0.0052,2874,93.24
14969,1,906.23,906.23,665,2010-01-05 12:43:00,2010-01-05 12:43:00,One-time,0.0052,2875,93.25
13573,6,904.52,150.75,647,2010-03-12 16:06:00,2011-10-20 14:33:00,Repeat,0.0052,2876,93.25
17746,4,904.18,226.05,688,2010-04-08 12:54:00,2011-04-13 14:31:00,Repeat,0.0052,2877,93.26
17176,3,902.32,300.77,576,2010-01-31 15:49:00,2011-05-22 12:41:00,Repeat,0.0052,2878,93.26
17382,8,902.28,112.79,457,2010-05-19 11:33:00,2011-10-05 13:05:00,Repeat,0.0052,2879,93.27
16916,4,902.02,225.5,649,2010-10-20 12:56:00,2011-11-16 12:08:00,Repeat,0.0052,2880,93.27
13548,3,901.44,300.48,558,2010-08-25 13:44:00,2011-09-04 14:50:00,Repeat,0.0052,2881,93.28
15511,5,900.53,180.11,269,2011-09-15 15:05:00,2011-11-28 09:43:00,Repeat,0.0052,2882,93.28
12945,2,900.11,450.06,446,2010-02-21 15:18:00,2011-02-24 14:15:00,Repeat,0.0052,2883,93.29
12940,2,899.69,449.84,404,2011-09-13 10:16:00,2011-10-16 12:09:00,Repeat,0.0052,2884,93.29
16834,2,898.96,449.48,760,2010-02-03 14:24:00,2011-04-26 09:37:00,Repeat,0.0052,2885,93.3
15710,1,898.87,898.87,641,2010-10-18 17:05:00,2010-10-18 17:05:00,One-time,0.0052,2886,93.3
15992,3,896.6,298.87,514,2010-09-12 11:52:00,2011-12-06 11:00:00,Repeat,0.0052,2887,93.31
13996,2,895.76,447.88,613,2010-11-05 15:07:00,2010-11-18 16:27:00,Repeat,0.0052,2888,93.31
16122,6,895.62,149.27,1280,2010-10-10 15:26:00,2011-09-27 15:34:00,Repeat,0.0052,2889,93.32
17226,3,895.47,298.49,853,2010-02-12 14:31:00,2011-02-04 11:52:00,Repeat,0.0052,2890,93.33
15211,2,894.41,447.21,240,2010-12-09 16:08:00,2011-10-10 13:31:00,Repeat,0.0051,2891,93.33
15066,1,893.59,893.59,317,2011-10-17 13:25:00,2011-10-17 13:25:00,One-time,0.0051,2892,93.34
12772,1,892.47,892.47,556,2011-10-11 09:19:00,2011-10-11 09:19:00,One-time,0.0051,2893,93.34
17155,7,892.46,127.49,987,2009-12-03 11:34:00,2011-11-22 12:38:00,Repeat,0.0051,2894,93.35
16784,5,892.33,178.47,494,2010-03-28 12:55:00,2011-11-20 12:20:00,Repeat,0.0051,2895,93.35
16442,5,891.98,178.4,580,2009-12-13 11:05:00,2011-12-08 11:43:00,Repeat,0.0051,2896,93.36
15393,5,891.34,178.27,378,2009-12-15 17:56:00,2011-11-23 16:48:00,Repeat,0.0051,2897,93.36
16361,4,891.21,222.8,418,2011-09-29 13:13:00,2011-11-30 12:32:00,Repeat,0.0051,2898,93.37
14065,3,891.02,297.01,582,2010-10-04 12:03:00,2010-11-15 16:13:00,Repeat,0.0051,2899,93.37
15824,2,890.94,445.47,478,2010-06-25 15:10:00,2010-09-12 13:20:00,Repeat,0.0051,2900,93.38
15525,4,890.22,222.56,527,2010-11-22 12:10:00,2011-12-07 14:43:00,Repeat,0.0051,2901,93.38
17062,6,889.75,148.29,644,2010-09-26 11:57:00,2011-01-30 11:01:00,Repeat,0.0051,2902,93.39
14813,4,888.91,222.23,392,2010-04-08 11:49:00,2010-12-05 11:57:00,Repeat,0.0051,2903,93.39
17537,2,887.67,443.84,699,2011-02-09 13:37:00,2011-11-10 10:56:00,Repeat,0.0051,2904,93.4
16900,3,887.11,295.7,833,2011-10-07 13:17:00,2011-11-23 10:32:00,Repeat,0.0051,2905,93.4
15900,4,886.57,221.64,656,2010-05-26 11:27:00,2011-11-16 12:19:00,Repeat,0.0051,2906,93.41
16228,3,885.71,295.24,555,2010-11-04 18:54:00,2010-11-19 14:20:00,Repeat,0.0051,2907,93.41
12793,3,885.53,295.18,461,2010-11-03 13:05:00,2011-01-09 12:12:00,Repeat,0.0051,2908,93.42
16898,5,885.21,177.04,695,2010-05-12 12:18:00,2011-11-13 15:44:00,Repeat,0.0051,2909,93.42
17704,2,885.19,442.6,343,2011-04-14 09:28:00,2011-06-24 09:40:00,Repeat,0.0051,2910,93.43
17708,4,884.18,221.05,387,2010-10-12 12:13:00,2011-06-05 10:12:00,Repeat,0.0051,2911,93.43
15907,3,882.72,294.24,478,2011-05-13 13:01:00,2011-12-06 12:21:00,Repeat,0.0051,2912,93.44
18141,2,882.47,441.24,433,2010-04-29 15:32:00,2010-11-03 11:44:00,Repeat,0.0051,2913,93.44
16387,5,882.46,176.49,448,2010-03-11 12:22:00,2011-01-21 11:34:00,Repeat,0.0051,2914,93.45
17480,2,882.23,441.12,581,2010-09-21 12:31:00,2011-09-23 11:39:00,Repeat,0.0051,2915,93.45
16385,5,881.35,176.27,476,2010-03-18 12:45:00,2011-10-10 13:12:00,Repeat,0.0051,2916,93.46
17143,2,880.97,440.49,314,2010-07-12 13:26:00,2010-10-18 15:27:00,Repeat,0.0051,2917,93.46
12680,4,880.81,220.2,444,2011-08-18 15:44:00,2011-12-09 12:50:00,Repeat,0.0051,2918,93.47
16677,2,880.62,440.31,457,2010-02-25 16:11:00,2010-10-24 14:53:00,Repeat,0.0051,2919,93.47
13937,2,880.13,440.06,587,2010-11-02 12:37:00,2011-06-23 16:35:00,Repeat,0.0051,2920,93.48
14551,7,878.09,125.44,486,2010-01-27 12:06:00,2011-11-21 13:36:00,Repeat,0.0051,2921,93.48
14612,1,877.7,877.7,134,2010-10-20 16:01:00,2010-10-20 16:01:00,One-time,0.0051,2922,93.49
15653,2,877.44,438.72,1200,2011-08-16 09:50:00,2011-09-08 10:49:00,Repeat,0.0051,2923,93.49
14645,3,876.89,292.3,587,2010-03-15 11:33:00,2011-07-06 09:15:00,Repeat,0.005,2924,93.5
17864,5,876.57,175.31,1015,2010-10-08 11:49:00,2011-11-27 11:15:00,Repeat,0.005,2925,93.5
13768,2,875.97,437.99,373,2009-12-09 10:25:00,2009-12-13 10:41:00,Repeat,0.005,2926,93.51
13166,2,875.93,437.97,522,2010-10-21 14:29:00,2011-03-01 15:16:00,Repeat,0.005,2927,93.51
14681,6,875.15,145.86,172,2010-02-24 08:54:00,2011-09-29 15:52:00,Repeat,0.005,2928,93.52
16513,4,874.59,218.65,407,2011-10-27 14:56:00,2011-12-05 10:18:00,Repeat,0.005,2929,93.52
16657,4,874.43,218.61,1130,2011-03-30 12:02:00,2011-11-30 11:48:00,Repeat,0.005,2930,93.53
15469,3,874.25,291.42,287,2010-09-27 10:09:00,2011-10-20 16:21:00,Repeat,0.005,2931,93.53
14437,5,873.34,174.67,420,2010-05-05 12:20:00,2010-12-09 09:27:00,Repeat,0.005,2932,93.54
17361,5,871.79,174.36,380,2010-02-01 14:30:00,2011-10-21 15:43:00,Repeat,0.005,2933,93.54
15224,5,871.36,174.27,443,2010-01-15 16:14:00,2010-12-16 15:02:00,Repeat,0.005,2934,93.55
13200,4,870.09,217.52,516,2011-08-05 14:50:00,2011-11-20 15:35:00,Repeat,0.005,2935,93.55
17566,2,869.77,434.88,497,2011-11-14 13:42:00,2011-12-01 19:54:00,Repeat,0.005,2936,93.56
14753,2,869.51,434.75,412,2010-09-05 11:04:00,2011-09-13 14:50:00,Repeat,0.005,2937,93.56
16948,7,868.77,124.11,2091,2010-02-21 13:48:00,2011-07-24 12:46:00,Repeat,0.005,2938,93.57
16357,4,868.37,217.09,389,2010-11-23 18:52:00,2011-11-06 16:04:00,Repeat,0.005,2939,93.57
17167,3,867.11,289.04,429,2010-09-20 14:02:00,2010-11-25 10:05:00,Repeat,0.005,2940,93.58
16567,2,865.6,432.8,996,2011-01-07 09:31:00,2011-05-29 13:57:00,Repeat,0.005,2941,93.58
13922,3,865.2,288.4,467,2010-08-29 14:36:00,2010-12-23 10:38:00,Repeat,0.005,2942,93.59
14600,2,865.17,432.59,487,2010-11-11 15:56:00,2011-02-07 09:48:00,Repeat,0.005,2943,93.59
12791,6,863.51,143.92,353,2010-03-25 17:29:00,2010-12-01 11:27:00,Repeat,0.005,2944,93.6
16668,13,862.42,66.34,773,2010-03-18 18:25:00,2011-11-24 17:43:00,Repeat,0.005,2945,93.6
12787,4,862.18,215.54,510,2010-10-22 14:57:00,2011-11-30 08:44:00,Repeat,0.005,2946,93.61
17358,5,861.01,172.2,430,2010-02-24 16:42:00,2011-02-09 16:57:00,Repeat,0.005,2947,93.61
12794,2,860.41,430.2,592,2011-09-02 12:01:00,2011-10-17 14:54:00,Repeat,0.005,2948,93.62
13339,1,860.12,860.12,326,2011-05-23 08:31:00,2011-05-23 08:31:00,One-time,0.005,2949,93.62
14372,2,860.08,430.04,378,2010-04-19 15:57:00,2010-09-22 16:17:00,Repeat,0.005,2950,93.63
13891,3,859.21,286.4,476,2010-05-06 16:02:00,2010-11-26 15:57:00,Repeat,0.0049,2951,93.63
12440,2,859.2,429.6,331,2009-12-22 12:03:00,2010-09-03 13:11:00,Repeat,0.0049,2952,93.64
15870,4,857.46,214.37,504,2010-09-19 16:22:00,2011-11-07 10:58:00,Repeat,0.0049,2953,93.64
15287,5,856.03,171.21,1010,2009-12-02 12:13:00,2011-11-17 15:34:00,Repeat,0.0049,2954,93.65
17161,1,856.01,856.01,537,2010-09-21 16:44:00,2010-09-21 16:44:00,One-time,0.0049,2955,93.65
15542,3,855.71,285.24,418,2009-12-02 11:53:00,2010-07-15 13:32:00,Repeat,0.0049,2956,93.66
17064,3,855.45,285.15,316,2011-01-16 16:10:00,2011-10-12 10:18:00,Repeat,0.0049,2957,93.66
12878,2,854.99,427.5,547,2011-03-18 14:02:00,2011-04-17 13:07:00,Repeat,0.0049,2958,93.67
13945,2,854.15,427.07,413,2010-08-17 09:59:00,2010-11-10 10:00:00,Repeat,0.0049,2959,93.67
14873,2,854.13,427.06,311,2010-03-16 10:51:00,2011-05-13 13:52:00,Repeat,0.0049,2960,93.68
13991,6,852.88,142.15,995,2011-07-19 12:58:00,2011-11-27 16:18:00,Repeat,0.0049,2961,93.68
14686,5,852.53,170.51,457,2010-02-18 18:29:00,2010-10-21 18:31:00,Repeat,0.0049,2962,93.69
15266,5,852.21,170.44,236,2010-01-07 12:19:00,2011-01-05 13:40:00,Repeat,0.0049,2963,93.69
16070,2,852.15,426.08,457,2011-11-07 16:36:00,2011-11-17 15:50:00,Repeat,0.0049,2964,93.7
12696,2,851.91,425.95,564,2010-07-19 10:02:00,2010-10-01 10:43:00,Repeat,0.0049,2965,93.7
13479,4,851.37,212.84,716,2010-08-19 16:18:00,2011-05-23 10:45:00,Repeat,0.0049,2966,93.71
16020,3,851.01,283.67,487,2011-10-05 13:54:00,2011-11-23 11:18:00,Repeat,0.0049,2967,93.71
18108,3,848.81,282.94,261,2009-12-02 12:47:00,2011-03-30 13:56:00,Repeat,0.0049,2968,93.72
12713,1,848.55,848.55,508,2011-12-09 12:16:00,2011-12-09 12:16:00,One-time,0.0049,2969,93.72
15264,2,848.4,424.2,443,2010-06-27 13:29:00,2011-10-06 13:49:00,Repeat,0.0049,2970,93.73
15784,2,848.33,424.16,381,2010-02-05 14:42:00,2010-08-29 10:38:00,Repeat,0.0049,2971,93.73
14202,3,847.76,282.59,166,2010-03-25 10:36:00,2010-11-23 17:13:00,Repeat,0.0049,2972,93.74
13221,2,847.41,423.71,244,2010-12-15 13:24:00,2011-04-13 16:58:00,Repeat,0.0049,2973,93.74
13487,5,846.87,169.37,362,2009-12-05 10:25:00,2011-10-13 12:07:00,Repeat,0.0049,2974,93.75
16877,6,846.62,141.1,458,2011-05-15 16:13:00,2011-11-27 13:47:00,Repeat,0.0049,2975,93.75
13970,2,846.55,423.27,469,2010-09-28 11:53:00,2010-11-18 13:21:00,Repeat,0.0049,2976,93.76
14803,3,845.55,281.85,370,2011-02-20 13:21:00,2011-06-30 13:58:00,Repeat,0.0049,2977,93.76
16500,9,843.91,93.77,386,2010-06-14 14:54:00,2011-12-05 12:04:00,Repeat,0.0049,2978,93.77
14922,2,843.74,421.87,376,2010-07-20 09:45:00,2010-11-11 11:14:00,Repeat,0.0049,2979,93.77
16344,4,842.42,210.6,706,2010-02-09 12:16:00,2011-07-04 15:50:00,Repeat,0.0048,2980,93.78
16846,3,842.41,280.8,517,2010-03-10 12:03:00,2011-10-20 13:55:00,Repeat,0.0048,2981,93.78
17638,2,842.4,421.2,432,2009-12-18 09:58:00,2010-03-02 14:32:00,Repeat,0.0048,2982,93.79
16810,2,842.04,421.02,372,2010-10-15 15:32:00,2011-05-31 15:32:00,Repeat,0.0048,2983,93.79
14862,2,841.2,420.6,772,2011-07-14 11:20:00,2011-11-14 10:01:00,Repeat,0.0048,2984,93.79
16798,3,841.16,280.39,205,2009-12-10 19:35:00,2010-06-03 19:01:00,Repeat,0.0048,2985,93.8
12891,11,840.5,76.41,2325,2010-02-18 14:32:00,2011-06-07 12:31:00,Repeat,0.0048,2986,93.8
13169,3,840.08,280.03,296,2010-05-26 15:58:00,2011-10-07 12:11:00,Repeat,0.0048,2987,93.81
14355,3,840.05,280.02,617,2010-03-22 15:08:00,2010-12-09 12:16:00,Repeat,0.0048,2988,93.81
18247,3,839.73,279.91,335,2010-03-18 15:52:00,2010-10-21 09:49:00,Repeat,0.0048,2989,93.82
15713,4,839.64,209.91,451,2009-12-16 09:41:00,2011-07-19 13:34:00,Repeat,0.0048,2990,93.82
13940,4,839.14,209.78,516,2011-07-18 16:05:00,2011-11-22 15:15:00,Repeat,0.0048,2991,93.83
17332,5,838.27,167.65,794,2010-02-21 14:41:00,2010-06-29 16:10:00,Repeat,0.0048,2992,93.83
14037,6,836.95,139.49,590,2009-12-07 11:39:00,2011-06-16 13:57:00,Repeat,0.0048,2993,93.84
15832,1,836.79,836.79,465,2011-03-30 15:29:00,2011-03-30 15:29:00,One-time,0.0048,2994,93.84
14929,2,836.69,418.35,487,2010-10-14 12:22:00,2011-11-07 17:21:00,Repeat,0.0048,2995,93.85
13795,4,836.3,209.07,1250,2010-03-12 12:44:00,2010-11-16 17:25:00,Repeat,0.0048,2996,93.85
16747,2,836.06,418.03,583,2011-10-03 10:18:00,2011-11-02 11:37:00,Repeat,0.0048,2997,93.86
13386,2,835.46,417.73,514,2010-09-28 13:09:00,2010-10-21 12:52:00,Repeat,0.0048,2998,93.86
16737,2,835.2,417.6,576,2010-05-11 09:53:00,2011-10-17 13:03:00,Repeat,0.0048,2999,93.87
15190,1,834.44,834.44,790,2010-10-01 13:09:00,2010-10-01 13:09:00,One-time,0.0048,3000,93.87
16863,3,834.27,278.09,640,2010-10-26 10:03:00,2011-11-08 15:26:00,Repeat,0.0048,3001,93.88
16644,2,833.78,416.89,826,2011-05-11 12:53:00,2011-06-15 12:39:00,Repeat,0.0048,3002,93.88
12903,1,833.53,833.53,493,2010-10-07 12:39:00,2010-10-07 12:39:00,One-time,0.0048,3003,93.89
13175,2,831.45,415.72,423,2009-12-04 12:11:00,2010-05-06 13:13:00,Repeat,0.0048,3004,93.89
15766,3,831.06,277.02,334,2010-01-26 15:55:00,2011-10-06 17:03:00,Repeat,0.0048,3005,93.9
15759,7,830.93,118.7,523,2009-12-02 10:08:00,2011-05-05 15:13:00,Repeat,0.0048,3006,93.9
16924,3,829.89,276.63,467,2011-09-16 12:54:00,2011-11-18 12:53:00,Repeat,0.0048,3007,93.91
14087,3,829.47,276.49,718,2009-12-04 15:27:00,2011-12-07 12:41:00,Repeat,0.0048,3008,93.91
14851,3,829.41,276.47,631,2010-03-19 11:52:00,2011-11-16 14:20:00,Repeat,0.0048,3009,93.91
12730,1,829.25,829.25,234,2010-07-06 12:19:00,2010-07-06 12:19:00,One-time,0.0048,3010,93.92
12953,2,828.81,414.41,364,2010-07-05 13:37:00,2011-11-30 09:24:00,Repeat,0.0048,3011,93.92
15617,3,828.55,276.18,485,2010-07-20 13:16:00,2010-11-08 16:07:00,Repeat,0.0048,3012,93.93
17003,4,828.21,207.05,494,2010-05-10 11:20:00,2010-11-02 13:15:00,Repeat,0.0048,3013,93.93
13681,4,827.83,206.96,360,2011-07-07 15:21:00,2011-11-22 11:13:00,Repeat,0.0048,3014,93.94
17045,5,827.68,165.54,294,2010-10-06 14:52:00,2011-08-18 17:09:00,Repeat,0.0048,3015,93.94
12792,2,827.01,413.5,394,2010-06-23 10:49:00,2011-03-28 11:36:00,Repeat,0.0048,3016,93.95
12461,2,826.88,413.44,287,2011-07-08 10:23:00,2011-09-06 16:57:00,Repeat,0.0048,3017,93.95
12781,2,826.74,413.37,671,2011-02-28 08:43:00,2011-10-07 10:37:00,Repeat,0.0048,3018,93.96
16494,1,826.53,826.53,675,2011-02-16 12:49:00,2011-02-16 12:49:00,One-time,0.0048,3019,93.96
12427,3,825.8,275.27,533,2010-12-03 10:44:00,2011-11-18 08:56:00,Repeat,0.0048,3020,93.97
17880,3,824.92,274.97,466,2009-12-09 16:13:00,2010-12-10 10:21:00,Repeat,0.0047,3021,93.97
13513,3,824.59,274.86,364,2010-02-22 16:36:00,2011-08-05 11:50:00,Repeat,0.0047,3022,93.98
15107,9,824.35,91.59,330,2010-09-14 10:47:00,2011-02-01 14:46:00,Repeat,0.0047,3023,93.98
14260,3,824.28,274.76,544,2010-06-09 11:23:00,2010-08-25 14:55:00,Repeat,0.0047,3024,93.99
16264,2,823.53,411.76,616,2010-09-19 16:14:00,2010-09-27 15:00:00,Repeat,0.0047,3025,93.99
15137,2,823.4,411.7,596,2010-01-28 15:45:00,2010-07-07 09:41:00,Repeat,0.0047,3026,94.0
14508,5,822.92,164.58,347,2010-06-17 13:02:00,2011-11-17 19:48:00,Repeat,0.0047,3027,94.0
15847,5,822.57,164.51,643,2010-03-08 08:47:00,2011-11-01 14:41:00,Repeat,0.0047,3028,94.01
16164,3,822.48,274.16,433,2011-10-28 09:12:00,2011-11-22 15:04:00,Repeat,0.0047,3029,94.01
16680,3,821.45,273.82,377,2010-06-23 09:30:00,2011-10-27 17:35:00,Repeat,0.0047,3030,94.01
16246,2,821.35,410.68,336,2010-02-08 12:32:00,2010-09-06 12:04:00,Repeat,0.0047,3031,94.02
13893,1,821.1,821.1,190,2011-02-15 11:30:00,2011-02-15 11:30:00,One-time,0.0047,3032,94.02
15314,3,820.45,273.48,750,2010-10-07 15:41:00,2011-05-24 14:39:00,Repeat,0.0047,3033,94.03
16135,2,819.45,409.72,395,2010-05-05 09:35:00,2011-03-22 12:30:00,Repeat,0.0047,3034,94.03
17683,3,819.01,273.0,781,2010-06-03 17:15:00,2010-11-19 10:11:00,Repeat,0.0047,3035,94.04
16048,4,818.79,204.7,425,2010-06-08 12:36:00,2010-12-01 15:28:00,Repeat,0.0047,3036,94.04
13612,1,818.29,818.29,444,2010-03-17 12:14:00,2010-03-17 12:14:00,One-time,0.0047,3037,94.05
15483,10,817.82,81.78,905,2010-01-24 15:42:00,2011-07-01 13:07:00,Repeat,0.0047,3038,94.05
14890,3,817.25,272.42,636,2010-02-18 09:00:00,2011-03-31 11:57:00,Repeat,0.0047,3039,94.06
16869,4,817.12,204.28,583,2011-06-17 13:01:00,2011-11-17 12:02:00,Repeat,0.0047,3040,94.06
15180,3,816.93,272.31,654,2010-04-29 15:27:00,2010-12-07 14:57:00,Repeat,0.0047,3041,94.07
14872,3,816.6,272.2,662,2010-03-16 14:41:00,2010-08-13 12:34:00,Repeat,0.0047,3042,94.07
13514,4,815.9,203.98,288,2010-01-26 15:11:00,2011-09-27 09:39:00,Repeat,0.0047,3043,94.08
15399,3,815.77,271.92,611,2011-09-21 15:57:00,2011-12-08 13:04:00,Repeat,0.0047,3044,94.08
14556,3,815.69,271.9,323,2010-01-20 11:49:00,2010-04-22 14:57:00,Repeat,0.0047,3045,94.09
13811,3,814.5,271.5,68,2011-04-14 18:40:00,2011-06-09 09:54:00,Repeat,0.0047,3046,94.09
14624,6,814.07,135.68,645,2010-04-14 10:44:00,2011-10-13 13:44:00,Repeat,0.0047,3047,94.09
17869,7,813.64,116.23,491,2010-06-10 13:47:00,2011-08-24 16:16:00,Repeat,0.0047,3048,94.1
16621,4,813.48,203.37,302,2011-03-07 11:32:00,2011-10-19 11:38:00,Repeat,0.0047,3049,94.1
17194,3,812.5,270.83,420,2010-06-27 13:16:00,2011-03-11 12:05:00,Repeat,0.0047,3050,94.11
16460,3,811.23,270.41,876,2011-09-19 10:15:00,2011-11-11 13:46:00,Repeat,0.0047,3051,94.11
16624,2,810.57,405.28,488,2011-05-26 14:20:00,2011-09-20 12:39:00,Repeat,0.0047,3052,94.12
13045,3,808.92,269.64,405,2010-08-10 13:02:00,2011-09-01 15:04:00,Repeat,0.0047,3053,94.12
15533,3,807.57,269.19,289,2011-09-11 15:41:00,2011-11-20 15:35:00,Repeat,0.0046,3054,94.13
17495,3,806.72,268.91,367,2010-11-14 11:50:00,2011-12-02 12:08:00,Repeat,0.0046,3055,94.13
12632,2,804.88,402.44,694,2010-05-24 09:07:00,2010-07-07 09:39:00,Repeat,0.0046,3056,94.14
13637,3,804.3,268.1,405,2011-04-27 13:06:00,2011-10-18 13:32:00,Repeat,0.0046,3057,94.14
18248,2,804.02,402.01,511,2011-06-06 13:18:00,2011-08-09 10:19:00,Repeat,0.0046,3058,94.15
16469,5,803.9,160.78,332,2010-07-13 13:17:00,2011-11-16 12:25:00,Repeat,0.0046,3059,94.15
15644,4,803.54,200.88,550,2011-03-23 15:37:00,2011-06-26 14:54:00,Repeat,0.0046,3060,94.16
18265,2,801.51,400.75,311,2011-07-04 15:26:00,2011-09-28 14:10:00,Repeat,0.0046,3061,94.16
16127,2,801.31,400.65,391,2009-12-13 12:19:00,2011-10-31 13:58:00,Repeat,0.0046,3062,94.16
17114,8,801.12,100.14,215,2011-01-09 11:39:00,2011-12-04 12:17:00,Repeat,0.0046,3063,94.17
17023,3,800.18,266.73,530,2010-01-11 15:09:00,2010-10-18 15:37:00,Repeat,0.0046,3064,94.17
13720,4,799.9,199.97,501,2011-03-30 09:17:00,2011-08-15 12:46:00,Repeat,0.0046,3065,94.18
13041,4,799.13,199.78,335,2010-04-29 08:43:00,2010-09-15 11:44:00,Repeat,0.0046,3066,94.18
17251,3,798.98,266.33,377,2009-12-15 10:36:00,2010-12-12 11:06:00,Repeat,0.0046,3067,94.19
16438,5,798.35,159.67,463,2011-09-18 13:31:00,2011-12-04 10:51:00,Repeat,0.0046,3068,94.19
15309,4,797.96,199.49,440,2009-12-04 13:01:00,2010-04-08 11:11:00,Repeat,0.0046,3069,94.2
13389,3,797.96,265.99,429,2011-04-21 12:12:00,2011-11-28 14:01:00,Repeat,0.0046,3070,94.2
17281,6,797.85,132.97,295,2010-02-04 13:00:00,2010-11-30 18:05:00,Repeat,0.0046,3071,94.21
15637,5,797.59,159.52,651,2009-12-15 17:54:00,2011-10-18 08:28:00,Repeat,0.0046,3072,94.21
16155,5,796.9,159.38,495,2010-06-18 11:23:00,2010-11-23 12:03:00,Repeat,0.0046,3073,94.22
15304,9,796.4,88.49,112,2010-10-14 10:24:00,2011-10-10 10:23:00,Repeat,0.0046,3074,94.22
15396,2,796.38,398.19,278,2010-05-05 09:04:00,2011-08-19 10:56:00,Repeat,0.0046,3075,94.22
16952,5,795.83,159.17,343,2009-12-11 13:52:00,2011-08-22 13:03:00,Repeat,0.0046,3076,94.23
18084,3,795.23,265.08,755,2010-11-16 08:09:00,2011-11-23 13:57:00,Repeat,0.0046,3077,94.23
13336,1,795.12,795.12,559,2011-09-23 14:05:00,2011-09-23 14:05:00,One-time,0.0046,3078,94.24
15831,3,794.64,264.88,1092,2011-01-19 14:52:00,2011-10-12 13:14:00,Repeat,0.0046,3079,94.24
16961,3,794.56,264.85,482,2010-06-25 14:36:00,2011-08-15 13:46:00,Repeat,0.0046,3080,94.25
17212,3,794.41,264.8,727,2010-08-10 09:22:00,2011-03-31 19:42:00,Repeat,0.0046,3081,94.25
13296,6,792.51,132.09,653,2010-05-11 14:29:00,2011-07-25 13:46:00,Repeat,0.0046,3082,94.26
14022,2,792.15,396.08,681,2010-08-10 09:38:00,2011-04-28 14:39:00,Repeat,0.0046,3083,94.26
14976,7,790.86,112.98,234,2011-01-17 11:09:00,2011-10-13 16:37:00,Repeat,0.0046,3084,94.27
13484,3,790.72,263.57,224,2010-03-10 11:46:00,2011-04-12 16:30:00,Repeat,0.0046,3085,94.27
13544,6,790.2,131.7,331,2010-03-05 11:31:00,2011-10-31 11:57:00,Repeat,0.0045,3086,94.27
14656,5,790.0,158.0,309,2010-04-15 12:10:00,2011-06-23 13:51:00,Repeat,0.0045,3087,94.28
13016,3,789.89,263.3,527,2011-08-08 15:00:00,2011-09-27 14:08:00,Repeat,0.0045,3088,94.28
16759,3,789.79,263.26,609,2011-11-09 09:06:00,2011-12-02 12:42:00,Repeat,0.0045,3089,94.29
16472,2,789.6,394.8,252,2010-04-21 11:48:00,2010-10-01 13:56:00,Repeat,0.0045,3090,94.29
15448,2,788.81,394.4,487,2010-02-03 13:29:00,2011-01-31 10:42:00,Repeat,0.0045,3091,94.3
17952,4,788.46,197.12,477,2010-06-16 11:54:00,2010-11-26 13:54:00,Repeat,0.0045,3092,94.3
14557,1,788.38,788.38,510,2011-09-15 15:48:00,2011-09-15 15:48:00,One-time,0.0045,3093,94.31
17817,6,788.15,131.36,353,2010-10-13 15:07:00,2011-12-05 14:39:00,Repeat,0.0045,3094,94.31
14513,6,788.01,131.34,593,2010-05-20 17:57:00,2011-08-31 11:25:00,Repeat,0.0045,3095,94.32
13323,5,787.85,157.57,175,2011-09-16 13:23:00,2011-12-06 17:12:00,Repeat,0.0045,3096,94.32
16468,3,787.52,262.51,371,2010-08-15 13:10:00,2011-09-26 14:13:00,Repeat,0.0045,3097,94.32
13212,3,786.83,262.28,309,2011-10-09 14:48:00,2011-11-20 12:40:00,Repeat,0.0045,3098,94.33
14463,4,786.57,196.64,210,2010-07-28 11:35:00,2011-09-02 15:20:00,Repeat,0.0045,3099,94.33
12628,3,786.46,262.15,448,2011-10-06 09:28:00,2011-12-05 13:15:00,Repeat,0.0045,3100,94.34
16739,2,786.43,393.22,391,2010-06-21 09:38:00,2011-06-16 09:17:00,Repeat,0.0045,3101,94.34
13770,4,785.37,196.34,468,2009-12-09 14:44:00,2010-10-13 15:10:00,Repeat,0.0045,3102,94.35
13541,2,785.25,392.63,279,2010-05-18 16:15:00,2010-10-08 16:37:00,Repeat,0.0045,3103,94.35
15646,5,784.81,156.96,821,2010-10-25 13:06:00,2011-07-05 09:53:00,Repeat,0.0045,3104,94.36
15806,3,784.58,261.53,602,2011-03-08 09:24:00,2011-10-24 14:35:00,Repeat,0.0045,3105,94.36
13595,3,784.48,261.49,341,2010-03-03 14:42:00,2010-07-11 12:36:00,Repeat,0.0045,3106,94.37
13415,4,784.17,196.04,496,2009-12-11 14:20:00,2010-08-24 11:38:00,Repeat,0.0045,3107,94.37
15714,5,783.96,156.79,361,2010-06-02 12:08:00,2011-11-28 11:26:00,Repeat,0.0045,3108,94.37
12761,2,782.95,391.48,281,2010-09-01 10:47:00,2010-09-08 12:17:00,Repeat,0.0045,3109,94.38
16836,4,782.37,195.59,539,2010-05-14 12:52:00,2011-10-31 10:05:00,Repeat,0.0045,3110,94.38
15952,4,781.91,195.48,391,2011-04-28 12:55:00,2011-11-06 11:18:00,Repeat,0.0045,3111,94.39
17255,4,781.7,195.43,583,2010-09-19 15:53:00,2011-10-30 12:18:00,Repeat,0.0045,3112,94.39
13453,3,781.69,260.56,341,2010-11-02 13:23:00,2011-06-27 09:34:00,Repeat,0.0045,3113,94.4
13287,3,781.59,260.53,429,2010-01-04 10:43:00,2010-04-15 15:26:00,Repeat,0.0045,3114,94.4
15679,4,781.28,195.32,1170,2011-06-10 08:24:00,2011-11-15 16:19:00,Repeat,0.0045,3115,94.41
15239,2,780.59,390.3,594,2011-09-22 09:53:00,2011-11-29 14:14:00,Repeat,0.0045,3116,94.41
13502,5,780.5,156.1,490,2010-06-09 10:52:00,2011-11-23 10:39:00,Repeat,0.0045,3117,94.41
15246,3,780.4,260.13,359,2010-06-02 11:28:00,2011-04-15 14:45:00,Repeat,0.0045,3118,94.42
18228,2,779.9,389.95,238,2011-09-21 10:48:00,2011-10-14 09:21:00,Repeat,0.0045,3119,94.42
12735,2,779.57,389.78,368,2011-01-06 14:26:00,2011-01-28 13:37:00,Repeat,0.0045,3120,94.43
12504,4,779.05,194.76,458,2010-04-22 10:24:00,2011-11-21 16:02:00,Repeat,0.0045,3121,94.43
13781,3,778.83,259.61,300,2009-12-18 15:46:00,2011-04-03 12:08:00,Repeat,0.0045,3122,94.44
14815,2,778.5,389.25,744,2011-10-03 11:36:00,2011-11-03 11:36:00,Repeat,0.0045,3123,94.44
16958,1,778.49,778.49,514,2010-09-30 14:25:00,2010-09-30 14:25:00,One-time,0.0045,3124,94.45
14690,4,777.68,194.42,341,2010-10-25 12:20:00,2011-10-26 15:39:00,Repeat,0.0045,3125,94.45
16505,1,777.6,777.6,576,2011-11-08 12:14:00,2011-11-08 12:14:00,One-time,0.0045,3126,94.45
13563,2,777.53,388.76,209,2011-07-22 17:21:00,2011-09-16 14:45:00,Repeat,0.0045,3127,94.46
13745,2,777.36,388.68,1146,2010-06-11 17:19:00,2011-06-30 16:43:00,Repeat,0.0045,3128,94.46
15837,2,777.01,388.5,405,2010-08-11 10:16:00,2011-10-06 09:01:00,Repeat,0.0045,3129,94.47
15794,2,777.0,388.5,288,2009-12-02 15:10:00,2009-12-03 13:04:00,Repeat,0.0045,3130,94.47
15618,4,776.85,194.21,454,2011-07-26 10:13:00,2011-11-07 08:34:00,Repeat,0.0045,3131,94.48
12808,5,776.7,155.34,322,2010-09-03 10:24:00,2011-11-03 10:05:00,Repeat,0.0045,3132,94.48
14997,4,776.6,194.15,1408,2010-02-22 12:11:00,2011-10-24 13:28:00,Repeat,0.0045,3133,94.49
15092,3,776.46,258.82,230,2010-09-03 12:33:00,2011-05-08 14:10:00,Repeat,0.0045,3134,94.49
15743,4,775.96,193.99,214,2011-06-08 10:14:00,2011-11-23 17:19:00,Repeat,0.0045,3135,94.5
13314,3,775.94,258.65,560,2011-09-27 10:20:00,2011-12-08 12:29:00,Repeat,0.0045,3136,94.5
13341,1,775.85,775.85,301,2011-03-24 09:50:00,2011-03-24 09:50:00,One-time,0.0045,3137,94.5
17482,2,775.64,387.82,240,2010-05-10 14:10:00,2010-08-09 15:33:00,Repeat,0.0045,3138,94.51
15921,4,775.26,193.81,335,2010-03-09 11:03:00,2011-06-20 11:03:00,Repeat,0.0045,3139,94.51
15414,3,774.9,258.3,443,2011-04-11 13:45:00,2011-11-30 09:50:00,Repeat,0.0045,3140,94.52
15773,2,774.52,387.26,410,2010-10-26 15:27:00,2011-12-04 12:48:00,Repeat,0.0045,3141,94.52
18058,3,774.06,258.02,394,2010-02-10 09:38:00,2011-11-30 08:38:00,Repeat,0.0045,3142,94.53
18112,4,773.36,193.34,443,2010-06-06 12:40:00,2011-11-27 14:43:00,Repeat,0.0045,3143,94.53
16565,4,773.05,193.26,211,2010-06-02 12:47:00,2010-12-10 15:21:00,Repeat,0.0044,3144,94.54
15075,1,773.03,773.03,447,2011-09-23 12:27:00,2011-09-23 12:27:00,One-time,0.0044,3145,94.54
17349,5,772.41,154.48,772,2010-03-18 14:26:00,2011-06-13 14:29:00,Repeat,0.0044,3146,94.54
12923,3,770.42,256.81,230,2010-05-13 14:55:00,2011-10-06 16:20:00,Repeat,0.0044,3147,94.55
17801,3,770.03,256.68,820,2010-01-17 11:31:00,2010-09-14 14:32:00,Repeat,0.0044,3148,94.55
14838,2,769.92,384.96,361,2009-12-03 09:52:00,2010-10-12 15:46:00,Repeat,0.0044,3149,94.56
12965,1,769.81,769.81,282,2011-09-11 15:31:00,2011-09-11 15:31:00,One-time,0.0044,3150,94.56
16480,1,769.29,769.29,455,2011-09-25 11:40:00,2011-09-25 11:40:00,One-time,0.0044,3151,94.57
16978,3,768.88,256.29,285,2010-02-11 16:27:00,2011-09-23 12:50:00,Repeat,0.0044,3152,94.57
13980,5,768.82,153.76,463,2010-02-21 14:18:00,2011-10-10 13:34:00,Repeat,0.0044,3153,94.58
13356,1,768.24,768.24,325,2011-09-20 14:33:00,2011-09-20 14:33:00,One-time,0.0044,3154,94.58
15331,3,767.91,255.97,701,2010-04-09 14:26:00,2010-07-28 09:42:00,Repeat,0.0044,3155,94.58
13712,2,766.42,383.21,1128,2010-04-08 11:16:00,2011-04-07 12:33:00,Repeat,0.0044,3156,94.59
12991,3,764.82,254.94,483,2010-11-15 13:43:00,2011-11-16 15:34:00,Repeat,0.0044,3157,94.59
14413,4,764.52,191.13,277,2010-01-19 14:27:00,2010-12-12 13:37:00,Repeat,0.0044,3158,94.6
13699,2,764.15,382.08,219,2010-06-07 13:03:00,2011-07-07 16:51:00,Repeat,0.0044,3159,94.6
16602,2,763.33,381.67,429,2010-11-16 09:13:00,2011-11-03 15:54:00,Repeat,0.0044,3160,94.61
17466,2,763.28,381.64,306,2011-09-22 09:16:00,2011-11-29 13:15:00,Repeat,0.0044,3161,94.61
15428,4,762.75,190.69,347,2009-12-17 17:46:00,2011-11-24 16:54:00,Repeat,0.0044,3162,94.61
16806,4,762.16,190.54,356,2011-04-14 19:59:00,2011-08-28 15:27:00,Repeat,0.0044,3163,94.62
13598,5,761.96,152.39,393,2010-02-26 11:22:00,2011-10-23 14:28:00,Repeat,0.0044,3164,94.62
14883,6,761.59,126.93,790,2011-05-12 09:49:00,2011-11-21 10:23:00,Repeat,0.0044,3165,94.63
17425,2,759.17,379.59,407,2011-10-10 11:37:00,2011-11-20 15:30:00,Repeat,0.0044,3166,94.63
18246,3,758.82,252.94,214,2010-04-09 10:19:00,2011-11-16 11:49:00,Repeat,0.0044,3167,94.64
16720,3,758.74,252.91,460,2009-12-17 17:54:00,2011-11-13 16:22:00,Repeat,0.0044,3168,94.64
15908,2,758.62,379.31,173,2010-07-15 19:21:00,2010-08-06 11:56:00,Repeat,0.0044,3169,94.65
15568,3,758.29,252.76,461,2011-09-27 14:37:00,2011-12-07 11:27:00,Repeat,0.0044,3170,94.65
15006,2,757.78,378.89,387,2010-09-12 13:03:00,2011-10-19 15:08:00,Repeat,0.0044,3171,94.65
13034,3,756.82,252.27,406,2010-11-03 15:22:00,2011-10-16 12:21:00,Repeat,0.0044,3172,94.66
16392,3,756.7,252.23,604,2010-05-27 11:17:00,2011-03-15 12:11:00,Repeat,0.0044,3173,94.66
14176,5,756.46,151.29,265,2010-11-23 13:21:00,2011-02-15 13:12:00,Repeat,0.0044,3174,94.67
16411,4,756.39,189.1,461,2010-10-07 15:09:00,2011-11-20 13:23:00,Repeat,0.0044,3175,94.67
16262,1,755.15,755.15,446,2010-11-26 13:22:00,2010-11-26 13:22:00,One-time,0.0043,3176,94.68
13370,1,754.87,754.87,343,2010-12-03 10:26:00,2010-12-03 10:26:00,One-time,0.0043,3177,94.68
16892,7,754.75,107.82,367,2009-12-08 14:20:00,2011-12-08 13:18:00,Repeat,0.0043,3178,94.68
18104,1,754.64,754.64,362,2011-11-02 14:07:00,2011-11-02 14:07:00,One-time,0.0043,3179,94.69
18034,3,754.2,251.4,951,2010-11-29 12:36:00,2011-11-18 12:22:00,Repeat,0.0043,3180,94.69
14234,4,754.12,188.53,951,2011-10-13 13:58:00,2011-11-17 17:53:00,Repeat,0.0043,3181,94.7
14247,5,753.56,150.71,378,2010-06-06 15:07:00,2011-03-06 15:21:00,Repeat,0.0043,3182,94.7
17579,4,753.28,188.32,375,2010-05-10 14:28:00,2011-12-05 12:28:00,Repeat,0.0043,3183,94.71
14998,4,753.18,188.29,352,2010-04-13 16:07:00,2011-06-22 17:30:00,Repeat,0.0043,3184,94.71
13730,2,752.6,376.3,488,2011-07-01 12:47:00,2011-07-27 08:35:00,Repeat,0.0043,3185,94.71
13030,2,752.44,376.22,348,2010-12-06 14:31:00,2011-11-28 14:30:00,Repeat,0.0043,3186,94.72
13070,4,751.7,187.93,372,2009-12-07 14:44:00,2011-05-31 13:45:00,Repeat,0.0043,3187,94.72
14923,1,749.1,749.1,418,2011-10-20 11:51:00,2011-10-20 11:51:00,One-time,0.0043,3188,94.73
16972,2,749.0,374.5,183,2010-09-09 11:20:00,2010-11-22 10:59:00,Repeat,0.0043,3189,94.73
14048,3,748.69,249.56,467,2010-11-22 14:08:00,2011-02-07 14:53:00,Repeat,0.0043,3190,94.74
15656,4,748.5,187.13,343,2011-02-28 15:32:00,2011-10-25 14:56:00,Repeat,0.0043,3191,94.74
13108,2,748.46,374.23,745,2010-09-30 17:09:00,2010-12-02 10:35:00,Repeat,0.0043,3192,94.75
17387,2,746.81,373.4,522,2011-11-06 11:25:00,2011-11-20 11:00:00,Repeat,0.0043,3193,94.75
14942,4,746.56,186.64,354,2009-12-10 10:32:00,2010-11-03 10:51:00,Repeat,0.0043,3194,94.75
17889,7,746.42,106.63,403,2010-03-31 10:54:00,2011-05-11 16:26:00,Repeat,0.0043,3195,94.76
17760,6,746.39,124.4,531,2010-02-28 12:15:00,2011-11-18 10:56:00,Repeat,0.0043,3196,94.76
14050,2,746.36,373.18,689,2011-08-25 13:46:00,2011-11-08 10:00:00,Repeat,0.0043,3197,94.77
16465,2,746.24,373.12,504,2010-09-21 10:46:00,2010-10-15 09:27:00,Repeat,0.0043,3198,94.77
18190,5,745.62,149.12,490,2009-12-22 12:05:00,2011-05-31 14:48:00,Repeat,0.0043,3199,94.78
14228,3,745.5,248.5,260,2010-06-11 12:29:00,2010-09-28 09:45:00,Repeat,0.0043,3200,94.78
13950,4,745.06,186.26,323,2011-04-07 11:29:00,2011-11-28 14:44:00,Repeat,0.0043,3201,94.78
13236,2,744.85,372.43,416,2011-08-25 08:58:00,2011-11-15 12:50:00,Repeat,0.0043,3202,94.79
12871,3,744.02,248.01,484,2010-09-26 10:34:00,2011-09-16 15:07:00,Repeat,0.0043,3203,94.79
14104,5,743.53,148.71,496,2010-05-28 16:11:00,2011-07-08 12:50:00,Repeat,0.0043,3204,94.8
13354,1,743.53,743.53,604,2011-09-29 13:17:00,2011-09-29 13:17:00,One-time,0.0043,3205,94.8
17038,2,743.17,371.58,535,2010-10-20 16:04:00,2011-11-09 13:50:00,Repeat,0.0043,3206,94.81
16730,3,743.11,247.7,994,2011-01-24 14:01:00,2011-10-18 14:11:00,Repeat,0.0043,3207,94.81
15420,6,743.0,123.83,844,2009-12-05 13:29:00,2010-10-01 15:46:00,Repeat,0.0043,3208,94.81
14302,3,742.9,247.63,298,2009-12-02 08:16:00,2010-10-05 08:10:00,Repeat,0.0043,3209,94.82
12465,2,742.19,371.1,479,2011-06-23 13:37:00,2011-11-22 16:34:00,Repeat,0.0043,3210,94.82
18275,2,741.85,370.93,417,2009-12-08 16:23:00,2010-05-10 15:46:00,Repeat,0.0043,3211,94.83
13721,2,741.54,370.77,512,2010-11-09 17:59:00,2011-11-03 14:05:00,Repeat,0.0043,3212,94.83
13713,3,740.76,246.92,284,2010-05-05 16:48:00,2010-10-27 16:18:00,Repeat,0.0043,3213,94.84
15720,2,739.22,369.61,327,2010-06-07 15:40:00,2011-11-15 14:48:00,Repeat,0.0043,3214,94.84
12603,1,739.2,739.2,63,2011-11-18 10:42:00,2011-11-18 10:42:00,One-time,0.0043,3215,94.84
15988,3,738.89,246.3,476,2010-02-21 11:36:00,2011-11-20 13:23:00,Repeat,0.0043,3216,94.85
15070,3,737.05,245.68,339,2009-12-15 13:49:00,2010-12-02 11:23:00,Repeat,0.0042,3217,94.85
15462,4,737.05,184.26,495,2010-09-20 10:23:00,2011-09-06 13:11:00,Repeat,0.0042,3218,94.86
16075,2,736.93,368.47,271,2010-05-24 15:57:00,2010-07-25 11:31:00,Repeat,0.0042,3219,94.86
17461,3,735.82,245.27,770,2011-11-10 12:01:00,2011-11-17 10:21:00,Repeat,0.0042,3220,94.86
15045,2,735.66,367.83,114,2011-03-27 11:44:00,2011-07-11 11:33:00,Repeat,0.0042,3221,94.87
12527,5,735.51,147.1,526,2010-06-28 15:37:00,2011-09-19 11:55:00,Repeat,0.0042,3222,94.87
13286,1,734.91,734.91,274,2010-04-18 15:35:00,2010-04-18 15:35:00,One-time,0.0042,3223,94.88
15938,9,734.81,81.65,449,2010-06-01 09:42:00,2011-08-19 12:56:00,Repeat,0.0042,3224,94.88
17616,4,734.4,183.6,288,2010-09-14 10:43:00,2011-06-19 10:11:00,Repeat,0.0042,3225,94.89
12537,1,732.94,732.94,449,2010-10-27 08:36:00,2010-10-27 08:36:00,One-time,0.0042,3226,94.89
17979,4,732.41,183.1,383,2011-03-25 11:34:00,2011-11-04 12:05:00,Repeat,0.0042,3227,94.89
13780,3,732.07,244.02,479,2010-10-28 19:51:00,2011-12-02 13:49:00,Repeat,0.0042,3228,94.9
13575,5,732.07,146.41,449,2011-06-16 14:24:00,2011-11-16 13:14:00,Repeat,0.0042,3229,94.9
17548,4,731.26,182.81,494,2010-11-08 16:19:00,2011-04-20 12:01:00,Repeat,0.0042,3230,94.91
17681,5,731.2,146.24,450,2010-01-15 11:53:00,2010-04-21 17:22:00,Repeat,0.0042,3231,94.91
14778,2,730.86,365.43,306,2011-02-04 11:43:00,2011-08-04 15:23:00,Repeat,0.0042,3232,94.92
13921,4,730.7,182.68,210,2009-12-18 12:19:00,2010-11-02 16:32:00,Repeat,0.0042,3233,94.92
13452,3,729.8,243.27,6,2010-08-24 09:53:00,2011-03-25 14:19:00,Repeat,0.0042,3234,94.92
12925,3,729.33,243.11,649,2010-04-26 10:32:00,2011-12-05 11:11:00,Repeat,0.0042,3235,94.93
15872,4,729.25,182.31,467,2010-06-07 14:53:00,2011-11-25 11:55:00,Repeat,0.0042,3236,94.93
18163,1,728.84,728.84,452,2010-05-04 14:51:00,2010-05-04 14:51:00,One-time,0.0042,3237,94.94
17756,3,728.75,242.92,399,2010-11-10 12:54:00,2010-11-29 12:20:00,Repeat,0.0042,3238,94.94
12786,1,728.5,728.5,324,2010-04-09 12:12:00,2010-04-09 12:12:00,One-time,0.0042,3239,94.94
17547,2,727.85,363.93,223,2010-02-12 14:34:00,2010-11-29 09:41:00,Repeat,0.0042,3240,94.95
17141,4,727.58,181.9,423,2010-01-24 14:19:00,2010-10-17 14:54:00,Repeat,0.0042,3241,94.95
17374,3,727.11,242.37,155,2010-11-09 17:14:00,2011-05-05 09:05:00,Repeat,0.0042,3242,94.96
16447,3,727.1,242.37,315,2010-02-17 14:09:00,2011-07-27 12:45:00,Repeat,0.0042,3243,94.96
13569,4,726.54,181.64,345,2010-10-07 13:05:00,2011-11-22 13:07:00,Repeat,0.0042,3244,94.97
18078,4,725.53,181.38,370,2010-03-21 15:50:00,2011-05-06 14:32:00,Repeat,0.0042,3245,94.97
12723,5,725.07,145.01,434,2011-10-05 15:52:00,2011-12-06 10:19:00,Repeat,0.0042,3246,94.97
18187,1,724.89,724.89,310,2010-03-18 09:49:00,2010-03-18 09:49:00,One-time,0.0042,3247,94.98
13729,3,724.73,241.58,419,2010-01-24 14:57:00,2010-09-30 10:44:00,Repeat,0.0042,3248,94.98
14798,8,724.31,90.54,601,2010-03-01 08:38:00,2011-10-18 10:58:00,Repeat,0.0042,3249,94.99
15368,2,722.74,361.37,406,2010-11-10 15:52:00,2011-11-18 14:42:00,Repeat,0.0042,3250,94.99
13264,1,722.56,722.56,375,2010-09-23 12:42:00,2010-09-23 12:42:00,One-time,0.0042,3251,94.99
17615,6,721.8,120.3,378,2010-08-11 12:54:00,2011-08-01 14:06:00,Repeat,0.0042,3252,95.0
13441,2,720.9,360.45,520,2010-10-04 10:38:00,2011-09-09 09:38:00,Repeat,0.0041,3253,95.0
16023,3,719.81,239.94,358,2011-03-18 13:32:00,2011-10-24 16:34:00,Repeat,0.0041,3254,95.01
13537,2,717.85,358.93,337,2010-09-14 10:41:00,2010-10-10 12:45:00,Repeat,0.0041,3255,95.01
13604,1,717.62,717.62,242,2010-02-19 12:02:00,2010-02-19 12:02:00,One-time,0.0041,3256,95.02
16269,1,717.57,717.57,579,2010-09-28 11:50:00,2010-09-28 11:50:00,One-time,0.0041,3257,95.02
12573,5,717.41,143.48,479,2010-08-31 17:25:00,2011-04-26 15:52:00,Repeat,0.0041,3258,95.02
17860,4,717.39,179.35,696,2009-12-11 16:48:00,2010-12-06 12:41:00,Repeat,0.0041,3259,95.03
16526,2,717.21,358.61,279,2010-05-04 16:34:00,2011-06-21 12:02:00,Repeat,0.0041,3260,95.03
15274,2,716.57,358.29,619,2011-11-21 14:17:00,2011-12-05 16:57:00,Repeat,0.0041,3261,95.04
12519,2,716.54,358.27,387,2010-08-20 08:21:00,2011-10-07 09:26:00,Repeat,0.0041,3262,95.04
12535,2,716.35,358.17,219,2011-06-06 12:47:00,2011-09-09 08:48:00,Repeat,0.0041,3263,95.04
12492,3,715.21,238.4,444,2010-11-01 14:58:00,2011-10-07 15:15:00,Repeat,0.0041,3264,95.05
15330,2,714.96,357.48,1312,2011-10-10 12:30:00,2011-11-07 17:50:00,Repeat,0.0041,3265,95.05
13512,4,713.39,178.35,419,2010-05-05 13:22:00,2011-03-24 10:03:00,Repeat,0.0041,3266,95.06
14026,2,713.11,356.56,427,2010-03-24 14:10:00,2010-08-26 10:31:00,Repeat,0.0041,3267,95.06
13147,4,712.8,178.2,144,2011-09-01 12:28:00,2011-11-29 13:59:00,Repeat,0.0041,3268,95.07
17761,1,712.78,712.78,398,2011-11-07 10:23:00,2011-11-07 10:23:00,One-time,0.0041,3269,95.07
14470,3,712.04,237.35,282,2010-10-05 12:39:00,2011-11-28 10:31:00,Repeat,0.0041,3270,95.07
15127,2,711.5,355.75,464,2010-07-08 10:07:00,2011-10-05 10:30:00,Repeat,0.0041,3271,95.08
13103,3,709.64,236.55,426,2010-05-11 14:41:00,2011-10-31 09:38:00,Repeat,0.0041,3272,95.08
13057,3,709.59,236.53,456,2010-03-18 12:14:00,2010-06-27 15:44:00,Repeat,0.0041,3273,95.09
13927,2,708.26,354.13,463,2010-09-28 16:12:00,2011-09-26 12:00:00,Repeat,0.0041,3274,95.09
12485,1,708.1,708.1,414,2010-06-28 15:22:00,2010-06-28 15:22:00,One-time,0.0041,3275,95.09
14398,2,707.79,353.89,267,2010-06-30 11:57:00,2010-11-03 13:46:00,Repeat,0.0041,3276,95.1
16449,2,707.69,353.85,367,2011-03-04 12:15:00,2011-05-26 10:25:00,Repeat,0.0041,3277,95.1
12453,1,707.09,707.09,473,2011-07-28 14:08:00,2011-07-28 14:08:00,One-time,0.0041,3278,95.11
13626,2,707.04,353.52,398,2010-11-25 16:12:00,2011-04-01 10:05:00,Repeat,0.0041,3279,95.11
16309,2,706.57,353.28,467,2011-04-13 11:46:00,2011-08-25 15:35:00,Repeat,0.0041,3280,95.11
17051,4,706.49,176.62,507,2010-03-21 14:55:00,2011-05-29 14:13:00,Repeat,0.0041,3281,95.12
12890,2,706.02,353.01,457,2010-11-17 14:05:00,2011-11-15 17:26:00,Repeat,0.0041,3282,95.12
16364,2,705.79,352.89,279,2011-07-25 14:35:00,2011-11-28 11:27:00,Repeat,0.0041,3283,95.13
16882,3,705.12,235.04,424,2011-01-26 17:43:00,2011-10-04 10:42:00,Repeat,0.0041,3284,95.13
16015,3,704.55,234.85,907,2011-10-21 12:56:00,2011-12-06 10:58:00,Repeat,0.0041,3285,95.13
12612,1,704.04,704.04,262,2011-09-26 15:35:00,2011-09-26 15:35:00,One-time,0.0041,3286,95.14
12883,4,703.47,175.87,196,2011-09-11 15:18:00,2011-11-15 09:32:00,Repeat,0.004,3287,95.14
15103,2,703.36,351.68,329,2011-09-14 13:54:00,2011-11-08 14:53:00,Repeat,0.004,3288,95.15
17561,4,703.02,175.75,381,2009-12-06 13:29:00,2011-11-20 12:53:00,Repeat,0.004,3289,95.15
14699,4,702.6,175.65,484,2010-07-02 12:04:00,2011-05-09 14:54:00,Repeat,0.004,3290,95.15
16997,3,702.0,234.0,360,2011-01-18 11:51:00,2011-02-24 17:28:00,Repeat,0.004,3291,95.16
17825,4,701.96,175.49,516,2009-12-14 12:09:00,2010-04-20 12:01:00,Repeat,0.004,3292,95.16
14324,2,701.61,350.81,402,2010-01-15 13:31:00,2010-10-26 11:44:00,Repeat,0.004,3293,95.17
14179,2,701.57,350.79,319,2011-10-18 14:00:00,2011-10-30 12:07:00,Repeat,0.004,3294,95.17
14356,2,701.23,350.62,277,2011-09-19 14:43:00,2011-09-21 09:18:00,Repeat,0.004,3295,95.17
13833,2,700.41,350.21,243,2010-10-31 14:11:00,2011-07-03 13:27:00,Repeat,0.004,3296,95.18
17163,4,699.78,174.94,531,2010-02-02 10:39:00,2011-11-18 08:57:00,Repeat,0.004,3297,95.18
13242,7,699.4,99.91,350,2010-02-09 13:12:00,2011-08-19 12:53:00,Repeat,0.004,3298,95.19
16018,4,698.13,174.53,503,2009-12-07 13:57:00,2011-10-31 14:13:00,Repeat,0.004,3299,95.19
14497,2,697.06,348.53,332,2010-02-04 09:59:00,2011-02-03 17:01:00,Repeat,0.004,3300,95.19
16415,3,696.76,232.25,508,2010-02-01 12:30:00,2011-10-26 13:35:00,Repeat,0.004,3301,95.2
15700,2,696.68,348.34,357,2011-06-19 15:36:00,2011-06-20 16:53:00,Repeat,0.004,3302,95.2
14959,4,695.42,173.85,494,2011-02-16 13:00:00,2011-10-06 18:23:00,Repeat,0.004,3303,95.21
13101,4,695.4,173.85,478,2010-01-27 15:49:00,2011-04-19 14:37:00,Repeat,0.004,3304,95.21
15995,1,694.54,694.54,352,2010-10-21 13:57:00,2010-10-21 13:57:00,One-time,0.004,3305,95.21
15053,3,693.95,231.32,984,2011-03-03 12:06:00,2011-12-05 12:08:00,Repeat,0.004,3306,95.22
14111,4,692.85,173.21,458,2011-04-12 11:36:00,2011-11-25 13:44:00,Repeat,0.004,3307,95.22
17198,3,692.22,230.74,357,2010-12-03 14:54:00,2011-11-16 10:39:00,Repeat,0.004,3308,95.23
17733,2,692.19,346.1,463,2011-03-23 09:54:00,2011-11-01 08:16:00,Repeat,0.004,3309,95.23
12817,3,690.98,230.33,219,2010-10-01 08:57:00,2011-03-03 16:28:00,Repeat,0.004,3310,95.23
16658,6,690.83,115.14,277,2010-03-30 16:24:00,2010-12-06 13:47:00,Repeat,0.004,3311,95.24
14880,3,690.59,230.2,365,2011-02-24 12:27:00,2011-09-23 13:42:00,Repeat,0.004,3312,95.24
16545,2,689.82,344.91,322,2010-11-29 10:39:00,2011-06-28 10:37:00,Repeat,0.004,3313,95.25
17834,2,689.67,344.84,639,2010-09-20 15:32:00,2010-10-21 12:09:00,Repeat,0.004,3314,95.25
17502,4,689.1,172.28,376,2011-11-10 16:39:00,2011-11-30 13:13:00,Repeat,0.004,3315,95.25
15361,4,689.07,172.27,373,2010-06-14 13:27:00,2010-12-13 09:52:00,Repeat,0.004,3316,95.26
12450,5,688.2,137.64,442,2010-08-22 13:11:00,2011-07-06 14:41:00,Repeat,0.004,3317,95.26
18017,4,688.0,172.0,400,2010-10-04 15:11:00,2011-09-19 16:15:00,Repeat,0.004,3318,95.27
15901,7,687.72,98.25,695,2010-06-14 12:39:00,2011-11-23 12:43:00,Repeat,0.004,3319,95.27
14809,2,686.76,343.38,232,2010-03-28 15:42:00,2010-03-28 15:44:00,Repeat,0.004,3320,95.27
13898,2,686.4,343.2,544,2010-10-24 15:42:00,2011-01-18 10:28:00,Repeat,0.004,3321,95.28
16824,3,686.24,228.75,390,2010-11-11 12:21:00,2011-11-24 12:38:00,Repeat,0.0039,3322,95.28
17935,7,686.14,98.02,244,2009-12-04 14:33:00,2011-07-24 13:18:00,Repeat,0.0039,3323,95.29
12658,1,686.05,686.05,320,2011-11-21 10:22:00,2011-11-21 10:22:00,One-time,0.0039,3324,95.29
15257,2,685.9,342.95,71,2010-10-21 14:03:00,2011-03-01 12:58:00,Repeat,0.0039,3325,95.29
15219,2,685.45,342.73,271,2010-03-01 11:33:00,2011-06-16 16:57:00,Repeat,0.0039,3326,95.3
15184,4,685.39,171.35,462,2009-12-16 12:06:00,2011-11-10 13:41:00,Repeat,0.0039,3327,95.3
16885,4,684.6,171.15,358,2010-11-19 12:51:00,2011-11-24 13:40:00,Repeat,0.0039,3328,95.31
13585,3,684.54,228.18,1386,2009-12-01 14:56:00,2010-06-27 12:33:00,Repeat,0.0039,3329,95.31
15669,4,684.34,171.09,342,2011-03-21 09:13:00,2011-10-30 16:03:00,Repeat,0.0039,3330,95.31
15207,3,683.92,227.97,428,2010-06-10 17:29:00,2010-10-19 13:29:00,Repeat,0.0039,3331,95.32
17874,6,683.46,113.91,221,2011-03-29 11:25:00,2011-06-07 12:54:00,Repeat,0.0039,3332,95.32
14222,1,683.17,683.17,607,2011-06-15 16:42:00,2011-06-15 16:42:00,One-time,0.0039,3333,95.33
15582,3,682.91,227.64,453,2011-05-03 13:36:00,2011-11-15 09:55:00,Repeat,0.0039,3334,95.33
13987,2,682.54,341.27,492,2010-11-04 09:54:00,2010-11-25 10:20:00,Repeat,0.0039,3335,95.33
12601,6,681.26,113.54,290,2010-10-31 10:57:00,2011-06-03 10:17:00,Repeat,0.0039,3336,95.34
12478,1,680.99,680.99,236,2011-12-06 09:56:00,2011-12-06 09:56:00,One-time,0.0039,3337,95.34
18271,2,680.85,340.43,319,2009-12-08 11:27:00,2010-04-09 09:26:00,Repeat,0.0039,3338,95.35
18082,1,680.84,680.84,608,2011-11-14 12:45:00,2011-11-14 12:45:00,One-time,0.0039,3339,95.35
15973,3,680.62,226.87,195,2010-10-06 15:00:00,2010-12-08 11:42:00,Repeat,0.0039,3340,95.35
13524,5,680.18,136.04,324,2011-05-04 12:26:00,2011-10-30 12:34:00,Repeat,0.0039,3341,95.36
13809,3,679.7,226.57,281,2010-09-05 11:42:00,2011-02-07 13:15:00,Repeat,0.0039,3342,95.36
14151,2,679.45,339.73,405,2009-12-23 10:54:00,2010-02-04 15:35:00,Repeat,0.0039,3343,95.36
13430,2,679.45,339.73,751,2011-09-14 14:26:00,2011-11-21 08:19:00,Repeat,0.0039,3344,95.37
17782,2,679.02,339.51,538,2010-11-22 10:03:00,2010-11-22 11:15:00,Repeat,0.0039,3345,95.37
16646,1,678.8,678.8,1072,2010-09-16 13:28:00,2010-09-16 13:28:00,One-time,0.0039,3346,95.38
14182,4,678.77,169.69,174,2010-04-22 15:36:00,2010-09-22 11:45:00,Repeat,0.0039,3347,95.38
13255,3,678.76,226.25,407,2010-07-15 13:20:00,2011-11-30 13:14:00,Repeat,0.0039,3348,95.38
13925,4,678.25,169.56,331,2011-07-28 12:09:00,2011-09-08 12:47:00,Repeat,0.0039,3349,95.39
15363,2,678.11,339.06,383,2010-08-04 08:41:00,2010-12-02 12:28:00,Repeat,0.0039,3350,95.39
13974,2,677.72,338.86,356,2010-05-06 17:55:00,2011-10-21 14:41:00,Repeat,0.0039,3351,95.4
16601,3,677.0,225.67,391,2010-03-26 13:39:00,2011-10-30 11:09:00,Repeat,0.0039,3352,95.4
13040,2,676.99,338.5,355,2011-11-06 13:53:00,2011-12-01 10:38:00,Repeat,0.0039,3353,95.4
17462,2,675.69,337.85,227,2011-02-28 17:01:00,2011-10-10 13:56:00,Repeat,0.0039,3354,95.41
18156,2,675.64,337.82,283,2010-12-05 12:29:00,2011-11-27 12:24:00,Repeat,0.0039,3355,95.41
12942,3,675.6,225.2,198,2010-12-09 09:34:00,2011-07-31 14:39:00,Repeat,0.0039,3356,95.42
13325,1,675.3,675.3,240,2011-09-19 10:36:00,2011-09-19 10:36:00,One-time,0.0039,3357,95.42
13355,1,674.7,674.7,314,2011-08-09 14:48:00,2011-08-09 14:48:00,One-time,0.0039,3358,95.42
13951,3,674.45,224.82,459,2011-02-18 15:21:00,2011-06-16 16:43:00,Repeat,0.0039,3359,95.43
14504,4,673.26,168.31,308,2011-03-06 14:38:00,2011-10-23 16:00:00,Repeat,0.0039,3360,95.43
16648,3,672.8,224.27,503,2010-04-28 14:58:00,2011-10-28 08:58:00,Repeat,0.0039,3361,95.44
16226,5,672.17,134.43,521,2010-10-22 11:19:00,2011-05-20 14:41:00,Repeat,0.0039,3362,95.44
17011,3,671.7,223.9,792,2010-02-26 09:47:00,2011-11-09 13:30:00,Repeat,0.0039,3363,95.44
15562,3,671.43,223.81,560,2009-12-13 15:17:00,2010-12-23 09:55:00,Repeat,0.0039,3364,95.45
14142,2,671.34,335.67,518,2010-03-03 15:13:00,2010-12-01 16:33:00,Repeat,0.0039,3365,95.45
17709,5,671.01,134.2,295,2010-04-15 14:48:00,2011-06-23 11:55:00,Repeat,0.0039,3366,95.45
13398,2,670.34,335.17,341,2010-09-17 09:34:00,2011-05-31 13:17:00,Repeat,0.0039,3367,95.46
17418,3,670.06,223.35,521,2010-11-17 13:42:00,2011-10-28 13:00:00,Repeat,0.0039,3368,95.46
13741,3,668.43,222.81,218,2011-05-06 13:43:00,2011-09-29 09:19:00,Repeat,0.0038,3369,95.47
16268,2,667.65,333.82,533,2011-09-29 18:30:00,2011-09-29 18:30:00,Repeat,0.0038,3370,95.47
17962,4,666.96,166.74,633,2010-01-13 15:24:00,2011-07-20 14:16:00,Repeat,0.0038,3371,95.47
18123,3,666.64,222.21,616,2010-07-14 12:47:00,2011-11-15 14:23:00,Repeat,0.0038,3372,95.48
13217,4,666.48,166.62,512,2010-02-22 12:49:00,2011-08-09 15:32:00,Repeat,0.0038,3373,95.48
14932,2,666.13,333.06,257,2010-11-19 09:16:00,2010-12-09 11:48:00,Repeat,0.0038,3374,95.49
17105,2,665.78,332.89,693,2011-02-06 14:46:00,2011-07-03 15:53:00,Repeat,0.0038,3375,95.49
16132,2,664.2,332.1,280,2010-03-22 10:25:00,2010-06-13 13:49:00,Repeat,0.0038,3376,95.49
16704,2,664.16,332.08,433,2010-02-05 14:14:00,2010-03-31 14:02:00,Repeat,0.0038,3377,95.5
13596,2,664.11,332.06,384,2011-11-27 11:57:00,2011-12-04 12:01:00,Repeat,0.0038,3378,95.5
15643,3,664.0,221.33,246,2011-03-02 14:34:00,2011-06-01 07:38:00,Repeat,0.0038,3379,95.5
14720,3,663.81,221.27,219,2011-08-05 12:06:00,2011-12-04 12:02:00,Repeat,0.0038,3380,95.51
16573,2,663.61,331.81,360,2011-02-22 15:14:00,2011-09-16 09:13:00,Repeat,0.0038,3381,95.51
16679,3,663.31,221.1,247,2010-06-10 18:35:00,2010-12-08 13:51:00,Repeat,0.0038,3382,95.52
12837,2,662.66,331.33,194,2010-05-19 15:10:00,2011-06-19 16:07:00,Repeat,0.0038,3383,95.52
13864,1,662.4,662.4,192,2010-11-18 12:50:00,2010-11-18 12:50:00,One-time,0.0038,3384,95.52
16862,4,662.33,165.58,513,2010-01-07 12:57:00,2010-06-10 13:05:00,Repeat,0.0038,3385,95.53
14425,3,661.39,220.46,325,2009-12-02 11:31:00,2010-10-01 10:24:00,Repeat,0.0038,3386,95.53
13028,2,661.32,330.66,798,2011-10-25 14:09:00,2011-11-17 11:10:00,Repeat,0.0038,3387,95.53
17375,4,660.55,165.14,480,2010-10-04 09:14:00,2011-05-24 15:45:00,Repeat,0.0038,3388,95.54
14603,1,660.0,660.0,400,2011-03-10 10:27:00,2011-03-10 10:27:00,One-time,0.0038,3389,95.54
15405,2,659.84,329.92,348,2010-05-12 15:56:00,2011-06-03 14:44:00,Repeat,0.0038,3390,95.55
15492,2,659.46,329.73,483,2011-09-26 14:02:00,2011-11-11 14:53:00,Repeat,0.0038,3391,95.55
13759,2,659.41,329.7,287,2011-09-29 15:40:00,2011-11-06 14:47:00,Repeat,0.0038,3392,95.55
14452,4,658.95,164.74,285,2010-07-06 13:13:00,2011-11-29 12:06:00,Repeat,0.0038,3393,95.56
13622,1,658.95,658.95,379,2010-01-12 13:22:00,2010-01-12 13:22:00,One-time,0.0038,3394,95.56
14150,2,658.64,329.32,496,2010-12-15 10:04:00,2011-11-04 10:05:00,Repeat,0.0038,3395,95.57
13433,4,658.32,164.58,190,2010-01-12 08:59:00,2010-07-26 16:55:00,Repeat,0.0038,3396,95.57
16887,3,658.17,219.39,423,2009-12-01 13:41:00,2011-11-04 14:07:00,Repeat,0.0038,3397,95.57
15715,5,658.02,131.6,246,2010-03-30 12:17:00,2010-06-02 09:56:00,Repeat,0.0038,3398,95.58
16696,4,657.9,164.48,146,2011-04-05 15:20:00,2011-07-27 14:23:00,Repeat,0.0038,3399,95.58
17852,5,657.81,131.56,372,2009-12-08 12:51:00,2011-11-28 12:36:00,Repeat,0.0038,3400,95.58
17459,2,657.3,328.65,537,2011-10-10 17:00:00,2011-10-27 13:25:00,Repeat,0.0038,3401,95.59
16157,3,656.69,218.9,347,2011-09-28 11:48:00,2011-11-24 11:41:00,Repeat,0.0038,3402,95.59
16708,1,656.63,656.63,285,2011-10-25 12:20:00,2011-10-25 12:20:00,One-time,0.0038,3403,95.6
14558,3,655.5,218.5,162,2009-12-08 10:41:00,2010-02-23 12:51:00,Repeat,0.0038,3404,95.6
17371,6,655.37,109.23,281,2009-12-08 12:25:00,2011-11-22 13:30:00,Repeat,0.0038,3405,95.6
16117,3,654.4,218.13,321,2010-04-27 11:50:00,2011-06-03 11:42:00,Repeat,0.0038,3406,95.61
17398,3,653.38,217.79,310,2011-03-29 13:04:00,2011-08-17 09:48:00,Repeat,0.0038,3407,95.61
13496,2,653.33,326.66,341,2010-12-15 10:17:00,2011-11-29 10:58:00,Repeat,0.0038,3408,95.61
18121,2,653.3,326.65,438,2011-07-08 12:14:00,2011-07-13 12:53:00,Repeat,0.0038,3409,95.62
15205,2,653.24,326.62,378,2011-08-04 16:07:00,2011-09-15 19:36:00,Repeat,0.0038,3410,95.62
13820,3,652.75,217.58,285,2010-01-28 12:26:00,2010-10-17 13:46:00,Repeat,0.0038,3411,95.63
17523,4,652.74,163.19,872,2011-11-20 13:40:00,2011-11-28 13:20:00,Repeat,0.0038,3412,95.63
17572,10,652.21,65.22,327,2009-12-15 10:00:00,2011-09-29 17:53:00,Repeat,0.0038,3413,95.63
13840,1,651.4,651.4,358,2010-10-19 13:34:00,2010-10-19 13:34:00,One-time,0.0037,3414,95.64
16056,1,650.75,650.75,345,2011-10-25 15:19:00,2011-10-25 15:19:00,One-time,0.0037,3415,95.64
16969,3,650.41,216.8,816,2011-06-01 12:10:00,2011-10-31 13:12:00,Repeat,0.0037,3416,95.64
17779,3,650.32,216.77,396,2011-07-19 12:19:00,2011-11-18 14:15:00,Repeat,0.0037,3417,95.65
14034,3,648.89,216.3,420,2011-07-05 13:06:00,2011-11-17 14:02:00,Repeat,0.0037,3418,95.65
12844,4,648.6,162.15,223,2010-04-25 11:51:00,2011-11-10 13:31:00,Repeat,0.0037,3419,95.66
16495,3,648.26,216.09,328,2011-03-08 16:38:00,2011-12-06 13:20:00,Repeat,0.0037,3420,95.66
17777,3,647.56,215.85,501,2011-08-31 14:35:00,2011-11-15 12:02:00,Repeat,0.0037,3421,95.66
16734,3,646.76,215.59,345,2011-08-17 15:00:00,2011-10-18 13:44:00,Repeat,0.0037,3422,95.67
13474,3,646.59,215.53,318,2010-08-01 14:40:00,2011-04-17 13:53:00,Repeat,0.0037,3423,95.67
15945,4,646.27,161.57,345,2009-12-01 13:47:00,2010-12-09 13:14:00,Repeat,0.0037,3424,95.67
15012,3,646.26,215.42,383,2010-05-12 11:49:00,2011-10-17 12:22:00,Repeat,0.0037,3425,95.68
14024,3,645.74,215.25,238,2010-11-14 10:51:00,2011-08-10 11:30:00,Repeat,0.0037,3426,95.68
17380,3,645.0,215.0,252,2010-06-23 11:24:00,2010-10-01 16:42:00,Repeat,0.0037,3427,95.69
12719,2,644.95,322.48,374,2011-10-05 14:50:00,2011-12-04 13:45:00,Repeat,0.0037,3428,95.69
16185,3,644.72,214.91,321,2010-05-24 11:04:00,2011-11-23 09:41:00,Repeat,0.0037,3429,95.69
17312,3,644.3,214.77,372,2011-07-03 13:12:00,2011-07-24 11:52:00,Repeat,0.0037,3430,95.7
17963,4,643.16,160.79,341,2010-01-19 17:25:00,2010-08-25 15:58:00,Repeat,0.0037,3431,95.7
13237,1,643.0,643.0,128,2010-11-17 10:07:00,2010-11-17 10:07:00,One-time,0.0037,3432,95.7
15297,3,641.94,213.98,292,2011-10-07 09:42:00,2011-11-29 16:32:00,Repeat,0.0037,3433,95.71
14537,2,641.4,320.7,228,2010-03-26 13:44:00,2011-10-13 10:54:00,Repeat,0.0037,3434,95.71
12365,2,641.38,320.69,174,2011-02-21 13:51:00,2011-02-21 14:04:00,Repeat,0.0037,3435,95.71
12624,2,641.13,320.56,355,2011-06-15 12:34:00,2011-08-25 15:04:00,Repeat,0.0037,3436,95.72
13318,3,640.76,213.59,304,2011-11-02 13:26:00,2011-12-08 18:51:00,Repeat,0.0037,3437,95.72
14563,2,640.54,320.27,279,2010-04-26 12:51:00,2010-07-18 12:01:00,Repeat,0.0037,3438,95.73
12538,2,640.45,320.23,336,2010-11-26 13:02:00,2011-11-10 17:16:00,Repeat,0.0037,3439,95.73
12880,2,640.13,320.06,279,2010-05-14 11:57:00,2010-11-23 10:50:00,Repeat,0.0037,3440,95.73
15183,3,639.93,213.31,297,2010-05-04 11:31:00,2010-06-10 10:43:00,Repeat,0.0037,3441,95.74
12734,3,639.65,213.22,265,2010-11-12 13:26:00,2010-12-22 12:47:00,Repeat,0.0037,3442,95.74
15648,2,639.5,319.75,218,2011-03-17 18:59:00,2011-05-19 15:53:00,Repeat,0.0037,3443,95.74
17998,3,639.24,213.08,561,2009-12-01 13:07:00,2010-11-24 15:31:00,Repeat,0.0037,3444,95.75
16428,3,638.49,212.83,575,2010-07-30 12:10:00,2010-10-22 12:22:00,Repeat,0.0037,3445,95.75
12699,1,638.11,638.11,373,2010-10-18 12:07:00,2010-10-18 12:07:00,One-time,0.0037,3446,95.76
17691,4,637.55,159.39,315,2010-06-11 11:50:00,2010-12-16 17:20:00,Repeat,0.0037,3447,95.76
14664,2,636.24,318.12,465,2011-11-06 14:56:00,2011-11-20 10:59:00,Repeat,0.0037,3448,95.76
15829,2,636.14,318.07,996,2011-07-22 10:23:00,2011-09-01 16:45:00,Repeat,0.0037,3449,95.77
16534,1,635.9,635.9,168,2010-03-07 15:47:00,2010-03-07 15:47:00,One-time,0.0037,3450,95.77
17334,3,635.15,211.72,566,2010-10-29 12:16:00,2011-02-10 14:59:00,Repeat,0.0037,3451,95.77
14365,2,634.68,317.34,557,2010-01-27 09:44:00,2010-11-10 09:52:00,Repeat,0.0037,3452,95.78
14219,3,633.83,211.28,363,2010-08-03 14:42:00,2011-12-05 16:23:00,Repeat,0.0036,3453,95.78
15666,2,632.94,316.47,469,2010-08-01 15:41:00,2010-08-24 16:14:00,Repeat,0.0036,3454,95.78
13540,3,632.39,210.8,189,2010-02-22 09:22:00,2010-08-29 14:20:00,Repeat,0.0036,3455,95.79
18183,2,632.07,316.04,371,2011-03-10 10:08:00,2011-04-26 15:26:00,Repeat,0.0036,3456,95.79
13822,2,632.0,316.0,611,2011-10-30 15:55:00,2011-12-04 12:13:00,Repeat,0.0036,3457,95.8
17985,1,631.35,631.35,171,2011-11-17 14:24:00,2011-11-17 14:24:00,One-time,0.0036,3458,95.8
13706,2,631.17,315.59,301,2010-03-23 09:18:00,2011-02-10 09:21:00,Repeat,0.0036,3459,95.8
16193,2,630.43,315.22,379,2010-10-25 10:25:00,2011-04-17 11:45:00,Repeat,0.0036,3460,95.81
16399,3,630.22,210.07,452,2010-11-15 15:03:00,2011-11-20 16:12:00,Repeat,0.0036,3461,95.81
13525,2,628.78,314.39,394,2011-04-05 15:36:00,2011-11-25 12:01:00,Repeat,0.0036,3462,95.81
14283,4,628.44,157.11,550,2010-05-19 12:22:00,2010-09-02 14:46:00,Repeat,0.0036,3463,95.82
16158,9,628.32,69.81,182,2009-12-05 15:00:00,2010-07-05 13:55:00,Repeat,0.0036,3464,95.82
13480,2,627.82,313.91,362,2010-01-29 12:35:00,2010-10-19 11:53:00,Repeat,0.0036,3465,95.82
13518,1,627.16,627.16,382,2011-09-15 10:29:00,2011-09-15 10:29:00,One-time,0.0036,3466,95.83
14036,1,626.65,626.65,268,2011-02-28 09:26:00,2011-02-28 09:26:00,One-time,0.0036,3467,95.83
13914,2,626.45,313.23,380,2011-11-03 16:28:00,2011-11-28 10:35:00,Repeat,0.0036,3468,95.84
14381,2,625.94,312.97,449,2010-09-14 16:15:00,2011-10-18 17:10:00,Repeat,0.0036,3469,95.84
14793,2,625.9,312.95,361,2010-06-22 16:54:00,2011-11-18 14:50:00,Repeat,0.0036,3470,95.84
16715,2,625.52,312.76,1174,2010-05-26 12:35:00,2011-09-22 18:15:00,Repeat,0.0036,3471,95.85
16330,7,625.38,89.34,326,2010-02-15 12:36:00,2011-11-22 12:24:00,Repeat,0.0036,3472,95.85
17134,3,625.3,208.43,144,2010-09-23 18:32:00,2011-08-25 09:53:00,Repeat,0.0036,3473,95.85
13776,2,623.98,311.99,2,2010-10-07 16:07:00,2010-10-07 16:11:00,Repeat,0.0036,3474,95.86
16750,5,623.93,124.79,214,2011-04-21 16:53:00,2011-10-26 12:48:00,Repeat,0.0036,3475,95.86
15147,1,623.5,623.5,366,2011-04-13 15:57:00,2011-04-13 15:57:00,One-time,0.0036,3476,95.86
16792,5,623.46,124.69,324,2010-01-04 13:47:00,2011-03-02 14:41:00,Repeat,0.0036,3477,95.87
16431,3,623.28,207.76,442,2011-02-15 14:02:00,2011-05-10 14:09:00,Repeat,0.0036,3478,95.87
15258,2,623.16,311.58,142,2011-05-06 14:16:00,2011-06-24 12:30:00,Repeat,0.0036,3479,95.87
16781,2,623.0,311.5,192,2010-02-08 13:56:00,2010-12-02 14:26:00,Repeat,0.0036,3480,95.88
12575,2,622.82,311.41,315,2010-07-01 09:15:00,2010-09-08 13:09:00,Repeat,0.0036,3481,95.88
14115,2,622.67,311.34,509,2010-02-11 11:44:00,2010-07-26 12:36:00,Repeat,0.0036,3482,95.89
17430,4,622.57,155.64,455,2010-08-17 11:52:00,2011-11-07 09:24:00,Repeat,0.0036,3483,95.89
17005,2,622.36,311.18,691,2010-04-30 10:55:00,2010-08-26 10:57:00,Repeat,0.0036,3484,95.89
18101,5,622.01,124.4,247,2010-02-03 13:52:00,2011-11-28 13:37:00,Repeat,0.0036,3485,95.9
14169,2,621.51,310.75,205,2010-09-21 13:39:00,2010-10-05 08:45:00,Repeat,0.0036,3486,95.9
16368,3,621.44,207.15,307,2010-09-30 11:30:00,2011-12-07 13:12:00,Repeat,0.0036,3487,95.9
15016,5,620.89,124.18,243,2010-06-14 13:06:00,2011-06-20 12:06:00,Repeat,0.0036,3488,95.91
13836,2,620.37,310.19,273,2010-10-21 13:27:00,2010-11-05 13:31:00,Repeat,0.0036,3489,95.91
14339,2,620.27,310.13,456,2010-10-07 08:50:00,2011-04-11 11:06:00,Repeat,0.0036,3490,95.91
12667,1,620.13,620.13,395,2011-10-12 17:00:00,2011-10-12 17:00:00,One-time,0.0036,3491,95.92
15276,4,619.8,154.95,317,2010-10-01 12:24:00,2011-10-04 16:39:00,Repeat,0.0036,3492,95.92
13444,2,619.08,309.54,331,2010-07-21 14:34:00,2010-11-30 13:02:00,Repeat,0.0036,3493,95.92
13020,2,618.96,309.48,278,2010-02-18 10:35:00,2010-05-26 11:12:00,Repeat,0.0036,3494,95.93
14079,2,618.73,309.37,302,2010-01-26 17:19:00,2011-08-07 12:10:00,Repeat,0.0036,3495,95.93
13493,2,618.63,309.31,380,2011-02-25 16:42:00,2011-03-09 15:35:00,Repeat,0.0036,3496,95.94
16613,1,618.59,618.59,293,2011-09-30 15:52:00,2011-09-30 15:52:00,One-time,0.0036,3497,95.94
12596,2,618.27,309.13,474,2011-04-11 13:22:00,2011-10-19 13:02:00,Repeat,0.0036,3498,95.94
13301,4,618.09,154.52,345,2011-02-20 13:13:00,2011-08-28 11:25:00,Repeat,0.0036,3499,95.95
14455,4,617.72,154.43,706,2010-08-01 13:26:00,2010-10-03 15:48:00,Repeat,0.0036,3500,95.95
15956,2,617.6,308.8,278,2009-12-13 11:16:00,2010-06-06 13:06:00,Repeat,0.0036,3501,95.95
14377,2,617.05,308.52,219,2011-03-22 13:38:00,2011-06-01 13:32:00,Repeat,0.0036,3502,95.96
16311,2,616.26,308.13,394,2011-10-21 13:13:00,2011-11-22 08:54:00,Repeat,0.0035,3503,95.96
17639,6,615.17,102.53,576,2010-08-13 11:59:00,2011-03-08 15:22:00,Repeat,0.0035,3504,95.96
15275,1,615.14,615.14,498,2011-11-02 11:20:00,2011-11-02 11:20:00,One-time,0.0035,3505,95.97
14077,6,615.08,102.51,376,2010-11-09 16:01:00,2011-10-30 12:35:00,Repeat,0.0035,3506,95.97
16847,2,614.89,307.45,255,2010-03-31 13:32:00,2011-10-27 13:29:00,Repeat,0.0035,3507,95.97
16566,5,614.66,122.93,362,2011-02-20 10:29:00,2011-11-24 16:34:00,Repeat,0.0035,3508,95.98
16844,2,614.34,307.17,281,2010-05-06 09:16:00,2010-05-26 10:29:00,Repeat,0.0035,3509,95.98
16343,3,614.12,204.71,345,2010-10-28 14:15:00,2011-11-23 17:45:00,Repeat,0.0035,3510,95.99
14570,3,613.75,204.58,431,2010-09-22 13:07:00,2011-03-04 10:58:00,Repeat,0.0035,3511,95.99
17035,4,613.59,153.4,327,2009-12-03 10:37:00,2011-04-08 11:23:00,Repeat,0.0035,3512,95.99
15362,2,613.08,306.54,368,2009-12-01 09:08:00,2010-09-17 10:37:00,Repeat,0.0035,3513,96.0
12855,4,612.84,153.21,240,2010-11-02 18:16:00,2010-12-02 09:37:00,Repeat,0.0035,3514,96.0
16116,1,612.78,612.78,248,2011-05-12 12:01:00,2011-05-12 12:01:00,One-time,0.0035,3515,96.0
16178,2,612.6,306.3,304,2010-11-03 14:46:00,2011-07-24 16:05:00,Repeat,0.0035,3516,96.01
16589,4,612.36,153.09,536,2010-09-15 14:56:00,2011-09-29 14:50:00,Repeat,0.0035,3517,96.01
12513,1,612.29,612.29,462,2011-08-19 10:51:00,2011-08-19 10:51:00,One-time,0.0035,3518,96.01
13008,3,612.13,204.04,379,2009-12-16 16:07:00,2011-01-20 14:24:00,Repeat,0.0035,3519,96.02
15232,2,612.06,306.03,686,2011-07-22 12:21:00,2011-08-18 16:27:00,Repeat,0.0035,3520,96.02
16922,1,611.08,611.08,281,2010-05-16 11:24:00,2010-05-16 11:24:00,One-time,0.0035,3521,96.02
13731,2,610.59,305.3,278,2011-04-07 10:10:00,2011-05-04 14:33:00,Repeat,0.0035,3522,96.03
13832,2,609.89,304.94,420,2010-10-13 14:41:00,2011-11-20 15:36:00,Repeat,0.0035,3523,96.03
14636,2,609.85,304.93,241,2011-03-16 09:52:00,2011-11-03 16:12:00,Repeat,0.0035,3524,96.03
15748,3,609.81,203.27,261,2010-09-16 16:52:00,2011-10-30 12:51:00,Repeat,0.0035,3525,96.04
17325,3,609.57,203.19,465,2010-03-08 11:31:00,2011-03-04 13:09:00,Repeat,0.0035,3526,96.04
17707,8,609.3,76.16,546,2009-12-07 12:19:00,2011-06-07 15:03:00,Repeat,0.0035,3527,96.05
16675,2,608.86,304.43,296,2010-08-18 13:11:00,2010-09-24 12:15:00,Repeat,0.0035,3528,96.05
13933,2,608.79,304.39,205,2011-07-14 13:35:00,2011-08-22 14:03:00,Repeat,0.0035,3529,96.05
17473,2,607.0,303.5,270,2010-09-09 19:03:00,2010-10-27 11:45:00,Repeat,0.0035,3530,96.06
15717,5,607.0,121.4,224,2010-04-26 10:41:00,2011-04-19 13:21:00,Repeat,0.0035,3531,96.06
17119,2,606.91,303.45,334,2011-10-11 11:03:00,2011-12-06 14:40:00,Repeat,0.0035,3532,96.06
15158,2,606.02,303.01,219,2010-11-03 13:46:00,2011-10-25 13:53:00,Repeat,0.0035,3533,96.07
16590,2,605.9,302.95,240,2010-10-21 12:09:00,2010-11-04 09:06:00,Repeat,0.0035,3534,96.07
17507,2,605.58,302.79,359,2011-02-03 18:08:00,2011-03-23 11:48:00,Repeat,0.0035,3535,96.07
14323,2,605.06,302.53,350,2011-04-15 11:44:00,2011-08-17 11:37:00,Repeat,0.0035,3536,96.08
16321,7,604.55,86.36,259,2009-12-01 10:36:00,2011-09-28 14:55:00,Repeat,0.0035,3537,96.08
12944,2,604.51,302.25,289,2010-12-20 10:41:00,2011-11-04 11:04:00,Repeat,0.0035,3538,96.08
14611,2,604.33,302.16,582,2010-04-20 10:19:00,2010-09-22 09:19:00,Repeat,0.0035,3539,96.09
13106,2,603.46,301.73,231,2010-10-22 13:10:00,2011-07-29 15:12:00,Repeat,0.0035,3540,96.09
12707,1,603.42,603.42,256,2011-02-21 08:38:00,2011-02-21 08:38:00,One-time,0.0035,3541,96.09
18264,1,603.25,603.25,241,2010-07-29 10:02:00,2010-07-29 10:02:00,One-time,0.0035,3542,96.1
16022,1,602.63,602.63,255,2011-03-24 13:16:00,2011-03-24 13:16:00,One-time,0.0035,3543,96.1
16080,4,602.56,150.64,298,2010-09-15 14:19:00,2011-09-19 10:42:00,Repeat,0.0035,3544,96.1
12654,5,601.98,120.4,264,2011-02-17 13:16:00,2011-11-29 10:10:00,Repeat,0.0035,3545,96.11
17270,2,601.45,300.73,420,2009-12-07 17:18:00,2010-08-27 14:09:00,Repeat,0.0035,3546,96.11
14254,1,601.03,601.03,263,2010-10-03 11:52:00,2010-10-03 11:52:00,One-time,0.0035,3547,96.11
12420,1,600.39,600.39,345,2011-10-07 08:55:00,2011-10-07 08:55:00,One-time,0.0035,3548,96.12
17745,2,600.34,300.17,164,2010-06-02 09:03:00,2010-08-19 12:30:00,Repeat,0.0035,3549,96.12
18211,5,600.07,120.01,359,2011-03-06 12:09:00,2011-11-14 08:10:00,Repeat,0.0035,3550,96.13
17678,2,599.76,299.88,368,2010-04-15 13:54:00,2011-03-21 11:52:00,Repeat,0.0035,3551,96.13
12521,1,599.68,599.68,309,2011-07-20 10:51:00,2011-07-20 10:51:00,One-time,0.0035,3552,96.13
12556,2,599.56,299.78,355,2011-07-11 13:35:00,2011-10-20 13:06:00,Repeat,0.0035,3553,96.14
13311,2,598.57,299.29,305,2011-07-12 14:26:00,2011-12-05 12:55:00,Repeat,0.0034,3554,96.14
15424,3,597.78,199.26,873,2010-09-02 17:17:00,2011-03-30 13:02:00,Repeat,0.0034,3555,96.14
14569,4,597.33,149.33,257,2010-04-15 11:49:00,2011-12-08 14:58:00,Repeat,0.0034,3556,96.15
15631,1,596.67,596.67,525,2010-03-07 14:52:00,2010-03-07 14:52:00,One-time,0.0034,3557,96.15
16780,3,596.4,198.8,352,2010-10-28 19:41:00,2011-08-31 16:09:00,Repeat,0.0034,3558,96.15
15346,3,596.12,198.71,260,2010-10-04 15:11:00,2011-01-11 11:18:00,Repeat,0.0034,3559,96.16
17845,4,596.09,149.02,195,2010-05-12 13:04:00,2010-06-02 15:20:00,Repeat,0.0034,3560,96.16
14965,2,596.09,298.04,363,2011-09-04 13:15:00,2011-09-04 13:20:00,Repeat,0.0034,3561,96.16
17209,3,595.7,198.57,723,2009-12-03 11:10:00,2010-02-28 16:01:00,Repeat,0.0034,3562,96.17
17658,2,595.42,297.71,616,2011-05-12 15:23:00,2011-11-14 12:07:00,Repeat,0.0034,3563,96.17
13684,4,594.88,148.72,234,2010-03-28 14:48:00,2011-02-27 10:13:00,Repeat,0.0034,3564,96.17
14771,2,594.62,297.31,622,2009-12-03 09:44:00,2010-03-28 12:52:00,Repeat,0.0034,3565,96.18
13558,4,594.52,148.63,338,2011-10-02 13:01:00,2011-12-04 11:24:00,Repeat,0.0034,3566,96.18
15929,1,594.0,594.0,120,2010-03-05 14:56:00,2010-03-05 14:56:00,One-time,0.0034,3567,96.18
15442,1,594.0,594.0,120,2011-04-05 12:24:00,2011-04-05 12:24:00,One-time,0.0034,3568,96.19
14746,4,593.5,148.38,398,2010-10-12 11:06:00,2010-10-29 14:44:00,Repeat,0.0034,3569,96.19
16412,5,593.19,118.64,288,2010-02-04 13:46:00,2011-10-17 12:35:00,Repeat,0.0034,3570,96.19
18232,4,592.97,148.24,302,2011-05-26 16:30:00,2011-09-19 11:49:00,Repeat,0.0034,3571,96.2
16776,2,592.51,296.25,435,2010-10-20 12:13:00,2011-10-10 13:04:00,Repeat,0.0034,3572,96.2
13472,2,592.24,296.12,310,2010-06-02 09:48:00,2010-09-02 09:41:00,Repeat,0.0034,3573,96.2
17815,1,591.96,591.96,612,2010-11-11 14:39:00,2010-11-11 14:39:00,One-time,0.0034,3574,96.21
17156,1,591.87,591.87,391,2010-08-05 11:30:00,2010-08-05 11:30:00,One-time,0.0034,3575,96.21
12790,2,591.85,295.93,306,2010-10-25 13:04:00,2011-05-31 14:14:00,Repeat,0.0034,3576,96.21
17483,4,591.73,147.93,265,2010-10-21 12:43:00,2011-10-05 13:10:00,Repeat,0.0034,3577,96.22
15524,2,591.4,295.7,28,2010-04-12 09:19:00,2011-11-15 12:09:00,Repeat,0.0034,3578,96.22
17098,3,591.07,197.02,125,2010-06-17 10:30:00,2010-11-23 12:13:00,Repeat,0.0034,3579,96.22
17968,4,590.44,147.61,352,2010-07-15 15:01:00,2010-12-01 12:23:00,Repeat,0.0034,3580,96.23
13270,1,590.0,590.0,200,2010-12-08 14:53:00,2010-12-08 14:53:00,One-time,0.0034,3581,96.23
15160,4,589.27,147.32,307,2010-10-14 15:26:00,2010-12-17 14:15:00,Repeat,0.0034,3582,96.23
15624,4,588.13,147.03,357,2011-03-28 13:32:00,2011-08-15 11:38:00,Repeat,0.0034,3583,96.24
15191,3,588.05,196.02,287,2010-01-20 12:35:00,2010-09-02 15:37:00,Repeat,0.0034,3584,96.24
17890,2,586.89,293.44,402,2010-12-13 15:12:00,2011-01-21 11:19:00,Repeat,0.0034,3585,96.24
14729,3,586.24,195.41,372,2010-03-24 13:30:00,2010-12-01 12:43:00,Repeat,0.0034,3586,96.25
14173,6,586.0,97.67,194,2009-12-09 12:46:00,2011-11-29 11:54:00,Repeat,0.0034,3587,96.25
17392,3,585.92,195.31,450,2010-09-15 16:17:00,2011-02-06 12:48:00,Repeat,0.0034,3588,96.25
12384,2,585.27,292.63,126,2011-08-10 11:23:00,2011-11-11 08:39:00,Repeat,0.0034,3589,96.26
12800,3,584.25,194.75,284,2010-02-01 11:02:00,2010-08-26 14:11:00,Repeat,0.0034,3590,96.26
14023,2,584.07,292.03,345,2011-04-03 15:50:00,2011-12-02 13:58:00,Repeat,0.0034,3591,96.26
15762,2,583.75,291.88,251,2011-09-23 15:17:00,2011-10-05 16:15:00,Repeat,0.0034,3592,96.27
17014,3,583.43,194.48,243,2011-10-04 11:36:00,2011-12-01 14:09:00,Repeat,0.0034,3593,96.27
16001,1,583.39,583.39,337,2010-11-23 17:10:00,2010-11-23 17:10:00,One-time,0.0034,3594,96.28
14670,3,583.33,194.44,423,2009-12-07 13:59:00,2011-03-04 14:13:00,Repeat,0.0034,3595,96.28
16445,4,583.16,145.79,287,2010-10-24 12:39:00,2011-11-06 12:32:00,Repeat,0.0034,3596,96.28
15918,3,582.88,194.29,240,2010-03-18 11:40:00,2011-06-02 11:42:00,Repeat,0.0034,3597,96.29
16100,1,582.64,582.64,438,2010-09-03 11:39:00,2010-09-03 11:39:00,One-time,0.0034,3598,96.29
16802,2,582.61,291.31,369,2009-12-09 13:00:00,2010-01-29 13:44:00,Repeat,0.0034,3599,96.29
17099,1,582.17,582.17,317,2010-06-24 16:25:00,2010-06-24 16:25:00,One-time,0.0034,3600,96.3
14742,1,579.85,579.85,374,2010-09-30 14:07:00,2010-09-30 14:07:00,One-time,0.0033,3601,96.3
15588,1,579.6,579.6,96,2010-01-31 12:19:00,2010-01-31 12:19:00,One-time,0.0033,3602,96.3
14529,3,578.61,192.87,325,2011-08-21 14:10:00,2011-10-10 15:27:00,Repeat,0.0033,3603,96.31
18262,3,577.54,192.51,552,2010-04-16 09:05:00,2011-07-22 16:04:00,Repeat,0.0033,3604,96.31
15830,1,576.0,576.0,415,2011-11-02 10:40:00,2011-11-02 10:40:00,One-time,0.0033,3605,96.31
17557,4,575.46,143.87,310,2009-12-07 10:15:00,2011-11-25 12:57:00,Repeat,0.0033,3606,96.32
17773,2,575.37,287.69,254,2010-01-18 14:32:00,2010-07-13 14:07:00,Repeat,0.0033,3607,96.32
12859,1,575.1,575.1,292,2010-09-07 12:20:00,2010-09-07 12:20:00,One-time,0.0033,3608,96.32
13262,3,573.45,191.15,247,2010-04-18 12:14:00,2011-03-21 15:06:00,Repeat,0.0033,3609,96.33
17274,2,573.22,286.61,271,2010-11-09 12:06:00,2011-11-04 13:16:00,Repeat,0.0033,3610,96.33
12879,3,573.22,191.07,370,2011-09-09 12:11:00,2011-10-26 12:24:00,Repeat,0.0033,3611,96.33
13424,1,572.77,572.77,529,2010-09-16 10:49:00,2010-09-16 10:49:00,One-time,0.0033,3612,96.33
13379,3,572.56,190.85,601,2011-07-26 12:26:00,2011-11-13 13:45:00,Repeat,0.0033,3613,96.34
13179,1,572.31,572.31,368,2010-03-31 11:40:00,2010-03-31 11:40:00,One-time,0.0033,3614,96.34
14053,4,572.3,143.07,490,2010-08-10 11:02:00,2011-08-07 14:27:00,Repeat,0.0033,3615,96.34
12816,2,572.2,286.1,128,2011-06-16 13:24:00,2011-09-05 12:41:00,Repeat,0.0033,3616,96.35
13816,2,571.67,285.84,269,2011-10-06 14:37:00,2011-11-16 08:38:00,Repeat,0.0033,3617,96.35
15198,5,571.35,114.27,327,2010-01-19 10:01:00,2011-09-08 14:42:00,Repeat,0.0033,3618,96.35
15691,4,571.3,142.82,212,2009-12-06 16:01:00,2011-04-01 15:13:00,Repeat,0.0033,3619,96.36
18053,3,571.07,190.36,409,2010-06-30 12:36:00,2011-09-30 09:05:00,Repeat,0.0033,3620,96.36
15821,2,570.96,285.48,202,2011-10-09 13:28:00,2011-10-26 15:48:00,Repeat,0.0033,3621,96.36
13190,3,570.66,190.22,308,2009-12-07 12:13:00,2010-06-13 15:47:00,Repeat,0.0033,3622,96.37
17122,4,570.5,142.63,368,2010-07-28 09:34:00,2011-08-12 14:33:00,Repeat,0.0033,3623,96.37
15315,2,570.5,285.25,862,2011-08-15 15:17:00,2011-10-06 12:51:00,Repeat,0.0033,3624,96.37
15857,2,570.48,285.24,584,2010-10-05 16:43:00,2011-11-21 12:18:00,Repeat,0.0033,3625,96.38
14170,3,570.18,190.06,270,2010-11-09 14:06:00,2010-11-29 13:10:00,Repeat,0.0033,3626,96.38
17433,2,569.96,284.98,305,2010-11-19 13:37:00,2011-09-12 14:24:00,Repeat,0.0033,3627,96.38
15169,2,569.22,284.61,356,2009-12-13 11:16:00,2010-11-22 13:04:00,Repeat,0.0033,3628,96.39
15920,9,569.14,63.24,238,2009-12-14 13:09:00,2011-07-08 15:31:00,Repeat,0.0033,3629,96.39
13406,2,568.92,284.46,292,2010-03-18 07:29:00,2010-10-08 14:44:00,Repeat,0.0033,3630,96.39
18244,2,568.64,284.32,856,2010-07-25 10:30:00,2010-10-05 11:15:00,Repeat,0.0033,3631,96.4
13321,2,567.36,283.68,372,2011-09-14 15:18:00,2011-09-28 15:24:00,Repeat,0.0033,3632,96.4
16667,2,567.18,283.59,236,2011-02-28 12:57:00,2011-10-02 15:26:00,Repeat,0.0033,3633,96.4
14208,2,567.05,283.52,529,2010-06-06 13:11:00,2011-09-06 12:48:00,Repeat,0.0033,3634,96.41
15627,2,566.9,283.45,344,2010-07-05 11:56:00,2010-09-08 14:14:00,Repeat,0.0033,3635,96.41
13998,3,566.7,188.9,204,2010-05-12 13:18:00,2010-09-19 10:20:00,Repeat,0.0033,3636,96.41
18150,3,566.58,188.86,332,2011-05-22 10:47:00,2011-11-07 16:49:00,Repeat,0.0033,3637,96.42
16250,3,565.24,188.41,268,2010-11-18 10:43:00,2011-03-23 15:07:00,Repeat,0.0033,3638,96.42
13894,3,564.62,188.21,354,2011-02-02 12:54:00,2011-11-16 09:44:00,Repeat,0.0032,3639,96.42
15344,3,563.94,187.98,116,2011-09-26 14:48:00,2011-12-09 10:45:00,Repeat,0.0032,3640,96.43
15143,2,563.63,281.81,320,2010-10-03 13:58:00,2011-04-28 12:03:00,Repeat,0.0032,3641,96.43
15597,2,563.37,281.69,393,2010-05-13 13:10:00,2011-11-04 13:26:00,Repeat,0.0032,3642,96.43
17665,1,563.1,563.1,690,2010-08-03 13:12:00,2010-08-03 13:12:00,One-time,0.0032,3643,96.44
14986,2,563.1,281.55,338,2010-01-24 15:54:00,2010-11-28 15:25:00,Repeat,0.0032,3644,96.44
17195,1,562.98,562.98,486,2010-02-22 13:05:00,2010-02-22 13:05:00,One-time,0.0032,3645,96.44
17970,1,562.79,562.79,513,2011-05-12 20:03:00,2011-05-12 20:03:00,One-time,0.0032,3646,96.45
12559,2,561.71,280.86,283,2011-01-24 10:12:00,2011-02-02 09:49:00,Repeat,0.0032,3647,96.45
17233,3,560.86,186.95,298,2009-12-15 12:03:00,2011-11-04 14:06:00,Repeat,0.0032,3648,96.45
15655,1,560.67,560.67,324,2011-04-10 15:25:00,2011-04-10 15:25:00,One-time,0.0032,3649,96.46
17413,2,560.14,280.07,302,2010-05-19 11:11:00,2010-10-31 12:33:00,Repeat,0.0032,3650,96.46
14273,4,559.97,139.99,264,2011-04-11 13:24:00,2011-10-19 13:20:00,Repeat,0.0032,3651,96.46
15415,1,559.61,559.61,551,2011-01-30 14:13:00,2011-01-30 14:13:00,One-time,0.0032,3652,96.47
17503,2,558.96,279.48,486,2011-11-01 11:12:00,2011-12-07 09:18:00,Repeat,0.0032,3653,96.47
17223,3,558.04,186.01,155,2010-11-29 17:19:00,2011-02-02 15:57:00,Repeat,0.0032,3654,96.47
14592,3,557.94,185.98,407,2011-10-06 18:08:00,2011-11-04 16:35:00,Repeat,0.0032,3655,96.48
13260,1,557.62,557.62,142,2011-10-09 13:21:00,2011-10-09 13:21:00,One-time,0.0032,3656,96.48
18127,4,556.13,139.03,250,2010-11-01 13:56:00,2011-11-20 14:05:00,Repeat,0.0032,3657,96.48
13024,2,555.87,277.94,181,2010-05-06 14:25:00,2010-08-26 09:42:00,Repeat,0.0032,3658,96.48
15102,2,554.67,277.33,339,2010-06-11 10:16:00,2010-06-27 12:16:00,Repeat,0.0032,3659,96.49
15634,2,554.65,277.33,227,2010-11-21 15:30:00,2011-11-22 16:28:00,Repeat,0.0032,3660,96.49
18056,2,554.6,277.3,334,2010-03-31 12:29:00,2011-02-24 14:27:00,Repeat,0.0032,3661,96.49
16641,2,554.5,277.25,454,2010-01-07 12:22:00,2011-08-26 12:49:00,Repeat,0.0032,3662,96.5
15650,2,553.88,276.94,210,2010-03-21 11:46:00,2010-07-06 10:41:00,Repeat,0.0032,3663,96.5
17407,1,552.9,552.9,426,2010-10-24 11:57:00,2010-10-24 11:57:00,One-time,0.0032,3664,96.5
17016,1,552.4,552.4,309,2010-05-12 12:32:00,2010-05-12 12:32:00,One-time,0.0032,3665,96.51
12797,2,552.08,276.04,215,2010-10-11 12:53:00,2010-12-09 10:55:00,Repeat,0.0032,3666,96.51
12363,2,552.0,276.0,408,2011-04-11 13:29:00,2011-08-22 10:18:00,Repeat,0.0032,3667,96.51
13677,2,551.24,275.62,217,2010-07-07 17:25:00,2010-10-31 11:32:00,Repeat,0.0032,3668,96.52
16414,5,551.21,110.24,201,2010-01-14 10:21:00,2011-11-18 09:42:00,Repeat,0.0032,3669,96.52
17674,2,551.04,275.52,672,2010-12-06 10:20:00,2011-09-26 13:35:00,Repeat,0.0032,3670,96.52
17291,1,550.8,550.8,72,2011-02-04 13:04:00,2011-02-04 13:04:00,One-time,0.0032,3671,96.53
17265,2,550.01,275.0,389,2011-06-12 12:00:00,2011-07-24 10:49:00,Repeat,0.0032,3672,96.53
12390,1,549.84,549.84,353,2011-09-21 09:33:00,2011-09-21 09:33:00,One-time,0.0032,3673,96.53
16111,1,549.33,549.33,233,2010-10-07 19:51:00,2010-10-07 19:51:00,One-time,0.0032,3674,96.54
15055,3,549.12,183.04,225,2009-12-16 15:48:00,2010-08-22 11:06:00,Repeat,0.0032,3675,96.54
15200,1,549.05,549.05,195,2010-08-02 09:38:00,2010-08-02 09:38:00,One-time,0.0032,3676,96.54
15842,2,548.8,274.4,296,2010-06-30 09:06:00,2010-11-11 14:08:00,Repeat,0.0032,3677,96.55
13948,4,548.76,137.19,248,2009-12-04 12:14:00,2010-12-14 10:18:00,Repeat,0.0032,3678,96.55
16936,2,548.29,274.14,339,2010-11-19 11:54:00,2011-11-14 11:04:00,Repeat,0.0032,3679,96.55
18039,4,548.22,137.06,555,2010-03-09 11:19:00,2010-11-30 13:07:00,Repeat,0.0032,3680,96.55
16536,1,548.12,548.12,250,2011-08-21 15:54:00,2011-08-21 15:54:00,One-time,0.0032,3681,96.56
15598,2,548.02,274.01,404,2010-10-08 09:20:00,2011-10-17 16:04:00,Repeat,0.0032,3682,96.56
16031,2,547.9,273.95,421,2011-04-06 14:23:00,2011-09-08 13:07:00,Repeat,0.0032,3683,96.56
15350,2,547.6,273.8,272,2010-11-21 15:14:00,2010-12-01 13:33:00,Repeat,0.0032,3684,96.57
16811,2,547.07,273.53,477,2011-11-22 17:19:00,2011-12-05 11:39:00,Repeat,0.0031,3685,96.57
17637,2,547.06,273.53,280,2011-08-16 13:25:00,2011-11-08 12:51:00,Repeat,0.0031,3686,96.57
17295,3,547.0,182.33,293,2011-10-06 12:22:00,2011-11-11 10:49:00,Repeat,0.0031,3687,96.58
17520,1,546.81,546.81,365,2011-10-17 12:04:00,2011-10-17 12:04:00,One-time,0.0031,3688,96.58
15080,2,546.25,273.13,287,2010-07-26 10:03:00,2010-10-08 11:52:00,Repeat,0.0031,3689,96.58
17806,1,546.04,546.04,727,2011-11-28 14:12:00,2011-11-28 14:12:00,One-time,0.0031,3690,96.59
15728,2,544.6,272.3,132,2010-09-21 14:46:00,2010-11-25 10:39:00,Repeat,0.0031,3691,96.59
18207,1,544.47,544.47,325,2010-07-28 14:26:00,2010-07-28 14:26:00,One-time,0.0031,3692,96.59
16475,4,544.3,136.07,319,2011-03-11 09:39:00,2011-09-12 14:37:00,Repeat,0.0031,3693,96.6
13390,1,544.08,544.08,224,2011-09-26 08:38:00,2011-09-26 08:38:00,One-time,0.0031,3694,96.6
13955,3,544.07,181.36,272,2010-11-29 17:35:00,2011-07-08 17:19:00,Repeat,0.0031,3695,96.6
14716,3,543.28,181.09,643,2010-09-21 12:07:00,2011-10-27 17:29:00,Repeat,0.0031,3696,96.6
16927,3,543.05,181.02,993,2010-12-13 11:57:00,2011-08-16 11:10:00,Repeat,0.0031,3697,96.61
15959,3,542.89,180.96,269,2010-01-26 16:19:00,2010-01-26 16:38:00,Repeat,0.0031,3698,96.61
13785,4,542.49,135.62,151,2010-09-05 16:01:00,2010-10-07 09:25:00,Repeat,0.0031,3699,96.61
15675,4,542.04,135.51,624,2010-10-31 14:14:00,2011-09-19 13:48:00,Repeat,0.0031,3700,96.62
16230,2,542.03,271.01,365,2011-05-03 15:12:00,2011-06-03 10:06:00,Repeat,0.0031,3701,96.62
16060,3,541.95,180.65,243,2010-08-02 15:26:00,2010-11-04 12:10:00,Repeat,0.0031,3702,96.62
16647,4,541.9,135.47,396,2010-06-13 15:52:00,2011-06-23 11:47:00,Repeat,0.0031,3703,96.63
17447,2,541.53,270.76,443,2011-09-29 10:10:00,2011-10-30 14:18:00,Repeat,0.0031,3704,96.63
17580,5,541.02,108.2,223,2010-10-13 14:28:00,2011-04-01 12:41:00,Repeat,0.0031,3705,96.63
16576,2,540.87,270.44,323,2010-07-06 10:42:00,2010-10-15 13:37:00,Repeat,0.0031,3706,96.64
12819,1,540.52,540.52,344,2010-09-07 15:20:00,2010-09-07 15:20:00,One-time,0.0031,3707,96.64
12743,2,540.13,270.06,315,2011-07-28 16:06:00,2011-07-28 16:21:00,Repeat,0.0031,3708,96.64
17524,3,539.14,179.71,362,2010-09-27 16:20:00,2010-12-13 14:32:00,Repeat,0.0031,3709,96.65
13812,3,539.0,179.67,333,2011-08-26 12:54:00,2011-10-28 14:27:00,Repeat,0.0031,3710,96.65
15539,1,538.46,538.46,410,2011-12-02 13:36:00,2011-12-02 13:36:00,One-time,0.0031,3711,96.65
13961,1,538.4,538.4,226,2010-11-12 14:40:00,2010-11-12 14:40:00,One-time,0.0031,3712,96.65
14539,2,537.48,268.74,428,2011-10-26 12:03:00,2011-11-24 09:50:00,Repeat,0.0031,3713,96.66
16804,3,536.99,179.0,246,2011-03-14 15:48:00,2011-11-16 16:43:00,Repeat,0.0031,3714,96.66
18140,1,536.41,536.41,395,2010-08-23 11:58:00,2010-08-23 11:58:00,One-time,0.0031,3715,96.66
13207,4,535.86,133.97,178,2010-04-06 16:37:00,2011-11-24 14:52:00,Repeat,0.0031,3716,96.67
15890,5,535.65,107.13,119,2010-04-14 08:43:00,2010-11-10 12:46:00,Repeat,0.0031,3717,96.67
16142,1,535.34,535.34,422,2011-04-04 10:16:00,2011-04-04 10:16:00,One-time,0.0031,3718,96.67
12810,2,534.99,267.5,389,2010-02-01 09:52:00,2010-06-23 10:53:00,Repeat,0.0031,3719,96.68
13385,1,534.57,534.57,281,2011-01-14 09:52:00,2011-01-14 09:52:00,One-time,0.0031,3720,96.68
17443,1,534.24,534.24,504,2011-05-04 10:47:00,2011-05-04 10:47:00,One-time,0.0031,3721,96.68
17436,5,534.06,106.81,178,2009-12-07 12:31:00,2011-12-08 12:30:00,Repeat,0.0031,3722,96.69
16785,1,533.78,533.78,313,2010-10-26 10:36:00,2010-10-26 10:36:00,One-time,0.0031,3723,96.69
16707,4,533.41,133.35,396,2010-03-09 15:16:00,2010-11-04 14:39:00,Repeat,0.0031,3724,96.69
13594,2,533.32,266.66,396,2010-08-11 10:23:00,2011-10-18 10:19:00,Repeat,0.0031,3725,96.69
15433,2,533.3,266.65,534,2011-03-17 14:12:00,2011-05-10 10:45:00,Repeat,0.0031,3726,96.7
15825,1,532.94,532.94,220,2011-06-20 13:27:00,2011-06-20 13:27:00,One-time,0.0031,3727,96.7
15659,3,532.49,177.5,161,2010-02-24 13:32:00,2011-10-27 09:23:00,Repeat,0.0031,3728,96.7
15115,2,531.85,265.93,245,2009-12-07 11:20:00,2011-11-21 14:59:00,Repeat,0.0031,3729,96.71
14940,2,531.49,265.75,384,2009-12-06 15:46:00,2010-10-18 10:47:00,Repeat,0.0031,3730,96.71
16706,3,531.35,177.12,249,2011-08-17 15:53:00,2011-11-02 13:50:00,Repeat,0.0031,3731,96.71
16935,3,530.86,176.95,273,2010-10-14 13:09:00,2010-11-23 09:16:00,Repeat,0.0031,3732,96.72
15917,5,530.17,106.03,248,2009-12-02 14:55:00,2011-04-06 10:40:00,Repeat,0.0031,3733,96.72
18159,1,530.15,530.15,139,2011-02-11 14:26:00,2011-02-11 14:26:00,One-time,0.0031,3734,96.72
14002,2,529.73,264.87,877,2011-07-06 14:59:00,2011-07-28 15:55:00,Repeat,0.003,3735,96.73
17458,2,529.58,264.79,282,2010-11-23 11:43:00,2011-11-24 13:01:00,Repeat,0.003,3736,96.73
18191,2,529.4,264.7,332,2010-08-19 17:42:00,2011-03-23 12:08:00,Repeat,0.003,3737,96.73
18043,3,529.29,176.43,265,2010-12-08 12:35:00,2011-11-15 12:48:00,Repeat,0.003,3738,96.73
17999,3,528.46,176.15,286,2010-11-26 13:16:00,2011-11-02 15:56:00,Repeat,0.003,3739,96.74
16406,3,528.36,176.12,257,2010-02-24 11:51:00,2011-11-21 11:57:00,Repeat,0.003,3740,96.74
15756,4,528.01,132.0,241,2011-04-04 14:00:00,2011-10-09 13:30:00,Repeat,0.003,3741,96.74
18098,1,527.94,527.94,215,2010-11-08 16:31:00,2010-11-08 16:31:00,One-time,0.003,3742,96.75
14616,5,527.78,105.56,170,2010-06-09 09:42:00,2011-04-11 09:54:00,Repeat,0.003,3743,96.75
12479,1,527.2,527.2,385,2011-11-28 13:26:00,2011-11-28 13:26:00,One-time,0.003,3744,96.75
16421,3,526.27,175.42,123,2010-08-27 12:02:00,2010-11-28 13:31:00,Repeat,0.003,3745,96.76
15919,2,525.69,262.85,385,2010-12-06 11:26:00,2011-11-20 11:28:00,Repeat,0.003,3746,96.76
15467,3,524.88,174.96,310,2011-07-10 14:42:00,2011-11-30 14:17:00,Repeat,0.003,3747,96.76
14417,1,524.65,524.65,543,2010-11-17 10:55:00,2010-11-17 10:55:00,One-time,0.003,3748,96.76
15683,2,524.54,262.27,332,2010-08-23 12:01:00,2011-08-14 12:56:00,Repeat,0.003,3749,96.77
17765,4,524.0,131.0,195,2010-09-17 12:45:00,2011-07-04 12:41:00,Repeat,0.003,3750,96.77
13277,7,523.3,74.76,382,2010-06-18 08:45:00,2011-11-24 09:21:00,Repeat,0.003,3751,96.77
17712,1,522.91,522.91,215,2011-10-26 12:28:00,2011-10-26 12:28:00,One-time,0.003,3752,96.78
13605,2,522.67,261.34,425,2010-05-17 15:46:00,2010-11-17 17:16:00,Repeat,0.003,3753,96.78
16413,2,522.03,261.01,283,2010-11-29 12:49:00,2011-10-14 12:08:00,Repeat,0.003,3754,96.78
17514,2,522.0,261.0,284,2010-02-08 14:00:00,2011-08-03 15:45:00,Repeat,0.003,3755,96.79
12956,4,521.89,130.47,340,2009-12-15 19:03:00,2011-02-06 16:08:00,Repeat,0.003,3756,96.79
15689,3,521.03,173.68,207,2010-04-01 09:53:00,2011-08-12 09:37:00,Repeat,0.003,3757,96.79
13977,1,519.81,519.81,303,2010-10-24 14:08:00,2010-10-24 14:08:00,One-time,0.003,3758,96.79
12571,2,519.61,259.81,523,2011-08-10 12:35:00,2011-10-31 10:19:00,Repeat,0.003,3759,96.8
12777,1,519.45,519.45,458,2010-09-08 11:35:00,2010-09-08 11:35:00,One-time,0.003,3760,96.8
12825,2,518.63,259.31,139,2010-03-08 10:17:00,2010-07-06 13:56:00,Repeat,0.003,3761,96.8
13600,2,518.42,259.21,599,2010-03-15 17:16:00,2011-01-31 15:27:00,Repeat,0.003,3762,96.81
12979,1,517.7,517.7,520,2009-12-10 15:45:00,2009-12-10 15:45:00,One-time,0.003,3763,96.81
18205,2,517.36,258.68,192,2011-09-26 12:02:00,2011-11-03 13:22:00,Repeat,0.003,3764,96.81
14311,2,516.45,258.23,235,2010-05-21 10:28:00,2011-04-11 10:14:00,Repeat,0.003,3765,96.82
13043,1,516.42,516.42,254,2011-03-11 14:52:00,2011-03-11 14:52:00,One-time,0.003,3766,96.82
14429,1,516.28,516.28,286,2010-11-01 10:08:00,2010-11-01 10:08:00,One-time,0.003,3767,96.82
13859,2,515.86,257.93,167,2010-06-28 15:36:00,2011-01-17 16:14:00,Repeat,0.003,3768,96.82
18243,1,515.78,515.78,221,2010-10-21 14:29:00,2010-10-21 14:29:00,One-time,0.003,3769,96.83
14949,4,515.0,128.75,250,2009-12-18 15:28:00,2010-08-27 15:38:00,Repeat,0.003,3770,96.83
17510,2,514.56,257.28,422,2010-10-15 10:20:00,2011-11-15 10:00:00,Repeat,0.003,3771,96.83
18212,2,514.37,257.19,158,2010-01-31 14:42:00,2011-01-17 16:14:00,Repeat,0.003,3772,96.84
12897,4,514.25,128.56,249,2010-06-14 11:58:00,2011-05-19 12:13:00,Repeat,0.003,3773,96.84
12977,4,513.88,128.47,128,2010-07-16 16:25:00,2011-07-06 16:40:00,Repeat,0.003,3774,96.84
16829,2,513.32,256.66,215,2010-11-16 18:11:00,2011-07-06 10:48:00,Repeat,0.003,3775,96.85
13177,2,512.2,256.1,180,2010-10-05 10:35:00,2011-10-06 09:56:00,Repeat,0.0029,3776,96.85
15891,1,511.68,511.68,418,2011-04-27 12:35:00,2011-04-27 12:35:00,One-time,0.0029,3777,96.85
12361,4,511.25,127.81,235,2010-01-26 14:37:00,2011-02-25 13:51:00,Repeat,0.0029,3778,96.85
16561,2,511.12,255.56,244,2011-10-11 09:53:00,2011-12-04 11:50:00,Repeat,0.0029,3779,96.86
13367,1,510.2,510.2,253,2010-10-04 10:00:00,2010-10-04 10:00:00,One-time,0.0029,3780,96.86
13710,3,509.52,169.84,336,2010-04-06 12:54:00,2011-11-08 08:16:00,Repeat,0.0029,3781,96.86
14008,1,509.04,509.04,326,2010-10-03 13:09:00,2010-10-03 13:09:00,One-time,0.0029,3782,96.87
12436,1,509.01,509.01,211,2011-09-01 12:09:00,2011-09-01 12:09:00,One-time,0.0029,3783,96.87
12907,2,508.91,254.45,177,2010-08-02 14:33:00,2010-11-09 12:08:00,Repeat,0.0029,3784,96.87
17391,2,508.8,254.4,480,2011-06-28 12:21:00,2011-06-29 09:58:00,Repeat,0.0029,3785,96.87
15417,1,508.8,508.8,284,2011-09-15 15:26:00,2011-09-15 15:26:00,One-time,0.0029,3786,96.88
14317,1,508.58,508.58,255,2011-10-06 10:44:00,2011-10-06 10:44:00,One-time,0.0029,3787,96.88
13067,3,508.51,169.5,131,2010-09-19 13:43:00,2011-09-18 13:38:00,Repeat,0.0029,3788,96.88
14552,3,507.93,169.31,258,2010-04-26 13:44:00,2011-07-11 12:49:00,Repeat,0.0029,3789,96.89
17415,1,507.84,507.84,114,2011-09-21 12:50:00,2011-09-21 12:50:00,One-time,0.0029,3790,96.89
14158,1,507.66,507.66,781,2011-10-30 15:08:00,2011-10-30 15:08:00,One-time,0.0029,3791,96.89
17384,3,507.55,169.18,121,2010-08-29 16:01:00,2011-11-20 15:48:00,Repeat,0.0029,3792,96.9
13885,2,506.8,253.4,182,2011-05-23 08:52:00,2011-06-03 15:07:00,Repeat,0.0029,3793,96.9
13123,2,506.75,253.38,268,2010-06-28 12:43:00,2010-08-24 10:18:00,Repeat,0.0029,3794,96.9
14647,2,506.04,253.02,175,2010-07-04 13:27:00,2011-05-22 13:40:00,Repeat,0.0029,3795,96.9
12988,1,505.82,505.82,126,2011-02-20 14:31:00,2011-02-20 14:31:00,One-time,0.0029,3796,96.91
14807,2,504.14,252.07,234,2010-02-28 11:33:00,2010-11-14 12:47:00,Repeat,0.0029,3797,96.91
17630,2,503.6,251.8,158,2011-04-21 14:03:00,2011-06-23 11:58:00,Repeat,0.0029,3798,96.91
12376,2,503.15,251.57,240,2010-10-18 08:42:00,2010-11-15 12:15:00,Repeat,0.0029,3799,96.92
12419,2,503.01,251.5,231,2010-10-22 10:40:00,2010-11-19 10:04:00,Repeat,0.0029,3800,96.92
15138,1,502.52,502.52,300,2010-11-11 09:16:00,2010-11-11 09:16:00,One-time,0.0029,3801,96.92
17276,1,502.49,502.49,187,2010-11-02 16:20:00,2010-11-02 16:20:00,One-time,0.0029,3802,96.92
17266,5,501.72,100.34,243,2010-03-09 10:42:00,2011-12-07 14:12:00,Repeat,0.0029,3803,96.93
13865,4,501.56,125.39,204,2011-02-23 12:04:00,2011-10-12 13:31:00,Repeat,0.0029,3804,96.93
15881,5,501.39,100.28,260,2010-12-10 13:32:00,2011-01-31 16:59:00,Repeat,0.0029,3805,96.93
14968,2,501.24,250.62,257,2010-09-07 13:28:00,2011-11-09 13:58:00,Repeat,0.0029,3806,96.94
13116,1,501.14,501.14,291,2011-07-24 14:33:00,2011-07-24 14:33:00,One-time,0.0029,3807,96.94
13247,4,501.12,125.28,328,2011-09-18 11:31:00,2011-11-22 10:59:00,Repeat,0.0029,3808,96.94
18049,2,500.92,250.46,402,2010-04-28 13:24:00,2010-09-28 14:26:00,Repeat,0.0029,3809,96.94
17248,2,500.54,250.27,276,2010-08-15 11:55:00,2011-08-11 13:34:00,Repeat,0.0029,3810,96.95
16616,2,500.42,250.21,370,2011-07-05 13:38:00,2011-11-24 16:31:00,Repeat,0.0029,3811,96.95
12366,1,500.24,500.24,296,2010-03-16 10:28:00,2010-03-16 10:28:00,One-time,0.0029,3812,96.95
17110,3,499.9,166.63,136,2010-04-08 13:32:00,2011-06-27 12:58:00,Repeat,0.0029,3813,96.96
13553,1,499.6,499.6,201,2010-02-03 12:21:00,2010-02-03 12:21:00,One-time,0.0029,3814,96.96
15193,1,499.32,499.32,144,2011-10-10 08:23:00,2011-10-10 08:23:00,One-time,0.0029,3815,96.96
17256,5,498.93,99.79,299,2010-04-18 13:40:00,2011-08-24 13:30:00,Repeat,0.0029,3816,96.96
16488,3,498.8,166.27,728,2011-07-14 11:46:00,2011-11-06 13:42:00,Repeat,0.0029,3817,96.97
14171,2,498.79,249.4,211,2009-12-09 13:50:00,2011-09-02 16:43:00,Repeat,0.0029,3818,96.97
17053,1,498.48,498.48,122,2011-08-01 10:23:00,2011-08-01 10:23:00,One-time,0.0029,3819,96.97
16820,1,497.61,497.61,307,2011-09-05 12:06:00,2011-09-05 12:06:00,One-time,0.0029,3820,96.98
17680,3,497.45,165.82,155,2010-07-16 16:07:00,2011-11-16 12:42:00,Repeat,0.0029,3821,96.98
17335,2,497.04,248.52,210,2010-01-24 11:15:00,2010-11-21 10:17:00,Repeat,0.0029,3822,96.98
17923,3,497.0,165.67,140,2010-06-13 13:58:00,2011-03-02 15:15:00,Repeat,0.0029,3823,96.98
12943,2,496.5,248.25,222,2010-04-13 11:03:00,2010-05-30 13:52:00,Repeat,0.0029,3824,96.99
15300,1,496.44,496.44,292,2011-10-06 17:08:00,2011-10-06 17:08:00,One-time,0.0029,3825,96.99
15018,3,496.21,165.4,189,2010-12-07 10:47:00,2011-11-01 12:47:00,Repeat,0.0029,3826,96.99
15278,4,496.16,124.04,458,2010-02-12 14:53:00,2010-05-27 10:03:00,Repeat,0.0029,3827,97.0
12904,2,496.06,248.03,294,2011-06-20 13:18:00,2011-11-21 14:34:00,Repeat,0.0029,3828,97.0
16977,4,496.0,124.0,142,2010-03-18 11:06:00,2010-11-09 13:17:00,Repeat,0.0029,3829,97.0
17995,3,495.48,165.16,263,2010-11-17 17:01:00,2011-03-03 12:30:00,Repeat,0.0029,3830,97.0
14319,1,494.85,494.85,329,2010-10-11 13:38:00,2010-10-11 13:38:00,One-time,0.0028,3831,97.01
16352,2,494.44,247.22,300,2011-11-02 08:44:00,2011-11-22 10:32:00,Repeat,0.0028,3832,97.01
17333,1,494.25,494.25,375,2011-09-15 10:11:00,2011-09-15 10:11:00,One-time,0.0028,3833,97.01
12763,2,494.08,247.04,316,2010-12-05 15:46:00,2011-07-24 14:12:00,Repeat,0.0028,3834,97.02
15447,5,492.88,98.58,228,2010-03-24 14:40:00,2011-01-13 11:26:00,Repeat,0.0028,3835,97.02
14270,1,492.65,492.65,197,2011-01-12 09:33:00,2011-01-12 09:33:00,One-time,0.0028,3836,97.02
18203,4,492.52,123.13,111,2009-12-08 13:19:00,2011-07-05 13:07:00,Repeat,0.0028,3837,97.02
14310,1,492.1,492.1,230,2010-10-03 12:34:00,2010-10-03 12:34:00,One-time,0.0028,3838,97.03
13732,1,491.86,491.86,498,2011-11-11 15:49:00,2011-11-11 15:49:00,One-time,0.0028,3839,97.03
17269,1,491.81,491.81,314,2010-11-19 11:12:00,2010-11-19 11:12:00,One-time,0.0028,3840,97.03
14663,2,490.6,245.3,397,2010-10-05 13:12:00,2010-10-05 13:21:00,Repeat,0.0028,3841,97.04
15000,1,490.52,490.52,218,2011-10-23 11:42:00,2011-10-23 11:42:00,One-time,0.0028,3842,97.04
15877,2,490.33,245.17,368,2011-11-22 11:18:00,2011-12-08 11:53:00,Repeat,0.0028,3843,97.04
14416,2,490.22,245.11,326,2011-10-28 15:10:00,2011-11-17 15:22:00,Repeat,0.0028,3844,97.04
12983,1,490.08,490.08,638,2010-04-20 12:58:00,2010-04-20 12:58:00,One-time,0.0028,3845,97.05
12634,2,490.0,245.0,337,2010-06-09 15:41:00,2010-06-22 10:05:00,Repeat,0.0028,3846,97.05
17476,2,489.86,244.93,224,2009-12-02 12:09:00,2010-11-09 10:21:00,Repeat,0.0028,3847,97.05
17715,2,489.6,244.8,576,2010-04-26 12:17:00,2011-05-23 12:32:00,Repeat,0.0028,3848,97.06
17988,14,489.54,34.97,186,2009-12-07 13:35:00,2011-11-28 11:00:00,Repeat,0.0028,3849,97.06
14722,3,489.52,163.17,214,2010-08-10 13:28:00,2011-07-15 14:58:00,Repeat,0.0028,3850,97.06
18280,2,488.15,244.08,194,2010-11-10 15:51:00,2011-03-07 09:52:00,Repeat,0.0028,3851,97.06
17608,4,488.06,122.02,528,2010-04-11 13:37:00,2011-11-06 13:06:00,Repeat,0.0028,3852,97.07
15165,1,487.75,487.75,160,2010-12-01 14:03:00,2010-12-01 14:03:00,One-time,0.0028,3853,97.07
13412,1,487.35,487.35,176,2010-03-29 16:28:00,2010-03-29 16:28:00,One-time,0.0028,3854,97.07
13733,2,487.03,243.52,335,2009-12-04 15:28:00,2010-10-25 12:18:00,Repeat,0.0028,3855,97.08
16021,2,487.03,243.51,276,2010-06-13 11:05:00,2010-11-09 14:48:00,Repeat,0.0028,3856,97.08
13675,2,486.82,243.41,330,2011-02-28 12:14:00,2011-07-11 12:57:00,Repeat,0.0028,3857,97.08
17453,2,486.72,243.36,219,2011-10-06 17:02:00,2011-11-22 09:42:00,Repeat,0.0028,3858,97.08
12920,4,486.64,121.66,420,2009-12-14 15:58:00,2011-11-22 15:05:00,Repeat,0.0028,3859,97.09
13153,1,486.22,486.22,418,2011-12-04 12:14:00,2011-12-04 12:14:00,One-time,0.0028,3860,97.09
15216,2,486.09,243.05,217,2010-03-31 09:52:00,2011-09-13 11:41:00,Repeat,0.0028,3861,97.09
12443,1,485.31,485.31,182,2009-12-07 15:42:00,2009-12-07 15:42:00,One-time,0.0028,3862,97.09
16999,2,484.82,242.41,294,2011-09-26 15:43:00,2011-11-16 13:53:00,Repeat,0.0028,3863,97.1
16024,3,483.99,161.33,504,2010-10-24 11:40:00,2011-11-27 13:26:00,Repeat,0.0028,3864,97.1
16603,2,482.47,241.24,480,2011-09-09 13:02:00,2011-09-26 10:06:00,Repeat,0.0028,3865,97.1
17996,3,482.33,160.78,587,2010-06-11 11:48:00,2010-11-25 11:00:00,Repeat,0.0028,3866,97.11
12542,2,481.88,240.94,522,2010-03-09 16:26:00,2010-08-12 19:12:00,Repeat,0.0028,3867,97.11
18216,1,481.75,481.75,200,2011-11-08 16:55:00,2011-11-08 16:55:00,One-time,0.0028,3868,97.11
17106,1,481.58,481.58,153,2010-11-15 14:11:00,2010-11-15 14:11:00,One-time,0.0028,3869,97.11
13176,1,481.49,481.49,448,2011-10-24 15:43:00,2011-10-24 15:43:00,One-time,0.0028,3870,97.12
15174,2,481.46,240.73,382,2010-10-25 09:40:00,2011-01-21 09:06:00,Repeat,0.0028,3871,97.12
13428,3,478.54,159.51,356,2010-07-13 13:20:00,2011-11-29 14:20:00,Repeat,0.0028,3872,97.12
15589,3,478.53,159.51,243,2011-02-02 10:46:00,2011-03-29 09:54:00,Repeat,0.0028,3873,97.13
12447,1,476.49,476.49,190,2011-04-10 13:25:00,2011-04-10 13:25:00,One-time,0.0027,3874,97.13
18176,1,476.35,476.35,283,2010-12-16 15:45:00,2010-12-16 15:45:00,One-time,0.0027,3875,97.13
15277,2,476.34,238.17,373,2010-10-10 16:02:00,2011-10-24 10:08:00,Repeat,0.0027,3876,97.13
15507,1,475.86,475.86,160,2011-06-21 11:19:00,2011-06-21 11:19:00,One-time,0.0027,3877,97.14
15780,3,475.28,158.43,220,2010-12-17 11:43:00,2011-06-09 12:01:00,Repeat,0.0027,3878,97.14
14322,4,474.1,118.53,158,2010-02-18 08:49:00,2010-10-06 15:17:00,Repeat,0.0027,3879,97.14
17104,1,474.03,474.03,149,2010-10-12 12:21:00,2010-10-12 12:21:00,One-time,0.0027,3880,97.14
16635,1,473.0,473.0,277,2010-10-29 09:41:00,2010-10-29 09:41:00,One-time,0.0027,3881,97.15
13194,2,472.78,236.39,326,2010-10-14 11:54:00,2011-07-27 09:01:00,Repeat,0.0027,3882,97.15
14975,2,472.39,236.19,507,2010-10-14 14:11:00,2011-10-13 14:08:00,Repeat,0.0027,3883,97.15
13642,4,472.2,118.05,231,2010-10-03 12:23:00,2011-05-08 12:34:00,Repeat,0.0027,3884,97.16
13161,2,472.13,236.06,105,2010-07-27 12:44:00,2011-01-30 14:03:00,Repeat,0.0027,3885,97.16
16038,3,471.78,157.26,244,2011-05-22 11:29:00,2011-12-02 12:40:00,Repeat,0.0027,3886,97.16
15721,1,471.4,471.4,388,2011-11-28 12:14:00,2011-11-28 12:14:00,One-time,0.0027,3887,97.16
14237,2,471.14,235.57,238,2010-04-28 10:04:00,2010-12-01 13:20:00,Repeat,0.0027,3888,97.17
16473,4,470.83,117.71,296,2010-11-30 16:29:00,2011-06-28 09:10:00,Repeat,0.0027,3889,97.17
13066,2,470.8,235.4,322,2011-11-07 17:06:00,2011-11-15 12:57:00,Repeat,0.0027,3890,97.17
15963,2,470.76,235.38,298,2011-10-25 13:05:00,2011-11-20 11:33:00,Repeat,0.0027,3891,97.17
17254,3,469.48,156.49,397,2010-11-03 14:00:00,2011-12-05 12:46:00,Repeat,0.0027,3892,97.18
14058,2,469.19,234.6,211,2010-06-27 11:29:00,2010-09-03 09:31:00,Repeat,0.0027,3893,97.18
14369,2,469.13,234.56,255,2010-02-16 10:28:00,2010-03-07 15:47:00,Repeat,0.0027,3894,97.18
15557,1,468.91,468.91,213,2011-11-11 12:46:00,2011-11-11 12:46:00,One-time,0.0027,3895,97.19
15387,1,468.65,468.65,335,2010-08-04 16:05:00,2010-08-04 16:05:00,One-time,0.0027,3896,97.19
12554,1,468.5,468.5,240,2010-09-17 12:29:00,2010-09-17 12:29:00,One-time,0.0027,3897,97.19
13171,3,468.41,156.14,229,2011-02-13 14:16:00,2011-11-18 10:27:00,Repeat,0.0027,3898,97.19
17294,2,467.79,233.89,297,2010-02-08 14:21:00,2010-02-08 16:12:00,Repeat,0.0027,3899,97.2
17187,2,467.71,233.85,426,2010-07-01 14:38:00,2011-04-27 12:39:00,Repeat,0.0027,3900,97.2
14029,2,467.66,233.83,198,2011-07-18 16:57:00,2011-10-07 14:46:00,Repeat,0.0027,3901,97.2
16390,3,467.5,155.83,122,2010-01-29 15:25:00,2010-06-21 10:11:00,Repeat,0.0027,3902,97.2
12958,2,467.34,233.67,118,2010-05-05 16:22:00,2010-11-04 16:16:00,Repeat,0.0027,3903,97.21
14052,2,466.66,233.33,174,2010-11-14 11:37:00,2011-11-20 12:30:00,Repeat,0.0027,3904,97.21
14148,2,466.29,233.15,223,2010-10-21 14:08:00,2011-04-20 12:02:00,Repeat,0.0027,3905,97.21
16504,1,465.88,465.88,510,2011-11-14 15:18:00,2011-11-14 15:18:00,One-time,0.0027,3906,97.21
13248,2,465.68,232.84,305,2011-06-03 13:05:00,2011-08-07 12:40:00,Repeat,0.0027,3907,97.22
13928,4,464.57,116.14,129,2011-07-29 15:59:00,2011-11-29 10:33:00,Repeat,0.0027,3908,97.22
15349,2,463.91,231.95,321,2011-06-05 15:46:00,2011-07-04 16:06:00,Repeat,0.0027,3909,97.22
14727,3,463.73,154.58,458,2010-06-11 13:23:00,2011-03-10 14:45:00,Repeat,0.0027,3910,97.23
18083,1,463.53,463.53,268,2010-11-07 11:44:00,2010-11-07 11:44:00,One-time,0.0027,3911,97.23
17040,2,463.25,231.63,189,2010-06-07 15:08:00,2011-07-25 10:19:00,Repeat,0.0027,3912,97.23
17964,2,463.21,231.6,294,2010-12-02 13:32:00,2011-11-08 10:44:00,Repeat,0.0027,3913,97.23
14627,1,462.75,462.75,284,2010-11-25 16:32:00,2010-11-25 16:32:00,One-time,0.0027,3914,97.24
14331,2,462.66,231.33,252,2011-07-27 15:14:00,2011-08-07 13:17:00,Repeat,0.0027,3915,97.24
15958,4,462.12,115.53,154,2010-06-07 10:59:00,2011-09-26 13:41:00,Repeat,0.0027,3916,97.24
14954,2,462.12,231.06,209,2010-01-05 16:38:00,2011-11-27 14:30:00,Repeat,0.0027,3917,97.24
13624,1,462.08,462.08,820,2010-11-16 13:43:00,2010-11-16 13:43:00,One-time,0.0027,3918,97.25
18284,1,461.68,461.68,494,2010-10-04 11:33:00,2010-10-04 11:33:00,One-time,0.0027,3919,97.25
15540,2,460.68,230.34,444,2010-11-29 11:10:00,2011-11-28 13:51:00,Repeat,0.0027,3920,97.25
12491,1,460.4,460.4,260,2011-11-01 12:18:00,2011-11-01 12:18:00,One-time,0.0026,3921,97.25
16310,2,460.08,230.04,270,2010-03-07 15:41:00,2010-10-21 14:47:00,Repeat,0.0026,3922,97.26
17111,2,459.58,229.79,581,2010-10-10 15:21:00,2011-10-23 15:59:00,Repeat,0.0026,3923,97.26
16596,4,458.98,114.75,180,2009-12-10 13:09:00,2011-11-24 10:02:00,Repeat,0.0026,3924,97.26
14118,1,458.45,458.45,97,2010-10-07 11:59:00,2010-10-07 11:59:00,One-time,0.0026,3925,97.27
13957,3,458.25,152.75,157,2010-02-19 10:32:00,2010-10-18 10:02:00,Repeat,0.0026,3926,97.27
14599,2,457.89,228.94,292,2010-07-18 15:54:00,2010-11-14 14:49:00,Repeat,0.0026,3927,97.27
14011,2,457.82,228.91,644,2010-04-11 13:40:00,2010-08-16 15:31:00,Repeat,0.0026,3928,97.27
15121,2,457.72,228.86,199,2011-02-24 12:41:00,2011-10-20 14:51:00,Repeat,0.0026,3929,97.28
16069,1,457.7,457.7,138,2010-10-18 10:32:00,2010-10-18 10:32:00,One-time,0.0026,3930,97.28
12375,2,457.5,228.75,178,2011-09-02 14:23:00,2011-11-29 10:36:00,Repeat,0.0026,3931,97.28
17344,2,457.36,228.68,200,2009-12-11 12:31:00,2011-10-24 12:56:00,Repeat,0.0026,3932,97.28
12564,1,456.9,456.9,133,2011-03-23 14:55:00,2011-03-23 14:55:00,One-time,0.0026,3933,97.29
14819,4,456.41,114.1,170,2009-12-21 15:54:00,2011-10-06 13:41:00,Repeat,0.0026,3934,97.29
16039,2,456.4,228.2,409,2010-03-21 15:17:00,2010-10-12 10:44:00,Repeat,0.0026,3935,97.29
14296,2,456.4,228.2,314,2010-05-14 14:34:00,2010-10-14 14:14:00,Repeat,0.0026,3936,97.29
12999,3,455.88,151.96,342,2011-04-08 10:26:00,2011-05-27 13:24:00,Repeat,0.0026,3937,97.3
15585,1,455.3,455.3,320,2011-06-16 08:38:00,2011-06-16 08:38:00,One-time,0.0026,3938,97.3
14335,2,454.86,227.43,375,2011-09-04 13:07:00,2011-11-23 13:41:00,Repeat,0.0026,3939,97.3
16765,2,454.75,227.38,311,2010-11-22 13:42:00,2011-02-18 15:41:00,Repeat,0.0026,3940,97.3
17067,3,454.54,151.51,322,2009-12-08 12:03:00,2009-12-15 08:39:00,Repeat,0.0026,3941,97.31
12459,1,454.36,454.36,258,2010-04-13 14:53:00,2010-04-13 14:53:00,One-time,0.0026,3942,97.31
17140,1,454.12,454.12,296,2011-04-06 13:33:00,2011-04-06 13:33:00,One-time,0.0026,3943,97.31
15475,1,454.11,454.11,319,2011-09-23 15:20:00,2011-09-23 15:20:00,One-time,0.0026,3944,97.32
17564,3,454.01,151.34,146,2011-09-20 14:00:00,2011-11-15 13:27:00,Repeat,0.0026,3945,97.32
17376,4,453.64,113.41,244,2010-07-05 11:11:00,2011-09-30 12:36:00,Repeat,0.0026,3946,97.32
18158,2,453.4,226.7,354,2011-09-12 09:03:00,2011-11-30 16:19:00,Repeat,0.0026,3947,97.32
16481,1,453.38,453.38,201,2010-01-26 13:09:00,2010-01-26 13:09:00,One-time,0.0026,3948,97.33
12729,1,453.01,453.01,233,2011-08-18 11:40:00,2011-08-18 11:40:00,One-time,0.0026,3949,97.33
14184,1,452.89,452.89,127,2011-10-04 12:43:00,2011-10-04 12:43:00,One-time,0.0026,3950,97.33
16799,2,452.78,226.39,162,2010-09-12 12:46:00,2010-10-03 14:28:00,Repeat,0.0026,3951,97.33
13698,2,451.73,225.87,227,2010-01-27 09:02:00,2010-04-22 11:52:00,Repeat,0.0026,3952,97.34
18100,1,451.56,451.56,440,2010-06-07 14:19:00,2010-06-07 14:19:00,One-time,0.0026,3953,97.34
15802,1,451.42,451.42,1,2011-07-20 11:38:00,2011-07-20 11:38:00,One-time,0.0026,3954,97.34
18031,1,451.3,451.3,298,2010-11-26 11:00:00,2010-11-26 11:00:00,One-time,0.0026,3955,97.34
15961,1,451.29,451.29,154,2010-11-25 15:59:00,2010-11-25 15:59:00,One-time,0.0026,3956,97.35
12831,3,451.11,150.37,303,2010-09-02 15:58:00,2011-03-22 13:02:00,Repeat,0.0026,3957,97.35
15124,4,450.82,112.7,462,2010-02-26 10:49:00,2011-11-17 10:09:00,Repeat,0.0026,3958,97.35
16870,1,450.16,450.16,278,2010-08-27 13:53:00,2010-08-27 13:53:00,One-time,0.0026,3959,97.35
13150,3,449.97,149.99,171,2010-03-19 09:03:00,2010-08-12 12:59:00,Repeat,0.0026,3960,97.36
14784,3,449.93,149.98,363,2010-11-15 09:49:00,2011-11-13 13:30:00,Repeat,0.0026,3961,97.36
13877,3,449.68,149.89,478,2010-01-19 10:53:00,2011-09-14 15:49:00,Repeat,0.0026,3962,97.36
13489,4,449.52,112.38,560,2011-02-18 10:42:00,2011-08-26 13:16:00,Repeat,0.0026,3963,97.36
15126,2,449.49,224.75,273,2010-01-21 17:09:00,2010-06-21 12:31:00,Repeat,0.0026,3964,97.37
12448,1,449.45,449.45,243,2011-10-26 13:46:00,2011-10-26 13:46:00,One-time,0.0026,3965,97.37
15418,2,449.42,224.71,264,2010-05-02 11:31:00,2010-10-10 13:38:00,Repeat,0.0026,3966,97.37
17823,2,449.25,224.63,252,2010-10-14 16:14:00,2010-10-14 16:24:00,Repeat,0.0026,3967,97.37
15739,1,449.12,449.12,472,2011-10-04 13:42:00,2011-10-04 13:42:00,One-time,0.0026,3968,97.38
14761,3,447.92,149.31,206,2010-09-21 14:22:00,2011-10-12 12:10:00,Repeat,0.0026,3969,97.38
14780,2,447.68,223.84,310,2011-09-21 15:15:00,2011-10-16 12:46:00,Repeat,0.0026,3970,97.38
18201,1,447.53,447.53,191,2009-12-17 08:55:00,2009-12-17 08:55:00,One-time,0.0026,3971,97.39
16095,1,447.05,447.05,265,2010-09-09 16:54:00,2010-09-09 16:54:00,One-time,0.0026,3972,97.39
13754,3,447.05,149.02,315,2010-09-28 15:29:00,2011-07-11 11:51:00,Repeat,0.0026,3973,97.39
14149,1,446.62,446.62,218,2011-05-03 09:44:00,2011-05-03 09:44:00,One-time,0.0026,3974,97.39
17370,4,446.18,111.55,540,2011-06-23 11:50:00,2011-09-28 10:14:00,Repeat,0.0026,3975,97.4
14010,2,445.15,222.57,177,2010-05-23 12:46:00,2010-05-23 13:00:00,Repeat,0.0026,3976,97.4
14328,1,445.05,445.05,1,2010-09-27 16:01:00,2010-09-27 16:01:00,One-time,0.0026,3977,97.4
18134,2,445.0,222.5,128,2010-01-14 11:59:00,2010-04-20 14:02:00,Repeat,0.0026,3978,97.4
12788,4,444.9,111.22,194,2010-06-29 13:05:00,2010-09-02 14:21:00,Repeat,0.0026,3979,97.41
18270,3,444.55,148.18,209,2010-10-03 10:49:00,2011-11-01 13:57:00,Repeat,0.0026,3980,97.41
14638,1,443.6,443.6,166,2011-10-20 10:10:00,2011-10-20 10:10:00,One-time,0.0026,3981,97.41
16424,2,443.06,221.53,212,2010-11-22 11:24:00,2011-06-01 13:40:00,Repeat,0.0026,3982,97.41
16404,1,443.05,443.05,157,2011-09-30 14:55:00,2011-09-30 14:55:00,One-time,0.0025,3983,97.42
18222,1,443.0,443.0,335,2011-09-08 10:45:00,2011-09-08 10:45:00,One-time,0.0025,3984,97.42
14996,2,442.29,221.15,404,2010-08-15 13:41:00,2010-08-15 13:44:00,Repeat,0.0025,3985,97.42
17699,2,442.0,221.0,208,2010-05-27 11:53:00,2010-08-20 09:39:00,Repeat,0.0025,3986,97.42
12579,1,440.42,440.42,285,2011-09-22 17:15:00,2011-09-22 17:15:00,One-time,0.0025,3987,97.43
18233,1,440.0,440.0,4,2011-01-18 08:44:00,2011-01-18 08:44:00,One-time,0.0025,3988,97.43
13954,2,439.92,219.96,150,2011-09-30 10:52:00,2011-12-08 12:50:00,Repeat,0.0025,3989,97.43
17643,2,439.7,219.85,226,2010-07-22 13:07:00,2010-12-01 14:38:00,Repeat,0.0025,3990,97.43
16025,1,439.66,439.66,338,2011-11-10 11:45:00,2011-11-10 11:45:00,One-time,0.0025,3991,97.44
16968,2,439.43,219.72,326,2011-08-24 10:51:00,2011-12-05 15:02:00,Repeat,0.0025,3992,97.44
13086,1,439.33,439.33,155,2010-11-22 10:28:00,2010-11-22 10:28:00,One-time,0.0025,3993,97.44
17718,2,439.18,219.59,274,2010-03-05 08:01:00,2011-04-21 13:39:00,Repeat,0.0025,3994,97.44
13432,2,439.1,219.55,217,2010-04-06 14:42:00,2010-05-17 13:18:00,Repeat,0.0025,3995,97.45
16519,4,439.06,109.77,150,2010-03-01 13:51:00,2011-11-14 15:41:00,Repeat,0.0025,3996,97.45
13358,1,439.03,439.03,285,2011-03-16 11:52:00,2011-03-16 11:52:00,One-time,0.0025,3997,97.45
13964,2,438.9,219.45,228,2010-10-05 12:38:00,2010-11-17 13:53:00,Repeat,0.0025,3998,97.45
17729,1,438.65,438.65,247,2010-04-22 15:03:00,2010-04-22 15:03:00,One-time,0.0025,3999,97.46
15859,1,438.46,438.46,174,2010-10-03 12:52:00,2010-10-03 12:52:00,One-time,0.0025,4000,97.46
17807,3,437.87,145.96,262,2010-01-04 14:00:00,2010-11-09 16:21:00,Repeat,0.0025,4001,97.46
12552,2,437.82,218.91,88,2011-10-31 12:11:00,2011-11-01 10:02:00,Repeat,0.0025,4002,97.46
17070,2,437.42,218.71,232,2010-10-25 15:57:00,2011-08-17 17:01:00,Repeat,0.0025,4003,97.47
14846,1,437.4,437.4,193,2010-10-08 17:07:00,2010-10-08 17:07:00,One-time,0.0025,4004,97.47
12672,2,437.05,218.53,138,2010-04-23 09:57:00,2011-01-14 09:20:00,Repeat,0.0025,4005,97.47
16084,1,436.18,436.18,216,2011-02-13 16:05:00,2011-02-13 16:05:00,One-time,0.0025,4006,97.47
14123,1,436.18,436.18,234,2009-12-06 15:35:00,2009-12-06 15:35:00,One-time,0.0025,4007,97.48
16166,2,435.83,217.92,173,2010-01-17 14:16:00,2010-10-07 15:44:00,Repeat,0.0025,4008,97.48
12445,2,434.98,217.49,206,2010-10-15 12:28:00,2011-11-17 18:43:00,Repeat,0.0025,4009,97.48
13738,1,434.78,434.78,237,2010-11-08 15:23:00,2010-11-08 15:23:00,One-time,0.0025,4010,97.48
15323,3,434.6,144.87,188,2010-02-16 09:21:00,2010-05-26 10:01:00,Repeat,0.0025,4011,97.49
14910,4,434.35,108.59,238,2011-10-16 11:06:00,2011-12-07 10:06:00,Repeat,0.0025,4012,97.49
14238,3,434.23,144.74,189,2009-12-05 10:58:00,2011-01-17 14:40:00,Repeat,0.0025,4013,97.49
16888,3,434.2,144.73,145,2010-01-07 13:07:00,2010-11-04 12:39:00,Repeat,0.0025,4014,97.49
14093,1,433.86,433.86,391,2011-11-27 16:27:00,2011-11-27 16:27:00,One-time,0.0025,4015,97.5
16939,3,433.85,144.62,229,2010-02-28 13:33:00,2010-08-08 12:24:00,Repeat,0.0025,4016,97.5
18029,1,433.77,433.77,253,2010-03-07 15:30:00,2010-03-07 15:30:00,One-time,0.0025,4017,97.5
12493,2,433.74,216.87,207,2011-05-26 14:53:00,2011-06-27 10:17:00,Repeat,0.0025,4018,97.5
15613,1,433.72,433.72,700,2010-04-08 12:51:00,2010-04-08 12:51:00,One-time,0.0025,4019,97.51
16522,2,433.36,216.68,212,2010-09-15 13:32:00,2010-09-30 10:54:00,Repeat,0.0025,4020,97.51
17178,1,432.96,432.96,100,2009-12-08 16:20:00,2009-12-08 16:20:00,One-time,0.0025,4021,97.51
17687,1,432.68,432.68,210,2010-10-15 12:30:00,2010-10-15 12:30:00,One-time,0.0025,4022,97.51
16604,2,432.45,216.22,175,2010-05-20 16:34:00,2010-05-26 09:10:00,Repeat,0.0025,4023,97.52
16236,1,432.2,432.2,184,2011-09-22 14:10:00,2011-09-22 14:10:00,One-time,0.0025,4024,97.52
16881,1,432.0,432.0,600,2011-10-04 10:33:00,2011-10-04 10:33:00,One-time,0.0025,4025,97.52
14042,1,431.98,431.98,180,2009-12-14 15:07:00,2009-12-14 15:07:00,One-time,0.0025,4026,97.52
15488,5,431.92,86.38,251,2010-05-05 13:03:00,2011-09-08 10:11:00,Repeat,0.0025,4027,97.53
17842,1,430.69,430.69,89,2010-04-16 14:23:00,2010-04-16 14:23:00,One-time,0.0025,4028,97.53
12452,2,430.57,215.28,185,2011-11-23 08:05:00,2011-11-23 10:28:00,Repeat,0.0025,4029,97.53
12795,1,430.48,430.48,68,2011-11-21 10:27:00,2011-11-21 10:27:00,One-time,0.0025,4030,97.53
12827,3,430.15,143.38,197,2011-10-26 15:44:00,2011-12-04 12:17:00,Repeat,0.0025,4031,97.54
15450,1,429.84,429.84,376,2011-11-09 17:11:00,2011-11-09 17:11:00,One-time,0.0025,4032,97.54
15461,2,429.7,214.85,230,2010-03-18 12:40:00,2010-09-05 12:31:00,Repeat,0.0025,4033,97.54
14979,1,429.66,429.66,209,2009-12-04 12:54:00,2009-12-04 12:54:00,One-time,0.0025,4034,97.54
15230,2,429.6,214.8,351,2011-04-13 11:04:00,2011-04-14 14:39:00,Repeat,0.0025,4035,97.55
15036,3,429.56,143.19,316,2011-06-13 12:19:00,2011-09-28 15:42:00,Repeat,0.0025,4036,97.55
13413,6,429.44,71.57,455,2010-01-21 17:43:00,2010-03-10 12:17:00,Repeat,0.0025,4037,97.55
15888,3,429.16,143.05,139,2010-07-01 11:51:00,2011-09-20 12:30:00,Repeat,0.0025,4038,97.55
15553,1,428.93,428.93,449,2011-10-10 14:02:00,2011-10-10 14:02:00,One-time,0.0025,4039,97.56
18089,1,428.45,428.45,95,2010-09-19 11:57:00,2010-09-19 11:57:00,One-time,0.0025,4040,97.56
15360,1,427.93,427.93,223,2011-10-31 09:35:00,2011-10-31 09:35:00,One-time,0.0025,4041,97.56
12740,1,427.6,427.6,342,2011-10-07 10:44:00,2011-10-07 10:44:00,One-time,0.0025,4042,97.56
18285,1,427.0,427.0,145,2010-02-17 10:24:00,2010-02-17 10:24:00,One-time,0.0025,4043,97.57
17740,6,426.9,71.15,222,2010-01-11 13:11:00,2010-11-15 16:33:00,Repeat,0.0025,4044,97.57
18152,1,426.69,426.69,75,2010-03-03 15:26:00,2010-03-03 15:26:00,One-time,0.0025,4045,97.57
15930,1,426.63,426.63,139,2011-10-03 14:52:00,2011-10-03 14:52:00,One-time,0.0025,4046,97.57
14288,1,426.6,426.6,188,2011-05-10 13:22:00,2011-05-10 13:22:00,One-time,0.0025,4047,97.58
15966,1,426.53,426.53,275,2010-09-15 10:44:00,2010-09-15 10:44:00,One-time,0.0025,4048,97.58
15217,1,426.24,426.24,190,2010-05-25 13:51:00,2010-05-25 13:51:00,One-time,0.0025,4049,97.58
14877,2,425.85,212.93,168,2010-03-07 12:25:00,2010-10-17 13:09:00,Repeat,0.0025,4050,97.58
13703,2,425.56,212.78,128,2010-10-20 13:11:00,2011-01-25 13:10:00,Repeat,0.0024,4051,97.59
17103,1,424.3,424.3,471,2009-12-17 14:08:00,2009-12-17 14:08:00,One-time,0.0024,4052,97.59
16541,1,424.03,424.03,173,2009-12-04 13:22:00,2009-12-04 13:22:00,One-time,0.0024,4053,97.59
16913,3,423.91,141.3,229,2010-02-26 12:06:00,2011-02-22 12:56:00,Repeat,0.0024,4054,97.59
17330,4,423.8,105.95,122,2010-03-02 09:20:00,2011-11-17 08:56:00,Repeat,0.0024,4055,97.6
14097,2,422.86,211.43,352,2010-03-04 10:46:00,2010-08-15 14:20:00,Repeat,0.0024,4056,97.6
13374,2,422.8,211.4,135,2010-09-16 10:29:00,2010-10-21 10:04:00,Repeat,0.0024,4057,97.6
16137,1,422.7,422.7,210,2010-01-28 15:04:00,2010-01-28 15:04:00,One-time,0.0024,4058,97.6
16689,2,422.6,211.3,330,2011-09-18 13:29:00,2011-09-25 11:39:00,Repeat,0.0024,4059,97.61
18240,1,422.58,422.58,126,2011-10-24 13:06:00,2011-10-24 13:06:00,One-time,0.0024,4060,97.61
16149,3,422.22,140.74,598,2010-10-06 15:54:00,2011-12-05 11:29:00,Repeat,0.0024,4061,97.61
13807,3,422.2,140.73,116,2009-12-04 12:41:00,2010-12-07 15:48:00,Repeat,0.0024,4062,97.61
16773,3,421.24,140.41,252,2009-12-06 15:01:00,2011-10-13 14:37:00,Repeat,0.0024,4063,97.61
14757,1,420.5,420.5,160,2011-09-25 14:36:00,2011-09-25 14:36:00,One-time,0.0024,4064,97.62
15206,4,420.3,105.08,162,2011-03-09 08:59:00,2011-11-29 13:41:00,Repeat,0.0024,4065,97.62
15711,2,420.25,210.13,199,2010-01-24 12:13:00,2010-06-01 12:14:00,Repeat,0.0024,4066,97.62
14575,1,420.22,420.22,163,2010-08-08 14:51:00,2010-08-08 14:51:00,One-time,0.0024,4067,97.62
13672,3,419.92,139.97,138,2009-12-09 11:40:00,2011-02-11 13:53:00,Repeat,0.0024,4068,97.63
13442,3,419.87,139.96,115,2009-12-01 14:59:00,2010-02-10 14:03:00,Repeat,0.0024,4069,97.63
13096,1,419.7,419.7,6,2010-11-10 14:08:00,2010-11-10 14:08:00,One-time,0.0024,4070,97.63
14124,1,419.58,419.58,1618,2011-09-16 13:32:00,2011-09-16 13:32:00,One-time,0.0024,4071,97.63
13079,6,419.18,69.86,158,2010-10-18 14:15:00,2011-12-05 16:53:00,Repeat,0.0024,4072,97.64
15262,3,418.82,139.61,218,2010-08-08 15:55:00,2011-01-20 12:16:00,Repeat,0.0024,4073,97.64
12593,3,418.1,139.37,206,2011-05-05 09:29:00,2011-08-23 12:43:00,Repeat,0.0024,4074,97.64
13073,2,418.08,209.04,261,2010-09-28 09:27:00,2010-10-24 14:06:00,Repeat,0.0024,4075,97.64
17701,1,417.95,417.95,109,2011-04-01 12:25:00,2011-04-01 12:25:00,One-time,0.0024,4076,97.65
17232,2,417.77,208.88,202,2011-11-25 12:24:00,2011-12-07 12:21:00,Repeat,0.0024,4077,97.65
16832,5,417.61,83.52,179,2010-09-07 12:35:00,2011-06-08 15:36:00,Repeat,0.0024,4078,97.65
14762,2,417.57,208.78,428,2010-03-23 15:36:00,2011-03-21 08:20:00,Repeat,0.0024,4079,97.65
12833,1,417.38,417.38,156,2011-07-17 13:46:00,2011-07-17 13:46:00,One-time,0.0024,4080,97.66
17258,2,417.3,208.65,188,2010-02-12 15:51:00,2010-11-08 12:37:00,Repeat,0.0024,4081,97.66
16816,4,417.06,104.27,274,2010-12-16 17:01:00,2011-08-28 14:16:00,Repeat,0.0024,4082,97.66
15935,2,416.86,208.43,115,2011-04-12 09:35:00,2011-04-14 13:27:00,Repeat,0.0024,4083,97.66
16957,2,416.64,208.32,172,2011-03-03 09:25:00,2011-04-14 13:56:00,Repeat,0.0024,4084,97.67
15011,2,416.6,208.3,289,2010-10-19 12:05:00,2010-11-09 11:10:00,Repeat,0.0024,4085,97.67
16355,1,416.35,416.35,179,2010-11-29 14:21:00,2010-11-29 14:21:00,One-time,0.0024,4086,97.67
16356,6,415.87,69.31,190,2010-06-06 11:26:00,2011-05-26 11:51:00,Repeat,0.0024,4087,97.67
12930,2,415.8,207.9,252,2011-06-21 13:25:00,2011-09-22 15:18:00,Repeat,0.0024,4088,97.68
12608,1,415.79,415.79,323,2010-10-31 10:49:00,2010-10-31 10:49:00,One-time,0.0024,4089,97.68
15725,1,415.25,415.25,221,2011-11-24 14:51:00,2011-11-24 14:51:00,One-time,0.0024,4090,97.68
14333,1,415.2,415.2,58,2011-10-03 10:38:00,2011-10-03 10:38:00,One-time,0.0024,4091,97.68
13565,3,414.8,138.27,260,2010-10-24 15:51:00,2011-11-20 14:33:00,Repeat,0.0024,4092,97.68
18278,2,414.2,207.1,140,2010-10-31 12:13:00,2011-09-27 11:58:00,Repeat,0.0024,4093,97.69
13002,3,414.13,138.04,201,2010-10-01 11:58:00,2011-01-25 15:18:00,Repeat,0.0024,4094,97.69
13669,3,413.55,137.85,393,2010-10-28 15:05:00,2011-10-20 09:32:00,Repeat,0.0024,4095,97.69
14082,2,413.36,206.68,246,2010-11-12 11:47:00,2010-12-10 11:02:00,Repeat,0.0024,4096,97.69
17601,2,413.08,206.54,295,2010-11-24 14:29:00,2011-04-14 18:02:00,Repeat,0.0024,4097,97.7
17767,2,413.05,206.52,198,2010-10-25 16:22:00,2011-11-24 14:42:00,Repeat,0.0024,4098,97.7
17662,2,412.92,206.46,184,2009-12-17 09:54:00,2010-02-16 09:38:00,Repeat,0.0024,4099,97.7
14620,2,412.78,206.39,214,2011-03-01 08:30:00,2011-05-18 11:58:00,Repeat,0.0024,4100,97.7
16932,3,412.55,137.52,217,2010-05-17 14:15:00,2011-10-17 14:12:00,Repeat,0.0024,4101,97.71
18050,2,412.06,206.03,250,2010-11-11 15:51:00,2010-12-15 14:25:00,Repeat,0.0024,4102,97.71
16272,1,411.7,411.7,224,2011-08-15 10:53:00,2011-08-15 10:53:00,One-time,0.0024,4103,97.71
15960,4,410.95,102.74,258,2010-09-30 15:50:00,2010-11-30 15:57:00,Repeat,0.0024,4104,97.71
18011,2,410.79,205.39,125,2010-05-21 13:28:00,2010-12-01 17:35:00,Repeat,0.0024,4105,97.72
15099,1,410.48,410.48,343,2011-09-16 13:13:00,2011-09-16 13:13:00,One-time,0.0024,4106,97.72
17598,1,409.98,409.98,126,2010-11-23 17:43:00,2010-11-23 17:43:00,One-time,0.0024,4107,97.72
13827,3,409.8,136.6,138,2011-07-19 15:38:00,2011-10-13 12:38:00,Repeat,0.0024,4108,97.72
14581,2,409.65,204.82,304,2010-06-13 15:48:00,2011-11-23 12:39:00,Repeat,0.0024,4109,97.72
14348,1,409.57,409.57,183,2011-03-24 16:23:00,2011-03-24 16:23:00,One-time,0.0024,4110,97.73
15225,1,409.4,409.4,226,2011-04-19 14:51:00,2011-04-19 14:51:00,One-time,0.0024,4111,97.73
16864,2,409.25,204.63,283,2010-04-20 11:56:00,2010-10-01 16:16:00,Repeat,0.0024,4112,97.73
16921,3,409.21,136.4,275,2010-04-18 15:34:00,2011-10-09 16:22:00,Repeat,0.0024,4113,97.73
16243,2,409.1,204.55,110,2011-10-16 12:09:00,2011-11-06 12:32:00,Repeat,0.0024,4114,97.74
13686,3,409.04,136.35,378,2010-11-03 13:44:00,2011-06-10 09:10:00,Repeat,0.0024,4115,97.74
12974,2,408.95,204.47,104,2010-05-23 11:45:00,2011-05-26 09:33:00,Repeat,0.0024,4116,97.74
16629,2,408.63,204.31,489,2011-09-04 16:12:00,2011-09-27 10:34:00,Repeat,0.0024,4117,97.74
16324,3,408.59,136.2,270,2011-06-15 14:26:00,2011-08-03 12:58:00,Repeat,0.0024,4118,97.75
17285,2,407.94,203.97,134,2010-02-14 14:10:00,2010-03-21 13:38:00,Repeat,0.0023,4119,97.75
12353,2,406.76,203.38,212,2010-10-27 12:44:00,2011-05-19 17:47:00,Repeat,0.0023,4120,97.75
16632,2,406.4,203.2,256,2010-05-07 16:46:00,2010-08-11 11:39:00,Repeat,0.0023,4121,97.75
17000,2,406.3,203.15,305,2010-10-27 14:16:00,2010-11-08 13:35:00,Repeat,0.0023,4122,97.76
15342,1,406.09,406.09,283,2011-08-02 10:19:00,2011-08-02 10:19:00,One-time,0.0023,4123,97.76
12741,2,406.07,203.04,214,2010-06-24 16:24:00,2010-06-28 14:36:00,Repeat,0.0023,4124,97.76
16815,2,406.02,203.01,237,2010-06-21 12:05:00,2010-09-12 10:59:00,Repeat,0.0023,4125,97.76
18111,1,405.85,405.85,232,2010-04-29 12:58:00,2010-04-29 12:58:00,One-time,0.0023,4126,97.76
12922,1,405.38,405.38,370,2011-07-01 15:35:00,2011-07-01 15:35:00,One-time,0.0023,4127,97.77
13143,1,405.1,405.1,198,2010-05-04 12:22:00,2010-05-04 12:22:00,One-time,0.0023,4128,97.77
15941,1,405.0,405.0,60,2010-03-12 14:45:00,2010-03-12 14:45:00,One-time,0.0023,4129,97.77
13640,1,405.0,405.0,108,2010-04-07 15:33:00,2010-04-07 15:33:00,One-time,0.0023,4130,97.77
15968,1,404.55,404.55,247,2010-11-16 13:04:00,2010-11-16 13:04:00,One-time,0.0023,4131,97.78
13574,1,404.45,404.45,304,2010-10-24 13:28:00,2010-10-24 13:28:00,One-time,0.0023,4132,97.78
16319,1,404.4,404.4,72,2011-05-06 11:27:00,2011-05-06 11:27:00,One-time,0.0023,4133,97.78
16484,2,404.3,202.15,200,2011-06-02 10:39:00,2011-06-19 12:06:00,Repeat,0.0023,4134,97.78
12498,3,403.7,134.57,159,2011-10-13 09:30:00,2011-11-18 12:53:00,Repeat,0.0023,4135,97.79
14678,1,403.39,403.39,179,2010-05-09 14:32:00,2010-05-09 14:32:00,One-time,0.0023,4136,97.79
17785,3,403.38,134.46,227,2010-05-23 13:01:00,2011-10-17 13:43:00,Repeat,0.0023,4137,97.79
17431,1,403.3,403.3,292,2011-01-30 14:36:00,2011-01-30 14:36:00,One-time,0.0023,4138,97.79
13530,1,402.98,402.98,272,2010-03-15 14:10:00,2010-03-15 14:10:00,One-time,0.0023,4139,97.8
16315,2,402.71,201.36,143,2010-06-21 13:53:00,2011-01-13 11:57:00,Repeat,0.0023,4140,97.8
15504,4,402.7,100.67,141,2010-02-12 12:34:00,2011-09-19 13:45:00,Repeat,0.0023,4141,97.8
17094,2,402.2,201.1,212,2010-10-12 10:48:00,2011-01-21 13:09:00,Repeat,0.0023,4142,97.8
16998,5,402.0,80.4,104,2010-09-21 14:39:00,2011-07-13 09:44:00,Repeat,0.0023,4143,97.8
12386,2,401.9,200.95,354,2010-12-08 09:53:00,2011-01-06 12:37:00,Repeat,0.0023,4144,97.81
14494,3,401.46,133.82,210,2009-12-08 13:25:00,2011-11-14 09:21:00,Repeat,0.0023,4145,97.81
14471,2,400.95,200.48,187,2009-12-07 12:26:00,2010-04-27 17:12:00,Repeat,0.0023,4146,97.81
17168,1,400.2,400.2,220,2010-07-29 12:33:00,2010-07-29 12:33:00,One-time,0.0023,4147,97.81
14358,2,400.06,200.03,338,2010-10-07 17:26:00,2010-11-15 15:51:00,Repeat,0.0023,4148,97.82
15501,2,399.95,199.97,205,2010-10-20 12:47:00,2010-10-31 11:15:00,Repeat,0.0023,4149,97.82
15446,3,399.75,133.25,265,2009-12-13 13:53:00,2010-11-28 11:59:00,Repeat,0.0023,4150,97.82
18164,1,399.65,399.65,184,2011-11-02 12:56:00,2011-11-02 12:56:00,One-time,0.0023,4151,97.82
13252,2,399.3,199.65,134,2010-03-24 10:30:00,2010-11-10 16:00:00,Repeat,0.0023,4152,97.83
18128,1,399.29,399.29,216,2010-06-20 13:19:00,2010-06-20 13:19:00,One-time,0.0023,4153,97.83
17052,1,399.09,399.09,251,2011-11-11 14:50:00,2011-11-11 14:50:00,One-time,0.0023,4154,97.83
17830,3,398.7,132.9,92,2011-02-24 10:15:00,2011-12-08 12:28:00,Repeat,0.0023,4155,97.83
15522,2,397.99,199.0,572,2011-09-13 12:26:00,2011-11-07 11:26:00,Repeat,0.0023,4156,97.83
13352,1,397.98,397.98,321,2011-10-10 13:55:00,2011-10-10 13:55:00,One-time,0.0023,4157,97.84
12508,2,397.88,198.94,271,2011-11-10 16:27:00,2011-11-13 15:37:00,Repeat,0.0023,4158,97.84
15037,2,397.76,198.88,298,2010-11-28 12:14:00,2010-11-28 13:05:00,Repeat,0.0023,4159,97.84
15280,3,397.52,132.51,507,2010-05-17 14:17:00,2011-06-20 17:14:00,Repeat,0.0023,4160,97.84
15429,2,397.35,198.68,380,2011-09-25 13:42:00,2011-11-13 12:28:00,Repeat,0.0023,4161,97.85
17789,2,397.15,198.57,199,2010-02-16 13:16:00,2011-03-03 13:14:00,Repeat,0.0023,4162,97.85
12824,1,397.12,397.12,232,2011-10-11 12:49:00,2011-10-11 12:49:00,One-time,0.0023,4163,97.85
17486,1,396.87,396.87,191,2011-03-23 14:00:00,2011-03-23 14:00:00,One-time,0.0023,4164,97.85
13597,2,396.71,198.35,231,2010-11-02 09:30:00,2010-11-04 14:54:00,Repeat,0.0023,4165,97.85
15883,2,396.48,198.24,223,2011-11-06 14:50:00,2011-12-07 17:05:00,Repeat,0.0023,4166,97.86
17918,3,396.39,132.13,352,2010-07-22 14:20:00,2010-07-27 11:51:00,Repeat,0.0023,4167,97.86
18067,1,396.33,396.33,189,2011-10-30 15:58:00,2011-10-30 15:58:00,One-time,0.0023,4168,97.86
15577,5,396.03,79.21,120,2009-12-13 16:17:00,2011-07-11 17:03:00,Repeat,0.0023,4169,97.86
13879,1,395.5,395.5,204,2010-03-04 10:49:00,2010-03-04 10:49:00,One-time,0.0023,4170,97.87
13083,3,395.43,131.81,307,2010-10-10 13:38:00,2011-12-05 15:01:00,Repeat,0.0023,4171,97.87
12677,2,395.1,197.55,176,2010-02-11 13:55:00,2010-06-02 14:30:00,Repeat,0.0023,4172,97.87
16538,3,395.07,131.69,254,2010-04-23 16:25:00,2010-06-16 16:59:00,Repeat,0.0023,4173,97.87
18048,3,394.93,131.64,256,2010-08-03 13:03:00,2011-05-20 14:58:00,Repeat,0.0023,4174,97.88
16207,1,394.38,394.38,140,2011-11-14 13:51:00,2011-11-14 13:51:00,One-time,0.0023,4175,97.88
15386,1,394.14,394.14,446,2011-06-06 13:47:00,2011-06-06 13:47:00,One-time,0.0023,4176,97.88
12499,1,393.72,393.72,302,2010-05-28 15:12:00,2010-05-28 15:12:00,One-time,0.0023,4177,97.88
17300,2,393.64,196.82,467,2010-08-15 11:02:00,2010-11-14 10:56:00,Repeat,0.0023,4178,97.88
15345,1,393.54,393.54,81,2011-10-25 11:28:00,2011-10-25 11:28:00,One-time,0.0023,4179,97.89
15437,2,393.45,196.73,177,2010-03-09 10:45:00,2011-03-22 13:11:00,Repeat,0.0023,4180,97.89
17563,2,392.38,196.19,256,2010-04-07 10:02:00,2010-05-10 14:54:00,Repeat,0.0023,4181,97.89
18110,2,392.28,196.14,169,2010-10-24 14:21:00,2011-11-20 12:34:00,Repeat,0.0023,4182,97.89
16827,5,392.13,78.43,125,2010-04-29 19:07:00,2010-11-11 14:04:00,Repeat,0.0023,4183,97.9
16783,1,391.95,391.95,163,2010-09-29 11:53:00,2010-09-29 11:53:00,One-time,0.0023,4184,97.9
14072,1,390.85,390.85,65,2010-02-11 12:31:00,2010-02-11 12:31:00,One-time,0.0022,4185,97.9
14197,1,390.05,390.05,143,2010-10-25 10:01:00,2010-10-25 10:01:00,One-time,0.0022,4186,97.9
18024,2,389.78,194.89,184,2011-07-10 12:28:00,2011-07-10 12:40:00,Repeat,0.0022,4187,97.9
17116,1,389.78,389.78,392,2010-03-01 16:29:00,2010-03-01 16:29:00,One-time,0.0022,4188,97.91
17379,1,389.72,389.72,623,2011-11-28 13:56:00,2011-11-28 13:56:00,One-time,0.0022,4189,97.91
14752,1,389.64,389.64,260,2011-10-27 11:55:00,2011-10-27 11:55:00,One-time,0.0022,4190,97.91
13345,1,389.5,389.5,141,2011-02-25 09:01:00,2011-02-25 09:01:00,One-time,0.0022,4191,97.91
17479,1,389.26,389.26,266,2010-03-17 09:26:00,2010-03-17 09:26:00,One-time,0.0022,4192,97.92
17286,3,389.18,129.73,368,2010-11-04 13:43:00,2011-11-18 12:47:00,Repeat,0.0022,4193,97.92
12690,1,389.01,389.01,106,2011-05-18 09:09:00,2011-05-18 09:09:00,One-time,0.0022,4194,97.92
18227,2,388.75,194.38,22,2010-08-12 16:45:00,2011-05-06 12:23:00,Repeat,0.0022,4195,97.92
15592,1,388.58,388.58,354,2011-10-24 08:59:00,2011-10-24 08:59:00,One-time,0.0022,4196,97.92
13896,1,388.55,388.55,149,2010-03-24 08:55:00,2010-03-24 08:55:00,One-time,0.0022,4197,97.93
13899,2,388.52,194.26,156,2011-03-10 09:30:00,2011-11-23 13:40:00,Repeat,0.0022,4198,97.93
13673,2,387.44,193.72,114,2011-11-07 15:40:00,2011-11-21 12:11:00,Repeat,0.0022,4199,97.93
17771,4,387.41,96.85,373,2010-04-29 13:21:00,2011-10-14 11:43:00,Repeat,0.0022,4200,97.93
17595,2,386.69,193.35,228,2011-11-02 16:19:00,2011-11-27 16:08:00,Repeat,0.0022,4201,97.94
16148,2,386.62,193.31,250,2010-09-29 10:12:00,2011-02-16 14:01:00,Repeat,0.0022,4202,97.94
17614,1,386.32,386.32,235,2011-10-13 16:01:00,2011-10-13 16:01:00,One-time,0.0022,4203,97.94
14779,3,386.15,128.72,84,2011-01-20 12:04:00,2011-03-04 12:42:00,Repeat,0.0022,4204,97.94
13584,3,385.7,128.57,360,2010-02-02 08:40:00,2011-02-06 12:49:00,Repeat,0.0022,4205,97.94
16492,1,385.56,385.56,235,2010-06-17 08:20:00,2010-06-17 08:20:00,One-time,0.0022,4206,97.95
12973,1,385.55,385.55,31,2010-10-22 10:14:00,2010-10-22 10:14:00,One-time,0.0022,4207,97.95
12889,4,385.46,96.37,124,2010-07-25 14:32:00,2010-11-23 16:08:00,Repeat,0.0022,4208,97.95
12829,3,385.3,128.43,550,2010-06-07 15:04:00,2011-01-07 11:13:00,Repeat,0.0022,4209,97.95
14826,2,385.2,192.6,152,2010-01-13 13:08:00,2010-05-07 09:00:00,Repeat,0.0022,4210,97.96
17617,1,385.19,385.19,249,2010-05-30 12:48:00,2010-05-30 12:48:00,One-time,0.0022,4211,97.96
17711,2,385.1,192.55,246,2011-02-23 11:32:00,2011-11-29 11:40:00,Repeat,0.0022,4212,97.96
17171,2,384.59,192.3,225,2010-02-16 12:02:00,2011-02-23 16:37:00,Repeat,0.0022,4213,97.96
16868,3,384.56,128.19,112,2010-04-25 11:31:00,2010-11-10 13:17:00,Repeat,0.0022,4214,97.96
16433,2,384.52,192.26,214,2010-10-27 12:26:00,2011-11-11 14:09:00,Repeat,0.0022,4215,97.97
17357,2,384.39,192.19,152,2011-11-15 16:29:00,2011-11-15 16:30:00,Repeat,0.0022,4216,97.97
13966,1,384.26,384.26,760,2010-09-30 13:08:00,2010-09-30 13:08:00,One-time,0.0022,4217,97.97
16982,1,384.06,384.06,182,2011-10-10 12:28:00,2011-10-10 12:28:00,One-time,0.0022,4218,97.97
14598,2,384.04,192.02,354,2010-05-19 13:07:00,2011-10-26 13:19:00,Repeat,0.0022,4219,97.98
15155,1,383.97,383.97,192,2010-11-21 12:59:00,2010-11-21 12:59:00,One-time,0.0022,4220,97.98
13792,3,383.95,127.98,156,2010-10-13 11:05:00,2011-10-04 14:31:00,Repeat,0.0022,4221,97.98
17804,3,383.78,127.93,194,2009-12-01 12:22:00,2010-11-28 14:01:00,Repeat,0.0022,4222,97.98
12515,1,383.7,383.7,131,2010-12-21 15:43:00,2010-12-21 15:43:00,One-time,0.0022,4223,97.98
15440,3,383.68,127.89,197,2011-05-15 11:30:00,2011-10-16 12:16:00,Repeat,0.0022,4224,97.99
12547,3,383.58,127.86,309,2010-07-27 13:55:00,2011-05-26 12:38:00,Repeat,0.0022,4225,97.99
12832,2,383.03,191.52,195,2011-09-02 13:48:00,2011-11-07 13:30:00,Repeat,0.0022,4226,97.99
13817,2,382.98,191.49,211,2010-12-23 11:46:00,2011-11-10 17:49:00,Repeat,0.0022,4227,97.99
17403,2,382.87,191.44,188,2010-09-15 12:29:00,2011-11-03 15:18:00,Repeat,0.0022,4228,98.0
14767,1,382.81,382.81,117,2010-08-22 14:54:00,2010-08-22 14:54:00,One-time,0.0022,4229,98.0
16988,2,382.67,191.34,158,2010-11-25 09:22:00,2011-12-04 16:02:00,Repeat,0.0022,4230,98.0
13657,2,382.14,191.07,209,2011-05-22 12:35:00,2011-11-29 12:32:00,Repeat,0.0022,4231,98.0
17753,4,382.06,95.52,124,2010-01-06 14:20:00,2010-09-01 15:49:00,Repeat,0.0022,4232,98.0
17250,2,381.97,190.99,167,2011-03-23 16:45:00,2011-12-06 12:15:00,Repeat,0.0022,4233,98.01
14908,2,381.9,190.95,182,2010-09-02 16:39:00,2011-09-26 12:56:00,Repeat,0.0022,4234,98.01
16304,1,381.66,381.66,228,2010-01-14 08:30:00,2010-01-14 08:30:00,One-time,0.0022,4235,98.01
15090,1,381.32,381.32,208,2011-02-04 14:03:00,2011-02-04 14:03:00,One-time,0.0022,4236,98.01
17393,2,381.15,190.57,238,2010-08-08 15:53:00,2010-10-25 11:10:00,Repeat,0.0022,4237,98.02
17903,1,381.09,381.09,142,2010-11-10 15:39:00,2010-11-10 15:39:00,One-time,0.0022,4238,98.02
15048,4,381.0,95.25,192,2010-12-06 12:15:00,2011-10-05 14:55:00,Repeat,0.0022,4239,98.02
12796,1,381.0,381.0,182,2010-03-21 15:49:00,2010-03-21 15:49:00,One-time,0.0022,4240,98.02
17573,3,380.6,126.87,308,2011-09-07 10:36:00,2011-11-10 13:01:00,Repeat,0.0022,4241,98.02
17936,1,380.13,380.13,257,2011-12-04 13:32:00,2011-12-04 13:32:00,One-time,0.0022,4242,98.03
14731,3,380.02,126.67,256,2011-05-11 13:06:00,2011-10-23 15:54:00,Repeat,0.0022,4243,98.03
16577,1,380.0,380.0,142,2010-02-11 09:45:00,2010-02-11 09:45:00,One-time,0.0022,4244,98.03
16552,2,379.73,189.87,219,2010-12-01 12:36:00,2011-04-11 10:04:00,Repeat,0.0022,4245,98.03
14200,1,379.2,379.2,140,2010-04-01 13:01:00,2010-04-01 13:01:00,One-time,0.0022,4246,98.04
16909,1,379.14,379.14,436,2011-09-28 16:45:00,2011-09-28 16:45:00,One-time,0.0022,4247,98.04
16930,3,378.89,126.3,339,2011-10-02 14:25:00,2011-11-13 16:13:00,Repeat,0.0022,4248,98.04
13372,1,378.64,378.64,159,2011-09-11 12:46:00,2011-09-11 12:46:00,One-time,0.0022,4249,98.04
17078,2,378.2,189.1,788,2011-11-03 18:49:00,2011-11-03 19:17:00,Repeat,0.0022,4250,98.04
12651,4,377.75,94.44,265,2010-08-31 15:21:00,2011-01-09 12:46:00,Repeat,0.0022,4251,98.05
12941,1,377.49,377.49,381,2009-12-15 13:12:00,2009-12-15 13:12:00,One-time,0.0022,4252,98.05
17736,3,377.44,125.81,238,2011-08-18 14:33:00,2011-11-30 15:36:00,Repeat,0.0022,4253,98.05
17783,3,376.96,125.65,438,2010-07-15 12:50:00,2011-09-28 16:07:00,Repeat,0.0022,4254,98.05
17717,1,376.92,376.92,344,2010-10-14 12:54:00,2010-10-14 12:54:00,One-time,0.0022,4255,98.05
16544,4,376.7,94.18,150,2010-02-15 13:20:00,2010-07-08 11:11:00,Repeat,0.0022,4256,98.06
17489,2,376.64,188.32,428,2011-05-11 11:34:00,2011-10-12 08:56:00,Repeat,0.0022,4257,98.06
14353,3,376.5,125.5,344,2010-10-04 12:38:00,2011-05-08 16:06:00,Repeat,0.0022,4258,98.06
13997,3,376.46,125.49,143,2010-06-07 17:33:00,2010-07-08 18:06:00,Repeat,0.0022,4259,98.06
14531,1,376.34,376.34,260,2010-08-17 10:16:00,2010-08-17 10:16:00,One-time,0.0022,4260,98.07
13688,1,375.5,375.5,130,2010-03-14 14:11:00,2010-03-14 14:11:00,One-time,0.0022,4261,98.07
14448,2,375.35,187.68,104,2010-12-10 17:26:00,2011-11-30 13:50:00,Repeat,0.0022,4262,98.07
14294,1,375.34,375.34,190,2010-10-28 16:25:00,2010-10-28 16:25:00,One-time,0.0022,4263,98.07
14067,2,374.7,187.35,361,2011-09-04 12:00:00,2011-10-07 10:21:00,Repeat,0.0022,4264,98.07
17912,6,374.55,62.43,215,2010-11-29 13:53:00,2011-02-02 14:25:00,Repeat,0.0022,4265,98.08
17568,1,374.45,374.45,275,2010-03-16 16:45:00,2010-03-16 16:45:00,One-time,0.0022,4266,98.08
14736,2,374.05,187.02,148,2010-08-11 15:13:00,2010-08-11 15:21:00,Repeat,0.0022,4267,98.08
13351,1,373.94,373.94,117,2011-10-04 12:55:00,2011-10-04 12:55:00,One-time,0.0022,4268,98.08
13283,4,373.36,93.34,204,2010-03-09 14:36:00,2011-10-11 09:50:00,Repeat,0.0021,4269,98.09
17810,2,373.16,186.58,118,2010-01-25 10:26:00,2010-02-09 10:47:00,Repeat,0.0021,4270,98.09
15337,1,373.02,373.02,200,2010-10-24 15:29:00,2010-10-24 15:29:00,One-time,0.0021,4271,98.09
13197,1,373.01,373.01,204,2010-04-09 09:14:00,2010-04-09 09:14:00,One-time,0.0021,4272,98.09
14981,2,372.92,186.46,241,2010-10-12 11:04:00,2011-04-07 13:45:00,Repeat,0.0021,4273,98.09
12895,2,372.8,186.4,210,2011-09-14 08:35:00,2011-10-28 13:51:00,Repeat,0.0021,4274,98.1
12544,1,372.7,372.7,136,2011-11-03 16:15:00,2011-11-03 16:15:00,One-time,0.0021,4275,98.1
12981,2,372.22,186.11,242,2011-07-29 14:14:00,2011-11-10 12:00:00,Repeat,0.0021,4276,98.1
13164,2,372.2,186.1,120,2010-02-10 11:52:00,2010-05-19 13:52:00,Repeat,0.0021,4277,98.1
17245,2,371.63,185.81,307,2010-01-19 15:39:00,2011-05-19 10:43:00,Repeat,0.0021,4278,98.1
18155,3,371.62,123.87,266,2011-02-21 10:36:00,2011-09-25 13:32:00,Repeat,0.0021,4279,98.11
15472,1,371.56,371.56,251,2011-08-18 15:17:00,2011-08-18 15:17:00,One-time,0.0021,4280,98.11
18162,1,371.51,371.51,332,2009-12-07 13:24:00,2009-12-07 13:24:00,One-time,0.0021,4281,98.11
14950,1,371.2,371.2,136,2011-11-20 13:48:00,2011-11-20 13:48:00,One-time,0.0021,4282,98.11
15975,1,371.01,371.01,243,2011-09-16 13:33:00,2011-09-16 13:33:00,One-time,0.0021,4283,98.12
15063,1,370.8,370.8,56,2011-05-10 13:25:00,2011-05-10 13:25:00,One-time,0.0021,4284,98.12
15765,1,370.63,370.63,335,2010-02-11 10:25:00,2010-02-11 10:25:00,One-time,0.0021,4285,98.12
14168,2,370.45,185.22,147,2010-05-24 12:28:00,2010-10-15 10:49:00,Repeat,0.0021,4286,98.12
15458,2,370.44,185.22,300,2010-11-02 19:50:00,2011-11-14 13:08:00,Repeat,0.0021,4287,98.12
17437,1,369.68,369.68,283,2010-06-28 11:11:00,2010-06-28 11:11:00,One-time,0.0021,4288,98.13
15922,1,369.5,369.5,138,2010-12-01 13:51:00,2010-12-01 13:51:00,One-time,0.0021,4289,98.13
16758,1,369.34,369.34,203,2011-10-05 14:47:00,2011-10-05 14:47:00,One-time,0.0021,4290,98.13
14888,1,369.2,369.2,184,2011-05-16 14:58:00,2011-05-16 14:58:00,One-time,0.0021,4291,98.13
14172,3,369.02,123.01,78,2010-03-07 10:58:00,2010-04-13 13:26:00,Repeat,0.0021,4292,98.13
15477,1,368.4,368.4,216,2010-02-28 10:37:00,2010-02-28 10:37:00,One-time,0.0021,4293,98.14
17792,2,368.35,184.18,149,2010-08-18 13:08:00,2010-08-29 14:30:00,Repeat,0.0021,4294,98.14
15989,2,368.31,184.16,169,2009-12-02 15:51:00,2010-11-29 12:03:00,Repeat,0.0021,4295,98.14
14706,1,367.54,367.54,246,2010-03-31 11:09:00,2010-03-31 11:09:00,One-time,0.0021,4296,98.14
14018,1,367.15,367.15,224,2010-03-04 14:23:00,2010-03-04 14:23:00,One-time,0.0021,4297,98.14
14962,4,366.91,91.73,123,2010-05-04 14:57:00,2011-03-14 09:42:00,Repeat,0.0021,4298,98.15
14244,1,366.42,366.42,814,2010-02-17 11:40:00,2010-02-17 11:40:00,One-time,0.0021,4299,98.15
12899,1,366.4,366.4,108,2010-10-22 09:53:00,2010-10-22 09:53:00,One-time,0.0021,4300,98.15
17911,1,366.23,366.23,223,2011-11-30 14:52:00,2011-11-30 14:52:00,One-time,0.0021,4301,98.15
16974,2,365.5,182.75,70,2010-05-24 10:43:00,2010-07-05 10:18:00,Repeat,0.0021,4302,98.16
15029,1,365.1,365.1,234,2010-03-30 12:16:00,2010-03-30 12:16:00,One-time,0.0021,4303,98.16
13545,2,364.93,182.47,252,2010-06-13 11:49:00,2010-11-14 11:27:00,Repeat,0.0021,4304,98.16
17536,3,364.83,121.61,201,2010-01-26 12:00:00,2011-06-15 13:23:00,Repeat,0.0021,4305,98.16
14886,1,364.8,364.8,160,2011-04-01 08:56:00,2011-04-01 08:56:00,One-time,0.0021,4306,98.16
15949,2,364.72,182.36,284,2011-09-29 17:34:00,2011-11-23 09:09:00,Repeat,0.0021,4307,98.17
15343,1,364.5,364.5,84,2011-09-13 13:55:00,2011-09-13 13:55:00,One-time,0.0021,4308,98.17
15915,1,364.45,364.45,414,2010-11-03 11:13:00,2010-11-03 11:13:00,One-time,0.0021,4309,98.17
14528,1,364.22,364.22,278,2011-11-02 17:09:00,2011-11-02 17:09:00,One-time,0.0021,4310,98.17
16509,1,363.7,363.7,64,2011-02-16 09:25:00,2011-02-16 09:25:00,One-time,0.0021,4311,98.17
14253,2,363.4,181.7,88,2010-03-26 15:08:00,2010-08-03 14:55:00,Repeat,0.0021,4312,98.18
14594,2,363.33,181.66,183,2010-12-01 13:54:00,2011-12-02 13:28:00,Repeat,0.0021,4313,98.18
16078,2,362.99,181.5,200,2010-02-08 13:29:00,2011-03-01 09:47:00,Repeat,0.0021,4314,98.18
16378,3,362.95,120.98,267,2011-02-02 12:42:00,2011-04-06 15:07:00,Repeat,0.0021,4315,98.18
13962,3,362.8,120.93,160,2010-09-30 10:35:00,2011-11-18 08:47:00,Repeat,0.0021,4316,98.18
14840,2,362.71,181.36,179,2010-06-18 15:42:00,2011-03-17 12:00:00,Repeat,0.0021,4317,98.19
14122,3,362.42,120.81,114,2009-12-02 14:22:00,2010-10-29 15:11:00,Repeat,0.0021,4318,98.19
16052,1,362.06,362.06,282,2011-10-16 15:13:00,2011-10-16 15:13:00,One-time,0.0021,4319,98.19
13844,1,361.62,361.62,196,2011-11-28 13:21:00,2011-11-28 13:21:00,One-time,0.0021,4320,98.19
16305,1,361.22,361.22,256,2011-07-24 12:18:00,2011-07-24 12:18:00,One-time,0.0021,4321,98.2
16448,2,361.12,180.56,176,2010-08-25 16:58:00,2011-05-25 16:28:00,Repeat,0.0021,4322,98.2
18091,1,360.85,360.85,539,2010-04-25 13:18:00,2010-04-25 13:18:00,One-time,0.0021,4323,98.2
13274,1,360.85,360.85,199,2010-10-26 13:48:00,2010-10-26 13:48:00,One-time,0.0021,4324,98.2
17772,3,360.75,120.25,113,2010-11-12 11:31:00,2011-11-29 11:05:00,Repeat,0.0021,4325,98.2
17012,1,360.61,360.61,251,2009-12-14 17:34:00,2009-12-14 17:34:00,One-time,0.0021,4326,98.21
17945,3,360.35,120.12,244,2010-01-12 11:33:00,2010-01-12 11:40:00,Repeat,0.0021,4327,98.21
18208,1,360.08,360.08,82,2010-05-23 11:54:00,2010-05-23 11:54:00,One-time,0.0021,4328,98.21
15008,2,360.0,180.0,1500,2010-03-12 11:13:00,2010-08-16 13:09:00,Repeat,0.0021,4329,98.21
13298,1,360.0,360.0,96,2011-12-08 13:11:00,2011-12-08 13:11:00,One-time,0.0021,4330,98.21
13181,1,359.69,359.69,171,2010-11-23 15:05:00,2010-11-23 15:05:00,One-time,0.0021,4331,98.22
14926,2,359.4,179.7,204,2010-04-20 09:59:00,2010-11-23 07:13:00,Repeat,0.0021,4332,98.22
14919,1,359.35,359.35,129,2010-06-18 13:06:00,2010-06-18 13:06:00,One-time,0.0021,4333,98.22
15120,1,358.82,358.82,296,2011-07-29 09:48:00,2011-07-29 09:48:00,One-time,0.0021,4334,98.22
17948,1,358.56,358.56,144,2011-07-15 12:58:00,2011-07-15 12:58:00,One-time,0.0021,4335,98.22
16856,3,358.49,119.5,171,2010-09-23 13:11:00,2011-11-25 08:59:00,Repeat,0.0021,4336,98.23
17748,1,358.15,358.15,111,2010-06-30 13:49:00,2010-06-30 13:49:00,One-time,0.0021,4337,98.23
13228,1,358.0,358.0,200,2011-09-19 14:28:00,2011-09-19 14:28:00,One-time,0.0021,4338,98.23
16606,2,357.66,178.83,148,2010-10-01 13:21:00,2010-10-31 13:57:00,Repeat,0.0021,4339,98.23
15595,1,357.6,357.6,144,2010-08-09 12:27:00,2010-08-09 12:27:00,One-time,0.0021,4340,98.23
12495,1,357.4,357.4,130,2010-03-09 10:53:00,2010-03-09 10:53:00,One-time,0.0021,4341,98.24
16971,1,357.21,357.21,72,2011-11-01 15:06:00,2011-11-01 15:06:00,One-time,0.0021,4342,98.24
18040,2,357.2,178.6,148,2011-04-08 08:27:00,2011-11-20 14:20:00,Repeat,0.0021,4343,98.24
18273,4,357.0,89.25,140,2010-04-28 12:24:00,2011-12-07 13:16:00,Repeat,0.0021,4344,98.24
14500,3,356.85,118.95,117,2011-06-03 10:08:00,2011-09-12 16:45:00,Repeat,0.0021,4345,98.24
17200,4,356.71,89.18,367,2010-02-25 13:23:00,2010-11-17 13:04:00,Repeat,0.0021,4346,98.25
15840,2,355.56,177.78,396,2011-06-20 11:42:00,2011-10-12 09:08:00,Repeat,0.002,4347,98.25
12996,1,355.5,355.5,122,2010-11-29 09:27:00,2010-11-29 09:27:00,One-time,0.002,4348,98.25
16920,1,355.45,355.45,81,2010-10-24 14:07:00,2010-10-24 14:07:00,One-time,0.002,4349,98.25
15863,5,355.1,71.02,162,2009-12-17 10:20:00,2011-11-14 12:49:00,Repeat,0.002,4350,98.25
14268,1,354.85,354.85,147,2010-08-26 10:45:00,2010-08-26 10:45:00,One-time,0.002,4351,98.26
15986,2,354.42,177.21,368,2010-11-23 10:02:00,2011-11-09 15:17:00,Repeat,0.002,4352,98.26
12888,2,354.12,177.06,76,2011-03-29 14:31:00,2011-05-09 16:02:00,Repeat,0.002,4353,98.26
12845,4,354.09,88.52,204,2011-02-22 14:10:00,2011-03-17 13:34:00,Repeat,0.002,4354,98.26
16323,2,353.66,176.83,146,2010-05-11 09:48:00,2011-05-27 14:48:00,Repeat,0.002,4355,98.27
18003,1,353.51,353.51,297,2010-11-28 15:09:00,2010-11-28 15:09:00,One-time,0.002,4356,98.27
13210,1,353.48,353.48,316,2011-09-07 08:18:00,2011-09-07 08:18:00,One-time,0.002,4357,98.27
13343,1,353.43,353.43,135,2011-06-15 12:24:00,2011-06-15 12:24:00,One-time,0.002,4358,98.27
14804,1,353.27,353.27,121,2011-12-01 11:20:00,2011-12-01 11:20:00,One-time,0.002,4359,98.27
16382,2,353.1,176.55,167,2010-06-07 12:42:00,2010-10-27 16:23:00,Repeat,0.002,4360,98.28
16690,4,353.03,88.26,209,2010-09-14 15:00:00,2011-09-28 15:02:00,Repeat,0.002,4361,98.28
12617,1,352.98,352.98,210,2011-11-10 14:39:00,2011-11-10 14:39:00,One-time,0.002,4362,98.28
13765,1,352.82,352.82,297,2010-02-24 13:46:00,2010-02-24 13:46:00,One-time,0.002,4363,98.28
16857,1,352.8,352.8,168,2010-09-23 10:49:00,2010-09-23 10:49:00,One-time,0.002,4364,98.28
16274,1,351.75,351.75,153,2010-12-01 15:35:00,2010-12-01 15:35:00,One-time,0.002,4365,98.29
12566,1,351.65,351.65,265,2011-09-14 14:30:00,2011-09-14 14:30:00,One-time,0.002,4366,98.29
16192,1,351.3,351.3,208,2009-12-04 12:28:00,2009-12-04 12:28:00,One-time,0.002,4367,98.29
13923,1,351.13,351.13,185,2011-10-17 12:33:00,2011-10-17 12:33:00,One-time,0.002,4368,98.29
14252,1,350.99,350.99,111,2010-11-23 13:36:00,2010-11-23 13:36:00,One-time,0.002,4369,98.29
13332,1,350.9,350.9,179,2011-11-25 13:30:00,2011-11-25 13:30:00,One-time,0.002,4370,98.3
13281,1,350.85,350.85,201,2010-09-26 16:03:00,2010-09-26 16:03:00,One-time,0.002,4371,98.3
15334,3,350.82,116.94,273,2011-06-19 13:51:00,2011-07-06 11:22:00,Repeat,0.002,4372,98.3
16476,1,350.35,350.35,187,2010-10-04 10:29:00,2010-10-04 10:29:00,One-time,0.002,4373,98.3
12532,1,349.83,349.83,153,2011-11-09 13:47:00,2011-11-09 13:47:00,One-time,0.002,4374,98.3
13670,1,349.7,349.7,282,2011-09-25 15:25:00,2011-09-25 15:25:00,One-time,0.002,4375,98.31
13887,1,349.55,349.55,147,2011-05-19 17:22:00,2011-05-19 17:22:00,One-time,0.002,4376,98.31
18250,1,349.27,349.27,199,2011-02-02 13:16:00,2011-02-02 13:16:00,One-time,0.002,4377,98.31
14545,1,349.25,349.25,236,2010-02-03 15:23:00,2010-02-03 15:23:00,One-time,0.002,4378,98.31
17252,2,348.91,174.45,192,2011-06-06 16:41:00,2011-08-15 09:45:00,Repeat,0.002,4379,98.31
13790,1,348.8,348.8,748,2011-12-05 15:48:00,2011-12-05 15:48:00,One-time,0.002,4380,98.32
17577,2,348.75,174.38,179,2010-02-09 10:10:00,2010-03-04 13:01:00,Repeat,0.002,4381,98.32
15282,1,348.59,348.59,395,2010-05-18 16:27:00,2010-05-18 16:27:00,One-time,0.002,4382,98.32
16263,1,348.16,348.16,197,2010-10-12 14:52:00,2010-10-12 14:52:00,One-time,0.002,4383,98.32
12760,1,347.8,347.8,198,2010-09-10 08:50:00,2010-09-10 08:50:00,One-time,0.002,4384,98.32
17668,2,347.75,173.88,93,2011-11-01 14:45:00,2011-12-08 13:25:00,Repeat,0.002,4385,98.33
15085,1,347.54,347.54,169,2009-12-10 11:47:00,2009-12-10 11:47:00,One-time,0.002,4386,98.33
13062,1,346.98,346.98,343,2011-06-01 15:12:00,2011-06-01 15:12:00,One-time,0.002,4387,98.33
12411,1,346.9,346.9,138,2010-10-26 09:25:00,2010-10-26 09:25:00,One-time,0.002,4388,98.33
17780,3,346.56,115.52,156,2010-01-24 11:21:00,2010-02-10 13:43:00,Repeat,0.002,4389,98.33
13234,2,346.5,173.25,159,2009-12-07 12:32:00,2010-02-05 11:41:00,Repeat,0.002,4390,98.34
16423,1,346.12,346.12,230,2011-11-15 09:21:00,2011-11-15 09:21:00,One-time,0.002,4391,98.34
15781,3,345.46,115.15,180,2011-02-07 09:15:00,2011-11-14 14:57:00,Repeat,0.002,4392,98.34
13774,1,345.0,345.0,192,2011-09-19 12:06:00,2011-09-19 12:06:00,One-time,0.002,4393,98.34
14633,1,344.9,344.9,96,2011-03-18 17:07:00,2011-03-18 17:07:00,One-time,0.002,4394,98.34
18199,1,344.75,344.75,99,2010-01-25 11:32:00,2010-01-25 11:32:00,One-time,0.002,4395,98.35
15519,2,344.61,172.31,116,2010-09-19 13:57:00,2010-11-21 14:35:00,Repeat,0.002,4396,98.35
17569,1,344.14,344.14,159,2011-01-11 14:15:00,2011-01-11 14:15:00,One-time,0.002,4397,98.35
16990,2,344.0,172.0,200,2010-10-13 11:42:00,2011-05-05 08:30:00,Repeat,0.002,4398,98.35
13068,2,344.0,172.0,200,2011-01-24 08:20:00,2011-11-29 15:00:00,Repeat,0.002,4399,98.35
15047,1,343.62,343.62,222,2011-03-15 10:49:00,2011-03-15 10:49:00,One-time,0.002,4400,98.36
15520,1,343.5,343.5,314,2011-12-08 10:58:00,2011-12-08 10:58:00,One-time,0.002,4401,98.36
18081,3,343.45,114.48,195,2011-07-29 11:56:00,2011-11-03 16:30:00,Repeat,0.002,4402,98.36
12715,1,343.36,343.36,192,2011-08-25 15:22:00,2011-08-25 15:22:00,One-time,0.002,4403,98.36
13519,2,343.21,171.61,133,2010-09-23 11:45:00,2011-09-22 18:24:00,Repeat,0.002,4404,98.36
17795,2,342.83,171.42,305,2011-03-20 12:02:00,2011-06-13 12:36:00,Repeat,0.002,4405,98.37
13550,1,342.55,342.55,430,2010-11-21 15:24:00,2010-11-21 15:24:00,One-time,0.002,4406,98.37
16851,3,342.45,114.15,271,2011-10-19 09:48:00,2011-12-05 13:32:00,Repeat,0.002,4407,98.37
14989,1,342.4,342.4,200,2010-02-16 10:40:00,2010-02-16 10:40:00,One-time,0.002,4408,98.37
17835,3,342.24,114.08,344,2011-11-16 16:30:00,2011-12-07 11:48:00,Repeat,0.002,4409,98.37
17660,2,342.22,171.11,259,2009-12-02 16:02:00,2011-07-21 13:37:00,Repeat,0.002,4410,98.38
14724,1,341.9,341.9,184,2010-04-28 13:26:00,2010-04-28 13:26:00,One-time,0.002,4411,98.38
16826,1,341.7,341.7,158,2011-10-19 14:05:00,2011-10-19 14:05:00,One-time,0.002,4412,98.38
16585,2,341.59,170.8,151,2010-01-13 13:31:00,2010-04-25 10:34:00,Repeat,0.002,4413,98.38
13347,1,341.36,341.36,205,2011-09-30 13:28:00,2011-09-30 13:28:00,One-time,0.002,4414,98.38
13187,4,341.36,85.34,296,2010-03-25 17:18:00,2011-01-06 18:57:00,Repeat,0.002,4415,98.39
17928,3,341.24,113.75,222,2010-05-17 15:30:00,2011-10-25 13:52:00,Repeat,0.002,4416,98.39
16259,3,340.94,113.65,143,2010-04-13 16:57:00,2010-10-25 14:27:00,Repeat,0.002,4417,98.39
14491,2,340.93,170.47,139,2010-12-02 12:10:00,2011-06-17 15:22:00,Repeat,0.002,4418,98.39
17542,3,340.85,113.62,323,2010-03-08 12:08:00,2011-03-15 11:45:00,Repeat,0.002,4419,98.39
16044,1,340.84,340.84,170,2010-09-30 18:12:00,2010-09-30 18:12:00,One-time,0.002,4420,98.39
15818,1,340.5,340.5,284,2010-04-30 12:58:00,2010-04-30 12:58:00,One-time,0.002,4421,98.4
12900,1,340.33,340.33,139,2010-10-13 15:17:00,2010-10-13 15:17:00,One-time,0.002,4422,98.4
12698,1,339.75,339.75,111,2010-04-28 15:51:00,2010-04-28 15:51:00,One-time,0.002,4423,98.4
13737,1,339.6,339.6,125,2011-05-23 16:32:00,2011-05-23 16:32:00,One-time,0.002,4424,98.4
14203,1,339.34,339.34,80,2010-11-07 13:35:00,2010-11-07 13:35:00,One-time,0.002,4425,98.4
17697,1,338.95,338.95,93,2011-04-17 15:40:00,2011-04-17 15:40:00,One-time,0.002,4426,98.41
14630,1,338.65,338.65,111,2010-08-12 16:38:00,2010-08-12 16:38:00,One-time,0.0019,4427,98.41
17833,1,338.46,338.46,143,2009-12-16 13:40:00,2009-12-16 13:40:00,One-time,0.0019,4428,98.41
14799,2,338.15,169.07,495,2009-12-02 11:18:00,2011-10-19 16:16:00,Repeat,0.0019,4429,98.41
17296,1,338.13,338.13,216,2009-12-09 14:01:00,2009-12-09 14:01:00,One-time,0.0019,4430,98.41
12869,1,337.67,337.67,144,2010-01-27 12:10:00,2010-01-27 12:10:00,One-time,0.0019,4431,98.42
15942,1,337.44,337.44,232,2011-07-29 09:01:00,2011-07-29 09:01:00,One-time,0.0019,4432,98.42
12780,1,337.4,337.4,285,2010-04-20 09:40:00,2010-04-20 09:40:00,One-time,0.0019,4433,98.42
13930,2,337.34,168.67,274,2011-07-26 11:00:00,2011-10-13 09:45:00,Repeat,0.0019,4434,98.42
17973,1,337.04,337.04,176,2011-10-19 10:34:00,2011-10-19 10:34:00,One-time,0.0019,4435,98.42
17488,1,336.5,336.5,136,2010-03-08 14:07:00,2010-03-08 14:07:00,One-time,0.0019,4436,98.43
15619,1,336.4,336.4,136,2011-11-29 08:14:00,2011-11-29 08:14:00,One-time,0.0019,4437,98.43
13482,2,336.09,168.04,187,2010-03-22 10:31:00,2011-04-21 17:03:00,Repeat,0.0019,4438,98.43
14196,1,335.52,335.52,142,2011-08-25 10:25:00,2011-08-25 10:25:00,One-time,0.0019,4439,98.43
16063,1,335.32,335.32,262,2011-03-24 14:55:00,2011-03-24 14:55:00,One-time,0.0019,4440,98.43
17917,3,335.03,111.68,184,2010-12-12 12:08:00,2011-10-25 13:20:00,Repeat,0.0019,4441,98.44
12489,1,334.93,334.93,105,2011-01-07 13:13:00,2011-01-07 13:13:00,One-time,0.0019,4442,98.44
17821,1,334.62,334.62,162,2010-10-29 13:20:00,2010-10-29 13:20:00,One-time,0.0019,4443,98.44
12350,1,334.4,334.4,197,2011-02-02 16:01:00,2011-02-02 16:01:00,One-time,0.0019,4444,98.44
17607,1,333.81,333.81,269,2010-11-28 13:11:00,2010-11-28 13:11:00,One-time,0.0019,4445,98.44
13216,1,333.74,333.74,297,2011-03-17 12:18:00,2011-03-17 12:18:00,One-time,0.0019,4446,98.45
14241,2,333.7,166.85,242,2010-01-12 15:11:00,2011-06-09 11:46:00,Repeat,0.0019,4447,98.45
16234,3,333.18,111.06,170,2010-05-27 10:39:00,2010-08-20 14:33:00,Repeat,0.0019,4448,98.45
16006,2,332.82,166.41,205,2010-11-17 12:03:00,2011-05-12 13:12:00,Repeat,0.0019,4449,98.45
14137,1,332.7,332.7,462,2010-01-13 12:30:00,2010-01-13 12:30:00,One-time,0.0019,4450,98.45
13904,2,332.64,166.32,332,2011-02-18 11:18:00,2011-11-02 13:41:00,Repeat,0.0019,4451,98.45
16850,1,332.41,332.41,249,2011-01-10 11:09:00,2011-01-10 11:09:00,One-time,0.0019,4452,98.46
16803,1,332.3,332.3,245,2011-10-05 14:28:00,2011-10-05 14:28:00,One-time,0.0019,4453,98.46
16452,2,332.17,166.09,199,2010-01-15 12:22:00,2010-03-19 12:39:00,Repeat,0.0019,4454,98.46
17647,3,331.66,110.55,82,2010-02-08 14:39:00,2011-10-05 15:38:00,Repeat,0.0019,4455,98.46
15512,4,331.58,82.9,235,2010-02-01 13:23:00,2011-07-07 10:20:00,Repeat,0.0019,4456,98.46
17435,1,331.35,331.35,195,2010-10-24 13:55:00,2010-10-24 13:55:00,One-time,0.0019,4457,98.47
16030,1,331.24,331.24,283,2011-02-03 11:28:00,2011-02-03 11:28:00,One-time,0.0019,4458,98.47
13981,1,331.14,331.14,234,2010-10-20 10:03:00,2010-10-20 10:03:00,One-time,0.0019,4459,98.47
16478,3,331.0,110.33,224,2011-10-05 12:02:00,2011-11-14 15:51:00,Repeat,0.0019,4460,98.47
15878,2,330.77,165.38,243,2009-12-06 12:28:00,2010-05-27 12:17:00,Repeat,0.0019,4461,98.47
17776,2,330.56,165.28,273,2009-12-16 14:59:00,2010-11-18 12:14:00,Repeat,0.0019,4462,98.48
14517,2,330.45,165.22,91,2011-07-21 11:42:00,2011-11-06 14:20:00,Repeat,0.0019,4463,98.48
12807,1,330.35,330.35,145,2010-11-21 14:21:00,2010-11-21 14:21:00,One-time,0.0019,4464,98.48
13010,2,330.12,165.06,323,2010-03-01 11:28:00,2010-11-30 15:09:00,Repeat,0.0019,4465,98.48
15130,1,330.11,330.11,197,2011-06-23 10:15:00,2011-06-23 10:15:00,One-time,0.0019,4466,98.48
12850,1,330.0,330.0,200,2010-09-20 12:26:00,2010-09-20 12:26:00,One-time,0.0019,4467,98.49
18186,1,329.58,329.58,338,2009-12-17 10:22:00,2009-12-17 10:22:00,One-time,0.0019,4468,98.49
17518,2,329.42,164.71,267,2010-03-28 13:31:00,2010-10-10 12:40:00,Repeat,0.0019,4469,98.49
17914,1,329.36,329.36,457,2011-12-06 11:58:00,2011-12-06 11:58:00,One-time,0.0019,4470,98.49
17154,1,329.34,329.34,490,2011-09-25 13:42:00,2011-09-25 13:42:00,One-time,0.0019,4471,98.49
15153,1,329.25,329.25,198,2011-11-08 17:09:00,2011-11-08 17:09:00,One-time,0.0019,4472,98.49
15979,1,329.22,329.22,450,2010-04-16 11:35:00,2010-04-16 11:35:00,One-time,0.0019,4473,98.5
15880,1,329.03,329.03,202,2010-12-05 13:00:00,2010-12-05 13:00:00,One-time,0.0019,4474,98.5
16286,2,328.95,164.47,101,2010-03-26 09:58:00,2010-08-19 14:48:00,Repeat,0.0019,4475,98.5
14012,1,328.8,328.8,160,2011-03-07 12:26:00,2011-03-07 12:26:00,One-time,0.0019,4476,98.5
16855,2,328.4,164.2,164,2011-10-27 16:31:00,2011-11-16 12:03:00,Repeat,0.0019,4477,98.5
15213,2,328.35,164.17,272,2011-01-14 11:05:00,2011-01-25 12:21:00,Repeat,0.0019,4478,98.51
14747,1,328.2,328.2,84,2011-04-04 14:09:00,2011-04-04 14:09:00,One-time,0.0019,4479,98.51
16318,1,328.15,328.15,199,2011-11-04 13:05:00,2011-11-04 13:05:00,One-time,0.0019,4480,98.51
15709,2,327.85,163.93,169,2010-04-29 18:31:00,2011-03-01 10:38:00,Repeat,0.0019,4481,98.51
17196,1,327.75,327.75,154,2010-10-08 11:31:00,2010-10-08 11:31:00,One-time,0.0019,4482,98.51
15735,1,327.68,327.68,206,2010-10-14 13:38:00,2010-10-14 13:38:00,One-time,0.0019,4483,98.52
13498,1,327.38,327.38,362,2009-12-09 15:26:00,2009-12-09 15:26:00,One-time,0.0019,4484,98.52
16322,2,326.75,163.38,231,2011-11-03 14:33:00,2011-12-08 15:41:00,Repeat,0.0019,4485,98.52
12460,1,326.65,326.65,170,2010-09-09 13:51:00,2010-09-09 13:51:00,One-time,0.0019,4486,98.52
13646,2,326.25,163.13,79,2010-11-05 12:00:00,2010-11-05 12:13:00,Repeat,0.0019,4487,98.52
18047,2,326.09,163.05,130,2010-11-23 12:57:00,2010-11-23 13:11:00,Repeat,0.0019,4488,98.53
17439,1,325.74,325.74,370,2010-02-22 12:48:00,2010-02-22 12:48:00,One-time,0.0019,4489,98.53
12804,2,325.37,162.69,270,2010-07-27 13:52:00,2010-08-31 11:58:00,Repeat,0.0019,4490,98.53
13661,1,325.24,325.24,118,2010-04-15 14:58:00,2010-04-15 14:58:00,One-time,0.0019,4491,98.53
15670,2,325.2,162.6,132,2010-06-01 15:34:00,2011-02-16 10:50:00,Repeat,0.0019,4492,98.53
13801,1,324.8,324.8,168,2011-10-04 10:15:00,2011-10-04 10:15:00,One-time,0.0019,4493,98.53
15982,1,324.51,324.51,131,2010-04-13 15:47:00,2010-04-13 15:47:00,One-time,0.0019,4494,98.54
12946,1,324.45,324.45,149,2010-09-29 10:14:00,2010-09-29 10:14:00,One-time,0.0019,4495,98.54
18261,2,324.24,162.12,146,2011-09-05 09:34:00,2011-10-27 15:36:00,Repeat,0.0019,4496,98.54
16685,2,324.24,162.12,396,2011-10-09 13:44:00,2011-10-09 13:58:00,Repeat,0.0019,4497,98.54
13834,2,324.19,162.09,221,2010-02-08 12:52:00,2010-05-12 10:27:00,Repeat,0.0019,4498,98.54
17440,4,323.58,80.89,282,2010-06-08 14:40:00,2011-07-06 11:54:00,Repeat,0.0019,4499,98.55
13025,1,323.39,323.39,241,2009-12-08 10:02:00,2009-12-08 10:02:00,One-time,0.0019,4500,98.55
16195,1,323.25,323.25,123,2009-12-16 14:09:00,2009-12-16 14:09:00,One-time,0.0019,4501,98.55
14263,1,322.93,322.93,171,2010-10-12 14:09:00,2010-10-12 14:09:00,One-time,0.0019,4502,98.55
16627,1,322.8,322.8,162,2011-09-21 14:38:00,2011-09-21 14:38:00,One-time,0.0019,4503,98.55
14832,1,322.69,322.69,1,2010-03-19 15:14:00,2010-03-19 15:14:00,One-time,0.0019,4504,98.55
16342,4,322.41,80.6,157,2011-06-13 10:10:00,2011-09-25 14:36:00,Repeat,0.0019,4505,98.56
14424,1,322.08,322.08,48,2011-11-22 11:48:00,2011-11-22 11:48:00,One-time,0.0019,4506,98.56
15726,1,321.91,321.91,123,2010-11-14 16:12:00,2010-11-14 16:12:00,One-time,0.0019,4507,98.56
18090,1,321.9,321.9,307,2010-10-14 12:32:00,2010-10-14 12:32:00,One-time,0.0019,4508,98.56
13111,1,321.88,321.88,180,2009-12-21 09:00:00,2009-12-21 09:00:00,One-time,0.0019,4509,98.56
17976,1,321.79,321.79,93,2010-12-02 13:49:00,2010-12-02 13:49:00,One-time,0.0019,4510,98.57
17471,1,321.65,321.65,153,2010-08-22 11:53:00,2010-08-22 11:53:00,One-time,0.0019,4511,98.57
14070,1,321.6,321.6,85,2010-01-24 12:27:00,2010-01-24 12:27:00,One-time,0.0019,4512,98.57
15770,1,321.45,321.45,67,2010-04-06 11:47:00,2010-04-06 11:47:00,One-time,0.0019,4513,98.57
14823,3,321.43,107.14,88,2011-05-29 12:48:00,2011-06-12 13:12:00,Repeat,0.0018,4514,98.57
17182,2,321.3,160.65,54,2009-12-21 15:22:00,2010-10-13 10:09:00,Repeat,0.0018,4515,98.58
15869,3,321.11,107.04,273,2010-03-23 16:50:00,2011-03-07 17:23:00,Repeat,0.0018,4516,98.58
15236,1,321.05,321.05,269,2011-02-14 10:52:00,2011-02-14 10:52:00,One-time,0.0018,4517,98.58
15432,2,320.76,160.38,92,2010-06-16 14:34:00,2011-11-16 16:30:00,Repeat,0.0018,4518,98.58
14622,1,320.58,320.58,146,2011-06-08 12:42:00,2011-06-08 12:42:00,One-time,0.0018,4519,98.58
13986,1,320.46,320.46,430,2011-11-22 15:00:00,2011-11-22 15:00:00,One-time,0.0018,4520,98.58
17843,2,320.4,160.2,251,2010-10-24 10:56:00,2011-02-09 15:33:00,Repeat,0.0018,4521,98.59
17309,3,320.39,106.8,181,2010-02-04 15:49:00,2011-09-05 15:20:00,Repeat,0.0018,4522,98.59
16683,1,320.25,320.25,190,2010-06-24 10:36:00,2010-06-24 10:36:00,One-time,0.0018,4523,98.59
13942,1,320.0,320.0,1000,2010-06-23 12:35:00,2010-06-23 12:35:00,One-time,0.0018,4524,98.59
13843,1,319.75,319.75,145,2010-11-23 17:48:00,2010-11-23 17:48:00,One-time,0.0018,4525,98.59
16436,3,319.14,106.38,227,2009-12-06 16:02:00,2010-02-09 13:19:00,Repeat,0.0018,4526,98.6
16967,1,319.02,319.02,333,2011-06-03 14:24:00,2011-06-03 14:24:00,One-time,0.0018,4527,98.6
17229,2,318.76,159.38,185,2011-07-20 12:38:00,2011-09-04 13:56:00,Repeat,0.0018,4528,98.6
16273,2,318.34,159.17,40,2010-02-21 16:02:00,2010-03-01 13:24:00,Repeat,0.0018,4529,98.6
15682,2,318.24,159.12,222,2010-01-21 14:37:00,2010-04-19 15:30:00,Repeat,0.0018,4530,98.6
14703,1,318.17,318.17,183,2011-11-25 09:23:00,2011-11-25 09:23:00,One-time,0.0018,4531,98.6
17839,1,318.15,318.15,257,2011-10-28 17:27:00,2011-10-28 17:27:00,One-time,0.0018,4532,98.61
18253,1,317.88,317.88,128,2010-03-07 12:38:00,2010-03-07 12:38:00,One-time,0.0018,4533,98.61
17267,2,317.2,158.6,158,2011-08-04 17:19:00,2011-08-04 17:22:00,Repeat,0.0018,4534,98.61
15616,1,317.11,317.11,137,2010-09-27 13:10:00,2010-09-27 13:10:00,One-time,0.0018,4535,98.61
17689,2,317.08,158.54,300,2010-08-22 13:54:00,2010-11-16 13:22:00,Repeat,0.0018,4536,98.61
16761,1,316.62,316.62,341,2011-09-04 11:15:00,2011-09-04 11:15:00,One-time,0.0018,4537,98.62
15204,1,316.58,316.58,258,2010-12-17 13:49:00,2010-12-17 13:49:00,One-time,0.0018,4538,98.62
12529,1,316.48,316.48,192,2010-06-29 13:10:00,2010-06-29 13:10:00,One-time,0.0018,4539,98.62
13494,1,316.26,316.26,162,2011-02-01 11:58:00,2011-02-01 11:58:00,One-time,0.0018,4540,98.62
17408,3,316.09,105.36,163,2010-07-13 14:02:00,2011-06-29 12:53:00,Repeat,0.0018,4541,98.62
18117,1,315.65,315.65,605,2011-11-14 12:47:00,2011-11-14 12:47:00,One-time,0.0018,4542,98.62
12614,1,315.6,315.6,76,2011-03-07 10:22:00,2011-03-07 10:22:00,One-time,0.0018,4543,98.63
15042,2,315.45,157.73,238,2010-04-23 14:01:00,2011-05-24 16:25:00,Repeat,0.0018,4544,98.63
16091,2,315.06,157.53,154,2011-05-25 09:18:00,2011-07-08 08:45:00,Repeat,0.0018,4545,98.63
17121,1,314.74,314.74,106,2010-11-02 11:47:00,2010-11-02 11:47:00,One-time,0.0018,4546,98.63
14991,1,314.67,314.67,191,2010-10-05 13:01:00,2010-10-05 13:01:00,One-time,0.0018,4547,98.63
18206,1,314.66,314.66,246,2010-06-04 13:47:00,2010-06-04 13:47:00,One-time,0.0018,4548,98.64
12650,1,314.44,314.44,254,2011-12-06 16:34:00,2011-12-06 16:34:00,One-time,0.0018,4549,98.64
18070,1,314.1,314.1,86,2010-02-08 13:28:00,2010-02-08 13:28:00,One-time,0.0018,4550,98.64
15873,4,313.92,78.48,1152,2010-07-27 11:58:00,2010-07-28 12:41:00,Repeat,0.0018,4551,98.64
15196,2,313.7,156.85,130,2009-12-13 11:14:00,2010-10-03 10:50:00,Repeat,0.0018,4552,98.64
13087,1,313.64,313.64,86,2009-12-13 15:16:00,2009-12-13 15:16:00,One-time,0.0018,4553,98.64
16582,1,313.62,313.62,164,2011-08-18 17:02:00,2011-08-18 17:02:00,One-time,0.0018,4554,98.65
12665,3,313.6,104.53,165,2010-02-08 15:11:00,2011-01-19 08:34:00,Repeat,0.0018,4555,98.65
13845,1,312.98,312.98,182,2011-10-06 08:25:00,2011-10-06 08:25:00,One-time,0.0018,4556,98.65
15162,1,312.9,312.9,74,2009-12-08 13:14:00,2009-12-08 13:14:00,One-time,0.0018,4557,98.65
13905,1,312.65,312.65,135,2009-12-07 11:41:00,2009-12-07 11:41:00,One-time,0.0018,4558,98.65
15318,1,312.62,312.62,642,2011-12-06 11:30:00,2011-12-06 11:30:00,One-time,0.0018,4559,98.66
13226,2,312.46,156.23,179,2010-11-11 13:46:00,2011-03-11 14:35:00,Repeat,0.0018,4560,98.66
12834,1,312.38,312.38,110,2011-03-02 09:49:00,2011-03-02 09:49:00,One-time,0.0018,4561,98.66
17326,2,312.35,156.18,136,2010-06-28 14:05:00,2010-10-27 15:38:00,Repeat,0.0018,4562,98.66
14094,1,311.77,311.77,158,2010-09-26 11:58:00,2010-09-26 11:58:00,One-time,0.0018,4563,98.66
14951,1,311.69,311.69,311,2011-09-21 15:15:00,2011-09-21 15:15:00,One-time,0.0018,4564,98.66
12852,1,311.55,311.55,149,2011-02-18 08:47:00,2011-02-18 08:47:00,One-time,0.0018,4565,98.67
13990,1,311.3,311.3,190,2011-05-10 15:19:00,2011-05-10 15:19:00,One-time,0.0018,4566,98.67
15724,3,310.85,103.62,117,2010-11-04 10:22:00,2011-05-22 14:40:00,Repeat,0.0018,4567,98.67
16328,1,310.83,310.83,141,2010-05-25 14:02:00,2010-05-25 14:02:00,One-time,0.0018,4568,98.67
13400,1,310.83,310.83,284,2010-05-06 09:00:00,2010-05-06 09:00:00,One-time,0.0018,4569,98.67
13847,1,310.72,310.72,96,2009-12-20 10:41:00,2009-12-20 10:41:00,One-time,0.0018,4570,98.68
16439,1,310.7,310.7,74,2009-12-17 14:22:00,2009-12-17 14:22:00,One-time,0.0018,4571,98.68
15185,1,310.62,310.62,666,2011-09-30 14:06:00,2011-09-30 14:06:00,One-time,0.0018,4572,98.68
14848,1,310.56,310.56,260,2010-10-31 12:22:00,2010-10-31 12:22:00,One-time,0.0018,4573,98.68
15308,1,310.47,310.47,175,2011-03-10 13:08:00,2011-03-10 13:08:00,One-time,0.0018,4574,98.68
15188,1,310.43,310.43,233,2009-12-14 13:30:00,2009-12-14 13:30:00,One-time,0.0018,4575,98.68
13315,1,310.26,310.26,232,2010-01-19 15:34:00,2010-01-19 15:34:00,One-time,0.0018,4576,98.69
14749,1,310.15,310.15,403,2010-08-17 12:36:00,2010-08-17 12:36:00,One-time,0.0018,4577,98.69
13628,1,310.14,310.14,106,2010-02-01 14:44:00,2010-02-01 14:44:00,One-time,0.0018,4578,98.69
17181,3,309.85,103.28,268,2010-04-23 11:21:00,2011-10-13 14:48:00,Repeat,0.0018,4579,98.69
15699,1,309.65,309.65,113,2011-11-22 08:26:00,2011-11-22 08:26:00,One-time,0.0018,4580,98.69
16373,2,309.49,154.75,119,2010-10-24 13:10:00,2010-11-22 15:50:00,Repeat,0.0018,4581,98.69
12884,1,309.05,309.05,43,2011-09-12 13:10:00,2011-09-12 13:10:00,One-time,0.0018,4582,98.7
15010,1,308.94,308.94,184,2011-11-04 12:42:00,2011-11-04 12:42:00,One-time,0.0018,4583,98.7
16956,1,308.74,308.74,114,2011-11-22 08:56:00,2011-11-22 08:56:00,One-time,0.0018,4584,98.7
16194,1,308.6,308.6,140,2010-11-29 13:28:00,2010-11-29 13:28:00,One-time,0.0018,4585,98.7
14181,2,308.35,154.18,120,2010-05-26 12:32:00,2010-10-25 08:27:00,Repeat,0.0018,4586,98.7
13369,1,308.28,308.28,149,2010-12-09 11:30:00,2010-12-09 11:30:00,One-time,0.0018,4587,98.71
14927,1,308.2,308.2,196,2010-11-08 12:30:00,2010-11-08 12:30:00,One-time,0.0018,4588,98.71
15302,1,308.0,308.0,102,2009-12-09 13:11:00,2009-12-09 13:11:00,One-time,0.0018,4589,98.71
15778,1,307.95,307.95,101,2010-10-04 15:10:00,2010-10-04 15:10:00,One-time,0.0018,4590,98.71
13289,1,307.95,307.95,119,2009-12-16 11:53:00,2009-12-16 11:53:00,One-time,0.0018,4591,98.71
16123,1,307.78,307.78,170,2011-10-19 09:18:00,2011-10-19 09:18:00,One-time,0.0018,4592,98.71
13529,2,307.76,153.88,74,2011-05-19 11:50:00,2011-09-22 09:15:00,Repeat,0.0018,4593,98.72
14777,1,307.56,307.56,212,2010-11-01 12:50:00,2010-11-01 12:50:00,One-time,0.0018,4594,98.72
13060,1,307.53,307.53,123,2011-03-31 11:37:00,2011-03-31 11:37:00,One-time,0.0018,4595,98.72
17120,1,307.46,307.46,120,2011-04-20 15:21:00,2011-04-20 15:21:00,One-time,0.0018,4596,98.72
13932,1,307.4,307.4,72,2011-02-18 12:02:00,2011-02-18 12:02:00,One-time,0.0018,4597,98.72
15374,2,307.32,153.66,290,2010-03-25 12:03:00,2011-08-03 09:59:00,Repeat,0.0018,4598,98.72
14783,1,307.3,307.3,262,2010-02-18 16:16:00,2010-02-18 16:16:00,One-time,0.0018,4599,98.73
17721,1,307.21,307.21,107,2010-02-18 15:18:00,2010-02-18 15:18:00,One-time,0.0018,4600,98.73
13036,1,307.1,307.1,38,2010-01-24 11:35:00,2010-01-24 11:35:00,One-time,0.0018,4601,98.73
13142,1,307.09,307.09,258,2011-11-20 16:07:00,2011-11-20 16:07:00,One-time,0.0018,4602,98.73
15087,1,306.94,306.94,470,2011-03-03 10:34:00,2011-03-03 10:34:00,One-time,0.0018,4603,98.73
13660,1,306.64,306.64,136,2010-11-04 16:10:00,2010-11-04 16:10:00,One-time,0.0018,4604,98.74
16649,1,306.58,306.58,82,2010-07-07 15:41:00,2010-07-07 15:41:00,One-time,0.0018,4605,98.74
13718,2,306.55,153.28,173,2011-02-17 11:58:00,2011-04-07 13:24:00,Repeat,0.0018,4606,98.74
18059,3,306.46,102.15,258,2011-10-03 09:30:00,2011-11-16 16:49:00,Repeat,0.0018,4607,98.74
16524,2,306.19,153.09,259,2010-01-17 13:16:00,2010-09-19 13:37:00,Repeat,0.0018,4608,98.74
17077,1,306.0,306.0,36,2010-05-10 16:36:00,2010-05-10 16:36:00,One-time,0.0018,4609,98.74
15454,2,305.99,153.0,146,2010-03-31 13:15:00,2010-12-12 14:21:00,Repeat,0.0018,4610,98.75
15135,2,305.68,152.84,84,2010-06-01 13:33:00,2011-04-14 19:16:00,Repeat,0.0018,4611,98.75
16796,1,305.62,305.62,186,2011-09-11 14:01:00,2011-09-11 14:01:00,One-time,0.0018,4612,98.75
16181,1,305.54,305.54,152,2011-09-27 13:38:00,2011-09-27 13:38:00,One-time,0.0018,4613,98.75
15893,1,305.28,305.28,288,2010-08-15 11:12:00,2010-08-15 11:12:00,One-time,0.0018,4614,98.75
13383,1,305.28,305.28,288,2010-06-14 11:45:00,2010-06-14 11:45:00,One-time,0.0018,4615,98.75
15163,2,304.47,152.24,186,2011-05-31 15:22:00,2011-11-21 13:10:00,Repeat,0.0018,4616,98.76
18185,1,304.25,304.25,183,2011-04-04 13:42:00,2011-04-04 13:42:00,One-time,0.0018,4617,98.76
16217,2,304.25,152.13,91,2011-03-02 15:28:00,2011-04-18 13:31:00,Repeat,0.0018,4618,98.76
16674,2,304.24,152.12,181,2011-09-02 13:59:00,2011-10-16 11:31:00,Repeat,0.0018,4619,98.76
17688,1,304.2,304.2,114,2010-11-11 10:41:00,2010-11-11 10:41:00,One-time,0.0018,4620,98.76
14990,2,304.17,152.08,129,2009-12-09 13:31:00,2010-04-06 13:54:00,Repeat,0.0018,4621,98.77
17383,2,304.09,152.04,160,2010-09-12 14:54:00,2011-12-05 17:36:00,Repeat,0.0018,4622,98.77
16489,2,303.7,151.85,38,2010-09-29 15:02:00,2010-11-24 14:40:00,Repeat,0.0017,4623,98.77
14791,1,303.63,303.63,127,2010-04-12 10:24:00,2010-04-12 10:24:00,One-time,0.0017,4624,98.77
14806,2,303.43,151.71,423,2010-09-26 15:50:00,2011-09-25 15:32:00,Repeat,0.0017,4625,98.77
18255,2,303.15,151.57,201,2010-09-09 16:31:00,2011-09-11 13:16:00,Repeat,0.0017,4626,98.77
16425,1,302.7,302.7,199,2011-02-10 14:30:00,2011-02-10 14:30:00,One-time,0.0017,4627,98.78
14043,2,302.6,151.3,152,2009-12-10 15:56:00,2010-08-05 18:18:00,Repeat,0.0017,4628,98.78
18165,1,302.46,302.46,254,2011-06-15 13:23:00,2011-06-15 13:23:00,One-time,0.0017,4629,98.78
17339,3,302.36,100.79,172,2010-07-18 13:08:00,2011-09-06 13:29:00,Repeat,0.0017,4630,98.78
17506,1,302.2,302.2,139,2011-09-25 11:39:00,2011-09-25 11:39:00,One-time,0.0017,4631,98.78
15054,2,302.1,151.05,198,2011-10-30 14:33:00,2011-11-27 15:02:00,Repeat,0.0017,4632,98.78
15242,1,302.04,302.04,196,2010-10-13 15:33:00,2010-10-13 15:33:00,One-time,0.0017,4633,98.79
16297,1,301.9,301.9,206,2011-03-16 08:29:00,2011-03-16 08:29:00,One-time,0.0017,4634,98.79
13773,2,301.54,150.77,174,2010-02-18 10:27:00,2010-11-08 11:49:00,Repeat,0.0017,4635,98.79
15667,1,301.32,301.32,240,2011-10-31 10:56:00,2011-10-31 10:56:00,One-time,0.0017,4636,98.79
15148,1,301.29,301.29,187,2011-11-29 08:21:00,2011-11-29 08:21:00,One-time,0.0017,4637,98.79
13625,1,301.26,301.26,144,2010-04-22 10:50:00,2010-04-22 10:50:00,One-time,0.0017,4638,98.8
16437,2,301.25,150.63,197,2010-10-06 12:34:00,2010-11-23 16:59:00,Repeat,0.0017,4639,98.8
12351,1,300.93,300.93,261,2010-11-29 15:23:00,2010-11-29 15:23:00,One-time,0.0017,4640,98.8
16479,2,300.83,150.42,102,2011-11-29 13:04:00,2011-11-29 13:40:00,Repeat,0.0017,4641,98.8
16050,3,300.7,100.23,388,2010-11-03 15:55:00,2011-06-19 11:44:00,Repeat,0.0017,4642,98.8
17556,2,300.67,150.34,184,2010-11-25 17:00:00,2011-05-18 10:48:00,Repeat,0.0017,4643,98.8
17793,1,300.34,300.34,226,2011-11-14 14:24:00,2011-11-14 14:24:00,One-time,0.0017,4644,98.81
14797,1,300.31,300.31,99,2010-07-20 14:07:00,2010-07-20 14:07:00,One-time,0.0017,4645,98.81
17991,3,300.3,100.1,93,2010-04-27 12:46:00,2011-04-28 15:58:00,Repeat,0.0017,4646,98.81
17766,2,299.61,149.81,155,2010-11-23 14:17:00,2010-11-23 14:29:00,Repeat,0.0017,4647,98.81
12864,2,299.57,149.78,447,2010-07-19 17:22:00,2011-07-24 13:03:00,Repeat,0.0017,4648,98.81
13346,6,299.4,49.9,180,2010-04-22 12:34:00,2010-09-03 11:41:00,Repeat,0.0017,4649,98.81
17898,4,299.18,74.8,251,2010-05-21 17:22:00,2011-09-15 14:56:00,Repeat,0.0017,4650,98.82
13667,1,299.05,299.05,149,2011-07-13 15:42:00,2011-07-13 15:42:00,One-time,0.0017,4651,98.82
12595,1,299.02,299.02,271,2010-07-23 09:10:00,2010-07-23 09:10:00,One-time,0.0017,4652,98.82
15609,1,298.48,298.48,148,2011-06-08 13:00:00,2011-06-08 13:00:00,One-time,0.0017,4653,98.82
17824,1,298.4,298.4,408,2011-10-19 14:14:00,2011-10-19 14:14:00,One-time,0.0017,4654,98.82
12881,1,298.0,298.0,21,2011-03-09 11:44:00,2011-03-09 11:44:00,One-time,0.0017,4655,98.82
18018,4,297.99,74.5,186,2010-10-15 11:05:00,2011-08-23 17:37:00,Repeat,0.0017,4656,98.83
16583,2,297.95,148.98,153,2010-02-04 12:18:00,2010-12-01 12:03:00,Repeat,0.0017,4657,98.83
14835,2,297.0,148.5,180,2010-04-01 19:34:00,2010-06-29 10:08:00,Repeat,0.0017,4658,98.83
17627,1,296.36,296.36,676,2010-08-18 11:27:00,2010-08-18 11:27:00,One-time,0.0017,4659,98.83
13751,1,296.25,296.25,152,2011-02-24 15:56:00,2011-02-24 15:56:00,One-time,0.0017,4660,98.83
12898,2,296.21,148.11,235,2010-02-18 12:36:00,2010-09-02 08:08:00,Repeat,0.0017,4661,98.83
13504,1,295.93,295.93,178,2011-10-06 13:20:00,2011-10-06 13:20:00,One-time,0.0017,4662,98.84
14269,1,295.73,295.73,123,2010-09-26 12:53:00,2010-09-26 12:53:00,One-time,0.0017,4663,98.84
14614,1,295.13,295.13,189,2010-11-18 13:04:00,2010-11-18 13:04:00,One-time,0.0017,4664,98.84
16252,1,295.09,295.09,158,2010-11-22 11:57:00,2010-11-22 11:57:00,One-time,0.0017,4665,98.84
16579,1,295.05,295.05,119,2010-10-10 11:58:00,2010-10-10 11:58:00,One-time,0.0017,4666,98.84
17057,1,294.74,294.74,129,2010-04-22 19:21:00,2010-04-22 19:21:00,One-time,0.0017,4667,98.84
17301,2,294.39,147.19,216,2010-03-25 13:16:00,2011-11-18 13:43:00,Repeat,0.0017,4668,98.85
15060,4,294.25,73.56,257,2011-11-30 14:03:00,2011-12-01 13:47:00,Repeat,0.0017,4669,98.85
17124,1,294.24,294.24,129,2011-06-07 14:02:00,2011-06-07 14:02:00,One-time,0.0017,4670,98.85
17927,1,294.0,294.0,108,2009-12-18 11:03:00,2009-12-18 11:03:00,One-time,0.0017,4671,98.85
15718,1,293.79,293.79,95,2010-06-17 16:20:00,2010-06-17 16:20:00,One-time,0.0017,4672,98.85
14192,1,293.74,293.74,218,2010-11-16 17:44:00,2010-11-16 17:44:00,One-time,0.0017,4673,98.86
15928,1,293.53,293.53,164,2010-02-21 15:16:00,2010-02-21 15:16:00,One-time,0.0017,4674,98.86
17710,1,293.5,293.5,158,2010-10-12 07:49:00,2010-10-12 07:49:00,One-time,0.0017,4675,98.86
16402,2,293.45,146.72,146,2010-12-05 13:42:00,2011-03-20 12:25:00,Repeat,0.0017,4676,98.86
17441,1,293.35,293.35,245,2009-12-07 13:32:00,2009-12-07 13:32:00,One-time,0.0017,4677,98.86
17207,1,292.62,292.62,233,2010-02-25 19:08:00,2010-02-25 19:08:00,One-time,0.0017,4678,98.86
16721,1,292.47,292.47,172,2011-03-22 16:08:00,2011-03-22 16:08:00,One-time,0.0017,4679,98.87
16543,1,292.21,292.21,317,2010-04-27 11:38:00,2010-04-27 11:38:00,One-time,0.0017,4680,98.87
13739,2,292.2,146.1,76,2010-06-30 10:25:00,2011-11-21 13:35:00,Repeat,0.0017,4681,98.87
14985,2,292.01,146.0,256,2010-12-16 19:51:00,2011-05-25 14:29:00,Repeat,0.0017,4682,98.87
13449,1,291.88,291.88,222,2011-11-16 08:28:00,2011-11-16 08:28:00,One-time,0.0017,4683,98.87
17907,1,291.76,291.76,1046,2010-03-09 12:33:00,2010-03-09 12:33:00,One-time,0.0017,4684,98.87
17882,2,291.56,145.78,130,2010-11-25 14:35:00,2010-11-25 14:40:00,Repeat,0.0017,4685,98.88
16615,1,291.5,291.5,211,2010-03-23 15:13:00,2010-03-23 15:13:00,One-time,0.0017,4686,98.88
18182,1,291.13,291.13,167,2010-09-02 14:25:00,2010-09-02 14:25:00,One-time,0.0017,4687,98.88
17551,1,290.34,290.34,142,2010-12-15 14:12:00,2010-12-15 14:12:00,One-time,0.0017,4688,98.88
15391,1,289.87,289.87,109,2010-05-04 15:04:00,2010-05-04 15:04:00,One-time,0.0017,4689,98.88
16897,2,289.78,144.89,73,2011-01-30 11:52:00,2011-02-13 15:02:00,Repeat,0.0017,4690,98.88
13796,1,289.7,289.7,218,2010-07-28 14:45:00,2010-07-28 14:45:00,One-time,0.0017,4691,98.89
15962,1,289.48,289.48,228,2010-09-16 13:48:00,2010-09-16 13:48:00,One-time,0.0017,4692,98.89
15041,2,289.4,144.7,194,2010-09-21 13:16:00,2011-06-22 16:16:00,Repeat,0.0017,4693,98.89
14162,2,289.36,144.68,142,2011-02-20 12:32:00,2011-06-19 11:36:00,Repeat,0.0017,4694,98.89
15545,2,288.97,144.49,162,2010-12-03 17:28:00,2011-10-16 13:24:00,Repeat,0.0017,4695,98.89
17501,2,288.6,144.3,160,2011-05-03 09:46:00,2011-05-03 09:47:00,Repeat,0.0017,4696,98.89
16808,2,288.42,144.21,196,2011-03-10 19:05:00,2011-09-01 19:34:00,Repeat,0.0017,4697,98.9
16432,1,287.4,287.4,276,2011-10-06 13:59:00,2011-10-06 13:59:00,One-time,0.0017,4698,98.9
17497,2,287.25,143.63,59,2010-04-08 08:01:00,2010-11-14 14:17:00,Repeat,0.0017,4699,98.9
13508,2,287.05,143.52,180,2010-03-07 11:58:00,2011-04-10 11:58:00,Repeat,0.0017,4700,98.9
14660,2,285.74,142.87,228,2011-08-31 10:40:00,2011-09-14 11:34:00,Repeat,0.0016,4701,98.9
14402,1,285.6,285.6,240,2010-02-25 13:20:00,2010-02-25 13:20:00,One-time,0.0016,4702,98.9
17636,1,285.56,285.56,182,2011-11-20 14:40:00,2011-11-20 14:40:00,One-time,0.0016,4703,98.91
16890,3,285.41,95.14,243,2010-05-06 16:27:00,2010-08-20 11:23:00,Repeat,0.0016,4704,98.91
13708,1,285.33,285.33,301,2011-03-13 13:46:00,2011-03-13 13:46:00,One-time,0.0016,4705,98.91
12487,1,285.3,285.3,174,2009-12-09 11:36:00,2009-12-09 11:36:00,One-time,0.0016,4706,98.91
16429,1,284.55,284.55,9,2011-08-25 13:54:00,2011-08-25 13:54:00,One-time,0.0016,4707,98.91
15445,2,284.5,142.25,118,2010-04-28 15:00:00,2011-03-20 15:06:00,Repeat,0.0016,4708,98.91
17359,2,284.46,142.23,237,2010-03-01 14:48:00,2011-11-28 14:37:00,Repeat,0.0016,4709,98.91
15354,3,284.4,94.8,3,2010-04-15 16:17:00,2010-04-15 16:24:00,Repeat,0.0016,4710,98.92
13616,2,283.85,141.93,172,2010-01-17 14:56:00,2010-05-20 12:59:00,Repeat,0.0016,4711,98.92
15662,2,283.73,141.87,145,2009-12-01 13:49:00,2010-02-16 16:47:00,Repeat,0.0016,4712,98.92
13121,1,283.73,283.73,252,2011-03-15 16:47:00,2011-03-15 16:47:00,One-time,0.0016,4713,98.92
13909,2,282.85,141.42,301,2010-07-06 16:52:00,2010-10-12 17:22:00,Repeat,0.0016,4714,98.92
15936,2,282.79,141.4,211,2010-08-29 11:42:00,2010-11-25 16:39:00,Repeat,0.0016,4715,98.92
13511,1,282.76,282.76,60,2010-02-01 12:10:00,2010-02-01 12:10:00,One-time,0.0016,4716,98.93
12771,1,282.3,282.3,104,2010-08-11 11:51:00,2010-08-11 11:51:00,One-time,0.0016,4717,98.93
16557,2,281.85,140.93,111,2011-07-25 13:28:00,2011-11-15 14:04:00,Repeat,0.0016,4718,98.93
13326,1,281.76,281.76,140,2010-10-03 16:00:00,2010-10-03 16:00:00,One-time,0.0016,4719,98.93
13679,3,281.26,93.75,102,2009-12-04 16:52:00,2010-08-03 12:13:00,Repeat,0.0016,4720,98.93
18042,2,281.15,140.57,69,2010-06-16 10:53:00,2011-10-17 11:49:00,Repeat,0.0016,4721,98.93
15772,1,280.88,280.88,110,2010-10-17 13:33:00,2010-10-17 13:33:00,One-time,0.0016,4722,98.94
12851,2,280.76,140.38,157,2010-08-19 15:13:00,2011-09-04 12:41:00,Repeat,0.0016,4723,98.94
13080,4,280.73,70.18,193,2010-04-09 13:07:00,2011-06-13 14:59:00,Repeat,0.0016,4724,98.94
14433,1,280.7,280.7,131,2010-08-31 12:35:00,2010-08-31 12:35:00,One-time,0.0016,4725,98.94
14242,2,280.55,140.27,123,2011-01-18 08:53:00,2011-04-19 11:46:00,Repeat,0.0016,4726,98.94
13581,2,280.53,140.26,119,2010-10-21 16:30:00,2011-02-03 14:41:00,Repeat,0.0016,4727,98.94
17247,1,280.09,280.09,105,2011-11-24 15:21:00,2011-11-24 15:21:00,One-time,0.0016,4728,98.95
15556,1,279.77,279.77,236,2011-11-15 16:08:00,2011-11-15 16:08:00,One-time,0.0016,4729,98.95
14183,2,278.34,139.17,60,2010-08-15 15:36:00,2010-10-24 14:45:00,Repeat,0.0016,4730,98.95
14764,1,278.3,278.3,190,2011-10-24 11:54:00,2011-10-24 11:54:00,One-time,0.0016,4731,98.95
14303,2,277.94,138.97,218,2010-10-01 10:31:00,2010-10-28 15:37:00,Repeat,0.0016,4732,98.95
15338,1,277.93,277.93,148,2010-01-31 14:25:00,2010-01-31 14:25:00,One-time,0.0016,4733,98.95
15355,2,277.05,138.53,45,2011-10-17 15:22:00,2011-11-10 13:44:00,Repeat,0.0016,4734,98.96
13606,3,276.75,92.25,276,2011-02-01 11:42:00,2011-11-10 17:46:00,Repeat,0.0016,4735,98.96
13272,2,276.56,138.28,96,2011-09-11 12:06:00,2011-11-08 14:00:00,Repeat,0.0016,4736,98.96
12750,1,275.88,275.88,137,2011-08-03 09:13:00,2011-08-03 09:13:00,One-time,0.0016,4737,98.96
13399,3,275.4,91.8,120,2010-07-08 17:47:00,2010-09-01 13:59:00,Repeat,0.0016,4738,98.96
16313,2,274.15,137.07,165,2011-10-21 09:04:00,2011-12-06 13:02:00,Repeat,0.0016,4739,98.96
17072,1,273.35,273.35,212,2010-03-24 16:33:00,2010-03-24 16:33:00,One-time,0.0016,4740,98.96
12789,3,273.35,91.12,36,2010-01-15 12:06:00,2011-10-05 13:34:00,Repeat,0.0016,4741,98.97
13307,3,273.34,91.11,140,2010-04-26 13:28:00,2011-08-11 17:14:00,Repeat,0.0016,4742,98.97
17355,1,273.31,273.31,249,2010-11-18 13:18:00,2010-11-18 13:18:00,One-time,0.0016,4743,98.97
13861,2,273.26,136.63,225,2010-06-27 11:37:00,2010-10-06 14:20:00,Repeat,0.0016,4744,98.97
17498,1,272.22,272.22,394,2011-09-25 12:25:00,2011-09-25 12:25:00,One-time,0.0016,4745,98.97
13917,2,272.04,136.02,228,2011-06-01 12:46:00,2011-10-21 09:56:00,Repeat,0.0016,4746,98.97
14816,1,271.85,271.85,5,2011-05-26 13:16:00,2011-05-26 13:16:00,One-time,0.0016,4747,98.98
17292,2,271.75,135.88,131,2010-05-09 14:52:00,2010-08-24 17:14:00,Repeat,0.0016,4748,98.98
14436,2,271.7,135.85,297,2010-06-04 11:32:00,2011-09-02 10:13:00,Repeat,0.0016,4749,98.98
13058,3,271.4,90.47,52,2011-07-11 12:01:00,2011-11-15 12:43:00,Repeat,0.0016,4750,98.98
15943,2,271.29,135.64,183,2010-01-31 11:04:00,2010-02-28 12:49:00,Repeat,0.0016,4751,98.98
17278,2,271.24,135.62,195,2010-05-23 13:49:00,2011-04-12 13:10:00,Repeat,0.0016,4752,98.98
18238,1,270.92,270.92,114,2010-07-12 12:51:00,2010-07-12 12:51:00,One-time,0.0016,4753,98.99
14520,2,270.6,135.3,146,2011-02-22 09:15:00,2011-12-08 09:46:00,Repeat,0.0016,4754,98.99
16757,2,270.48,135.24,180,2010-10-26 15:09:00,2011-01-25 11:59:00,Repeat,0.0016,4755,98.99
12558,1,269.96,269.96,196,2011-12-02 10:41:00,2011-12-02 10:41:00,One-time,0.0016,4756,98.99
18267,1,269.37,269.37,135,2010-02-05 08:43:00,2010-02-05 08:43:00,One-time,0.0016,4757,98.99
15964,1,269.21,269.21,93,2010-02-14 15:30:00,2010-02-14 15:30:00,One-time,0.0015,4758,98.99
13533,3,269.09,89.7,202,2011-03-17 12:47:00,2011-06-10 11:54:00,Repeat,0.0015,4759,98.99
17264,1,268.28,268.28,217,2010-10-11 12:52:00,2010-10-11 12:52:00,One-time,0.0015,4760,99.0
12751,1,268.27,268.27,189,2010-09-21 12:49:00,2010-09-21 12:49:00,One-time,0.0015,4761,99.0
18254,1,267.9,267.9,188,2010-05-07 14:37:00,2010-05-07 14:37:00,One-time,0.0015,4762,99.0
14039,2,267.28,133.64,192,2010-05-13 10:15:00,2011-11-06 13:48:00,Repeat,0.0015,4763,99.0
15408,1,267.18,267.18,106,2011-03-20 15:02:00,2011-03-20 15:02:00,One-time,0.0015,4764,99.0
15320,1,267.13,267.13,326,2011-10-26 13:27:00,2011-10-26 13:27:00,One-time,0.0015,4765,99.0
15517,1,267.03,267.03,293,2011-04-20 14:02:00,2011-04-20 14:02:00,One-time,0.0015,4766,99.01
15423,3,266.89,88.96,198,2010-03-28 13:42:00,2011-11-01 14:01:00,Repeat,0.0015,4767,99.01
17786,2,266.85,133.43,195,2011-01-26 14:35:00,2011-09-15 12:51:00,Repeat,0.0015,4768,99.01
14863,1,266.76,266.76,132,2011-11-10 15:04:00,2011-11-10 15:04:00,One-time,0.0015,4769,99.01
13837,2,266.59,133.3,182,2011-01-26 12:15:00,2011-05-12 12:10:00,Repeat,0.0015,4770,99.01
15119,1,266.4,266.4,88,2011-04-08 09:08:00,2011-04-08 09:08:00,One-time,0.0015,4771,99.01
14392,1,266.4,266.4,114,2010-10-03 12:56:00,2010-10-03 12:56:00,One-time,0.0015,4772,99.01
12962,2,266.39,133.19,129,2011-08-18 13:38:00,2011-12-02 15:55:00,Repeat,0.0015,4773,99.02
13973,1,264.7,264.7,109,2011-02-25 15:21:00,2011-02-25 15:21:00,One-time,0.0015,4774,99.02
16334,1,263.73,263.73,206,2010-08-04 16:38:00,2010-08-04 16:38:00,One-time,0.0015,4775,99.02
13128,1,263.5,263.5,31,2010-03-18 15:08:00,2010-03-18 15:08:00,One-time,0.0015,4776,99.02
16089,2,263.49,131.75,119,2010-07-18 15:51:00,2010-11-18 13:51:00,Repeat,0.0015,4777,99.02
12892,1,263.38,263.38,140,2010-11-08 09:51:00,2010-11-08 09:51:00,One-time,0.0015,4778,99.02
17808,4,262.64,65.66,143,2010-05-07 16:26:00,2010-06-09 10:44:00,Repeat,0.0015,4779,99.03
13331,1,262.4,262.4,54,2010-11-03 08:04:00,2010-11-03 08:04:00,One-time,0.0015,4780,99.03
17910,1,261.7,261.7,121,2009-12-13 16:04:00,2009-12-13 16:04:00,One-time,0.0015,4781,99.03
14957,2,261.69,130.84,97,2010-03-05 10:50:00,2011-03-31 17:59:00,Repeat,0.0015,4782,99.03
12655,1,261.35,261.35,80,2010-10-12 09:17:00,2010-10-12 09:17:00,One-time,0.0015,4783,99.03
13189,2,260.68,130.34,842,2011-08-16 13:12:00,2011-11-21 10:39:00,Repeat,0.0015,4784,99.03
17901,3,260.08,86.69,38,2010-07-06 10:54:00,2011-11-10 17:29:00,Repeat,0.0015,4785,99.03
17022,2,260.0,130.0,180,2010-10-03 10:27:00,2011-11-08 17:09:00,Repeat,0.0015,4786,99.04
16733,1,259.68,259.68,112,2010-06-28 10:12:00,2010-06-28 10:12:00,One-time,0.0015,4787,99.04
17558,1,259.17,259.17,54,2010-11-11 14:36:00,2010-11-11 14:36:00,One-time,0.0015,4788,99.04
13127,1,259.17,259.17,127,2011-09-23 10:26:00,2011-09-23 10:26:00,One-time,0.0015,4789,99.04
17219,2,259.13,129.56,188,2010-10-19 11:29:00,2011-11-08 11:25:00,Repeat,0.0015,4790,99.04
15536,1,259.09,259.09,242,2010-10-26 16:31:00,2010-10-26 16:31:00,One-time,0.0015,4791,99.04
14526,1,258.65,258.65,178,2010-11-15 13:32:00,2010-11-15 13:32:00,One-time,0.0015,4792,99.04
13683,1,258.6,258.6,180,2010-09-08 10:00:00,2010-09-08 10:00:00,One-time,0.0015,4793,99.05
16502,2,258.55,129.28,220,2010-03-29 13:39:00,2010-03-29 13:44:00,Repeat,0.0015,4794,99.05
15894,2,258.25,129.13,164,2010-12-05 14:06:00,2011-03-31 13:50:00,Repeat,0.0015,4795,99.05
13227,1,257.7,257.7,99,2011-05-22 11:47:00,2011-05-22 11:47:00,One-time,0.0015,4796,99.05
15014,2,257.67,128.84,149,2011-06-16 19:40:00,2011-10-27 20:07:00,Repeat,0.0015,4797,99.05
16542,2,257.32,128.66,142,2010-11-03 14:44:00,2011-10-17 10:47:00,Repeat,0.0015,4798,99.05
15503,2,257.3,128.65,130,2009-12-13 11:34:00,2010-12-12 10:57:00,Repeat,0.0015,4799,99.06
15852,3,257.26,85.75,60,2010-07-01 10:16:00,2011-06-06 11:22:00,Repeat,0.0015,4800,99.06
14483,2,257.1,128.55,193,2009-12-03 10:16:00,2011-03-03 10:26:00,Repeat,0.0015,4801,99.06
15404,1,257.06,257.06,334,2010-11-29 11:03:00,2010-11-29 11:03:00,One-time,0.0015,4802,99.06
14876,2,256.7,128.35,162,2010-05-27 13:49:00,2010-07-06 14:57:00,Repeat,0.0015,4803,99.06
14274,1,256.6,256.6,178,2010-01-22 12:51:00,2010-01-22 12:51:00,One-time,0.0015,4804,99.06
12430,1,256.4,256.4,117,2011-10-27 15:09:00,2011-10-27 15:09:00,One-time,0.0015,4805,99.06
13806,1,256.38,256.38,56,2011-10-07 11:43:00,2011-10-07 11:43:00,One-time,0.0015,4806,99.07
17896,1,256.32,256.32,288,2011-11-16 13:59:00,2011-11-16 13:59:00,One-time,0.0015,4807,99.07
17385,1,256.11,256.11,197,2011-11-25 11:02:00,2011-11-25 11:02:00,One-time,0.0015,4808,99.07
13825,2,255.59,127.8,182,2009-12-09 14:30:00,2010-03-28 11:02:00,Repeat,0.0015,4809,99.07
14881,1,255.4,255.4,316,2011-11-20 11:06:00,2011-11-20 11:06:00,One-time,0.0015,4810,99.07
16911,2,255.25,127.63,161,2010-02-16 16:12:00,2010-03-14 12:18:00,Repeat,0.0015,4811,99.07
12746,1,254.55,254.55,97,2010-06-17 10:41:00,2010-06-17 10:41:00,One-time,0.0015,4812,99.07
12604,2,254.18,127.09,201,2011-03-23 12:06:00,2011-09-21 14:08:00,Repeat,0.0015,4813,99.08
14765,3,254.11,84.7,135,2011-06-16 19:49:00,2011-11-10 19:53:00,Repeat,0.0015,4814,99.08
17626,1,254.0,254.0,202,2010-04-16 12:15:00,2010-04-16 12:15:00,One-time,0.0015,4815,99.08
16845,1,253.88,253.88,167,2010-03-31 13:09:00,2010-03-31 13:09:00,One-time,0.0015,4816,99.08
13250,2,253.09,126.55,107,2010-07-25 14:01:00,2010-09-05 11:33:00,Repeat,0.0015,4817,99.08
17992,1,252.88,252.88,130,2010-11-15 13:04:00,2010-11-15 13:04:00,One-time,0.0015,4818,99.08
15019,1,252.81,252.81,150,2011-03-18 12:35:00,2011-03-18 12:35:00,One-time,0.0015,4819,99.08
15035,1,252.73,252.73,245,2011-09-11 11:08:00,2011-09-11 11:08:00,One-time,0.0015,4820,99.09
13251,1,252.68,252.68,215,2010-11-02 13:20:00,2010-11-02 13:20:00,One-time,0.0015,4821,99.09
16908,1,252.59,252.59,61,2009-12-17 13:35:00,2009-12-17 13:35:00,One-time,0.0015,4822,99.09
15552,2,252.52,126.26,166,2010-03-26 16:17:00,2011-05-06 14:47:00,Repeat,0.0015,4823,99.09
16074,1,252.5,252.5,38,2010-11-14 13:19:00,2010-11-14 13:19:00,One-time,0.0015,4824,99.09
13404,2,252.49,126.25,111,2011-05-11 11:57:00,2011-12-08 15:37:00,Repeat,0.0015,4825,99.09
13645,1,252.1,252.1,158,2011-08-11 16:11:00,2011-08-11 16:11:00,One-time,0.0015,4826,99.09
17210,1,251.72,251.72,242,2010-11-12 12:15:00,2010-11-12 12:15:00,One-time,0.0014,4827,99.1
16453,2,251.71,125.86,139,2010-06-09 13:15:00,2010-06-27 12:46:00,Repeat,0.0014,4828,99.1
16976,1,251.52,251.52,88,2011-03-17 16:33:00,2011-03-17 16:33:00,One-time,0.0014,4829,99.1
14501,2,251.21,125.61,161,2011-01-24 10:43:00,2011-06-09 12:02:00,Repeat,0.0014,4830,99.1
14166,2,251.15,125.58,82,2010-03-23 15:10:00,2010-07-22 19:42:00,Repeat,0.0014,4831,99.1
18266,1,251.1,251.1,138,2010-10-01 15:33:00,2010-10-01 15:33:00,One-time,0.0014,4832,99.1
16962,1,251.04,251.04,158,2010-10-26 11:36:00,2010-10-26 11:36:00,One-time,0.0014,4833,99.1
15231,1,250.26,250.26,190,2010-03-28 15:12:00,2010-03-28 15:12:00,One-time,0.0014,4834,99.11
17303,1,250.04,250.04,144,2010-12-13 13:32:00,2010-12-13 13:32:00,One-time,0.0014,4835,99.11
15510,1,250.0,250.0,2,2011-01-13 12:10:00,2011-01-13 12:10:00,One-time,0.0014,4836,99.11
16893,2,249.89,124.95,117,2010-11-28 15:14:00,2010-12-08 12:06:00,Repeat,0.0014,4837,99.11
12563,1,249.24,249.24,113,2010-10-27 09:52:00,2010-10-27 09:52:00,One-time,0.0014,4838,99.11
13061,1,248.61,248.61,107,2011-09-28 16:04:00,2011-09-28 16:04:00,One-time,0.0014,4839,99.11
13592,4,247.96,61.99,84,2011-03-20 14:01:00,2011-11-04 09:49:00,Repeat,0.0014,4840,99.11
16381,2,247.85,123.92,108,2010-10-17 13:06:00,2010-11-09 09:56:00,Repeat,0.0014,4841,99.12
15293,1,247.5,247.5,178,2010-02-12 11:54:00,2010-02-12 11:54:00,One-time,0.0014,4842,99.12
18072,1,247.44,247.44,288,2011-06-07 10:44:00,2011-06-07 10:44:00,One-time,0.0014,4843,99.12
13349,1,247.32,247.32,225,2011-11-29 08:07:00,2011-11-29 08:07:00,One-time,0.0014,4844,99.12
14658,2,247.15,123.58,47,2011-08-14 15:42:00,2011-12-04 15:35:00,Repeat,0.0014,4845,99.12
14654,1,246.86,246.86,273,2009-12-01 12:57:00,2009-12-01 12:57:00,One-time,0.0014,4846,99.12
15697,1,246.75,246.75,127,2010-01-19 09:10:00,2010-01-19 09:10:00,One-time,0.0014,4847,99.12
13943,1,246.54,246.54,94,2010-05-11 11:30:00,2010-05-11 11:30:00,One-time,0.0014,4848,99.13
15495,1,246.5,246.5,194,2010-11-25 13:46:00,2010-11-25 13:46:00,One-time,0.0014,4849,99.13
15378,2,246.5,123.25,130,2010-07-26 08:47:00,2010-09-03 11:30:00,Repeat,0.0014,4850,99.13
15783,1,246.3,246.3,212,2011-11-29 09:50:00,2011-11-29 09:50:00,One-time,0.0014,4851,99.13
18153,1,246.22,246.22,200,2010-02-18 15:50:00,2010-02-18 15:50:00,One-time,0.0014,4852,99.13
16778,2,245.94,122.97,194,2011-03-10 15:21:00,2011-09-26 13:48:00,Repeat,0.0014,4853,99.13
14325,1,245.48,245.48,320,2010-05-19 09:20:00,2010-05-19 09:20:00,One-time,0.0014,4854,99.13
14281,1,245.15,245.15,45,2010-10-27 14:45:00,2010-10-27 14:45:00,One-time,0.0014,4855,99.14
12660,1,245.1,245.1,127,2011-11-28 13:26:00,2011-11-28 13:26:00,One-time,0.0014,4856,99.14
15118,1,244.8,244.8,1440,2011-07-28 14:54:00,2011-07-28 14:54:00,One-time,0.0014,4857,99.14
15884,2,244.6,122.3,152,2009-12-03 18:23:00,2010-10-03 15:55:00,Repeat,0.0014,4858,99.14
16528,1,244.41,244.41,171,2011-12-06 12:45:00,2011-12-06 12:45:00,One-time,0.0014,4859,99.14
18002,4,244.37,61.09,71,2009-12-08 11:07:00,2010-11-29 10:57:00,Repeat,0.0014,4860,99.14
14694,1,244.31,244.31,193,2010-04-01 19:46:00,2010-04-01 19:46:00,One-time,0.0014,4861,99.14
13551,2,244.2,122.1,36,2010-02-11 15:01:00,2011-01-24 14:46:00,Repeat,0.0014,4862,99.15
17892,3,244.1,81.37,109,2011-07-07 12:56:00,2011-10-14 16:49:00,Repeat,0.0014,4863,99.15
17925,1,244.08,244.08,72,2010-12-02 10:10:00,2010-12-02 10:10:00,One-time,0.0014,4864,99.15
13676,2,243.9,121.95,104,2010-03-30 16:53:00,2010-06-18 17:30:00,Repeat,0.0014,4865,99.15
16793,1,243.84,243.84,146,2011-10-13 15:08:00,2011-10-13 15:08:00,One-time,0.0014,4866,99.15
13886,1,243.56,243.56,126,2011-09-29 13:17:00,2011-09-29 13:17:00,One-time,0.0014,4867,99.15
16215,1,242.35,242.35,104,2011-09-20 10:18:00,2011-09-20 10:18:00,One-time,0.0014,4868,99.15
15543,2,242.26,121.13,167,2010-09-06 11:28:00,2011-02-24 15:26:00,Repeat,0.0014,4869,99.16
17009,1,242.06,242.06,336,2010-06-06 16:01:00,2010-06-06 16:01:00,One-time,0.0014,4870,99.16
13445,1,241.9,241.9,198,2010-03-23 15:34:00,2010-03-23 15:34:00,One-time,0.0014,4871,99.16
13582,2,241.68,120.84,106,2010-04-01 11:38:00,2010-11-15 11:34:00,Repeat,0.0014,4872,99.16
15776,1,241.62,241.62,138,2011-07-29 13:46:00,2011-07-29 13:46:00,One-time,0.0014,4873,99.16
14774,1,241.45,241.45,99,2010-06-29 12:26:00,2010-06-29 12:26:00,One-time,0.0014,4874,99.16
14523,1,241.09,241.09,251,2011-08-23 13:13:00,2011-08-23 13:13:00,One-time,0.0014,4875,99.16
16427,2,241.06,120.53,156,2011-02-28 15:18:00,2011-03-21 17:10:00,Repeat,0.0014,4876,99.17
16508,1,240.95,240.95,103,2010-03-19 13:41:00,2010-03-19 13:41:00,One-time,0.0014,4877,99.17
13674,1,240.68,240.68,102,2010-10-03 10:41:00,2010-10-03 10:41:00,One-time,0.0014,4878,99.17
15286,1,240.55,240.55,55,2011-10-21 11:08:00,2011-10-21 11:08:00,One-time,0.0014,4879,99.17
15336,1,240.5,240.5,84,2010-11-03 12:39:00,2010-11-03 12:39:00,One-time,0.0014,4880,99.17
15931,1,239.9,239.9,118,2010-10-07 16:46:00,2010-10-07 16:46:00,One-time,0.0014,4881,99.17
15690,2,239.76,119.88,408,2011-08-31 11:40:00,2011-12-05 15:59:00,Repeat,0.0014,4882,99.17
13570,1,239.49,239.49,161,2011-04-10 13:36:00,2011-04-10 13:36:00,One-time,0.0014,4883,99.18
13789,1,239.46,239.46,258,2010-11-16 15:31:00,2010-11-16 15:31:00,One-time,0.0014,4884,99.18
17684,1,239.41,239.41,145,2011-10-27 11:10:00,2011-10-27 11:10:00,One-time,0.0014,4885,99.18
12663,2,239.4,119.7,181,2010-02-09 14:28:00,2010-03-25 09:40:00,Repeat,0.0014,4886,99.18
17981,1,239.12,239.12,260,2010-10-25 10:40:00,2010-10-25 10:40:00,One-time,0.0014,4887,99.18
13275,2,238.86,119.43,138,2010-03-17 14:05:00,2010-11-21 12:09:00,Repeat,0.0014,4888,99.18
12561,1,238.85,238.85,177,2011-02-10 11:39:00,2011-02-10 11:39:00,One-time,0.0014,4889,99.18
12718,1,238.25,238.25,203,2011-09-29 16:38:00,2011-09-29 16:38:00,One-time,0.0014,4890,99.18
16280,1,238.05,238.05,101,2009-12-14 15:49:00,2009-12-14 15:49:00,One-time,0.0014,4891,99.19
14982,1,237.78,237.78,125,2010-05-16 15:52:00,2010-05-16 15:52:00,One-time,0.0014,4892,99.19
17877,1,237.61,237.61,98,2011-06-22 13:00:00,2011-06-22 13:00:00,One-time,0.0014,4893,99.19
14586,1,237.36,237.36,444,2011-03-08 10:04:00,2011-03-08 10:04:00,One-time,0.0014,4894,99.19
15457,1,237.07,237.07,132,2011-03-22 15:31:00,2011-03-22 15:31:00,One-time,0.0014,4895,99.19
12732,1,236.26,236.26,111,2011-06-13 11:33:00,2011-06-13 11:33:00,One-time,0.0014,4896,99.19
13088,1,236.11,236.11,76,2010-10-18 15:35:00,2010-10-18 15:35:00,One-time,0.0014,4897,99.19
16026,1,236.09,236.09,243,2011-10-27 13:53:00,2011-10-27 13:53:00,One-time,0.0014,4898,99.2
17093,1,235.88,235.88,114,2010-04-26 10:22:00,2010-04-26 10:22:00,One-time,0.0014,4899,99.2
17872,1,235.87,235.87,176,2010-11-23 12:02:00,2010-11-23 12:02:00,One-time,0.0014,4900,99.2
16046,1,235.78,235.78,248,2010-05-26 13:18:00,2010-05-26 13:18:00,One-time,0.0014,4901,99.2
12392,1,234.75,234.75,73,2010-04-27 14:04:00,2010-04-27 14:04:00,One-time,0.0014,4902,99.2
13114,1,234.38,234.38,74,2009-12-09 09:56:00,2009-12-09 09:56:00,One-time,0.0013,4903,99.2
14473,2,234.34,117.17,88,2011-03-02 13:56:00,2011-09-26 15:10:00,Repeat,0.0013,4904,99.2
17060,1,234.24,234.24,216,2011-03-18 13:27:00,2011-03-18 13:27:00,One-time,0.0013,4905,99.21
13009,1,234.0,234.0,120,2010-02-05 12:22:00,2010-02-05 12:22:00,One-time,0.0013,4906,99.21
12736,1,234.0,234.0,173,2011-01-11 07:57:00,2011-01-11 07:57:00,One-time,0.0013,4907,99.21
13348,1,233.76,233.76,136,2011-10-06 17:28:00,2011-10-06 17:28:00,One-time,0.0013,4908,99.21
14153,1,233.4,233.4,312,2010-08-13 14:35:00,2010-08-13 14:35:00,One-time,0.0013,4909,99.21
15294,1,233.35,233.35,97,2010-10-25 11:45:00,2010-10-25 11:45:00,One-time,0.0013,4910,99.21
13129,2,233.25,116.63,296,2010-06-28 11:54:00,2010-09-13 13:47:00,Repeat,0.0013,4911,99.21
16302,1,233.22,233.22,158,2011-08-05 09:44:00,2011-08-05 09:44:00,One-time,0.0013,4912,99.21
17055,1,232.85,232.85,83,2010-09-20 12:21:00,2010-09-20 12:21:00,One-time,0.0013,4913,99.22
13678,1,232.6,232.6,924,2011-07-11 10:14:00,2011-07-11 10:14:00,One-time,0.0013,4914,99.22
18213,1,232.48,232.48,232,2011-04-17 10:21:00,2011-04-17 10:21:00,One-time,0.0013,4915,99.22
13608,1,232.05,232.05,110,2010-06-17 12:28:00,2010-06-17 12:28:00,One-time,0.0013,4916,99.22
14995,2,231.98,115.99,102,2011-03-04 13:14:00,2011-11-01 11:39:00,Repeat,0.0013,4917,99.22
16408,1,231.93,231.93,227,2010-04-27 14:08:00,2010-04-27 14:08:00,One-time,0.0013,4918,99.22
17151,1,231.9,231.9,42,2009-12-04 14:56:00,2009-12-04 14:56:00,One-time,0.0013,4919,99.22
17136,1,231.68,231.68,256,2010-02-15 13:13:00,2010-02-15 13:13:00,One-time,0.0013,4920,99.23
18279,1,231.34,231.34,630,2010-07-08 14:48:00,2010-07-08 14:48:00,One-time,0.0013,4921,99.23
15487,1,231.32,231.32,144,2010-01-29 12:07:00,2010-01-29 12:07:00,One-time,0.0013,4922,99.23
18030,2,230.65,115.32,67,2011-10-28 13:55:00,2011-12-05 16:37:00,Repeat,0.0013,4923,99.23
17125,1,230.5,230.5,281,2011-10-20 14:41:00,2011-10-20 14:41:00,One-time,0.0013,4924,99.23
13960,2,230.22,115.11,142,2011-09-29 12:39:00,2011-11-18 15:27:00,Repeat,0.0013,4925,99.23
18197,1,230.1,230.1,166,2010-05-13 10:46:00,2010-05-13 10:46:00,One-time,0.0013,4926,99.23
14314,2,229.8,114.9,332,2010-10-05 08:00:00,2011-08-25 10:39:00,Repeat,0.0013,4927,99.23
14017,1,229.75,229.75,73,2010-05-17 14:52:00,2010-05-17 14:52:00,One-time,0.0013,4928,99.24
12812,1,229.64,229.64,164,2011-10-26 09:54:00,2011-10-26 09:54:00,One-time,0.0013,4929,99.24
13403,3,229.5,76.5,114,2009-12-16 13:23:00,2011-11-22 08:28:00,Repeat,0.0013,4930,99.24
17185,3,229.46,76.49,119,2010-04-20 13:49:00,2010-04-27 12:15:00,Repeat,0.0013,4931,99.24
15528,1,229.33,229.33,123,2011-03-30 16:14:00,2011-03-30 16:14:00,One-time,0.0013,4932,99.24
17743,1,229.2,229.2,96,2010-09-17 14:54:00,2010-09-17 14:54:00,One-time,0.0013,4933,99.24
17347,1,228.96,228.96,216,2011-09-14 13:12:00,2011-09-14 13:12:00,One-time,0.0013,4934,99.24
15273,1,228.96,228.96,216,2010-04-19 11:31:00,2010-04-19 11:31:00,One-time,0.0013,4935,99.25
13146,1,228.91,228.91,154,2011-11-13 15:29:00,2011-11-13 15:29:00,One-time,0.0013,4936,99.25
17066,1,228.34,228.34,93,2009-12-13 13:24:00,2009-12-13 13:24:00,One-time,0.0013,4937,99.25
14458,1,228.07,228.07,317,2010-11-24 12:43:00,2010-11-24 12:43:00,One-time,0.0013,4938,99.25
16760,1,228.0,228.0,168,2010-10-05 15:55:00,2010-10-05 15:55:00,One-time,0.0013,4939,99.25
15566,2,227.87,113.94,153,2009-12-15 14:53:00,2010-11-12 12:11:00,Repeat,0.0013,4940,99.25
14363,2,227.47,113.74,105,2010-09-14 14:39:00,2010-11-02 17:01:00,Repeat,0.0013,4941,99.25
17868,1,227.15,227.15,85,2010-11-18 18:55:00,2010-11-18 18:55:00,One-time,0.0013,4942,99.25
16740,1,226.91,226.91,110,2010-11-09 13:34:00,2010-11-09 13:34:00,One-time,0.0013,4943,99.26
15451,2,226.86,113.43,76,2010-04-19 14:08:00,2010-10-01 13:40:00,Repeat,0.0013,4944,99.26
13651,3,226.85,75.62,62,2010-11-23 09:44:00,2011-11-04 14:59:00,Repeat,0.0013,4945,99.26
18005,2,226.47,113.23,86,2011-10-23 14:40:00,2011-12-06 11:51:00,Repeat,0.0013,4946,99.26
14718,1,226.42,226.42,202,2010-10-25 13:07:00,2010-10-25 13:07:00,One-time,0.0013,4947,99.26
17993,1,225.99,225.99,108,2010-04-01 14:23:00,2010-04-01 14:23:00,One-time,0.0013,4948,99.26
14069,2,225.81,112.91,58,2010-05-27 12:30:00,2010-07-13 12:12:00,Repeat,0.0013,4949,99.26
17915,1,225.78,225.78,184,2010-06-06 13:22:00,2010-06-06 13:22:00,One-time,0.0013,4950,99.26
16622,1,225.4,225.4,44,2010-06-14 10:44:00,2010-06-14 10:44:00,One-time,0.0013,4951,99.27
16587,1,225.15,225.15,71,2011-04-21 15:51:00,2011-04-21 15:51:00,One-time,0.0013,4952,99.27
14357,1,225.12,225.12,147,2011-10-27 16:23:00,2011-10-27 16:23:00,One-time,0.0013,4953,99.27
13619,2,224.94,112.47,79,2010-02-03 14:16:00,2010-06-13 11:39:00,Repeat,0.0013,4954,99.27
16346,1,224.51,224.51,289,2010-11-19 15:55:00,2010-11-19 15:55:00,One-time,0.0013,4955,99.27
15175,1,224.14,224.14,454,2011-09-29 11:31:00,2011-09-29 11:31:00,One-time,0.0013,4956,99.27
12914,1,223.98,223.98,336,2010-11-04 12:28:00,2010-11-04 12:28:00,One-time,0.0013,4957,99.27
16753,1,223.92,223.92,189,2011-10-12 13:14:00,2011-10-12 13:14:00,One-time,0.0013,4958,99.28
14928,1,223.91,223.91,268,2010-03-22 09:14:00,2010-03-22 09:14:00,One-time,0.0013,4959,99.28
16562,1,223.86,223.86,264,2010-08-20 11:45:00,2010-08-20 11:45:00,One-time,0.0013,4960,99.28
13926,1,223.85,223.85,104,2011-11-16 13:16:00,2011-11-16 13:16:00,One-time,0.0013,4961,99.28
17967,2,223.42,111.71,111,2010-10-19 13:19:00,2010-12-03 11:19:00,Repeat,0.0013,4962,99.28
18131,1,222.96,222.96,552,2010-03-18 08:48:00,2010-03-18 08:48:00,One-time,0.0013,4963,99.28
12887,1,222.4,222.4,100,2010-11-21 11:18:00,2010-11-21 11:18:00,One-time,0.0013,4964,99.28
14596,1,222.22,222.22,75,2010-03-23 12:13:00,2010-03-23 12:13:00,One-time,0.0013,4965,99.28
15788,1,221.83,221.83,115,2010-07-19 12:48:00,2010-07-19 12:48:00,One-time,0.0013,4966,99.29
14445,1,221.65,221.65,83,2010-09-10 11:09:00,2010-09-10 11:09:00,One-time,0.0013,4967,99.29
17261,1,221.59,221.59,95,2010-07-18 11:49:00,2010-07-18 11:49:00,One-time,0.0013,4968,99.29
17087,1,221.53,221.53,113,2009-12-02 10:41:00,2009-12-02 10:41:00,One-time,0.0013,4969,99.29
14960,2,221.27,110.63,221,2011-06-21 13:38:00,2011-12-01 12:54:00,Repeat,0.0013,4970,99.29
13419,1,221.06,221.06,275,2011-10-07 12:49:00,2011-10-07 12:49:00,One-time,0.0013,4971,99.29
12821,2,220.8,110.4,162,2010-04-07 15:14:00,2011-05-09 15:51:00,Repeat,0.0013,4972,99.29
16482,1,220.62,220.62,346,2011-11-24 12:33:00,2011-11-24 12:33:00,One-time,0.0013,4973,99.29
13033,2,220.55,110.28,98,2010-10-06 09:37:00,2010-12-17 14:23:00,Repeat,0.0013,4974,99.3
18132,1,220.13,220.13,212,2010-07-23 16:54:00,2010-07-23 16:54:00,One-time,0.0013,4975,99.3
18114,1,220.1,220.1,55,2011-02-22 13:20:00,2011-02-22 13:20:00,One-time,0.0013,4976,99.3
13454,1,219.87,219.87,198,2010-03-08 14:40:00,2010-03-08 14:40:00,One-time,0.0013,4977,99.3
13992,3,219.5,73.17,154,2010-09-02 17:04:00,2011-11-09 15:23:00,Repeat,0.0013,4978,99.3
14074,1,219.4,219.4,228,2010-03-26 13:55:00,2010-03-26 13:55:00,One-time,0.0013,4979,99.3
15096,1,219.39,219.39,120,2011-10-28 10:27:00,2011-10-28 10:27:00,One-time,0.0013,4980,99.3
12799,1,219.35,219.35,137,2010-06-28 15:57:00,2010-06-28 15:57:00,One-time,0.0013,4981,99.3
12702,1,219.0,219.0,53,2011-11-20 10:36:00,2011-11-20 10:36:00,One-time,0.0013,4982,99.31
15790,1,218.75,218.75,113,2011-11-29 14:53:00,2011-11-29 14:53:00,One-time,0.0013,4983,99.31
15086,2,218.53,109.27,95,2010-03-24 13:56:00,2010-05-24 12:27:00,Repeat,0.0013,4984,99.31
12574,1,218.45,218.45,61,2011-01-28 09:20:00,2011-01-28 09:20:00,One-time,0.0013,4985,99.31
15591,3,217.9,72.63,58,2010-02-04 09:20:00,2010-05-06 09:23:00,Repeat,0.0013,4986,99.31
16035,1,217.73,217.73,33,2010-05-28 15:09:00,2010-05-28 15:09:00,One-time,0.0013,4987,99.31
16666,2,217.71,108.86,354,2010-03-28 15:13:00,2011-11-20 14:01:00,Repeat,0.0013,4988,99.31
15554,1,217.2,217.2,74,2011-03-07 09:00:00,2011-03-07 09:00:00,One-time,0.0013,4989,99.31
13423,1,217.03,217.03,141,2010-10-07 09:02:00,2010-10-07 09:02:00,One-time,0.0012,4990,99.32
15401,2,216.95,108.48,93,2010-05-20 10:56:00,2010-09-13 13:42:00,Repeat,0.0012,4991,99.32
18021,2,216.41,108.2,168,2010-07-15 18:47:00,2010-07-18 10:52:00,Repeat,0.0012,4992,99.32
17902,1,216.4,216.4,526,2010-06-11 12:25:00,2010-06-11 12:25:00,One-time,0.0012,4993,99.32
15604,1,216.39,216.39,159,2011-10-18 14:47:00,2011-10-18 14:47:00,One-time,0.0012,4994,99.32
13858,1,216.17,216.17,75,2011-10-13 16:17:00,2011-10-13 16:17:00,One-time,0.0012,4995,99.32
16179,1,215.83,215.83,99,2011-10-10 09:41:00,2011-10-10 09:41:00,One-time,0.0012,4996,99.32
16189,2,215.48,107.74,134,2011-09-15 15:21:00,2011-11-24 11:47:00,Repeat,0.0012,4997,99.32
14376,1,215.46,215.46,50,2010-01-25 15:36:00,2010-01-25 15:36:00,One-time,0.0012,4998,99.33
18007,1,215.22,215.22,246,2010-11-12 11:08:00,2010-11-12 11:08:00,One-time,0.0012,4999,99.33
14635,1,215.22,215.22,118,2010-09-12 10:47:00,2010-09-12 10:47:00,One-time,0.0012,5000,99.33
16338,1,214.8,214.8,94,2011-07-05 13:56:00,2011-07-05 13:56:00,One-time,0.0012,5001,99.33
14106,1,214.8,214.8,24,2009-12-02 14:09:00,2009-12-02 14:09:00,One-time,0.0012,5002,99.33
14361,1,214.71,214.71,251,2010-05-10 12:29:00,2010-05-10 12:29:00,One-time,0.0012,5003,99.33
17619,1,214.37,214.37,124,2011-01-31 14:18:00,2011-01-31 14:18:00,One-time,0.0012,5004,99.33
15460,1,214.26,214.26,107,2010-12-20 16:08:00,2010-12-20 16:08:00,One-time,0.0012,5005,99.33
14271,2,214.18,107.09,148,2010-10-26 17:01:00,2011-04-28 12:47:00,Repeat,0.0012,5006,99.34
14601,1,213.96,213.96,168,2011-11-29 09:48:00,2011-11-29 09:48:00,One-time,0.0012,5007,99.34
18157,1,213.9,213.9,145,2010-05-17 14:09:00,2010-05-17 14:09:00,One-time,0.0012,5008,99.34
13621,1,213.85,213.85,343,2011-08-15 08:26:00,2011-08-15 08:26:00,One-time,0.0012,5009,99.34
17153,1,213.78,213.78,104,2011-11-15 13:42:00,2011-11-15 13:42:00,One-time,0.0012,5010,99.34
13411,1,213.55,213.55,72,2011-08-24 13:57:00,2011-08-24 13:57:00,One-time,0.0012,5011,99.34
16591,1,213.5,213.5,41,2011-10-02 10:43:00,2011-10-02 10:43:00,One-time,0.0012,5012,99.34
13724,1,213.01,213.01,130,2010-03-12 15:28:00,2010-03-12 15:28:00,One-time,0.0012,5013,99.34
13691,1,212.78,212.78,145,2010-11-08 17:34:00,2010-11-08 17:34:00,One-time,0.0012,5014,99.35
12961,1,211.99,211.99,180,2010-11-25 16:44:00,2010-11-25 16:44:00,One-time,0.0012,5015,99.35
12470,1,211.95,211.95,95,2010-01-19 11:01:00,2010-01-19 11:01:00,One-time,0.0012,5016,99.35
15866,1,211.89,211.89,124,2011-08-30 14:09:00,2011-08-30 14:09:00,One-time,0.0012,5017,99.35
14843,1,211.8,211.8,132,2010-09-29 12:39:00,2010-09-29 12:39:00,One-time,0.0012,5018,99.35
15703,1,211.5,211.5,66,2011-03-20 10:51:00,2011-03-20 10:51:00,One-time,0.0012,5019,99.35
13271,1,211.49,211.49,240,2011-11-02 14:31:00,2011-11-02 14:31:00,One-time,0.0012,5020,99.35
12995,1,211.32,211.32,108,2011-09-15 15:44:00,2011-09-15 15:44:00,One-time,0.0012,5021,99.35
15490,1,210.85,210.85,82,2010-10-05 13:11:00,2010-10-05 13:11:00,One-time,0.0012,5022,99.36
14992,1,210.5,210.5,145,2010-09-23 17:48:00,2010-09-23 17:48:00,One-time,0.0012,5023,99.36
13532,1,210.31,210.31,129,2011-11-06 12:25:00,2011-11-06 12:25:00,One-time,0.0012,5024,99.36
17217,2,210.1,105.05,93,2010-03-30 13:35:00,2011-04-19 17:19:00,Repeat,0.0012,5025,99.36
16874,1,209.89,209.89,78,2010-11-25 13:08:00,2010-11-25 13:08:00,One-time,0.0012,5026,99.36
17484,2,209.57,104.78,339,2010-03-25 16:17:00,2010-05-12 15:41:00,Repeat,0.0012,5027,99.36
13828,1,209.49,209.49,311,2011-11-17 16:02:00,2011-11-17 16:02:00,One-time,0.0012,5028,99.36
13056,1,209.48,209.48,158,2010-06-06 14:10:00,2010-06-06 14:10:00,One-time,0.0012,5029,99.36
14003,1,209.41,209.41,149,2009-12-07 08:53:00,2009-12-07 08:53:00,One-time,0.0012,5030,99.36
16487,2,209.4,104.7,163,2010-02-18 17:36:00,2010-05-11 13:38:00,Repeat,0.0012,5031,99.37
15112,1,209.4,209.4,72,2010-04-07 14:17:00,2010-04-07 14:17:00,One-time,0.0012,5032,99.37
17855,1,208.97,208.97,197,2010-12-02 09:44:00,2010-12-02 09:44:00,One-time,0.0012,5033,99.37
15327,1,208.75,208.75,116,2011-10-18 11:55:00,2011-10-18 11:55:00,One-time,0.0012,5034,99.37
13290,1,208.63,208.63,1,2010-09-27 16:29:00,2010-09-27 16:29:00,One-time,0.0012,5035,99.37
15741,2,208.62,104.31,70,2010-03-31 11:55:00,2010-09-07 16:21:00,Repeat,0.0012,5036,99.37
15897,2,208.59,104.29,223,2011-05-29 13:32:00,2011-05-29 13:50:00,Repeat,0.0012,5037,99.37
16457,1,208.36,208.36,140,2011-05-05 13:19:00,2011-05-05 13:19:00,One-time,0.0012,5038,99.37
15212,2,208.28,104.14,84,2010-11-28 10:45:00,2011-04-12 13:45:00,Repeat,0.0012,5039,99.38
12848,1,208.0,208.0,58,2010-02-02 12:45:00,2010-02-02 12:45:00,One-time,0.0012,5040,99.38
16964,2,207.85,103.92,49,2009-12-06 12:51:00,2009-12-06 12:53:00,Repeat,0.0012,5041,99.38
16866,3,207.74,69.25,60,2011-07-01 12:34:00,2011-07-22 10:06:00,Repeat,0.0012,5042,99.38
15052,1,207.73,207.73,79,2011-01-24 15:52:00,2011-01-24 15:52:00,One-time,0.0012,5043,99.38
16752,1,207.5,207.5,54,2010-12-02 12:18:00,2010-12-02 12:18:00,One-time,0.0012,5044,99.38
13099,1,207.36,207.36,288,2011-09-01 17:40:00,2011-09-01 17:40:00,One-time,0.0012,5045,99.38
17989,1,207.33,207.33,300,2010-11-25 13:49:00,2010-11-25 13:49:00,One-time,0.0012,5046,99.38
15925,1,207.15,207.15,93,2011-05-29 15:35:00,2011-05-29 15:35:00,One-time,0.0012,5047,99.39
15295,1,207.04,207.04,139,2010-02-23 13:03:00,2010-02-23 13:03:00,One-time,0.0012,5048,99.39
15820,1,206.98,206.98,128,2011-01-24 12:00:00,2011-01-24 12:00:00,One-time,0.0012,5049,99.39
17166,2,206.34,103.17,78,2011-05-20 08:18:00,2011-11-01 09:46:00,Repeat,0.0012,5050,99.39
14964,1,206.21,206.21,143,2011-04-06 14:13:00,2011-04-06 14:13:00,One-time,0.0012,5051,99.39
15914,2,205.99,102.99,149,2010-11-26 16:09:00,2010-11-26 16:10:00,Repeat,0.0012,5052,99.39
14278,1,205.83,205.83,131,2010-10-26 12:07:00,2010-10-26 12:07:00,One-time,0.0012,5053,99.39
16540,1,205.75,205.75,105,2010-10-21 17:22:00,2010-10-21 17:22:00,One-time,0.0012,5054,99.39
17670,1,205.7,205.7,110,2011-04-26 09:12:00,2011-04-26 09:12:00,One-time,0.0012,5055,99.39
16490,1,205.41,205.41,113,2010-09-29 16:30:00,2010-09-29 16:30:00,One-time,0.0012,5056,99.4
14602,1,205.36,205.36,80,2010-02-21 15:47:00,2010-02-21 15:47:00,One-time,0.0012,5057,99.4
15307,1,205.3,205.3,37,2011-09-05 11:38:00,2011-09-05 11:38:00,One-time,0.0012,5058,99.4
15758,1,205.25,205.25,47,2011-11-15 10:48:00,2011-11-15 10:48:00,One-time,0.0012,5059,99.4
12400,1,205.25,205.25,91,2010-10-21 13:45:00,2010-10-21 13:45:00,One-time,0.0012,5060,99.4
15319,1,204.5,204.5,175,2011-03-01 12:48:00,2011-03-01 12:48:00,One-time,0.0012,5061,99.4
17271,1,204.3,204.3,113,2009-12-03 13:49:00,2009-12-03 13:49:00,One-time,0.0012,5062,99.4
16901,1,204.26,204.26,42,2009-12-10 16:30:00,2009-12-10 16:30:00,One-time,0.0012,5063,99.4
17206,1,204.24,204.24,76,2011-10-17 13:25:00,2011-10-17 13:25:00,One-time,0.0012,5064,99.41
14468,1,204.24,204.24,164,2009-12-06 12:21:00,2009-12-06 12:21:00,One-time,0.0012,5065,99.41
13017,1,204.0,204.0,48,2011-12-02 15:53:00,2011-12-02 15:53:00,One-time,0.0012,5066,99.41
17394,1,203.87,203.87,241,2011-05-04 13:22:00,2011-05-04 13:22:00,One-time,0.0012,5067,99.41
17891,1,203.86,203.86,393,2011-06-30 20:08:00,2011-06-30 20:08:00,One-time,0.0012,5068,99.41
14519,2,203.14,101.57,81,2009-12-11 10:40:00,2010-01-25 11:18:00,Repeat,0.0012,5069,99.41
17074,1,203.05,203.05,19,2010-05-26 12:04:00,2010-05-26 12:04:00,One-time,0.0012,5070,99.41
15459,2,202.83,101.41,121,2010-07-30 14:31:00,2010-10-18 15:25:00,Repeat,0.0012,5071,99.41
15558,1,202.68,202.68,73,2010-03-10 15:25:00,2010-03-10 15:25:00,One-time,0.0012,5072,99.41
18169,1,202.65,202.65,61,2011-10-10 12:18:00,2011-10-10 12:18:00,One-time,0.0012,5073,99.42
12416,1,202.56,202.56,132,2010-02-21 10:19:00,2010-02-21 10:19:00,One-time,0.0012,5074,99.42
14892,1,202.35,202.35,79,2010-01-18 08:58:00,2010-01-18 08:58:00,One-time,0.0012,5075,99.42
14385,3,202.11,67.37,159,2011-11-16 11:55:00,2011-11-30 15:36:00,Repeat,0.0012,5076,99.42
16965,1,201.19,201.19,291,2011-04-27 12:08:00,2011-04-27 12:08:00,One-time,0.0012,5077,99.42
13284,1,201.19,201.19,91,2011-01-13 09:23:00,2011-01-13 09:23:00,One-time,0.0012,5078,99.42
18281,2,201.14,100.57,146,2010-05-11 10:49:00,2011-06-12 10:53:00,Repeat,0.0012,5079,99.42
18126,1,200.92,200.92,135,2011-10-10 12:19:00,2011-10-10 12:19:00,One-time,0.0012,5080,99.42
13556,2,200.82,100.41,134,2010-09-30 09:01:00,2010-10-06 16:44:00,Repeat,0.0012,5081,99.43
14330,1,200.63,200.63,103,2010-03-26 09:10:00,2010-03-26 09:10:00,One-time,0.0012,5082,99.43
17693,1,200.47,200.47,231,2011-07-25 15:48:00,2011-07-25 15:48:00,One-time,0.0012,5083,99.43
13133,3,200.45,66.82,55,2010-09-06 15:30:00,2011-03-11 10:31:00,Repeat,0.0012,5084,99.43
13944,1,200.43,200.43,153,2010-02-24 15:02:00,2010-02-24 15:02:00,One-time,0.0012,5085,99.43
14782,1,200.1,200.1,114,2011-01-24 11:12:00,2011-01-24 11:12:00,One-time,0.0012,5086,99.43
15593,1,199.8,199.8,60,2011-09-30 11:46:00,2011-09-30 11:46:00,One-time,0.0011,5087,99.43
13322,1,199.48,199.48,117,2011-11-22 14:21:00,2011-11-22 14:21:00,One-time,0.0011,5088,99.43
14521,1,199.45,199.45,211,2010-08-05 16:35:00,2010-08-05 16:35:00,One-time,0.0011,5089,99.43
15001,2,199.11,99.55,70,2010-11-10 13:31:00,2010-11-10 13:51:00,Repeat,0.0011,5090,99.44
15020,1,198.47,198.47,111,2010-11-25 13:29:00,2010-11-25 13:29:00,One-time,0.0011,5091,99.44
17184,2,198.41,99.21,73,2009-12-09 14:17:00,2010-05-19 14:24:00,Repeat,0.0011,5092,99.44
12581,1,197.71,197.71,161,2011-10-31 08:56:00,2011-10-31 08:56:00,One-time,0.0011,5093,99.44
17778,1,197.7,197.7,214,2010-02-16 12:44:00,2010-02-16 12:44:00,One-time,0.0011,5094,99.44
14185,1,197.65,197.65,6,2011-01-12 13:52:00,2011-01-12 13:52:00,One-time,0.0011,5095,99.44
14789,1,197.64,197.64,116,2011-11-11 08:59:00,2011-11-11 08:59:00,One-time,0.0011,5096,99.44
17112,1,197.57,197.57,130,2010-07-25 11:14:00,2010-07-25 11:14:00,One-time,0.0011,5097,99.44
12927,1,197.31,197.31,145,2010-11-10 10:02:00,2010-11-10 10:02:00,One-time,0.0011,5098,99.44
15234,1,197.0,197.0,196,2011-03-08 08:53:00,2011-03-08 08:53:00,One-time,0.0011,5099,99.45
13436,1,196.89,196.89,76,2011-12-08 10:33:00,2011-12-08 10:33:00,One-time,0.0011,5100,99.45
15746,1,196.88,196.88,178,2011-07-28 15:21:00,2011-07-28 15:21:00,One-time,0.0011,5101,99.45
13978,2,196.79,98.4,315,2011-10-25 15:04:00,2011-11-25 11:36:00,Repeat,0.0011,5102,99.45
16937,1,196.25,196.25,123,2010-07-28 17:56:00,2010-07-28 17:56:00,One-time,0.0011,5103,99.45
16112,4,195.74,48.94,574,2011-01-05 11:47:00,2011-07-19 14:28:00,Repeat,0.0011,5104,99.45
13757,1,195.55,195.55,54,2010-02-03 12:37:00,2010-02-03 12:37:00,One-time,0.0011,5105,99.45
17010,1,195.36,195.36,118,2011-11-21 14:49:00,2011-11-21 14:49:00,One-time,0.0011,5106,99.45
14666,1,195.25,195.25,161,2011-11-15 12:57:00,2011-11-15 12:57:00,One-time,0.0011,5107,99.45
15612,2,195.15,97.58,52,2011-10-09 12:49:00,2011-11-03 14:52:00,Repeat,0.0011,5108,99.46
14405,1,195.0,195.0,100,2010-11-18 11:40:00,2010-11-18 11:40:00,One-time,0.0011,5109,99.46
17468,3,194.8,64.93,184,2010-11-29 17:25:00,2011-11-29 15:33:00,Repeat,0.0011,5110,99.46
17065,2,194.7,97.35,82,2010-03-12 11:40:00,2010-03-12 11:41:00,Repeat,0.0011,5111,99.46
17475,1,194.37,194.37,178,2011-09-21 14:55:00,2011-09-21 14:55:00,One-time,0.0011,5112,99.46
16299,1,193.65,193.65,107,2010-08-19 17:46:00,2010-08-19 17:46:00,One-time,0.0011,5113,99.46
14476,1,193.0,193.0,110,2011-03-27 15:39:00,2011-03-27 15:39:00,One-time,0.0011,5114,99.46
12522,2,192.72,96.36,194,2011-10-19 14:41:00,2011-10-31 15:30:00,Repeat,0.0011,5115,99.46
14768,2,192.6,96.3,52,2011-08-04 13:25:00,2011-11-22 12:54:00,Repeat,0.0011,5116,99.46
15729,3,192.55,64.18,47,2010-11-01 13:44:00,2011-05-11 12:36:00,Repeat,0.0011,5117,99.47
18028,1,192.05,192.05,133,2010-05-05 13:28:00,2010-05-05 13:28:00,One-time,0.0011,5118,99.47
14100,1,191.95,191.95,63,2011-07-25 11:01:00,2011-07-25 11:01:00,One-time,0.0011,5119,99.47
15909,1,191.94,191.94,98,2011-06-19 10:38:00,2011-06-19 10:38:00,One-time,0.0011,5120,99.47
16695,2,191.9,95.95,184,2010-05-27 12:24:00,2010-05-27 12:36:00,Repeat,0.0011,5121,99.47
14279,2,191.86,95.93,46,2010-01-27 16:34:00,2010-07-07 08:42:00,Repeat,0.0011,5122,99.47
15692,1,191.04,191.04,138,2011-11-11 14:12:00,2011-11-11 14:12:00,One-time,0.0011,5123,99.47
15954,1,190.75,190.75,119,2010-04-29 13:35:00,2010-04-29 13:35:00,One-time,0.0011,5124,99.47
14728,1,190.58,190.58,68,2010-10-22 15:57:00,2010-10-22 15:57:00,One-time,0.0011,5125,99.47
15688,1,190.57,190.57,95,2010-10-17 12:06:00,2010-10-17 12:06:00,One-time,0.0011,5126,99.48
15412,1,190.53,190.53,108,2011-06-21 15:24:00,2011-06-21 15:24:00,One-time,0.0011,5127,99.48
18020,1,190.48,190.48,67,2010-06-14 12:31:00,2010-06-14 12:31:00,One-time,0.0011,5128,99.48
14617,2,190.47,95.24,81,2010-10-20 10:40:00,2010-11-02 11:41:00,Repeat,0.0011,5129,99.48
13766,1,190.35,190.35,137,2010-08-01 14:25:00,2010-08-01 14:25:00,One-time,0.0011,5130,99.48
13972,2,190.25,95.13,187,2011-05-22 11:34:00,2011-09-30 11:54:00,Repeat,0.0011,5131,99.48
17257,2,189.78,94.89,187,2010-09-29 12:49:00,2010-09-29 12:51:00,Repeat,0.0011,5132,99.48
18046,1,189.63,189.63,44,2010-02-28 11:36:00,2010-02-28 11:36:00,One-time,0.0011,5133,99.48
13826,1,189.5,189.5,82,2011-06-16 13:48:00,2011-06-16 13:48:00,One-time,0.0011,5134,99.48
14801,1,189.34,189.34,173,2011-10-09 15:24:00,2011-10-09 15:24:00,One-time,0.0011,5135,99.49
14830,1,188.88,188.88,164,2011-10-17 14:29:00,2011-10-17 14:29:00,One-time,0.0011,5136,99.49
16277,1,188.69,188.69,33,2009-12-06 11:27:00,2009-12-06 11:27:00,One-time,0.0011,5137,99.49
14697,2,188.61,94.3,181,2011-05-05 15:29:00,2011-05-05 15:39:00,Repeat,0.0011,5138,99.49
17283,1,188.46,188.46,179,2010-11-26 11:53:00,2010-11-26 11:53:00,One-time,0.0011,5139,99.49
16051,1,188.44,188.44,80,2010-01-27 09:38:00,2010-01-27 09:38:00,One-time,0.0011,5140,99.49
13063,1,188.4,188.4,116,2010-08-16 12:27:00,2010-08-16 12:27:00,One-time,0.0011,5141,99.49
17781,2,188.02,94.01,34,2011-03-31 19:54:00,2011-07-03 16:00:00,Repeat,0.0011,5142,99.49
17279,1,187.83,187.83,48,2011-10-13 11:58:00,2011-10-13 11:58:00,One-time,0.0011,5143,99.49
15072,1,187.52,187.52,164,2010-08-17 15:46:00,2010-08-17 15:46:00,One-time,0.0011,5144,99.5
13852,1,187.35,187.35,85,2010-04-08 09:06:00,2010-04-08 09:06:00,One-time,0.0011,5145,99.5
18013,2,187.29,93.65,285,2011-07-07 14:08:00,2011-07-07 14:11:00,Repeat,0.0011,5146,99.5
13568,1,187.05,187.05,66,2011-06-19 14:42:00,2011-06-19 14:42:00,One-time,0.0011,5147,99.5
13387,1,186.94,186.94,123,2010-10-18 14:07:00,2010-10-18 14:07:00,One-time,0.0011,5148,99.5
16267,1,186.66,186.66,198,2010-04-27 14:10:00,2010-04-27 14:10:00,One-time,0.0011,5149,99.5
18063,2,186.6,93.3,48,2010-03-16 13:05:00,2010-11-14 10:46:00,Repeat,0.0011,5150,99.5
17215,1,186.15,186.15,104,2010-09-01 13:39:00,2010-09-01 13:39:00,One-time,0.0011,5151,99.5
16388,1,186.05,186.05,83,2010-02-24 10:20:00,2010-02-24 10:20:00,One-time,0.0011,5152,99.5
15567,1,186.01,186.01,223,2011-11-21 10:48:00,2011-11-21 10:48:00,One-time,0.0011,5153,99.51
12641,1,185.9,185.9,72,2011-08-16 13:26:00,2011-08-16 13:26:00,One-time,0.0011,5154,99.51
17574,1,185.65,185.65,77,2011-04-11 09:47:00,2011-04-11 09:47:00,One-time,0.0011,5155,99.51
14879,1,185.06,185.06,104,2010-01-24 11:35:00,2010-01-24 11:35:00,One-time,0.0011,5156,99.51
16097,1,185.05,185.05,87,2011-04-13 13:47:00,2011-04-13 13:47:00,One-time,0.0011,5157,99.51
14677,1,184.91,184.91,139,2010-04-26 09:48:00,2010-04-26 09:48:00,One-time,0.0011,5158,99.51
17803,1,184.66,184.66,98,2010-11-12 13:53:00,2010-11-12 13:53:00,One-time,0.0011,5159,99.51
16914,1,183.76,183.76,112,2011-11-03 15:27:00,2011-11-03 15:27:00,One-time,0.0011,5160,99.51
14059,1,183.6,183.6,128,2011-03-18 10:06:00,2011-03-18 10:06:00,One-time,0.0011,5161,99.51
13460,2,183.44,91.72,286,2011-10-21 09:50:00,2011-11-10 17:17:00,Repeat,0.0011,5162,99.51
14119,2,183.37,91.69,177,2009-12-21 14:52:00,2010-11-29 10:33:00,Repeat,0.0011,5163,99.52
14983,1,183.2,183.2,90,2010-01-19 17:32:00,2010-01-19 17:32:00,One-time,0.0011,5164,99.52
16819,2,182.59,91.3,253,2010-08-31 17:31:00,2010-08-31 17:37:00,Repeat,0.0011,5165,99.52
14941,1,182.1,182.1,80,2010-05-10 11:30:00,2010-05-10 11:30:00,One-time,0.001,5166,99.52
12934,1,181.65,181.65,31,2009-12-03 10:51:00,2009-12-03 10:51:00,One-time,0.001,5167,99.52
16822,1,181.39,181.39,171,2010-01-22 14:22:00,2010-01-22 14:22:00,One-time,0.001,5168,99.52
15359,8,181.35,22.67,145,2010-01-15 11:30:00,2010-02-15 10:47:00,Repeat,0.001,5169,99.52
16594,1,181.09,181.09,64,2011-09-25 14:08:00,2011-09-25 14:08:00,One-time,0.001,5170,99.52
17904,1,181.07,181.07,59,2011-11-18 12:57:00,2011-11-18 12:57:00,One-time,0.001,5171,99.52
14858,1,180.75,180.75,105,2010-07-22 10:51:00,2010-07-22 10:51:00,One-time,0.001,5172,99.53
18119,1,180.7,180.7,124,2010-12-07 11:59:00,2010-12-07 11:59:00,One-time,0.001,5173,99.53
17820,1,180.61,180.61,111,2010-11-30 17:43:00,2010-11-30 17:43:00,One-time,0.001,5174,99.53
16090,1,180.56,180.56,58,2010-03-25 13:05:00,2010-03-25 13:05:00,One-time,0.001,5175,99.53
12622,1,180.1,180.1,69,2011-04-21 16:39:00,2011-04-21 16:39:00,One-time,0.001,5176,99.53
18234,1,179.6,179.6,80,2010-06-06 11:22:00,2010-06-06 11:22:00,One-time,0.001,5177,99.53
16640,1,179.4,179.4,146,2010-11-07 10:48:00,2010-11-07 10:48:00,One-time,0.001,5178,99.53
14945,1,179.4,179.4,156,2010-10-22 11:26:00,2010-10-22 11:26:00,One-time,0.001,5179,99.53
18147,2,179.34,89.67,203,2011-08-23 12:22:00,2011-10-25 11:46:00,Repeat,0.001,5180,99.53
15895,1,179.17,179.17,94,2011-07-13 10:27:00,2011-07-13 10:27:00,One-time,0.001,5181,99.53
14705,1,179.0,179.0,100,2011-05-25 12:39:00,2011-05-25 12:39:00,One-time,0.001,5182,99.54
15209,1,178.98,178.98,94,2009-12-09 17:26:00,2009-12-09 17:26:00,One-time,0.001,5183,99.54
15139,2,178.96,89.48,208,2011-01-07 12:44:00,2011-04-14 11:39:00,Repeat,0.001,5184,99.54
14812,1,178.85,178.85,135,2010-04-20 12:13:00,2010-04-20 12:13:00,One-time,0.001,5185,99.54
16691,2,178.83,89.42,92,2010-05-27 14:55:00,2010-10-17 15:03:00,Repeat,0.001,5186,99.54
17170,2,178.68,89.34,152,2010-11-15 16:23:00,2010-11-30 15:55:00,Repeat,0.001,5187,99.54
17879,1,178.52,178.52,45,2011-06-19 12:36:00,2011-06-19 12:36:00,One-time,0.001,5188,99.54
15292,1,178.39,178.39,55,2011-05-22 15:00:00,2011-05-22 15:00:00,One-time,0.001,5189,99.54
18045,1,178.34,178.34,138,2011-10-25 13:07:00,2011-10-25 13:07:00,One-time,0.001,5190,99.54
17253,1,178.26,178.26,43,2011-11-21 12:59:00,2011-11-21 12:59:00,One-time,0.001,5191,99.54
17798,1,178.07,178.07,138,2010-05-07 11:42:00,2010-05-07 11:42:00,One-time,0.001,5192,99.55
18282,2,178.05,89.03,103,2011-08-05 13:35:00,2011-12-02 11:43:00,Repeat,0.001,5193,99.55
16403,1,177.5,177.5,114,2011-01-31 13:39:00,2011-01-31 13:39:00,One-time,0.001,5194,99.55
13618,1,177.34,177.34,246,2011-06-19 11:09:00,2011-06-19 11:09:00,One-time,0.001,5195,99.55
12618,1,177.31,177.31,96,2011-11-18 11:10:00,2011-11-18 11:10:00,One-time,0.001,5196,99.55
13072,1,177.15,177.15,69,2011-03-18 08:12:00,2011-03-18 08:12:00,One-time,0.001,5197,99.55
17036,1,176.9,176.9,76,2010-11-21 14:26:00,2010-11-21 14:26:00,One-time,0.001,5198,99.55
16285,1,176.9,176.9,60,2010-03-03 16:03:00,2010-03-03 16:03:00,One-time,0.001,5199,99.55
17587,1,176.71,176.71,67,2010-03-21 14:16:00,2010-03-21 14:16:00,One-time,0.001,5200,99.55
13746,1,176.69,176.69,83,2010-10-22 11:55:00,2010-10-22 11:55:00,One-time,0.001,5201,99.55
17947,1,176.68,176.68,168,2011-11-02 13:05:00,2011-11-02 13:05:00,One-time,0.001,5202,99.56
14287,3,176.63,58.88,261,2011-05-25 11:41:00,2011-12-01 13:25:00,Repeat,0.001,5203,99.56
12893,1,176.55,176.55,90,2011-11-09 12:34:00,2011-11-09 12:34:00,One-time,0.001,5204,99.56
18054,1,176.5,176.5,96,2010-11-12 08:18:00,2010-11-12 08:18:00,One-time,0.001,5205,99.56
12509,1,176.5,176.5,55,2011-02-28 14:45:00,2011-02-28 14:45:00,One-time,0.001,5206,99.56
18175,1,176.1,176.1,70,2010-02-02 10:25:00,2010-02-02 10:25:00,One-time,0.001,5207,99.56
18274,1,175.92,175.92,88,2011-11-09 17:03:00,2011-11-09 17:03:00,One-time,0.001,5208,99.56
17840,1,175.9,175.9,128,2010-09-22 12:24:00,2010-09-22 12:24:00,One-time,0.001,5209,99.56
17026,3,175.83,58.61,107,2010-10-18 15:22:00,2011-06-07 14:28:00,Repeat,0.001,5210,99.56
18166,1,175.5,175.5,90,2010-03-26 12:26:00,2010-03-26 12:26:00,One-time,0.001,5211,99.56
14486,2,175.5,87.75,90,2010-06-04 10:30:00,2010-07-16 09:42:00,Repeat,0.001,5212,99.57
13007,1,175.25,175.25,59,2010-05-09 10:38:00,2010-05-09 10:38:00,One-time,0.001,5213,99.57
17331,1,175.2,175.2,16,2011-08-08 11:55:00,2011-08-08 11:55:00,One-time,0.001,5214,99.57
16144,1,175.2,175.2,16,2011-04-07 10:09:00,2011-04-07 10:09:00,One-time,0.001,5215,99.57
16559,1,175.0,175.0,61,2010-11-07 13:52:00,2010-11-07 13:52:00,One-time,0.001,5216,99.57
17108,1,174.95,174.95,31,2010-02-14 12:22:00,2010-02-14 12:22:00,One-time,0.001,5217,99.57
18010,1,174.8,174.8,60,2011-03-28 12:27:00,2011-03-28 12:27:00,One-time,0.001,5218,99.57
14495,3,174.8,58.27,68,2010-02-18 08:49:00,2011-10-20 12:28:00,Repeat,0.001,5219,99.57
14518,1,174.37,174.37,278,2011-10-06 14:43:00,2011-10-06 14:43:00,One-time,0.001,5220,99.57
15684,3,173.95,57.98,77,2009-12-04 16:13:00,2010-06-10 18:51:00,Repeat,0.001,5221,99.58
14674,1,173.66,173.66,103,2010-07-18 14:25:00,2010-07-18 14:25:00,One-time,0.001,5222,99.58
12441,1,173.55,173.55,121,2010-12-08 10:45:00,2010-12-08 10:45:00,One-time,0.001,5223,99.58
15565,2,173.16,86.58,60,2011-09-30 10:44:00,2011-10-20 14:33:00,Repeat,0.001,5224,99.58
16741,1,173.06,173.06,81,2010-03-24 15:15:00,2010-03-24 15:15:00,One-time,0.001,5225,99.58
16599,1,172.8,172.8,159,2010-11-19 12:45:00,2010-11-19 12:45:00,One-time,0.001,5226,99.58
13671,1,172.6,172.6,95,2010-11-10 10:50:00,2010-11-10 10:50:00,One-time,0.001,5227,99.58
13690,1,172.25,172.25,67,2011-10-11 15:03:00,2011-10-11 15:03:00,One-time,0.001,5228,99.58
12442,1,172.06,172.06,182,2011-12-06 14:22:00,2011-12-06 14:22:00,One-time,0.001,5229,99.58
15515,1,171.81,171.81,131,2010-11-17 13:39:00,2010-11-17 13:39:00,One-time,0.001,5230,99.58
17983,1,171.71,171.71,108,2010-11-09 13:23:00,2010-11-09 13:23:00,One-time,0.001,5231,99.58
17575,1,171.7,171.7,72,2010-02-10 13:48:00,2010-02-10 13:48:00,One-time,0.001,5232,99.59
13560,1,171.42,171.42,63,2011-12-02 13:11:00,2011-12-02 13:11:00,One-time,0.001,5233,99.59
16312,1,171.15,171.15,53,2010-10-03 14:15:00,2010-10-03 14:15:00,One-time,0.001,5234,99.59
16673,1,171.13,171.13,95,2010-01-29 14:22:00,2010-01-29 14:22:00,One-time,0.001,5235,99.59
14536,1,170.95,170.95,39,2011-03-25 12:21:00,2011-03-25 12:21:00,One-time,0.001,5236,99.59
15403,2,170.88,85.44,492,2009-12-09 12:45:00,2010-08-05 12:21:00,Repeat,0.001,5237,99.59
14811,1,170.5,170.5,74,2010-11-17 13:09:00,2010-11-17 13:09:00,One-time,0.001,5238,99.59
17922,1,170.4,170.4,49,2010-06-14 16:32:00,2010-06-14 16:32:00,One-time,0.001,5239,99.59
15256,2,170.4,85.2,92,2010-05-27 11:41:00,2011-07-14 11:47:00,Repeat,0.001,5240,99.59
14860,1,170.32,170.32,232,2011-11-20 14:17:00,2011-11-20 14:17:00,One-time,0.001,5241,99.59
16731,1,170.3,170.3,124,2010-03-01 15:05:00,2010-03-01 15:05:00,One-time,0.001,5242,99.6
15335,1,170.22,170.22,79,2011-10-17 12:50:00,2011-10-17 12:50:00,One-time,0.001,5243,99.6
13747,2,169.8,84.9,60,2010-10-11 09:15:00,2010-12-01 10:37:00,Repeat,0.001,5244,99.6
14218,1,169.48,169.48,160,2011-10-28 10:00:00,2011-10-28 10:00:00,One-time,0.001,5245,99.6
16002,1,169.21,169.21,70,2010-03-24 13:08:00,2010-03-24 13:08:00,One-time,0.001,5246,99.6
15647,1,169.0,169.0,124,2010-10-20 15:09:00,2010-10-20 15:09:00,One-time,0.001,5247,99.6
12367,1,168.9,168.9,173,2011-12-05 16:48:00,2011-12-05 16:48:00,One-time,0.001,5248,99.6
12768,1,168.69,168.69,102,2010-09-15 12:08:00,2010-09-15 12:08:00,One-time,0.001,5249,99.6
14578,1,168.63,168.63,240,2011-12-06 17:18:00,2011-12-06 17:18:00,One-time,0.001,5250,99.6
18269,1,168.6,168.6,76,2010-12-08 13:53:00,2010-12-08 13:53:00,One-time,0.001,5251,99.6
18099,1,168.31,168.31,149,2011-08-04 15:52:00,2011-08-04 15:52:00,One-time,0.001,5252,99.61
17737,2,168.24,84.12,108,2011-10-12 14:42:00,2011-11-30 15:16:00,Repeat,0.001,5253,99.61
14131,1,168.22,168.22,105,2010-03-01 11:59:00,2010-03-01 11:59:00,One-time,0.001,5254,99.61
12551,1,168.0,168.0,100,2010-12-17 11:23:00,2010-12-17 11:23:00,One-time,0.001,5255,99.61
17559,1,167.62,167.62,270,2010-07-15 12:02:00,2010-07-15 12:02:00,One-time,0.001,5256,99.61
17367,1,167.55,167.55,149,2011-04-15 14:21:00,2011-04-15 14:21:00,One-time,0.001,5257,99.61
18037,15,167.42,11.16,37,2009-12-01 13:48:00,2011-07-08 13:39:00,Repeat,0.001,5258,99.61
17586,1,167.4,167.4,68,2010-03-30 13:12:00,2010-03-30 13:12:00,One-time,0.001,5259,99.61
13609,1,167.35,167.35,19,2010-04-25 13:26:00,2010-04-25 13:26:00,One-time,0.001,5260,99.61
16405,2,167.25,83.63,187,2011-02-02 17:08:00,2011-02-10 15:24:00,Repeat,0.001,5261,99.61
15166,1,167.16,167.16,140,2010-08-29 12:31:00,2010-08-29 12:31:00,One-time,0.001,5262,99.62
17875,1,167.1,167.1,98,2010-01-20 15:30:00,2010-01-20 15:30:00,One-time,0.001,5263,99.62
13547,1,167.08,167.08,79,2010-10-27 14:14:00,2010-10-27 14:14:00,One-time,0.001,5264,99.62
13967,2,166.3,83.15,66,2010-11-08 13:24:00,2011-07-17 12:02:00,Repeat,0.001,5265,99.62
17650,1,166.08,166.08,150,2011-11-18 14:52:00,2011-11-18 14:52:00,One-time,0.001,5266,99.62
18088,1,166.03,166.03,107,2011-10-09 13:41:00,2011-10-09 13:41:00,One-time,0.001,5267,99.62
18107,1,165.88,165.88,65,2010-09-23 13:03:00,2010-09-23 13:03:00,One-time,0.001,5268,99.62
13903,1,165.45,165.45,103,2010-11-04 17:44:00,2010-11-04 17:44:00,One-time,0.001,5269,99.62
16663,1,165.0,165.0,100,2009-12-10 13:12:00,2009-12-10 13:12:00,One-time,0.0009,5270,99.62
15316,1,165.0,165.0,100,2011-01-17 11:34:00,2011-01-17 11:34:00,One-time,0.0009,5271,99.62
13470,2,165.0,82.5,100,2011-08-16 17:06:00,2011-09-01 14:57:00,Repeat,0.0009,5272,99.62
13191,1,164.69,164.69,115,2010-02-19 17:02:00,2010-02-19 17:02:00,One-time,0.0009,5273,99.63
15904,1,164.68,164.68,84,2011-12-01 14:50:00,2011-12-01 14:50:00,One-time,0.0009,5274,99.63
17535,1,164.4,164.4,136,2011-03-04 15:20:00,2011-03-04 15:20:00,One-time,0.0009,5275,99.63
13603,1,164.34,164.34,164,2011-11-13 15:57:00,2011-11-13 15:57:00,One-time,0.0009,5276,99.63
17417,1,164.18,164.18,76,2010-06-09 10:00:00,2010-06-09 10:00:00,One-time,0.0009,5277,99.63
14955,1,163.77,163.77,74,2009-12-07 11:35:00,2009-12-07 11:35:00,One-time,0.0009,5278,99.63
14354,2,163.62,81.81,210,2011-11-09 15:36:00,2011-12-04 11:32:00,Repeat,0.0009,5279,99.63
14485,1,162.8,162.8,70,2011-11-01 12:25:00,2011-11-01 12:25:00,One-time,0.0009,5280,99.63
16517,1,162.7,162.7,96,2011-03-07 13:50:00,2011-03-07 13:50:00,One-time,0.0009,5281,99.63
18174,2,162.5,81.25,80,2010-04-15 12:17:00,2011-12-02 16:56:00,Repeat,0.0009,5282,99.63
12954,1,162.45,162.45,83,2010-03-11 10:16:00,2010-03-11 10:16:00,One-time,0.0009,5283,99.64
15733,1,162.3,162.3,62,2011-03-02 09:05:00,2011-03-02 09:05:00,One-time,0.0009,5284,99.64
15534,1,162.25,162.25,63,2009-12-14 12:48:00,2009-12-14 12:48:00,One-time,0.0009,5285,99.64
16443,1,162.24,162.24,96,2010-07-07 11:57:00,2010-07-07 11:57:00,One-time,0.0009,5286,99.64
18014,1,162.22,162.22,66,2011-11-11 15:28:00,2011-11-11 15:28:00,One-time,0.0009,5287,99.64
12661,1,162.0,162.0,216,2010-09-29 16:46:00,2010-09-29 16:46:00,One-time,0.0009,5288,99.64
17971,1,161.94,161.94,62,2010-06-09 14:04:00,2010-06-09 14:04:00,One-time,0.0009,5289,99.64
17600,1,161.67,161.67,144,2011-11-22 09:43:00,2011-11-22 09:43:00,One-time,0.0009,5290,99.64
16113,1,161.38,161.38,176,2011-06-09 16:16:00,2011-06-09 16:16:00,One-time,0.0009,5291,99.64
13714,1,161.35,161.35,50,2010-08-31 13:57:00,2010-08-31 13:57:00,One-time,0.0009,5292,99.64
13779,1,161.13,161.13,53,2010-07-12 11:24:00,2010-07-12 11:24:00,One-time,0.0009,5293,99.64
13701,1,161.0,161.0,80,2010-09-19 12:39:00,2010-09-19 12:39:00,One-time,0.0009,5294,99.65
13229,1,160.95,160.95,63,2011-04-28 12:07:00,2011-04-28 12:07:00,One-time,0.0009,5295,99.65
17605,1,160.75,160.75,71,2010-04-28 14:45:00,2010-04-28 14:45:00,One-time,0.0009,5296,99.65
17202,1,160.65,160.65,55,2010-10-15 11:25:00,2010-10-15 11:25:00,One-time,0.0009,5297,99.65
17487,1,160.55,160.55,37,2009-12-11 15:06:00,2009-12-11 15:06:00,One-time,0.0009,5298,99.65
15229,1,160.5,160.5,114,2010-05-02 13:50:00,2010-05-02 13:50:00,One-time,0.0009,5299,99.65
16645,1,160.39,160.39,117,2009-12-04 09:49:00,2009-12-04 09:49:00,One-time,0.0009,5300,99.65
18146,2,160.35,80.18,153,2011-05-03 16:35:00,2011-07-22 12:08:00,Repeat,0.0009,5301,99.65
12966,1,160.18,160.18,75,2011-11-30 12:38:00,2011-11-30 12:38:00,One-time,0.0009,5302,99.65
14571,1,160.0,160.0,56,2010-10-10 15:06:00,2010-10-10 15:06:00,One-time,0.0009,5303,99.65
13420,2,159.85,79.92,101,2011-06-22 11:35:00,2011-07-13 08:48:00,Repeat,0.0009,5304,99.65
13302,2,159.2,79.6,12,2010-07-01 12:32:00,2011-07-07 17:56:00,Repeat,0.0009,5305,99.66
17953,1,159.17,159.17,98,2010-06-17 15:08:00,2010-06-17 15:08:00,One-time,0.0009,5306,99.66
16213,1,159.0,159.0,48,2011-09-22 10:03:00,2011-09-22 10:03:00,One-time,0.0009,5307,99.66
18224,1,158.95,158.95,69,2011-03-21 10:30:00,2011-03-21 10:30:00,One-time,0.0009,5308,99.66
14089,1,158.75,158.75,133,2011-10-14 10:38:00,2011-10-14 10:38:00,One-time,0.0009,5309,99.66
15499,1,158.65,158.65,59,2009-12-16 12:17:00,2009-12-16 12:17:00,One-time,0.0009,5310,99.66
15548,1,158.09,158.09,64,2010-04-23 12:20:00,2010-04-23 12:20:00,One-time,0.0009,5311,99.66
15348,1,158.04,158.04,84,2011-09-28 13:17:00,2011-09-28 13:17:00,One-time,0.0009,5312,99.66
14318,1,158.02,158.02,152,2010-09-05 15:32:00,2010-09-05 15:32:00,One-time,0.0009,5313,99.66
18004,1,157.92,157.92,75,2010-12-12 13:47:00,2010-12-12 13:47:00,One-time,0.0009,5314,99.66
17751,1,157.86,157.86,147,2010-10-14 13:57:00,2010-10-14 13:57:00,One-time,0.0009,5315,99.66
14207,1,157.8,157.8,36,2010-01-21 09:33:00,2010-01-21 09:33:00,One-time,0.0009,5316,99.67
14822,1,157.7,157.7,94,2010-08-11 12:52:00,2010-08-11 12:52:00,One-time,0.0009,5317,99.67
16687,1,157.63,157.63,141,2010-11-14 11:46:00,2010-11-14 11:46:00,One-time,0.0009,5318,99.67
12894,1,157.35,157.35,33,2010-05-13 14:47:00,2010-05-13 14:47:00,One-time,0.0009,5319,99.67
17318,1,157.33,157.33,59,2009-12-14 13:11:00,2009-12-14 13:11:00,One-time,0.0009,5320,99.67
16371,1,157.2,157.2,108,2010-09-17 12:09:00,2010-09-17 12:09:00,One-time,0.0009,5321,99.67
17128,1,157.09,157.09,76,2011-01-09 12:02:00,2011-01-09 12:02:00,One-time,0.0009,5322,99.67
17118,1,157.02,157.02,154,2011-01-26 12:19:00,2011-01-26 12:19:00,One-time,0.0009,5323,99.67
15007,1,156.91,156.91,69,2011-07-03 16:00:00,2011-07-03 16:00:00,One-time,0.0009,5324,99.67
15742,1,156.87,156.87,51,2010-03-30 15:25:00,2010-03-30 15:25:00,One-time,0.0009,5325,99.67
13830,1,156.85,156.85,47,2010-05-07 12:24:00,2010-05-07 12:24:00,One-time,0.0009,5326,99.67
14406,1,156.75,156.75,77,2011-08-12 16:54:00,2011-08-12 16:54:00,One-time,0.0009,5327,99.68
16578,1,156.6,156.6,108,2010-03-23 15:11:00,2010-03-23 15:11:00,One-time,0.0009,5328,99.68
15438,1,156.58,156.58,59,2011-07-31 14:19:00,2011-07-31 14:19:00,One-time,0.0009,5329,99.68
15263,1,156.51,156.51,89,2011-08-25 10:26:00,2011-08-25 10:26:00,One-time,0.0009,5330,99.68
17885,1,156.34,156.34,110,2011-11-27 14:40:00,2011-11-27 14:40:00,One-time,0.0009,5331,99.68
13051,2,155.8,77.9,72,2010-03-30 11:11:00,2010-05-10 09:14:00,Repeat,0.0009,5332,99.68
17832,1,155.37,155.37,208,2011-10-21 11:43:00,2011-10-21 11:43:00,One-time,0.0009,5333,99.68
12738,1,155.35,155.35,148,2010-12-02 18:27:00,2010-12-02 18:27:00,One-time,0.0009,5334,99.68
14368,1,155.0,155.0,36,2011-01-24 09:52:00,2011-01-24 09:52:00,One-time,0.0009,5335,99.68
14046,1,154.99,154.99,460,2011-02-28 14:48:00,2011-02-28 14:48:00,One-time,0.0009,5336,99.68
17698,1,154.95,154.95,93,2011-03-24 11:34:00,2011-03-24 11:34:00,One-time,0.0009,5337,99.68
15740,1,154.88,154.88,152,2011-10-21 14:29:00,2011-10-21 14:29:00,One-time,0.0009,5338,99.69
17899,1,154.55,154.55,170,2011-07-03 14:58:00,2011-07-03 14:58:00,One-time,0.0009,5339,99.69
15226,1,154.41,154.41,71,2011-02-02 11:41:00,2011-02-02 11:41:00,One-time,0.0009,5340,99.69
13490,1,154.25,154.25,25,2010-02-23 14:48:00,2010-02-23 14:48:00,One-time,0.0009,5341,99.69
14814,1,154.21,154.21,93,2010-05-07 14:10:00,2010-05-07 14:10:00,One-time,0.0009,5342,99.69
17517,1,153.94,153.94,102,2011-02-04 11:48:00,2011-02-04 11:48:00,One-time,0.0009,5343,99.69
15560,2,153.52,76.76,72,2010-11-07 10:14:00,2010-11-07 10:15:00,Repeat,0.0009,5344,99.69
15431,1,153.24,153.24,84,2010-07-25 12:44:00,2010-07-25 12:44:00,One-time,0.0009,5345,99.69
12602,1,153.12,153.12,162,2011-10-12 11:22:00,2011-10-12 11:22:00,One-time,0.0009,5346,99.69
16248,1,152.94,152.94,78,2011-10-09 11:32:00,2011-10-09 11:32:00,One-time,0.0009,5347,99.69
18138,1,152.65,152.65,38,2011-02-17 14:51:00,2011-02-17 14:51:00,One-time,0.0009,5348,99.69
14066,1,152.55,152.55,45,2011-03-18 12:21:00,2011-03-18 12:21:00,One-time,0.0009,5349,99.7
15509,1,152.41,152.41,58,2010-11-24 14:48:00,2010-11-24 14:48:00,One-time,0.0009,5350,99.7
17327,2,152.35,76.17,59,2010-05-26 11:20:00,2010-10-26 09:54:00,Repeat,0.0009,5351,99.7
13653,1,152.2,152.2,72,2010-08-09 08:19:00,2010-08-09 08:19:00,One-time,0.0009,5352,99.7
16617,1,151.85,151.85,91,2011-04-18 10:35:00,2011-04-18 10:35:00,One-time,0.0009,5353,99.7
14362,1,151.5,151.5,96,2011-11-17 15:08:00,2011-11-17 15:08:00,One-time,0.0009,5354,99.7
18076,1,151.49,151.49,164,2010-11-24 14:02:00,2010-11-24 14:02:00,One-time,0.0009,5355,99.7
13697,1,151.3,151.3,177,2011-11-01 09:14:00,2011-11-01 09:14:00,One-time,0.0009,5356,99.7
14516,1,151.17,151.17,63,2010-07-11 14:07:00,2010-07-11 14:07:00,One-time,0.0009,5357,99.7
16662,1,151.05,151.05,35,2010-11-10 16:56:00,2010-11-10 16:56:00,One-time,0.0009,5358,99.7
16337,1,151.05,151.05,87,2011-11-03 10:03:00,2011-11-03 10:03:00,One-time,0.0009,5359,99.7
14073,1,151.04,151.04,130,2011-11-07 15:49:00,2011-11-07 15:49:00,One-time,0.0009,5360,99.7
12959,1,150.95,150.95,109,2010-08-12 17:20:00,2010-08-12 17:20:00,One-time,0.0009,5361,99.71
14980,1,150.68,150.68,79,2009-12-02 14:09:00,2009-12-02 14:09:00,One-time,0.0009,5362,99.71
15991,1,150.55,150.55,41,2010-06-23 15:50:00,2010-06-23 15:50:00,One-time,0.0009,5363,99.71
15775,2,150.5,75.25,260,2010-03-18 07:32:00,2011-04-08 12:56:00,Repeat,0.0009,5364,99.71
14084,1,150.5,150.5,306,2010-07-15 14:36:00,2010-07-15 14:36:00,One-time,0.0009,5365,99.71
18200,1,150.35,150.35,104,2011-08-25 18:45:00,2011-08-25 18:45:00,One-time,0.0009,5366,99.71
15474,1,150.35,150.35,55,2010-04-23 11:14:00,2010-04-23 11:14:00,One-time,0.0009,5367,99.71
14845,1,150.0,150.0,600,2010-04-19 10:19:00,2010-04-19 10:19:00,One-time,0.0009,5368,99.71
17234,1,149.89,149.89,55,2011-06-10 11:20:00,2011-06-10 11:20:00,One-time,0.0009,5369,99.71
13257,1,149.75,149.75,33,2010-09-29 14:58:00,2010-09-29 14:58:00,One-time,0.0009,5370,99.71
17946,2,149.58,74.79,75,2011-03-25 14:34:00,2011-04-20 17:00:00,Repeat,0.0009,5371,99.71
17390,1,149.3,149.3,49,2010-10-15 11:29:00,2010-10-15 11:29:00,One-time,0.0009,5372,99.72
15435,1,149.29,149.29,54,2011-11-17 16:39:00,2011-11-17 16:39:00,One-time,0.0009,5373,99.72
13003,3,149.05,49.68,103,2011-05-09 08:23:00,2011-08-26 10:50:00,Repeat,0.0009,5374,99.72
17549,2,148.86,74.43,210,2011-10-19 10:05:00,2011-11-16 09:59:00,Repeat,0.0009,5375,99.72
13125,1,148.62,148.62,53,2010-07-04 11:58:00,2010-07-04 11:58:00,One-time,0.0009,5376,99.72
15526,2,148.44,74.22,24,2011-11-06 15:01:00,2011-11-06 15:04:00,Repeat,0.0009,5377,99.72
15283,3,148.33,49.44,27,2010-07-09 15:46:00,2010-11-14 14:54:00,Repeat,0.0009,5378,99.72
17592,1,148.3,148.3,38,2009-12-01 10:49:00,2009-12-01 10:49:00,One-time,0.0009,5379,99.72
13457,2,148.22,74.11,96,2009-12-02 12:46:00,2010-01-20 08:48:00,Repeat,0.0009,5380,99.72
13578,1,147.66,147.66,127,2010-10-26 13:44:00,2010-10-26 13:44:00,One-time,0.0008,5381,99.72
15479,1,147.4,147.4,38,2009-12-06 15:08:00,2009-12-06 15:08:00,One-time,0.0008,5382,99.72
16724,1,147.35,147.35,69,2010-10-31 11:40:00,2010-10-31 11:40:00,One-time,0.0008,5383,99.72
14098,1,147.35,147.35,104,2011-11-03 10:13:00,2011-11-03 10:13:00,One-time,0.0008,5384,99.73
17794,2,147.3,73.65,46,2010-01-20 12:17:00,2010-01-22 10:18:00,Repeat,0.0008,5385,99.73
12858,1,147.27,147.27,51,2010-11-21 12:55:00,2010-11-21 12:55:00,One-time,0.0008,5386,99.73
17030,1,146.87,146.87,146,2011-10-07 08:49:00,2011-10-07 08:49:00,One-time,0.0008,5387,99.73
14683,1,146.56,146.56,386,2010-04-30 17:18:00,2010-04-30 17:18:00,One-time,0.0008,5388,99.73
15496,1,146.14,146.14,98,2010-03-18 13:16:00,2010-03-18 13:16:00,One-time,0.0008,5389,99.73
18137,2,145.99,73.0,59,2010-06-06 13:45:00,2010-06-06 14:18:00,Repeat,0.0008,5390,99.73
12565,1,145.92,145.92,80,2011-02-24 10:34:00,2011-02-24 10:34:00,One-time,0.0008,5391,99.73
13866,1,145.67,145.67,57,2011-09-26 14:54:00,2011-09-26 14:54:00,One-time,0.0008,5392,99.73
15937,1,145.35,145.35,73,2011-10-06 15:48:00,2011-10-06 15:48:00,One-time,0.0008,5393,99.73
14972,2,145.07,72.53,40,2010-11-23 16:17:00,2011-08-03 14:54:00,Repeat,0.0008,5394,99.73
16598,1,145.05,145.05,73,2011-02-27 11:42:00,2011-02-27 11:42:00,One-time,0.0008,5395,99.73
15902,1,145.01,145.01,124,2010-11-24 16:57:00,2010-11-24 16:57:00,One-time,0.0008,5396,99.74
16852,2,144.91,72.45,56,2011-06-16 15:49:00,2011-11-29 13:22:00,Repeat,0.0008,5397,99.74
17938,1,144.29,144.29,53,2010-10-15 14:27:00,2010-10-15 14:27:00,One-time,0.0008,5398,99.74
14109,1,144.2,144.2,88,2011-09-28 10:18:00,2011-09-28 10:18:00,One-time,0.0008,5399,99.74
15816,2,144.15,72.07,54,2010-06-15 12:54:00,2010-06-15 13:36:00,Repeat,0.0008,5400,99.74
17186,2,144.0,72.0,200,2011-10-10 12:52:00,2011-10-24 10:20:00,Repeat,0.0008,5401,99.74
12587,1,144.0,144.0,51,2011-12-02 12:47:00,2011-12-02 12:47:00,One-time,0.0008,5402,99.74
12387,1,143.94,143.94,134,2010-10-20 16:27:00,2010-10-20 16:27:00,One-time,0.0008,5403,99.74
14604,1,143.86,143.86,88,2010-03-16 13:00:00,2010-03-16 13:00:00,One-time,0.0008,5404,99.74
14574,1,143.7,143.7,63,2009-12-07 12:42:00,2009-12-07 12:42:00,One-time,0.0008,5405,99.74
17149,1,143.1,143.1,18,2010-09-14 14:56:00,2010-09-14 14:56:00,One-time,0.0008,5406,99.74
15705,1,143.1,143.1,62,2011-05-22 15:37:00,2011-05-22 15:37:00,One-time,0.0008,5407,99.74
15761,1,143.05,143.05,31,2010-09-23 09:33:00,2010-09-23 09:33:00,One-time,0.0008,5408,99.75
16507,1,142.71,142.71,111,2010-05-16 12:56:00,2010-05-16 12:56:00,One-time,0.0008,5409,99.75
14386,1,142.4,142.4,54,2011-02-16 09:45:00,2011-02-16 09:45:00,One-time,0.0008,5410,99.75
17859,1,141.92,141.92,102,2011-02-08 10:32:00,2011-02-08 10:32:00,One-time,0.0008,5411,99.75
18038,1,141.48,141.48,80,2010-06-01 15:59:00,2010-06-01 15:59:00,One-time,0.0008,5412,99.75
14041,1,141.41,141.41,94,2011-03-18 13:25:00,2011-03-18 13:25:00,One-time,0.0008,5413,99.75
17273,1,141.12,141.12,133,2010-10-11 15:57:00,2010-10-11 15:57:00,One-time,0.0008,5414,99.75
12636,1,141.0,141.0,1,2009-12-01 09:55:00,2009-12-01 09:55:00,One-time,0.0008,5415,99.75
17959,1,140.75,140.75,49,2010-04-26 14:12:00,2010-04-26 14:12:00,One-time,0.0008,5416,99.75
14773,1,140.55,140.55,53,2010-04-26 10:29:00,2010-04-26 10:29:00,One-time,0.0008,5417,99.75
15388,1,140.54,140.54,88,2011-03-14 13:53:00,2011-03-14 13:53:00,One-time,0.0008,5418,99.75
15702,2,140.39,70.19,103,2010-01-26 17:23:00,2010-08-20 14:50:00,Repeat,0.0008,5419,99.75
13483,1,140.34,140.34,160,2011-10-05 11:53:00,2011-10-05 11:53:00,One-time,0.0008,5420,99.76
15324,1,140.22,140.22,74,2010-01-07 14:37:00,2010-01-07 14:37:00,One-time,0.0008,5421,99.76
13839,1,139.95,139.95,25,2010-08-10 13:52:00,2010-08-10 13:52:00,One-time,0.0008,5422,99.76
16840,2,139.85,69.92,117,2010-02-03 12:42:00,2010-04-15 15:48:00,Repeat,0.0008,5423,99.76
16483,1,139.35,139.35,44,2011-05-31 13:08:00,2011-05-31 13:08:00,One-time,0.0008,5424,99.76
14772,1,139.26,139.26,82,2011-08-19 15:04:00,2011-08-19 15:04:00,One-time,0.0008,5425,99.76
14707,2,139.2,69.6,96,2010-05-12 11:07:00,2010-09-30 11:37:00,Repeat,0.0008,5426,99.76
18209,1,139.1,139.1,58,2011-11-11 12:07:00,2011-11-11 12:07:00,One-time,0.0008,5427,99.76
13273,1,138.98,138.98,153,2011-08-18 14:02:00,2011-08-18 14:02:00,One-time,0.0008,5428,99.76
12902,1,138.68,138.68,66,2011-03-20 12:06:00,2011-03-20 12:06:00,One-time,0.0008,5429,99.76
13716,1,138.28,138.28,138,2011-03-15 13:49:00,2011-03-15 13:49:00,One-time,0.0008,5430,99.76
17982,1,138.18,138.18,117,2010-01-28 09:38:00,2010-01-28 09:38:00,One-time,0.0008,5431,99.76
15663,1,138.14,138.14,106,2011-08-25 15:50:00,2011-08-25 15:50:00,One-time,0.0008,5432,99.76
15848,1,137.99,137.99,45,2010-03-28 10:54:00,2010-03-28 10:54:00,One-time,0.0008,5433,99.77
16396,1,137.8,137.8,80,2010-08-20 14:17:00,2010-08-20 14:17:00,One-time,0.0008,5434,99.77
13279,1,137.75,137.75,73,2011-09-22 17:24:00,2011-09-22 17:24:00,One-time,0.0008,5435,99.77
15836,1,137.37,137.37,26,2011-10-20 17:13:00,2011-10-20 17:13:00,One-time,0.0008,5436,99.77
13907,1,136.8,136.8,68,2010-01-17 12:22:00,2010-01-17 12:22:00,One-time,0.0008,5437,99.77
13195,1,136.73,136.73,70,2010-10-21 13:07:00,2010-10-21 13:07:00,One-time,0.0008,5438,99.77
16237,1,136.65,136.65,57,2010-09-28 17:02:00,2010-09-28 17:02:00,One-time,0.0008,5439,99.77
16289,1,136.31,136.31,97,2010-09-03 14:02:00,2010-09-03 14:02:00,One-time,0.0008,5440,99.77
16651,1,136.2,136.2,60,2010-05-02 11:46:00,2010-05-02 11:46:00,One-time,0.0008,5441,99.77
16876,1,136.01,136.01,181,2010-11-01 11:59:00,2010-11-01 11:59:00,One-time,0.0008,5442,99.77
16462,3,136.0,45.33,16,2011-03-01 08:58:00,2011-09-27 10:24:00,Repeat,0.0008,5443,99.77
14366,1,136.0,136.0,16,2010-07-02 17:23:00,2010-07-02 17:23:00,One-time,0.0008,5444,99.77
17583,1,135.95,135.95,55,2010-05-28 14:24:00,2010-05-28 14:24:00,One-time,0.0008,5445,99.77
12968,1,135.95,135.95,73,2011-08-19 15:44:00,2011-08-19 15:44:00,One-time,0.0008,5446,99.78
14889,1,135.9,135.9,90,2011-01-07 15:19:00,2011-01-07 15:19:00,One-time,0.0008,5447,99.78
15419,1,135.86,135.86,230,2011-11-15 09:23:00,2011-11-15 09:23:00,One-time,0.0008,5448,99.78
16114,1,135.75,135.75,43,2011-06-22 10:13:00,2011-06-22 10:13:00,One-time,0.0008,5449,99.78
14391,1,135.6,135.6,168,2010-05-12 09:42:00,2010-05-12 09:42:00,One-time,0.0008,5450,99.78
16665,1,135.4,135.4,59,2010-12-12 14:03:00,2010-12-12 14:03:00,One-time,0.0008,5451,99.78
13076,1,135.4,135.4,44,2010-09-08 10:27:00,2010-09-08 10:27:00,One-time,0.0008,5452,99.78
14588,1,135.39,135.39,62,2010-05-10 15:08:00,2010-05-10 15:08:00,One-time,0.0008,5453,99.78
13144,2,135.35,67.67,29,2010-10-04 14:14:00,2011-01-11 11:15:00,Repeat,0.0008,5454,99.78
17972,1,135.19,135.19,36,2011-04-12 12:16:00,2011-04-12 12:16:00,One-time,0.0008,5455,99.78
13702,1,135.18,135.18,74,2010-09-20 11:40:00,2010-09-20 11:40:00,One-time,0.0008,5456,99.78
17960,3,135.08,45.03,60,2010-03-08 12:22:00,2011-06-21 14:15:00,Repeat,0.0008,5457,99.78
17199,1,135.04,135.04,232,2010-05-06 13:53:00,2010-05-06 13:53:00,One-time,0.0008,5458,99.78
13364,1,134.96,134.96,71,2011-09-29 18:13:00,2011-09-29 18:13:00,One-time,0.0008,5459,99.79
13119,1,134.9,134.9,110,2010-02-09 08:38:00,2010-02-09 08:38:00,One-time,0.0008,5460,99.79
16055,1,134.8,134.8,22,2011-05-03 09:26:00,2011-05-03 09:26:00,One-time,0.0008,5461,99.79
14340,1,134.7,134.7,58,2011-05-05 09:44:00,2011-05-05 09:44:00,One-time,0.0008,5462,99.79
14174,1,134.46,134.46,94,2011-11-06 13:17:00,2011-11-06 13:17:00,One-time,0.0008,5463,99.79
15926,1,134.44,134.44,155,2010-06-15 15:23:00,2010-06-15 15:23:00,One-time,0.0008,5464,99.79
16486,1,134.36,134.36,24,2010-06-20 12:16:00,2010-06-20 12:16:00,One-time,0.0008,5465,99.79
14280,1,134.04,134.04,52,2011-05-27 10:37:00,2011-05-27 10:37:00,One-time,0.0008,5466,99.79
16886,1,134.0,134.0,48,2010-09-09 15:08:00,2010-09-09 15:08:00,One-time,0.0008,5467,99.79
14349,1,133.5,133.5,86,2011-11-29 15:39:00,2011-11-29 15:39:00,One-time,0.0008,5468,99.79
17881,1,133.35,133.35,32,2011-02-08 17:16:00,2011-02-08 17:16:00,One-time,0.0008,5469,99.79
17826,1,133.34,133.34,84,2010-11-30 13:23:00,2010-11-30 13:23:00,One-time,0.0008,5470,99.79
12467,1,132.8,132.8,129,2010-10-12 15:41:00,2010-10-12 15:41:00,One-time,0.0008,5471,99.8
12964,1,132.24,132.24,56,2010-09-28 17:47:00,2010-09-28 17:47:00,One-time,0.0008,5472,99.8
12512,2,132.18,66.09,96,2011-10-04 14:53:00,2011-10-04 14:55:00,Repeat,0.0008,5473,99.8
14438,1,131.9,131.9,82,2011-02-06 14:56:00,2011-02-06 14:56:00,One-time,0.0008,5474,99.8
17565,1,131.83,131.83,67,2010-05-02 11:54:00,2010-05-02 11:54:00,One-time,0.0008,5475,99.8
17455,1,131.7,131.7,66,2011-05-20 12:31:00,2011-05-20 12:31:00,One-time,0.0008,5476,99.8
14795,1,131.45,131.45,17,2011-06-26 13:04:00,2011-06-26 13:04:00,One-time,0.0008,5477,99.8
15409,1,131.25,131.25,59,2009-12-18 15:35:00,2009-12-18 15:35:00,One-time,0.0008,5478,99.8
14378,1,131.25,131.25,57,2010-03-28 12:22:00,2010-03-28 12:22:00,One-time,0.0008,5479,99.8
17225,1,131.15,131.15,36,2010-05-07 11:38:00,2010-05-07 11:38:00,One-time,0.0008,5480,99.8
16865,1,130.95,130.95,157,2010-11-03 11:34:00,2010-11-03 11:34:00,One-time,0.0008,5481,99.8
15844,1,130.74,130.74,134,2011-10-24 15:19:00,2011-10-24 15:19:00,One-time,0.0008,5482,99.8
17240,1,130.6,130.6,108,2010-04-22 15:44:00,2010-04-22 15:44:00,One-time,0.0008,5483,99.8
16410,1,130.32,130.32,348,2009-12-05 14:51:00,2009-12-05 14:51:00,One-time,0.0008,5484,99.8
16288,1,129.85,129.85,19,2010-08-26 14:45:00,2010-08-26 14:45:00,One-time,0.0007,5485,99.81
17762,1,129.75,129.75,129,2010-09-09 17:40:00,2010-09-09 17:40:00,One-time,0.0007,5486,99.81
15317,1,129.75,129.75,45,2010-01-31 15:55:00,2010-01-31 15:55:00,One-time,0.0007,5487,99.81
17847,2,129.69,64.84,29,2010-03-04 12:57:00,2010-07-12 10:00:00,Repeat,0.0007,5488,99.81
14999,1,129.48,129.48,88,2010-04-26 10:47:00,2010-04-26 10:47:00,One-time,0.0007,5489,99.81
12555,1,129.23,129.23,1,2010-01-26 16:26:00,2010-01-26 16:26:00,One-time,0.0007,5490,99.81
13071,1,129.22,129.22,30,2010-04-06 13:37:00,2010-04-06 13:37:00,One-time,0.0007,5491,99.81
17056,1,128.6,128.6,26,2009-12-01 12:55:00,2009-12-01 12:55:00,One-time,0.0007,5492,99.81
16828,2,128.5,64.25,59,2011-08-19 13:24:00,2011-09-07 15:10:00,Repeat,0.0007,5493,99.81
17089,1,128.45,128.45,35,2010-11-18 15:33:00,2010-11-18 15:33:00,One-time,0.0007,5494,99.81
16251,1,128.31,128.31,44,2010-07-15 14:55:00,2010-07-15 14:55:00,One-time,0.0007,5495,99.81
15892,1,128.2,128.2,46,2010-02-08 16:23:00,2010-02-08 16:23:00,One-time,0.0007,5496,99.81
17297,1,128.18,128.18,65,2011-11-22 14:43:00,2011-11-22 14:43:00,One-time,0.0007,5497,99.81
13666,5,127.9,25.58,54,2009-12-04 10:48:00,2011-10-10 15:39:00,Repeat,0.0007,5498,99.82
13053,1,127.65,127.65,47,2010-03-28 11:28:00,2010-03-28 11:28:00,One-time,0.0007,5499,99.82
13586,1,127.28,127.28,38,2010-06-16 13:47:00,2010-06-16 13:47:00,One-time,0.0007,5500,99.82
15578,1,127.1,127.1,52,2011-06-30 13:03:00,2011-06-30 13:03:00,One-time,0.0007,5501,99.82
15923,1,127.08,127.08,122,2010-12-02 12:16:00,2010-12-02 12:16:00,One-time,0.0007,5502,99.82
16973,1,127.0,127.0,60,2010-11-18 13:56:00,2010-11-18 13:56:00,One-time,0.0007,5503,99.82
14751,2,126.45,63.23,65,2009-12-13 14:08:00,2010-01-24 13:37:00,Repeat,0.0007,5504,99.82
15463,1,126.14,126.14,106,2011-11-10 12:57:00,2011-11-10 12:57:00,One-time,0.0007,5505,99.82
16294,1,126.05,126.05,54,2010-08-20 12:01:00,2010-08-20 12:01:00,One-time,0.0007,5506,99.82
13794,1,126.03,126.03,63,2010-06-11 12:30:00,2010-06-11 12:30:00,One-time,0.0007,5507,99.82
17657,1,126.0,126.0,60,2010-10-05 14:52:00,2010-10-05 14:52:00,One-time,0.0007,5508,99.82
12814,1,125.92,125.92,49,2011-08-30 12:11:00,2011-08-30 12:11:00,One-time,0.0007,5509,99.82
13522,1,125.8,125.8,44,2011-11-09 15:11:00,2011-11-09 15:11:00,One-time,0.0007,5510,99.82
16925,1,125.65,125.65,123,2010-06-17 15:03:00,2010-06-17 15:03:00,One-time,0.0007,5511,99.82
15017,1,125.58,125.58,63,2011-11-06 10:33:00,2011-11-06 10:33:00,One-time,0.0007,5512,99.83
15731,1,125.3,125.3,122,2010-06-04 10:10:00,2010-06-04 10:10:00,One-time,0.0007,5513,99.83
13912,1,124.95,124.95,29,2010-10-12 08:43:00,2010-10-12 08:43:00,One-time,0.0007,5514,99.83
17148,1,124.88,124.88,82,2011-10-19 09:59:00,2011-10-19 09:59:00,One-time,0.0007,5515,99.83
17818,1,124.78,124.78,86,2009-12-02 11:34:00,2009-12-02 11:34:00,One-time,0.0007,5516,99.83
13312,1,124.75,124.75,41,2010-09-14 14:36:00,2010-09-14 14:36:00,One-time,0.0007,5517,99.83
16849,1,124.57,124.57,33,2011-06-06 09:16:00,2011-06-06 09:16:00,One-time,0.0007,5518,99.83
17316,1,124.45,124.45,44,2010-10-15 14:35:00,2010-10-15 14:35:00,One-time,0.0007,5519,99.83
18000,1,124.25,124.25,109,2010-05-24 17:34:00,2010-05-24 17:34:00,One-time,0.0007,5520,99.83
12773,1,124.25,124.25,109,2010-05-24 17:30:00,2010-05-24 17:30:00,One-time,0.0007,5521,99.83
15779,2,124.08,62.04,20,2010-06-25 15:55:00,2010-09-02 16:40:00,Repeat,0.0007,5522,99.83
13968,1,123.66,123.66,174,2010-10-12 13:22:00,2010-10-12 13:22:00,One-time,0.0007,5523,99.83
14187,1,123.5,123.5,50,2010-08-23 12:06:00,2010-08-23 12:06:00,One-time,0.0007,5524,99.83
16397,1,123.13,123.13,43,2010-03-21 15:36:00,2010-03-21 15:36:00,One-time,0.0007,5525,99.83
13876,1,122.7,122.7,36,2011-10-07 10:22:00,2011-10-07 10:22:00,One-time,0.0007,5526,99.84
13638,1,122.64,122.64,93,2011-11-24 10:38:00,2011-11-24 10:38:00,One-time,0.0007,5527,99.84
12969,1,122.45,122.45,55,2010-04-16 10:50:00,2010-04-16 10:50:00,One-time,0.0007,5528,99.84
16073,1,122.4,122.4,48,2011-02-15 15:41:00,2011-02-15 15:41:00,One-time,0.0007,5529,99.84
13084,1,122.4,122.4,144,2010-08-05 08:49:00,2010-08-05 08:49:00,One-time,0.0007,5530,99.84
13244,1,121.74,121.74,38,2011-09-08 11:46:00,2011-09-08 11:46:00,One-time,0.0007,5531,99.84
13182,1,121.18,121.18,201,2011-10-25 13:46:00,2011-10-25 13:46:00,One-time,0.0007,5532,99.84
15049,1,121.17,121.17,63,2011-03-11 12:13:00,2011-03-11 12:13:00,One-time,0.0007,5533,99.84
17260,1,120.95,120.95,23,2010-10-24 13:21:00,2010-10-24 13:21:00,One-time,0.0007,5534,99.84
17446,2,120.9,60.45,198,2011-02-02 14:40:00,2011-06-16 10:42:00,Repeat,0.0007,5535,99.84
14884,1,120.6,120.6,72,2010-02-08 12:56:00,2010-02-08 12:56:00,One-time,0.0007,5536,99.84
14444,1,120.44,120.44,172,2010-09-09 18:56:00,2010-09-09 18:56:00,One-time,0.0007,5537,99.84
14165,1,120.44,120.44,53,2011-03-09 12:39:00,2011-03-09 12:39:00,One-time,0.0007,5538,99.84
17543,1,120.05,120.05,62,2010-06-08 12:41:00,2010-06-08 12:41:00,One-time,0.0007,5539,99.84
18015,1,120.03,120.03,157,2011-12-05 14:49:00,2011-12-05 14:49:00,One-time,0.0007,5540,99.85
14259,1,120.0,120.0,68,2011-07-21 10:44:00,2011-07-21 10:44:00,One-time,0.0007,5541,99.85
14453,1,119.93,119.93,49,2011-06-02 14:15:00,2011-06-02 14:15:00,One-time,0.0007,5542,99.85
15161,1,119.92,119.92,144,2010-11-16 16:08:00,2010-11-16 16:08:00,One-time,0.0007,5543,99.85
17541,1,119.86,119.86,44,2010-07-18 11:36:00,2010-07-18 11:36:00,One-time,0.0007,5544,99.85
17177,1,119.5,119.5,40,2010-07-22 14:53:00,2010-07-22 14:53:00,One-time,0.0007,5545,99.85
15843,1,118.95,118.95,27,2011-02-09 10:19:00,2011-02-09 10:19:00,One-time,0.0007,5546,99.85
17280,1,118.86,118.86,74,2010-09-27 16:46:00,2010-09-27 16:46:00,One-time,0.0007,5547,99.85
17079,1,118.8,118.8,24,2011-09-22 15:34:00,2011-09-22 15:34:00,One-time,0.0007,5548,99.85
14155,1,118.75,118.75,25,2011-03-18 14:13:00,2011-03-18 14:13:00,One-time,0.0007,5549,99.85
14076,1,118.67,118.67,79,2011-08-02 15:19:00,2011-08-02 15:19:00,One-time,0.0007,5550,99.85
12929,1,117.85,117.85,37,2011-02-01 12:08:00,2011-02-01 12:08:00,One-time,0.0007,5551,99.85
16291,1,117.72,117.72,1,2010-01-26 16:26:00,2010-01-26 16:26:00,One-time,0.0007,5552,99.85
17654,1,117.55,117.55,41,2011-03-07 13:17:00,2011-03-07 13:17:00,One-time,0.0007,5553,99.85
16959,1,117.35,117.35,49,2011-09-13 15:03:00,2011-09-13 15:03:00,One-time,0.0007,5554,99.85
14726,1,116.5,116.5,82,2010-02-23 12:35:00,2010-02-23 12:35:00,One-time,0.0007,5555,99.86
17117,1,116.2,116.2,68,2011-02-24 13:54:00,2011-02-24 13:54:00,One-time,0.0007,5556,99.86
14874,1,116.18,116.18,148,2010-06-22 14:58:00,2010-06-22 14:58:00,One-time,0.0007,5557,99.86
14143,1,115.8,115.8,30,2011-07-29 09:48:00,2011-07-29 09:48:00,One-time,0.0007,5558,99.86
16068,1,115.73,115.73,48,2010-04-25 11:52:00,2010-04-25 11:52:00,One-time,0.0007,5559,99.86
18027,1,115.31,115.31,78,2011-09-02 10:38:00,2011-09-02 10:38:00,One-time,0.0007,5560,99.86
18012,1,115.3,115.3,63,2009-12-16 13:16:00,2009-12-16 13:16:00,One-time,0.0007,5561,99.86
17401,1,114.85,114.85,34,2010-06-16 16:54:00,2010-06-16 16:54:00,One-time,0.0007,5562,99.86
17933,1,114.69,114.69,63,2010-03-17 15:11:00,2010-03-17 15:11:00,One-time,0.0007,5563,99.86
15905,1,114.69,114.69,82,2010-06-14 16:00:00,2010-06-14 16:00:00,One-time,0.0007,5564,99.86
13188,1,114.6,114.6,25,2011-11-28 15:28:00,2011-11-28 15:28:00,One-time,0.0007,5565,99.86
16247,1,114.56,114.56,182,2011-06-22 14:23:00,2011-06-22 14:23:00,One-time,0.0007,5566,99.86
14632,1,114.56,114.56,96,2011-03-22 08:49:00,2011-03-22 08:49:00,One-time,0.0007,5567,99.86
14652,1,114.18,114.18,53,2011-09-23 14:21:00,2011-09-23 14:21:00,One-time,0.0007,5568,99.86
12938,1,114.14,114.14,140,2011-11-14 11:21:00,2011-11-14 11:21:00,One-time,0.0007,5569,99.86
14582,1,114.11,114.11,73,2011-10-30 11:56:00,2011-10-30 11:56:00,One-time,0.0007,5570,99.87
17275,1,114.1,114.1,71,2010-11-21 13:26:00,2010-11-21 13:26:00,One-time,0.0007,5571,99.87
15056,1,113.65,113.65,69,2010-07-07 15:58:00,2010-07-07 15:58:00,One-time,0.0007,5572,99.87
14457,1,113.64,113.64,88,2011-02-02 09:39:00,2011-02-02 09:39:00,One-time,0.0007,5573,99.87
18105,1,113.48,113.48,46,2011-11-02 12:04:00,2011-11-02 12:04:00,One-time,0.0007,5574,99.87
16821,1,113.35,113.35,13,2010-11-23 10:04:00,2010-11-23 10:04:00,One-time,0.0007,5575,99.87
17784,1,112.86,112.86,72,2010-06-07 16:08:00,2010-06-07 16:08:00,One-time,0.0006,5576,99.87
18148,1,112.85,112.85,63,2010-03-03 11:40:00,2010-03-03 11:40:00,One-time,0.0006,5577,99.87
14689,1,112.8,112.8,76,2011-05-15 11:22:00,2011-05-15 11:22:00,One-time,0.0006,5578,99.87
16697,1,112.75,112.75,27,2011-04-12 17:12:00,2011-04-12 17:12:00,One-time,0.0006,5579,99.87
18129,1,112.55,112.55,48,2011-04-10 14:16:00,2011-04-10 14:16:00,One-time,0.0006,5580,99.87
13241,1,112.53,112.53,46,2010-10-24 11:17:00,2010-10-24 11:17:00,One-time,0.0006,5581,99.87
15610,1,112.46,112.46,66,2011-10-19 10:36:00,2011-10-19 10:36:00,One-time,0.0006,5582,99.87
13620,1,112.34,112.34,74,2010-06-29 15:02:00,2010-06-29 15:02:00,One-time,0.0006,5583,99.87
17900,2,112.2,56.1,73,2011-06-02 14:28:00,2011-06-02 14:38:00,Repeat,0.0006,5584,99.87
13193,1,112.08,112.08,46,2011-10-09 14:30:00,2011-10-09 14:30:00,One-time,0.0006,5585,99.88
12756,1,112.08,112.08,144,2011-09-14 09:31:00,2011-09-14 09:31:00,One-time,0.0006,5586,99.88
14750,1,112.03,112.03,65,2009-12-03 17:57:00,2009-12-03 17:57:00,One-time,0.0006,5587,99.88
17957,1,111.68,111.68,287,2011-10-04 14:58:00,2011-10-04 14:58:00,One-time,0.0006,5588,99.88
14668,1,111.63,111.63,49,2010-09-20 15:03:00,2010-09-20 15:03:00,One-time,0.0006,5589,99.88
17304,1,111.5,111.5,73,2010-06-23 16:23:00,2010-06-23 16:23:00,One-time,0.0006,5590,99.88
17887,1,111.35,111.35,30,2011-08-02 17:29:00,2011-08-02 17:29:00,One-time,0.0006,5591,99.88
18120,1,111.15,111.15,31,2011-05-09 13:45:00,2011-05-09 13:45:00,One-time,0.0006,5592,99.88
17208,1,111.15,111.15,101,2010-11-09 12:50:00,2010-11-09 12:50:00,One-time,0.0006,5593,99.88
15352,1,111.15,111.15,40,2010-06-09 11:28:00,2010-06-09 11:28:00,One-time,0.0006,5594,99.88
14464,2,111.0,55.5,62,2010-03-22 15:20:00,2010-05-20 18:00:00,Repeat,0.0006,5595,99.88
14509,1,110.95,110.95,38,2010-06-23 13:21:00,2010-06-23 13:21:00,One-time,0.0006,5596,99.88
12692,1,110.95,110.95,36,2010-03-12 14:02:00,2010-03-12 14:02:00,One-time,0.0006,5597,99.88
15537,1,110.92,110.92,29,2011-06-29 13:10:00,2011-06-29 13:10:00,One-time,0.0006,5598,99.88
15853,1,110.8,110.8,135,2011-10-19 10:38:00,2011-10-19 10:38:00,One-time,0.0006,5599,99.88
18256,1,110.7,110.7,180,2010-11-17 08:53:00,2010-11-17 08:53:00,One-time,0.0006,5600,99.88
14787,1,110.65,110.65,59,2010-08-25 14:38:00,2010-08-25 14:38:00,One-time,0.0006,5601,99.89
16963,1,110.55,110.55,35,2011-06-05 13:48:00,2011-06-05 13:48:00,One-time,0.0006,5602,99.89
14641,1,110.46,110.46,90,2011-11-18 10:42:00,2011-11-18 10:42:00,One-time,0.0006,5603,99.89
17836,1,110.21,110.21,88,2011-10-23 16:13:00,2011-10-23 16:13:00,One-time,0.0006,5604,99.89
17909,1,110.05,110.05,35,2009-12-02 13:10:00,2009-12-02 13:10:00,One-time,0.0006,5605,99.89
15851,1,109.73,109.73,67,2010-07-01 12:34:00,2010-07-01 12:34:00,One-time,0.0006,5606,99.89
14033,1,109.44,109.44,576,2010-06-02 15:10:00,2010-06-02 15:10:00,One-time,0.0006,5607,99.89
16363,1,109.36,109.36,52,2011-10-17 14:14:00,2011-10-17 14:14:00,One-time,0.0006,5608,99.89
16064,1,109.31,109.31,55,2009-12-14 16:11:00,2009-12-14 16:11:00,One-time,0.0006,5609,99.89
16664,1,109.2,109.2,24,2010-05-19 17:11:00,2010-05-19 17:11:00,One-time,0.0006,5610,99.89
14721,1,109.07,109.07,57,2010-11-25 13:08:00,2010-11-25 13:08:00,One-time,0.0006,5611,99.89
14345,1,108.98,108.98,50,2011-11-01 09:51:00,2011-11-01 09:51:00,One-time,0.0006,5612,99.89
13170,1,108.81,108.81,141,2011-11-13 12:19:00,2011-11-13 12:19:00,One-time,0.0006,5613,99.89
15875,1,108.52,108.52,74,2010-03-03 16:51:00,2010-03-03 16:51:00,One-time,0.0006,5614,99.89
16106,1,108.38,108.38,74,2011-10-05 10:37:00,2011-10-05 10:37:00,One-time,0.0006,5615,99.89
14374,1,108.0,108.0,20,2010-06-16 14:25:00,2010-06-16 14:25:00,One-time,0.0006,5616,99.89
14661,1,107.95,107.95,35,2011-11-13 11:51:00,2011-11-13 11:51:00,One-time,0.0006,5617,99.9
13580,1,107.75,107.75,45,2010-10-29 15:01:00,2010-10-29 15:01:00,One-time,0.0006,5618,99.9
14943,1,107.62,107.62,46,2010-02-14 16:04:00,2010-02-14 16:04:00,One-time,0.0006,5619,99.9
15395,1,107.45,107.45,17,2011-01-18 12:40:00,2011-01-18 12:40:00,One-time,0.0006,5620,99.9
16301,1,107.33,107.33,41,2009-12-03 10:20:00,2009-12-03 10:20:00,One-time,0.0006,5621,99.9
15328,1,107.24,107.24,88,2010-10-28 09:05:00,2010-10-28 09:05:00,One-time,0.0006,5622,99.9
17893,1,107.21,107.21,149,2011-04-28 13:50:00,2011-04-28 13:50:00,One-time,0.0006,5623,99.9
16047,1,107.14,107.14,1,2010-01-26 16:34:00,2010-01-26 16:34:00,One-time,0.0006,5624,99.9
15846,1,107.01,107.01,79,2010-11-19 14:40:00,2010-11-19 14:40:00,One-time,0.0006,5625,99.9
16630,1,106.8,106.8,72,2010-10-28 14:30:00,2010-10-28 14:30:00,One-time,0.0006,5626,99.9
16082,1,106.75,106.75,39,2010-02-07 15:16:00,2010-02-07 15:16:00,One-time,0.0006,5627,99.9
14637,1,106.68,106.68,100,2010-01-31 15:52:00,2010-01-31 15:52:00,One-time,0.0006,5628,99.9
15168,1,106.56,106.56,52,2011-11-14 11:26:00,2011-11-14 11:26:00,One-time,0.0006,5629,99.9
15927,1,106.54,106.54,66,2010-03-02 13:25:00,2010-03-02 13:25:00,One-time,0.0006,5630,99.9
17791,1,106.1,106.1,46,2011-11-10 12:09:00,2011-11-10 12:09:00,One-time,0.0006,5631,99.9
16581,1,105.84,105.84,134,2011-06-10 10:05:00,2011-06-10 10:05:00,One-time,0.0006,5632,99.9
18103,1,105.8,105.8,23,2010-06-08 13:36:00,2010-06-08 13:36:00,One-time,0.0006,5633,99.91
15642,1,105.78,105.78,270,2009-12-10 11:51:00,2009-12-10 11:51:00,One-time,0.0006,5634,99.91
14579,1,105.56,105.56,56,2010-10-03 14:36:00,2010-10-03 14:36:00,One-time,0.0006,5635,99.91
15340,1,105.5,105.5,76,2010-05-27 10:27:00,2010-05-27 10:27:00,One-time,0.0006,5636,99.91
14027,1,104.82,104.82,62,2011-10-10 09:01:00,2011-10-10 09:01:00,One-time,0.0006,5637,99.91
17328,1,104.7,104.7,86,2010-02-04 17:11:00,2010-02-04 17:11:00,One-time,0.0006,5638,99.91
16547,1,104.26,104.26,108,2010-06-11 13:02:00,2010-06-11 13:02:00,One-time,0.0006,5639,99.91
16375,2,104.0,52.0,74,2010-08-26 14:12:00,2010-08-26 14:25:00,Repeat,0.0006,5640,99.91
16896,1,103.95,103.95,18,2010-06-02 15:40:00,2010-06-02 15:40:00,One-time,0.0006,5641,99.91
14542,1,103.25,103.25,19,2011-06-07 08:19:00,2011-06-07 08:19:00,One-time,0.0006,5642,99.91
15924,1,102.82,102.82,103,2009-12-08 15:00:00,2009-12-08 15:00:00,One-time,0.0006,5643,99.91
18124,1,102.65,102.65,47,2010-08-24 17:21:00,2010-08-24 17:21:00,One-time,0.0006,5644,99.91
17467,1,102.6,102.6,20,2010-11-09 12:58:00,2010-11-09 12:58:00,One-time,0.0006,5645,99.91
14836,3,102.45,34.15,45,2011-11-09 13:26:00,2011-11-29 16:45:00,Repeat,0.0006,5646,99.91
15486,1,102.0,102.0,40,2010-06-30 13:15:00,2010-06-30 13:15:00,One-time,0.0006,5647,99.91
13829,1,102.0,102.0,12,2010-10-14 18:19:00,2010-10-14 18:19:00,One-time,0.0006,5648,99.91
16516,1,101.7,101.7,58,2011-11-09 14:59:00,2011-11-09 14:59:00,One-time,0.0006,5649,99.91
18068,1,101.7,101.7,6,2011-02-23 14:50:00,2011-02-23 14:50:00,One-time,0.0006,5650,99.92
16944,1,101.36,101.36,27,2010-04-09 11:03:00,2010-04-09 11:03:00,One-time,0.0006,5651,99.92
18086,1,101.34,101.34,106,2011-03-10 13:34:00,2011-03-10 13:34:00,One-time,0.0006,5652,99.92
18195,1,101.16,101.16,60,2010-11-17 15:03:00,2010-11-17 15:03:00,One-time,0.0006,5653,99.92
17741,2,101.1,50.55,114,2010-05-28 12:11:00,2010-10-29 11:59:00,Repeat,0.0006,5654,99.92
16498,2,100.97,50.48,45,2011-06-30 19:52:00,2011-07-01 15:07:00,Repeat,0.0006,5655,99.92
17493,1,100.91,100.91,62,2010-11-19 16:57:00,2010-11-19 16:57:00,One-time,0.0006,5656,99.92
14946,1,100.9,100.9,22,2011-11-25 13:33:00,2011-11-25 13:33:00,One-time,0.0006,5657,99.92
17224,1,100.86,100.86,65,2010-07-26 13:30:00,2010-07-26 13:30:00,One-time,0.0006,5658,99.92
17427,1,100.8,100.8,34,2011-09-29 11:29:00,2011-09-29 11:29:00,One-time,0.0006,5659,99.92
14371,1,100.5,100.5,34,2011-02-17 16:35:00,2011-02-17 16:35:00,One-time,0.0006,5660,99.92
15635,1,100.35,100.35,5,2010-11-09 08:58:00,2010-11-09 08:58:00,One-time,0.0006,5661,99.92
17570,1,100.0,100.0,1,2010-11-23 11:56:00,2010-11-23 11:56:00,One-time,0.0006,5662,99.92
17939,1,99.14,99.14,40,2011-07-03 12:27:00,2011-07-03 12:27:00,One-time,0.0006,5663,99.92
12774,1,98.7,98.7,53,2010-06-22 10:38:00,2010-06-22 10:38:00,One-time,0.0006,5664,99.92
17538,1,98.42,98.42,134,2011-11-14 12:12:00,2011-11-14 12:12:00,One-time,0.0006,5665,99.92
16694,1,98.3,98.3,26,2009-12-16 15:45:00,2009-12-16 15:45:00,One-time,0.0006,5666,99.92
17395,1,97.5,97.5,66,2010-07-19 15:34:00,2010-07-19 15:34:00,One-time,0.0006,5667,99.93
12984,1,97.5,97.5,26,2011-11-21 12:37:00,2011-11-21 12:37:00,One-time,0.0006,5668,99.93
14642,1,96.12,96.12,76,2011-10-12 11:08:00,2011-10-12 11:08:00,One-time,0.0006,5669,99.93
17816,6,96.11,16.02,80,2009-12-15 15:27:00,2011-11-03 11:34:00,Repeat,0.0006,5670,99.93
13793,1,96.0,96.0,52,2010-03-03 08:25:00,2010-03-03 08:25:00,One-time,0.0006,5671,99.93
15583,1,95.96,95.96,56,2010-11-28 15:04:00,2010-11-28 15:04:00,One-time,0.0006,5672,99.93
17024,3,95.85,31.95,69,2011-07-05 09:31:00,2011-10-25 13:47:00,Repeat,0.0006,5673,99.93
17895,1,95.45,95.45,127,2011-10-26 17:00:00,2011-10-26 17:00:00,One-time,0.0005,5674,99.93
18249,1,95.34,95.34,128,2011-11-22 15:07:00,2011-11-22 15:07:00,One-time,0.0005,5675,99.93
12548,1,95.2,95.2,49,2011-06-26 15:35:00,2011-06-26 15:35:00,One-time,0.0005,5676,99.93
15285,1,94.92,94.92,120,2010-10-28 09:46:00,2010-10-28 09:46:00,One-time,0.0005,5677,99.93
14833,1,94.8,94.8,58,2010-07-29 10:06:00,2010-07-29 10:06:00,One-time,0.0005,5678,99.93
15868,1,94.53,94.53,57,2010-05-05 14:11:00,2010-05-05 14:11:00,One-time,0.0005,5679,99.93
16339,1,94.05,94.05,21,2011-02-28 13:41:00,2011-02-28 13:41:00,One-time,0.0005,5680,99.93
15397,1,94.0,94.0,20,2011-02-23 09:25:00,2011-02-23 09:25:00,One-time,0.0005,5681,99.93
18033,1,93.82,93.82,252,2011-10-05 17:28:00,2011-10-05 17:28:00,One-time,0.0005,5682,99.93
14394,1,93.8,93.8,58,2010-05-24 10:43:00,2010-05-24 10:43:00,One-time,0.0005,5683,99.93
15305,1,93.6,93.6,40,2010-06-02 13:50:00,2010-06-02 13:50:00,One-time,0.0005,5684,99.93
15082,1,93.35,93.35,43,2010-02-09 10:23:00,2010-02-09 10:23:00,One-time,0.0005,5685,99.94
12992,1,93.35,93.35,21,2009-12-14 16:46:00,2009-12-14 16:46:00,One-time,0.0005,5686,99.94
16196,1,93.3,93.3,26,2010-08-08 11:40:00,2010-08-08 11:40:00,One-time,0.0005,5687,99.94
14865,4,92.52,23.13,204,2009-12-01 16:05:00,2011-12-02 16:25:00,Repeat,0.0005,5688,99.94
14054,1,92.46,92.46,62,2011-10-05 15:49:00,2011-10-05 15:49:00,One-time,0.0005,5689,99.94
16831,1,91.8,91.8,48,2010-05-24 09:08:00,2010-05-24 09:08:00,One-time,0.0005,5690,99.94
13160,1,91.8,91.8,56,2011-11-17 13:07:00,2011-11-17 13:07:00,One-time,0.0005,5691,99.94
12659,1,91.68,91.68,105,2011-11-10 11:53:00,2011-11-10 11:53:00,One-time,0.0005,5692,99.94
13392,1,91.14,91.14,82,2010-01-31 13:34:00,2010-01-31 13:34:00,One-time,0.0005,5693,99.94
14786,1,90.96,90.96,112,2010-06-07 13:42:00,2010-06-07 13:42:00,One-time,0.0005,5694,99.94
13947,1,90.6,90.6,44,2011-10-05 14:42:00,2011-10-05 14:42:00,One-time,0.0005,5695,99.94
14435,1,90.42,90.42,282,2010-07-26 12:33:00,2010-07-26 12:33:00,One-time,0.0005,5696,99.94
16506,2,90.3,45.15,42,2011-10-30 15:50:00,2011-11-20 12:17:00,Repeat,0.0005,5697,99.94
16597,1,90.04,90.04,184,2011-12-05 15:44:00,2011-12-05 15:44:00,One-time,0.0005,5698,99.94
15686,1,90.0,90.0,72,2010-10-15 13:50:00,2010-10-15 13:50:00,One-time,0.0005,5699,99.94
14117,1,90.0,90.0,72,2011-07-19 09:49:00,2011-07-19 09:49:00,One-time,0.0005,5700,99.94
14974,1,89.94,89.94,37,2011-11-02 13:01:00,2011-11-02 13:01:00,One-time,0.0005,5701,99.94
16061,1,89.65,89.65,19,2010-10-04 15:29:00,2010-10-04 15:29:00,One-time,0.0005,5702,99.94
13535,1,89.5,89.5,10,2010-11-02 11:49:00,2010-11-02 11:49:00,One-time,0.0005,5703,99.94
14760,1,89.2,89.2,40,2011-02-15 16:27:00,2011-02-15 16:27:00,One-time,0.0005,5704,99.94
12686,1,89.14,89.14,107,2010-12-03 09:51:00,2010-12-03 09:51:00,One-time,0.0005,5705,99.95
13222,1,88.5,88.5,30,2010-05-11 13:54:00,2010-05-11 13:54:00,One-time,0.0005,5706,99.95
15603,2,88.48,44.24,128,2010-03-01 16:02:00,2011-09-22 10:04:00,Repeat,0.0005,5707,99.95
15083,1,88.2,88.2,38,2011-03-28 12:18:00,2011-03-28 12:18:00,One-time,0.0005,5708,99.95
16564,1,87.8,87.8,40,2010-05-19 14:41:00,2010-05-19 14:41:00,One-time,0.0005,5709,99.95
17606,1,87.3,87.3,42,2009-12-02 13:32:00,2009-12-02 13:32:00,One-time,0.0005,5710,99.95
17763,4,86.15,21.54,41,2010-02-18 14:32:00,2011-03-21 14:25:00,Repeat,0.0005,5711,99.95
13180,1,86.1,86.1,42,2010-04-11 13:37:00,2010-04-11 13:37:00,One-time,0.0005,5712,99.95
15541,1,85.13,85.13,49,2011-08-17 14:58:00,2011-08-17 14:58:00,One-time,0.0005,5713,99.95
13841,1,85.0,85.0,100,2011-04-01 12:10:00,2011-04-01 12:10:00,One-time,0.0005,5714,99.95
12401,1,84.3,84.3,11,2011-02-09 13:50:00,2011-02-09 13:50:00,One-time,0.0005,5715,99.95
15094,2,83.0,41.5,28,2010-03-05 12:56:00,2010-09-02 16:55:00,Repeat,0.0005,5716,99.95
14347,1,82.6,82.6,48,2009-12-03 10:49:00,2009-12-03 10:49:00,One-time,0.0005,5717,99.95
13469,1,82.4,82.4,52,2010-02-24 15:03:00,2010-02-24 15:03:00,One-time,0.0005,5718,99.95
16028,1,82.2,82.2,18,2010-04-23 11:45:00,2010-04-23 11:45:00,One-time,0.0005,5719,99.95
13215,1,81.6,81.6,96,2010-11-02 18:26:00,2010-11-02 18:26:00,One-time,0.0005,5720,99.95
13006,1,81.57,81.57,55,2011-10-14 13:49:00,2011-10-14 13:49:00,One-time,0.0005,5721,99.95
17620,1,81.44,81.44,60,2011-10-11 12:08:00,2011-10-11 12:08:00,One-time,0.0005,5722,99.95
17008,1,81.36,81.36,24,2010-10-06 15:19:00,2010-10-06 15:19:00,One-time,0.0005,5723,99.95
14717,1,81.3,81.3,32,2009-12-06 13:05:00,2009-12-06 13:05:00,One-time,0.0005,5724,99.95
15170,1,81.15,81.15,33,2010-10-29 10:34:00,2010-10-29 10:34:00,One-time,0.0005,5725,99.96
17336,1,81.12,81.12,48,2010-08-24 15:37:00,2010-08-24 15:37:00,One-time,0.0005,5726,99.96
16789,1,80.8,80.8,32,2011-12-01 15:12:00,2011-12-01 15:12:00,One-time,0.0005,5727,99.96
17752,1,80.64,80.64,192,2010-12-15 16:19:00,2010-12-15 16:19:00,One-time,0.0005,5728,99.96
15833,1,80.4,80.4,24,2009-12-02 11:59:00,2009-12-02 11:59:00,One-time,0.0005,5729,99.96
15131,1,80.28,80.28,88,2010-11-10 12:07:00,2010-11-10 12:07:00,One-time,0.0005,5730,99.96
16165,1,79.9,79.9,2,2010-07-22 14:17:00,2010-07-22 14:17:00,One-time,0.0005,5731,99.96
14190,1,79.9,79.9,2,2010-02-11 14:27:00,2010-02-11 14:27:00,One-time,0.0005,5732,99.96
14007,1,79.48,79.48,16,2010-07-15 09:06:00,2010-07-15 09:06:00,One-time,0.0005,5733,99.96
15753,1,79.2,79.2,144,2011-02-08 12:41:00,2011-02-08 12:41:00,One-time,0.0005,5734,99.96
12570,1,77.52,77.52,1,2010-01-26 17:28:00,2010-01-26 17:28:00,One-time,0.0004,5735,99.96
17942,1,77.5,77.5,38,2011-12-02 10:45:00,2011-12-02 10:45:00,One-time,0.0004,5736,99.96
14785,2,77.4,38.7,84,2011-11-24 13:40:00,2011-11-29 13:21:00,Repeat,0.0004,5737,99.96
13132,1,77.3,77.3,20,2011-03-23 12:44:00,2011-03-23 12:44:00,One-time,0.0004,5738,99.96
16867,1,76.74,76.74,58,2010-01-19 09:11:00,2010-01-19 09:11:00,One-time,0.0004,5739,99.96
14373,1,76.55,76.55,17,2010-12-16 15:40:00,2010-12-16 15:40:00,One-time,0.0004,5740,99.96
18113,1,76.32,76.32,72,2010-12-06 12:31:00,2010-12-06 12:31:00,One-time,0.0004,5741,99.96
15668,1,76.32,76.32,72,2011-05-06 10:39:00,2011-05-06 10:39:00,One-time,0.0004,5742,99.96
14613,1,76.32,76.32,72,2010-01-28 13:02:00,2010-01-28 13:02:00,One-time,0.0004,5743,99.96
14090,1,76.32,76.32,72,2011-01-19 10:51:00,2011-01-19 10:51:00,One-time,0.0004,5744,99.96
13219,1,76.23,76.23,11,2010-03-31 14:18:00,2010-03-31 14:18:00,One-time,0.0004,5745,99.96
17628,1,75.75,75.75,79,2011-09-19 15:21:00,2011-09-19 15:21:00,One-time,0.0004,5746,99.96
16610,1,75.66,75.66,66,2011-05-04 13:13:00,2011-05-04 13:13:00,One-time,0.0004,5747,99.97
14559,1,75.6,75.6,72,2010-11-14 16:05:00,2010-11-14 16:05:00,One-time,0.0004,5748,99.97
17192,1,75.28,75.28,45,2010-06-21 16:07:00,2010-06-21 16:07:00,One-time,0.0004,5749,99.97
16420,1,75.0,75.0,120,2010-11-08 15:15:00,2010-11-08 15:15:00,One-time,0.0004,5750,99.97
17944,1,74.99,74.99,84,2010-10-12 16:25:00,2010-10-12 16:25:00,One-time,0.0004,5751,99.97
13095,1,74.4,74.4,144,2011-09-30 12:03:00,2011-09-30 12:03:00,One-time,0.0004,5752,99.97
18032,1,73.5,73.5,42,2011-01-09 15:32:00,2011-01-09 15:32:00,One-time,0.0004,5753,99.97
12506,1,73.5,73.5,23,2011-04-21 08:54:00,2011-04-21 08:54:00,One-time,0.0004,5754,99.97
16171,1,73.2,73.2,24,2011-10-11 14:51:00,2011-10-11 14:51:00,One-time,0.0004,5755,99.97
17906,1,72.9,72.9,26,2011-04-06 17:25:00,2011-04-06 17:25:00,One-time,0.0004,5756,99.97
13105,1,72.0,72.0,100,2010-09-29 13:41:00,2010-09-29 13:41:00,One-time,0.0004,5757,99.97
16459,1,71.79,71.79,59,2009-12-10 12:42:00,2009-12-10 12:42:00,One-time,0.0004,5758,99.97
13938,1,71.66,71.66,70,2011-11-04 14:37:00,2011-11-04 14:37:00,One-time,0.0004,5759,99.97
17747,1,71.4,71.4,12,2011-08-19 08:13:00,2011-08-19 08:13:00,One-time,0.0004,5760,99.97
16970,1,71.4,71.4,12,2010-03-23 13:50:00,2010-03-23 13:50:00,One-time,0.0004,5761,99.97
13185,1,71.4,71.4,12,2011-03-17 11:56:00,2011-03-17 11:56:00,One-time,0.0004,5762,99.97
13915,1,70.8,70.8,24,2010-11-10 15:17:00,2010-11-10 15:17:00,One-time,0.0004,5763,99.97
15564,2,70.74,35.37,42,2010-02-01 15:58:00,2010-09-02 15:52:00,Repeat,0.0004,5764,99.97
12568,1,70.0,70.0,48,2010-03-05 09:15:00,2010-03-05 09:15:00,One-time,0.0004,5765,99.97
13172,1,69.6,69.6,48,2010-11-04 15:10:00,2010-11-04 15:10:00,One-time,0.0004,5766,99.97
14906,1,68.44,68.44,1,2010-09-20 16:30:00,2010-09-20 16:30:00,One-time,0.0004,5767,99.97
12861,1,68.25,68.25,27,2010-03-30 11:39:00,2010-03-30 11:39:00,One-time,0.0004,5768,99.97
17249,1,68.03,68.03,79,2010-10-07 11:33:00,2010-10-07 11:33:00,One-time,0.0004,5769,99.97
14393,1,67.95,67.95,13,2011-05-05 18:16:00,2011-05-05 18:16:00,One-time,0.0004,5770,99.97
17532,1,65.34,65.34,30,2010-11-19 08:13:00,2010-11-19 08:13:00,One-time,0.0004,5771,99.97
13022,1,65.3,65.3,35,2010-10-06 10:50:00,2010-10-06 10:50:00,One-time,0.0004,5772,99.98
13130,1,64.0,64.0,32,2011-09-06 15:30:00,2011-09-06 15:30:00,One-time,0.0004,5773,99.98
16238,1,63.66,63.66,85,2010-10-13 12:36:00,2010-10-13 12:36:00,One-time,0.0004,5774,99.98
17216,1,63.6,63.6,21,2010-06-03 13:03:00,2010-06-03 13:03:00,One-time,0.0004,5775,99.98
17263,1,63.44,63.44,36,2011-05-15 14:32:00,2011-05-15 14:32:00,One-time,0.0004,5776,99.98
15470,1,63.42,63.42,232,2010-05-13 09:35:00,2010-05-13 09:35:00,One-time,0.0004,5777,99.98
12404,1,63.24,63.24,1,2010-01-26 16:25:00,2010-01-26 16:25:00,One-time,0.0004,5778,99.98
16058,1,62.7,62.7,18,2010-10-29 16:48:00,2010-10-29 16:48:00,One-time,0.0004,5779,99.98
13218,1,62.64,62.64,88,2011-08-04 16:59:00,2011-08-04 16:59:00,One-time,0.0004,5780,99.98
14650,1,62.5,62.5,22,2010-04-29 20:27:00,2010-04-29 20:27:00,One-time,0.0004,5781,99.98
15516,3,62.43,20.81,27,2011-10-24 11:33:00,2011-10-26 10:51:00,Repeat,0.0004,5782,99.98
13380,1,62.4,62.4,48,2010-10-03 10:18:00,2010-10-03 10:18:00,One-time,0.0004,5783,99.98
13303,1,61.72,61.72,26,2010-11-04 14:55:00,2010-11-04 14:55:00,One-time,0.0004,5784,99.98
13818,1,61.28,61.28,60,2010-10-06 12:35:00,2010-10-06 12:35:00,One-time,0.0004,5785,99.98
15375,1,60.96,60.96,84,2010-01-18 15:38:00,2010-01-18 15:38:00,One-time,0.0004,5786,99.98
16605,1,60.48,60.48,144,2009-12-15 19:03:00,2009-12-15 19:03:00,One-time,0.0003,5787,99.98
15250,1,60.0,60.0,48,2010-03-09 07:35:00,2010-03-09 07:35:00,One-time,0.0003,5788,99.98
17174,1,59.9,59.9,41,2011-05-06 11:47:00,2011-05-06 11:47:00,One-time,0.0003,5789,99.98
13391,1,59.8,59.8,4,2011-05-20 10:50:00,2011-05-20 10:50:00,One-time,0.0003,5790,99.98
13682,1,59.5,59.5,10,2011-06-05 14:06:00,2011-06-05 14:06:00,One-time,0.0003,5791,99.98
15371,1,59.4,59.4,12,2010-02-15 13:14:00,2010-02-15 13:14:00,One-time,0.0003,5792,99.98
15233,1,59.4,59.4,12,2010-11-03 13:36:00,2010-11-03 13:36:00,One-time,0.0003,5793,99.98
14384,1,58.5,58.5,30,2010-07-27 09:53:00,2010-07-27 09:53:00,One-time,0.0003,5794,99.98
12466,1,56.73,56.73,1,2010-01-26 16:26:00,2010-01-26 16:26:00,One-time,0.0003,5795,99.98
17775,1,56.4,56.4,72,2011-03-30 10:50:00,2011-03-30 10:50:00,One-time,0.0003,5796,99.98
15899,1,56.25,56.25,39,2010-12-06 10:36:00,2010-12-06 10:36:00,One-time,0.0003,5797,99.98
13366,1,56.16,56.16,144,2011-10-20 13:37:00,2011-10-20 13:37:00,One-time,0.0003,5798,99.98
15685,1,55.98,55.98,36,2010-09-15 13:43:00,2010-09-15 13:43:00,One-time,0.0003,5799,99.98
12776,1,55.5,55.5,46,2010-02-10 12:11:00,2010-02-10 12:11:00,One-time,0.0003,5800,99.99
17494,1,54.7,54.7,26,2010-07-26 10:06:00,2010-07-26 10:06:00,One-time,0.0003,5801,99.99
12860,1,54.22,54.22,26,2010-01-15 15:22:00,2010-01-15 15:22:00,One-time,0.0003,5802,99.99
13306,1,53.65,53.65,74,2010-10-05 14:55:00,2010-10-05 14:55:00,One-time,0.0003,5803,99.99
16349,1,53.5,53.5,9,2011-02-22 12:40:00,2011-02-22 12:40:00,One-time,0.0003,5804,99.99
17599,1,52.05,52.05,11,2010-08-19 12:50:00,2010-08-19 12:50:00,One-time,0.0003,5805,99.99
15313,1,52.0,52.0,25,2011-08-21 16:02:00,2011-08-21 16:02:00,One-time,0.0003,5806,99.99
16786,1,51.84,51.84,72,2010-11-11 08:25:00,2010-11-11 08:25:00,One-time,0.0003,5807,99.99
17844,1,51.56,51.56,52,2011-08-25 11:27:00,2011-08-25 11:27:00,One-time,0.0003,5808,99.99
13254,1,51.41,51.41,43,2010-11-28 15:42:00,2010-11-28 15:42:00,One-time,0.0003,5809,99.99
14351,1,51.0,51.0,12,2011-06-28 11:56:00,2011-06-28 11:56:00,One-time,0.0003,5810,99.99
13011,1,50.55,50.55,13,2010-12-02 17:22:00,2010-12-02 17:22:00,One-time,0.0003,5811,99.99
14743,1,50.48,50.48,40,2010-04-26 10:26:00,2010-04-26 10:26:00,One-time,0.0003,5812,99.99
18184,1,49.8,49.8,60,2011-11-24 15:28:00,2011-11-24 15:28:00,One-time,0.0003,5813,99.99
14380,1,48.96,48.96,1,2010-01-26 17:11:00,2010-01-26 17:11:00,One-time,0.0003,5814,99.99
16530,1,48.35,48.35,17,2010-02-09 15:30:00,2010-02-09 15:30:00,One-time,0.0003,5815,99.99
16257,1,46.95,46.95,2,2011-06-16 10:11:00,2011-06-16 10:11:00,One-time,0.0003,5816,99.99
13438,1,46.5,46.5,10,2010-06-10 18:46:00,2010-06-10 18:46:00,One-time,0.0003,5817,99.99
15698,1,46.2,46.2,60,2010-03-25 17:38:00,2010-03-25 17:38:00,One-time,0.0003,5818,99.99
12496,2,45.34,22.67,30,2010-03-29 13:57:00,2010-03-29 14:06:00,Repeat,0.0003,5819,99.99
15672,1,45.3,45.3,10,2009-12-14 16:52:00,2009-12-14 16:52:00,One-time,0.0003,5820,99.99
17916,2,43.87,21.94,90,2009-12-06 14:10:00,2010-03-21 12:26:00,Repeat,0.0003,5821,99.99
14300,1,43.2,43.2,32,2011-11-21 08:57:00,2011-11-21 08:57:00,One-time,0.0002,5822,99.99
13913,1,42.22,42.22,10,2010-07-21 10:11:00,2010-07-21 10:11:00,One-time,0.0002,5823,99.99
13906,1,42.0,42.0,100,2010-10-26 15:00:00,2010-10-26 15:00:00,One-time,0.0002,5824,99.99
16219,1,40.8,40.8,48,2010-07-27 11:44:00,2010-07-27 11:44:00,One-time,0.0002,5825,99.99
14266,1,40.56,40.56,24,2010-10-07 13:32:00,2010-10-07 13:32:00,One-time,0.0002,5826,99.99
15178,1,40.5,40.5,30,2011-03-24 15:12:00,2011-03-24 15:12:00,One-time,0.0002,5827,99.99
14086,1,39.95,39.95,1,2010-09-03 10:52:00,2010-09-03 10:52:00,One-time,0.0002,5828,99.99
14589,1,39.75,39.75,5,2010-12-03 11:42:00,2010-12-03 11:42:00,One-time,0.0002,5829,99.99
16659,1,39.12,39.12,72,2011-06-03 15:03:00,2011-06-03 15:03:00,One-time,0.0002,5830,99.99
17246,2,38.92,19.46,36,2009-12-01 17:45:00,2010-06-11 12:36:00,Repeat,0.0002,5831,99.99
18019,1,38.45,38.45,7,2011-10-19 12:10:00,2011-10-19 12:10:00,One-time,0.0002,5832,99.99
15455,1,38.25,38.25,3,2010-04-21 12:43:00,2010-04-21 12:43:00,One-time,0.0002,5833,99.99
15693,1,37.5,37.5,30,2010-02-18 14:37:00,2010-02-18 14:37:00,One-time,0.0002,5834,99.99
16162,1,37.4,37.4,4,2011-04-01 15:03:00,2011-04-01 15:03:00,One-time,0.0002,5835,99.99
17352,1,36.25,36.25,15,2010-01-12 16:13:00,2010-01-12 16:13:00,One-time,0.0002,5836,99.99
14993,1,36.13,36.13,21,2010-05-25 12:47:00,2010-05-25 12:47:00,One-time,0.0002,5837,99.99
15940,1,35.8,35.8,4,2011-02-01 16:18:00,2011-02-01 16:18:00,One-time,0.0002,5838,99.99
16417,1,35.7,35.7,6,2010-08-04 09:08:00,2010-08-04 09:08:00,One-time,0.0002,5839,100.0
17831,1,35.4,35.4,12,2011-11-06 15:09:00,2011-11-06 15:09:00,One-time,0.0002,5840,100.0
14576,1,35.4,35.4,12,2010-12-02 17:51:00,2010-12-02 17:51:00,One-time,0.0002,5841,100.0
17533,1,34.8,34.8,24,2010-10-01 09:14:00,2010-10-01 09:14:00,One-time,0.0002,5842,100.0
15744,1,34.8,34.8,120,2011-09-23 09:52:00,2011-09-23 09:52:00,One-time,0.0002,5843,100.0
15871,1,33.1,33.1,5,2010-09-28 14:16:00,2010-09-28 14:16:00,One-time,0.0002,5844,100.0
16941,1,33.0,33.0,12,2010-04-07 11:13:00,2010-04-07 11:13:00,One-time,0.0002,5845,100.0
14977,1,31.93,31.93,17,2009-12-14 10:37:00,2009-12-14 10:37:00,One-time,0.0002,5846,100.0
17129,1,31.85,31.85,5,2010-07-07 13:46:00,2010-07-07 13:46:00,One-time,0.0002,5847,100.0
16454,4,30.95,7.74,9,2010-04-07 15:54:00,2011-10-26 11:40:00,Repeat,0.0002,5848,100.0
14144,1,30.6,30.6,12,2010-08-10 15:17:00,2010-08-10 15:17:00,One-time,0.0002,5849,100.0
13120,1,30.6,30.6,12,2011-04-15 10:19:00,2011-04-15 10:19:00,One-time,0.0002,5850,100.0
16548,1,30.15,30.15,6,2010-04-19 16:15:00,2010-04-19 16:15:00,One-time,0.0002,5851,100.0
15575,1,30.1,30.1,6,2010-03-30 12:50:00,2010-03-30 12:50:00,One-time,0.0002,5852,100.0
15657,1,30.0,30.0,24,2011-11-17 12:19:00,2011-11-17 12:19:00,One-time,0.0002,5853,100.0
17319,1,29.1,29.1,14,2010-02-08 15:47:00,2010-02-08 15:47:00,One-time,0.0002,5854,100.0
17102,1,25.5,25.5,2,2011-03-23 10:08:00,2011-03-23 10:08:00,One-time,0.0001,5855,100.0
15284,1,24.75,24.75,5,2010-07-27 13:25:00,2010-07-27 13:25:00,One-time,0.0001,5856,100.0
14610,2,24.35,12.18,15,2010-07-13 16:06:00,2010-11-09 10:58:00,Repeat,0.0001,5857,100.0
16537,1,23.35,23.35,59,2010-03-08 13:41:00,2010-03-08 13:41:00,One-time,0.0001,5858,100.0
12606,1,21.0,21.0,1,2010-01-26 16:23:00,2010-01-26 16:23:00,One-time,0.0001,5859,100.0
17986,1,20.8,20.8,10,2011-10-14 14:22:00,2011-10-14 14:22:00,One-time,0.0001,5860,100.0
16953,1,20.8,20.8,10,2011-11-09 15:54:00,2011-11-09 15:54:00,One-time,0.0001,5861,100.0
13112,1,20.6,20.6,11,2010-06-16 17:03:00,2010-06-16 17:03:00,One-time,0.0001,5862,100.0
15999,1,20.4,20.4,24,2009-12-04 12:31:00,2009-12-04 12:31:00,One-time,0.0001,5863,100.0
13163,1,17.65,17.65,3,2010-04-08 16:21:00,2010-04-08 16:21:00,One-time,0.0001,5864,100.0
16093,1,17.0,17.0,20,2011-08-25 11:09:00,2011-08-25 11:09:00,One-time,0.0001,5865,100.0
12846,1,15.58,15.58,1,2010-01-26 16:29:00,2010-01-26 16:29:00,One-time,0.0001,5866,100.0
14580,1,14.85,14.85,3,2010-07-09 15:20:00,2010-07-09 15:20:00,One-time,0.0001,5867,100.0
14900,1,13.92,13.92,48,2010-07-05 15:09:00,2010-07-05 15:09:00,One-time,0.0001,5868,100.0
16878,1,13.3,13.3,12,2011-09-16 17:39:00,2011-09-16 17:39:00,One-time,0.0001,5869,100.0
17956,1,12.75,12.75,1,2011-04-04 13:47:00,2011-04-04 13:47:00,One-time,0.0001,5870,100.0
17378,1,10.95,10.95,1,2010-11-30 18:46:00,2010-11-30 18:46:00,One-time,0.0001,5871,100.0
18115,1,9.7,9.7,3,2010-01-11 11:57:00,2010-01-11 11:57:00,One-time,0.0001,5872,100.0
15040,1,7.49,7.49,1,2010-06-16 11:40:00,2010-06-16 11:40:00,One-time,0.0,5873,100.0
15913,1,6.3,6.3,3,2010-06-23 16:31:00,2010-06-23 16:31:00,One-time,0.0,5874,100.0
14792,1,6.2,6.2,2,2011-10-07 09:19:00,2011-10-07 09:19:00,One-time,0.0,5875,100.0
16738,1,3.75,3.75,3,2011-02-15 09:46:00,2011-02-15 09:46:00,One-time,0.0,5876,100.0
13788,1,3.75,3.75,1,2010-07-22 15:50:00,2010-07-22 15:50:00,One-time,0.0,5877,100.0
14095,1,2.95,2.95,1,2009-12-17 12:49:00,2009-12-17 12:49:00,One-time,0.0,5878,100.0
