stock_code,product_description,revenue,quantity_sold,orders,customers,realized_unit_price
M,Manual,339226.24,9629,784,438,35.23
22423,REGENCY CAKESTAND 3 TIER,330590.32,26478,3918,1314,12.49
DOT,DOTCOM POSTAGE,309854.11,1415,1415,1,218.98
85123A,WHITE HANGING HEART T-LIGHT HOLDER,257724.71,94203,5365,1490,2.74
85099B,RED RETROSPOT JUMBO BAG,180569.34,96757,3989,978,1.87
23843,"PAPER CRAFT , LITTLE BIRDIE",168469.6,80995,1,1,2.08
47566,PARTY BUNTING,148318.28,28200,2674,894,5.26
84879,ASSORTED COLOUR BIRD ORNAMENT,129324.49,80082,2807,1010,1.61
POST,POSTAGE,125682.42,5363,1851,405,23.44
22086,PAPER CHAIN KIT 50'S CHRISTMAS,117760.29,35084,2018,896,3.36
23166,MEDIUM CERAMIC TOP STORAGE JAR,81700.92,78033,247,138,1.05
79321,CHILLI LIGHTS,80540.88,15841,1135,304,5.08
22197,SMALL POPCORN HOLDER,79520.2,88499,2322,601,0.9
22386,JUMBO BAG PINK WITH WHITE SPOTS,76324.62,39437,2245,601,1.94
84347,ROTATING SILVER ANGELS T-LIGHT HLDR,71300.4,31409,756,300,2.27
20725,LUNCH BAG RED SPOTTY,71106.29,40317,3056,845,1.76
85099F,JUMBO BAG STRAWBERRY,67985.77,36860,1830,549,1.84
48138,DOORMAT UNION FLAG,67010.31,10077,1664,678,6.65
23084,RABBIT NIGHT LIGHT,66870.03,30739,994,450,2.18
20685,RED SPOTTY COIR DOORMAT,66417.47,9783,1725,626,6.79
21137,BLACK RECORD COVER FRAME,65189.29,18739,634,198,3.48
21843,RETRO SPOT CAKE STAND,64918.3,6128,1527,599,10.59
21931,JUMBO STORAGE BAG SUKI,61537.55,29182,2329,546,2.11
22502,PICNIC BASKET WICKER SMALL,60880.3,3766,924,335,16.17
21621,VINTAGE UNION JACK BUNTING,60286.04,6900,1292,583,8.74
22114,HOT WATER BOTTLE TEA AND SYMPATHY,59189.14,11677,1583,626,5.07
85099C,JUMBO  BAG BAROQUE BLACK WHITE,59057.61,30640,1868,506,1.93
22910,PAPER CHAIN KIT VINTAGE CHRISTMAS,58652.7,18634,1427,701,3.15
22112,CHOCOLATE HOT WATER BOTTLE,57981.94,11065,1721,631,5.24
15056N,EDWARDIAN PARASOL NATURAL,57975.45,11286,1033,347,5.14
22411,JUMBO SHOPPER VINTAGE RED PAISLEY,57318.71,27281,2192,658,2.1
82484,WOOD BLACK BOARD ANT WHITE FINISH,56745.73,9831,1176,451,5.77
22470,HEART OF WICKER LARGE,53506.13,17773,1952,827,3.01
22139,RETROSPOT TEA SET CERAMIC 11 PC,52843.01,10609,2093,941,4.98
20914,SET/5 RED SPOTTY LID GLASS BOWLS,52508.56,18670,2030,647,2.81
22178,VICTORIAN GLASS HANGING T-LIGHT,52382.82,40081,1816,593,1.31
21212,PACK OF 72 RETROSPOT CAKE CASES,51825.15,94884,3118,1115,0.55
22090,PAPER BUNTING RETROSPOT,50431.9,16698,1703,631,3.02
21733,RED HANGING HEART T-LIGHT HOLDER,50346.49,17575,1760,744,2.86
21181,PLEASE ONE PERSON METAL SIGN,50117.14,24732,1810,598,2.03
22111,SCOTTIE DOG HOT WATER BOTTLE,49771.94,9776,1689,717,5.09
21929,JUMBO BAG PINK VINTAGE PAISLEY,49651.99,25608,1619,504,1.94
22189,CREAM HEART CARD HOLDER,49300.94,16186,1299,536,3.05
21232,STRAWBERRY CERAMIC TRINKET POT,49300.57,37997,2435,689,1.3
84946,ANTIQUE SILVER TEA GLASS ETCHED,49210.4,36696,1769,641,1.34
22469,HEART OF WICKER SMALL,48935.11,27908,2151,886,1.75
48194,DOORMAT HEARTS,48726.56,7726,1349,516,6.31
21731,RED TOADSTOOL LED NIGHT LIGHT,48315.84,28910,1537,415,1.67
22457,NATURAL SLATE HEART CHALKBOARD,47288.23,15373,2046,874,3.08
15056BL,EDWARDIAN PARASOL BLACK,47267.45,9504,857,321,4.97
21754,HOME BUILDING BLOCK WORD,46516.99,7595,2066,682,6.12
48187,DOORMAT NEW ENGLAND,46405.4,7314,1282,525,6.34
21928,JUMBO BAG SCANDINAVIAN PAISLEY,46202.52,24268,1542,450,1.9
21523,FANCY FONT HOME SWEET HOME DOORMAT,46083.71,6916,1122,357,6.66
22138,BAKING SET 9 PIECE RETROSPOT,45882.01,9366,1914,1137,4.9
48185,DOORMAT FAIRY CAKE,45723.84,6822,983,317,6.7
20727,LUNCH BAG  BLACK SKULL.,45655.27,26678,2351,705,1.71
21623,VINTAGE UNION JACK MEMOBOARD,45402.18,6165,530,311,7.36
22355,CHARLOTTE BAG SUKI DESIGN,45377.56,31956,1742,393,1.42
71477,COLOURED GLASS STAR T-LIGHT HOLDER,44680.75,15089,809,302,2.96
22326,ROUND SNACK BOXES SET OF4 WOODLAND,44257.74,15446,1391,439,2.87
21175,GIN AND TONIC DIET METAL SIGN,43851.48,20676,1659,553,2.12
84078A,SET/4 WHITE RETRO STORAGE CUBES,43844.96,1128,328,151,38.87
82494L,WOODEN FRAME ANTIQUE WHITE,43811.16,15301,1973,631,2.86
22383,LUNCHBAG SUKI  DESIGN,43254.35,25058,2398,664,1.73
23298,SPOTTY BUNTING,43148.18,8466,1146,573,5.1
84029E,RED WOOLLY HOTTIE WHITE HEART.,42994.24,10628,1145,500,4.05
21915,RED  HARMONICA IN BOX,42664.54,36289,1025,467,1.18
20728,LUNCH BAG CARS BLUE,42270.3,24596,2067,702,1.72
23203,JUMBO BAG VINTAGE DOILY,42030.34,20485,1231,505,2.05
82482,WOODEN PICTURE FRAME WHITE FINISH,41837.6,16914,2006,601,2.47
20713,JUMBO BAG OWLS,40667.05,20814,1314,371,1.95
22083,PAPER CHAIN KIT RETROSPOT,40412.82,13716,1401,589,2.95
84997D,PINK 3 PIECE POLKADOT CUTLERY SET,39875.14,10653,1085,431,3.74
85066,CREAM SWEETHEART MINI CHEST,38599.98,3091,929,471,12.49
20726,LUNCH BAG WOODLAND,38506.74,22118,1926,585,1.74
22960,JAM MAKING SET WITH JARS,38380.11,9019,1159,583,4.26
22699,TEACUP AND SAUCER REGENCY ROSES,38249.5,13070,1424,524,2.93
21166,COOK WITH WINE METAL SIGN,38138.86,19932,1425,475,1.91
23284,DOORMAT KEEP CALM AND COME IN,38133.64,5487,728,378,6.95
22720,SET OF 3 CAKE TINS PANTRY DESIGN,38108.89,7483,1385,640,5.09
82486,WOOD S/3 CABINET ANT WHITE FINISH,38052.33,4728,1274,365,8.05
22629,SPACEBOY LUNCH BOX,37955.5,20807,1368,456,1.82
20712,JUMBO BAG WOODLAND ANIMALS,37499.37,17710,1415,387,2.12
21485,RETROSPOT HEART HOT WATER BOTTLE,37078.67,7593,1385,657,4.88
22727,ALARM CLOCK BAKELIKE RED,36543.77,9234,1363,473,3.96
22328,ROUND SNACK BOXES SET OF 4 FRUITS,36170.31,12959,1159,401,2.79
21524,SPOTTY  HOME SWEET HOME DOORMAT,35955.44,5255,1150,474,6.84
20724,RED SPOTTY CHARLOTTE BAG,35190.21,32197,2035,524,1.09
21755,LOVE BUILDING BLOCK WORD,34836.02,5643,1696,661,6.17
22379,RECYCLING BAG RETROSPOT,34640.84,15765,1570,423,2.2
84997B,RED 3 PIECE RETROSPOT CUTLERY SET,34488.07,9257,1019,433,3.73
22384,LUNCHBAG PINK RETROSPOT,34088.79,20783,2106,681,1.64
22382,LUNCHBAG SPACEBOY DESIGN,34071.97,20248,2153,790,1.68
22666,RECIPE BOX PANTRY YELLOW DESIGN,33682.62,10706,1657,701,3.15
22630,DOLLY GIRL LUNCH BOX,33380.83,18058,1333,423,1.85
15036,ASSORTED COLOURS SILK FAN,32967.03,44272,991,303,0.74
84997C,CHILDRENS CUTLERY POLKADOT BLUE,32740.36,8798,951,426,3.72
22726,ALARM CLOCK BAKELIKE GREEN,32609.32,7671,1273,404,4.25
22385,JUMBO BAG SPACEBOY DESIGN,32433.5,17057,1248,412,1.9
22077,6 RIBBONS RUSTIC CHARM,31513.11,17238,1751,685,1.83
85152,HAND OVER THE CHOCOLATE   SIGN,31483.7,16373,1460,486,1.92
22865,HAND WARMER OWL DESIGN,31416.04,14537,1212,566,2.16
48184,DOORMAT ENGLISH ROSE,31142.63,4715,851,374,6.61
23245,SET OF 3 REGENCY CAKE TINS,31118.55,6345,873,472,4.9
21479,WHITE SKULL HOT WATER BOTTLE,31079.8,6219,930,410,5.0
85014B,RED/WHITE DOTS RUFFLED UMBRELLA,30776.58,6155,900,437,5.0
23199,JUMBO BAG APPLES,30450.69,14908,978,344,2.04
22697,TEACUP AND SAUCER REGENCY GREEN,30425.05,9795,1353,480,3.11
22501,PICNIC BASKET WICKER LARGE,30339.36,2612,762,346,11.62
20679,EDWARDIAN PARASOL RED,30020.97,6149,715,271,4.88
21217,RED SPOTTY ROUND CAKE TINS,29769.24,2904,928,423,10.25
22659,LUNCHBOX I LOVE LONDON,29563.81,15942,1075,294,1.85
84029G,KNITTED UNION FLAG HOT WATER BOTTLE,29533.87,6830,1009,386,4.32
22622,BOX OF VINTAGE ALPHABET BLOCKS,29450.11,2945,571,346,10.0
47590B,PINK HAPPY BIRTHDAY BUNTING,29363.86,5738,872,428,5.12
22158,3 HEARTS HANGING DECORATION RUSTIC,29198.28,8985,718,374,3.25
82483,WOOD 2 DRAWER CABINET WHITE FINISH,29003.37,4878,1123,361,5.95
23355,HOT WATER BOTTLE KEEP CALM,28718.8,5816,782,474,4.94
48188,DOORMAT WELCOME PUPPIES,28639.1,4872,698,309,5.88
20971,PINK BLUE FELT CRAFT TRINKET BOX,28580.97,22260,1148,490,1.28
84978,HANGING HEART JAR T-LIGHT HOLDER,28475.96,21689,1425,525,1.31
22866,HAND WARMER SCOTTY DOG DESIGN,28266.87,12778,1083,530,2.21
22752,SET 7 BABUSHKA NESTING BOXES,28139.45,3459,692,323,8.14
22188,BLACK HEART CARD HOLDER,28112.03,10353,566,292,2.72
21977,PACK OF 60 PINK PAISLEY CAKE CASES,28081.73,56061,1993,767,0.5
22467,GUMBALL COAT RACK,28059.48,11868,1095,398,2.36
82583,HOT BATHS METAL SIGN,27981.99,12877,1176,323,2.17
23201,JUMBO BAG ALPHABET,27850.83,13366,906,396,2.08
22492,MINI PAINT SET VINTAGE  BOY+ GIRL,27817.59,43546,732,363,0.64
20719,WOODLAND CHARLOTTE BAG,27598.42,24479,1573,365,1.13
21930,JUMBO STORAGE BAG SKULLS,27368.08,13390,1321,386,2.04
22624,IVORY KITCHEN SCALES,27282.73,3152,1219,579,8.66
72741,GRAND CHOCOLATECANDLE,27239.46,19712,920,510,1.38
22835,HOT WATER BOTTLE I AM SO POORLY,27082.84,5302,1011,451,5.11
84991,60 TEATIME FAIRY CAKE CASES,27041.21,54028,2127,822,0.5
22961,JAM MAKING SET PRINTED,26888.43,17252,1200,558,1.56
20750,RED/WHITE DOT MINI CASES,26866.63,3688,909,471,7.28
22734,SET OF 6 RIBBONS VINTAGE CHRISTMAS,26763.75,9772,756,444,2.74
71459,HANGING JAM JAR T-LIGHT HOLDERS,26738.79,32989,1017,445,0.81
22149,FELTCRAFT 6 FLOWER FRIENDS,26218.97,12674,1382,684,2.07
22867,HAND WARMER BIRD DESIGN,26117.63,11872,1054,521,2.2
48111,DOORMAT 3 SMILEY CATS,25970.0,4248,720,244,6.11
22551,PLASTERS IN TIN SPACEBOY,25912.87,15441,1299,616,1.68
47566B,TEA TIME PARTY BUNTING,25803.49,5801,761,350,4.45
82600,NO SINGING METAL SIGN,25736.19,12675,1201,385,2.03
20711,JUMBO BAG TOYS,25719.13,12643,1052,326,2.03
21481,FAWN BLUE HOT WATER BOTTLE,25613.45,8174,1050,439,3.13
22507,MEMO BOARD RETROSPOT  DESIGN,25603.46,5455,900,445,4.69
37503,TEA TIME CAKE STAND IN GIFT BOX,25428.33,2465,522,256,10.32
21080,SET/20 RED SPOTTY PAPER NAPKINS,25416.93,31076,2123,798,0.82
21108,FAIRY CAKE FLANNEL ASSORTED COLOUR,25407.27,12962,613,325,1.96
22087,PAPER BUNTING WHITE LACE,25389.1,8475,847,314,3.0
84755,COLOUR GLASS T-LIGHT HOLDER HANGING,25205.13,40439,1259,524,0.62
22084,PAPER CHAIN KIT EMPIRE,25163.56,8803,811,464,2.86
21527,RETRO SPOT TRADITIONAL TEAPOT,24968.47,3345,831,352,7.46
23173,REGENCY TEAPOT ROSES,24879.13,2766,416,248,8.99
20972,PINK CREAM FELT CRAFT TRINKET BOX,24785.31,20496,1397,568,1.21
21314,SMALL GLASS HEART TRINKET POT,24641.39,11426,1066,369,2.16
22722,SET OF 6 SPICE TINS PANTRY DESIGN,24459.96,5972,835,394,4.1
84077,WORLD WAR 2 GLIDERS ASSTD DESIGNS,24445.61,106139,1019,482,0.23
22698,TEACUP AND SAUCER REGENCY PINK,24374.62,8193,1033,402,2.98
84836,ZINC METAL HEART DECORATION,24289.33,19847,1408,662,1.22
22728,ALARM CLOCK BAKELIKE PINK,24257.31,6215,969,357,3.9
47590A,BLUE HAPPY BIRTHDAY BUNTING,24174.01,4752,689,355,5.09
21231,SWEETHEART CERAMIC TRINKET BOX,24128.86,19428,1482,500,1.24
23344,JUMBO BAG 50'S CHRISTMAS,23772.07,10285,716,391,2.31
21955,UNION JACK GUNS & ROSES  DOORMAT,23734.4,3911,729,279,6.07
22171,3 HOOK PHOTO SHELF ANTIQUE WHITE,23709.46,3141,661,269,7.55
21790,VINTAGE SNAP CARDS,23506.17,27244,1888,793,0.86
23243,SET OF TEA COFFEE SUGAR TINS PANTRY,23489.42,4800,470,275,4.89
22605,WOODEN CROQUET GARDEN SET,23426.82,1827,642,377,12.82
48173C,DOORMAT BLACK FLOCK,23132.92,4077,500,224,5.67
84406B,CREAM CUPID HEARTS COAT HANGER,23080.13,7131,841,318,3.24
22625,RED KITCHEN SCALES,22911.55,2627,950,440,8.72
22607,WOODEN ROUNDERS GARDEN SET,22906.54,2533,744,419,9.04
21791,VINTAGE HEADS AND TAILS CARD GAME,22858.6,17604,1313,641,1.3
22554,PLASTERS IN TIN WOODLAND ANIMALS,22853.72,13588,1275,587,1.68
21936,RED/WHITE SPOT PICNIC BAG,22741.31,7805,1046,396,2.91
22556,PLASTERS IN TIN CIRCUS PARADE,22334.08,13585,1196,591,1.64
37449,CERAMIC CAKE STAND + HANGING CAKES,22333.3,2382,477,205,9.38
20749,ASSORTED COLOUR MINI CASES,22097.61,3062,766,426,7.22
22113,GREY HEART HOT WATER BOTTLE,22025.93,5759,996,488,3.82
22585,PACK OF 6 BIRDY GIFT TAGS,21977.3,17557,1084,612,1.25
22499,WOODEN UNION JACK BUNTING,21826.52,3584,774,452,6.09
23202,JUMBO BAG VINTAGE LEAF,21810.43,10941,879,377,1.99
85014A,BLACK/BLUE POLKADOT UMBRELLA,21797.58,4623,684,361,4.72
84970S,HANGING HEART ZINC T-LIGHT HOLDER,21794.26,26444,1425,616,0.82
22941,CHRISTMAS LIGHTS 10 REINDEER,21727.58,2615,483,315,8.31
21210,SET OF 72 RETROSPOT PAPER  DOILIES,21727.19,15118,1161,508,1.44
22456,NATURAL SLATE CHALKBOARD LARGE,21583.2,4416,835,385,4.89
22969,HOMEMADE JAM SCENTED CANDLES,21501.99,14461,709,472,1.49
23209,LUNCH BAG VINTAGE DOILY,21418.82,13170,1098,469,1.63
21213,PACK OF 72 SKULL CAKE CASES,21390.76,40263,1481,528,0.53
21258,VICTORIAN SEWING BOX LARGE,21386.56,1505,526,186,14.21
85048,15CM CHRISTMAS GLASS BALL 20 LIGHTS,21201.13,2685,517,309,7.9
22570,FELTCRAFT CUSHION RABBIT,20901.1,5631,807,351,3.71
22424,ENAMEL BREAD BIN CREAM,20886.89,1529,739,310,13.66
22356,CHARLOTTE BAG PINK WITH WHITE SPOTS,20871.9,20015,1584,423,1.04
23206,LUNCH BAG APPLE DESIGN,20852.58,12147,1036,401,1.72
21218,RED SPOTTY BISCUIT TIN,20800.31,5256,897,313,3.96
48116,DOORMAT MULTICOLOUR STRIPE,20712.63,3452,496,186,6.0
22294,HEART FILIGREE DOVE  SMALL,20629.38,16671,861,414,1.24
22617,BAKING SET SPACEBOY DESIGN,20546.99,4251,942,600,4.83
22632,HAND WARMER RED RETROSPOT,20540.33,10290,779,438,2.0
22693,GROW A FLYTRAP OR SUNFLOWER IN TIN,20469.08,17875,350,197,1.15
AMAZONFEE,AMAZON FEE,20467.8,3,3,0,6822.6
20723,STRAWBERRY CHARLOTTE BAG,20401.05,18296,1379,356,1.12
21559,STRAWBERRY LUNCHBOX WITH CUTLERY,20345.53,8227,1221,396,2.47
22568,FELTCRAFT CUSHION OWL,20244.97,5479,875,389,3.7
85150,LADIES & GENTLEMEN METAL SIGN,20237.72,8361,1110,369,2.42
21216,"SET 3 RETROSPOT TEA,COFFEE,SUGAR",20169.0,3884,802,269,5.19
22273,FELTCRAFT DOLL MOLLY,20150.99,7355,810,423,2.74
22569,FELTCRAFT CUSHION BUTTERFLY,20104.43,5521,784,360,3.64
21622,VINTAGE UNION JACK CUSHION COVER,19936.94,3699,626,329,5.39
22900,SET 2 TEA TOWELS I LOVE LONDON,19834.04,6156,723,252,3.22
22413,METAL SIGN TAKE IT OR LEAVE IT,19728.24,6976,881,446,2.83
22381,TOY TIDY PINK RETROSPOT,19619.54,9265,1100,349,2.12
48129,DOORMAT TOPIARY,19608.91,3127,543,251,6.27
21174,POTTERING IN THE SHED METAL SIGN,19593.81,9696,1135,402,2.02
22561,WOODEN SCHOOL COLOURING SET,19524.27,11642,904,556,1.68
22558,CLOTHES PEGS RETROSPOT PACK 24,19513.17,13809,1202,541,1.41
22169,FAMILY ALBUM WHITE PICTURE FRAME,19507.6,2275,701,276,8.57
84997A,GREEN 3 PIECE POLKADOT CUTLERY SET,19400.7,5185,589,278,3.74
22427,ENAMEL FLOWER JUG CREAM,19273.28,3210,798,460,6.0
22952,SET 72 CAKE CASES VINTAGE CHRISTMAS,19240.05,32988,1144,570,0.58
21340,CLASSIC METAL BIRDCAGE PLANT HOLDER,19194.13,1758,419,249,10.92
21908,CHOCOLATE THIS WAY METAL SIGN,19125.98,9678,974,382,1.98
22061,LARGE CAKE STAND  HANGING STRAWBERY,19121.37,2171,520,219,8.81
84949,SILVER HANGING T-LIGHT HOLDER,19015.8,11945,693,330,1.59
71053,WHITE MOROCCAN METAL LANTERN,18906.77,4769,727,293,3.96
84947,ANTIQUE SILVER TEA GLASS ENGRAVED,18744.17,15810,680,312,1.19
22555,PLASTERS IN TIN STRONGMAN,18680.32,11549,967,521,1.62
22041,"RECORD FRAME 7"" SINGLE SIZE",18650.87,7540,555,101,2.47
21035,SET/2 RED SPOTTY TEA TOWELS,18644.78,5994,929,327,3.11
21121,SET/10 RED SPOTTY PARTY CANDLES,18442.7,15215,873,466,1.21
22847,"BREAD BIN, DINER STYLE, IVORY",18352.74,1157,482,264,15.86
21484,CHICK GREY HOT WATER BOTTLE,18171.14,4584,864,367,3.96
79323W,WHITE CHERRY LIGHTS,18048.72,3004,349,174,6.01
21430,SET/3 RED GINGHAM ROSE STORAGE BOX,18044.97,4621,814,323,3.9
22505,MEMO BOARD COTTAGE DESIGN,18034.63,3773,744,397,4.78
22147,FELTCRAFT BUTTERFLY HEARTS,17893.58,12828,1132,582,1.39
22560,TRADITIONAL MODELLING CLAY,17861.71,14836,742,420,1.2
22352,LUNCHBOX WITH CUTLERY RETROSPOT,17830.71,7090,1117,366,2.51
84945,MULTI COLOUR SILVER T-LIGHT HOLDER,17746.71,21605,653,344,0.82
21914,BLUE HARMONICA IN BOX,17725.36,12957,963,446,1.37
22297,HEART IVORY TRELLIS SMALL,17702.62,13715,969,391,1.29
22633,HAND WARMER UNION JACK,17576.67,8541,858,473,2.06
22776,SWEETHEART CAKESTAND 3 TIER,17530.46,1708,691,420,10.26
84467,ENGLISH ROSE DESIGN QUILTED THROW,17477.66,816,83,40,21.42
20718,RED SPOTTY SHOPPER BAG,17457.35,13353,1213,428,1.31
21136,PAINTED METAL PEARS ASSORTED,17451.45,10496,739,449,1.66
47591D,PINK FAIRY CAKE CHILDRENS APRON,17442.29,9390,1140,526,1.86
22557,PLASTERS IN TIN VINTAGE PAISLEY,17401.3,10369,1126,580,1.68
84992,72 SWEETHEART FAIRY CAKE CASES,17259.85,34797,1460,614,0.5
22366,DOORMAT AIRMAIL,17242.3,2540,568,252,6.79
84970L,SINGLE HEART ZINC T-LIGHT HOLDER,17177.04,17400,1080,463,0.99
21889,WOODEN BOX OF DOMINOES,17095.66,12805,1123,595,1.34
21156,RETROSPOT CHILDRENS APRON,17002.28,9137,930,472,1.86
23240,SET OF 4 KNICK KNACK TINS DOILY,17000.17,4177,536,323,4.07
22654,DELUXE SEWING KIT,16971.27,2534,597,300,6.7
21535,RETRO SPOT SMALL MILK JUG,16837.0,6776,1111,461,2.48
22652,TRAVEL SEWING KIT,16794.05,9910,830,440,1.69
21164,HOME SWEET HOME METAL SIGN,16626.41,5981,721,356,2.78
21533,RETROSPOT LARGE MILK JUG,16614.87,3343,954,425,4.97
22993,SET OF 4 PANTRY JELLY MOULDS,16478.48,12649,1073,431,1.3
22837,HOT WATER BOTTLE BABUSHKA LARGE,16455.18,3534,450,221,4.66
72760B,VINTAGE CREAM 3 BASKET CAKE STAND,16409.02,1699,494,301,9.66
22487,WHITE WOOD GARDEN PLANT LADDER,16373.7,1632,898,611,10.03
21155,RED SPOTTY PEG BAG,16343.09,6665,969,364,2.45
23301,GARDENERS KNEELING PAD KEEP CALM,16327.35,8807,913,405,1.85
22191,IVORY WALL CLOCK,16216.05,1967,620,335,8.24
22662,LUNCH BAG DOLLY GIRL DESIGN,16213.61,9951,994,426,1.63
22193,RED WALL CLOCK,16117.98,1910,617,265,8.44
22296,HEART IVORY TRELLIS LARGE,16027.56,9719,833,428,1.65
22692,DOORMAT WELCOME TO OUR HOME,15965.95,2135,606,293,7.48
21877,HOME SWEET HOME MUG,15954.75,14054,755,323,1.14
22634,CHILDS BREAKFAST SET SPACEBOY,15946.55,1688,499,322,9.45
35004C,SET OF 3 COLOURED  FLYING DUCKS,15874.38,3035,355,112,5.23
22759,SET OF 3 NOTEBOOKS IN PARCEL,15866.56,9380,795,472,1.69
22690,DOORMAT HOME SWEET HOME BLUE,15836.35,2530,437,278,6.26
23313,VINTAGE CHRISTMAS BUNTING,15798.66,2990,401,254,5.28
22635,CHILDS BREAKFAST SET DOLLY GIRL,15795.01,1660,485,325,9.52
22367,CHILDS APRON SPACEBOY DESIGN,15778.67,8059,1156,593,1.96
84375,SET OF 20 KIDS COOKIE CUTTERS,15753.18,7575,796,389,2.08
22170,PICTURE FRAME WOOD TRIPLE PORTRAIT,15645.27,2385,575,279,6.56
22333,RETROSPOT PARTY BAG + STICKER SET,15639.65,10030,697,333,1.56
22619,SET Of 6 SOLDIER SKITTLES,15620.09,4008,708,421,3.9
21891,TRADITIONAL WOODEN SKIPPING ROPE,15547.75,12142,835,483,1.28
22173,METAL 4 HOOK HANGER FRENCH CHATEAU,15411.9,5026,997,383,3.07
84378,SET OF 3 HEART COOKIE CUTTERS,15388.44,11637,1248,601,1.32
22749,FELTCRAFT PRINCESS CHARLOTTE DOLL,15354.35,3759,685,383,4.08
21094,SET/6 RED SPOTTY PAPER PLATES,15334.03,19633,984,328,0.78
85232B,SET/3 RUSSIAN DOLL STACKING TINS,15332.53,3061,539,208,5.01
21844,RETRO SPOT MUG,15329.44,5374,494,252,2.85
22365,DOORMAT RESPECTABLE HOUSE,15289.79,2329,443,193,6.56
22940,FELTCRAFT CHRISTMAS FAIRY,15282.81,3491,586,392,4.38
22909,SET OF 20 VINTAGE CHRISTMAS NAPKINS,15275.82,17144,1086,578,0.89
21975,PACK OF 60 DINOSAUR CAKE CASES,15236.62,31332,1303,543,0.49
21165,BEWARE OF THE CAT METAL SIGN,15167.38,9360,966,321,1.62
82582,AREA PATROLLED METAL SIGN,15110.98,7479,796,258,2.02
35970,ZINC FOLKART SLEIGH BELLS,15072.58,8375,692,415,1.8
22946,WOODEN ADVENT CALENDAR CREAM,15060.57,976,275,152,15.43
22606,WOODEN SKITTLES GARDEN SET,14881.94,1069,374,269,13.92
22730,ALARM CLOCK BAKELIKE IVORY,14867.27,3702,746,289,4.02
21122,SET/10 PINK SPOTTY PARTY CANDLES,14844.78,12209,807,441,1.22
21770,OPEN CLOSED METAL SIGN,14807.3,2991,651,423,4.95
17003,BROCADE RING PURSE,14766.42,70369,456,215,0.21
22485,SET OF 2 WOODEN MARKET CRATES,14677.84,1101,419,280,13.33
21912,VINTAGE SNAKES & LADDERS,14651.33,3734,828,447,3.92
21380,WOODEN HAPPY BIRTHDAY GARLAND,14593.32,5031,651,325,2.9
84050,PINK HEART SHAPE EGG FRYING PAN,14525.0,9853,715,308,1.47
22150,3 STRIPEY MICE FELTCRAFT,14486.55,7815,938,505,1.85
22179,SET 10 NIGHT OWL LIGHTS,14418.61,2023,566,201,7.13
21672,WHITE SPOT RED CERAMIC DRAWER KNOB,14411.13,11120,815,278,1.3
20748,KENSINGTON COFFEE SET,14266.98,1600,183,86,8.92
21169,YOU'RE CONFUSING ME METAL SIGN,14262.61,8856,772,278,1.61
23200,JUMBO BAG PEARS,14188.96,7067,595,262,2.01
84380,SET OF 3 BUTTERFLY COOKIE CUTTERS,14076.34,10405,1114,490,1.35
22804,PINK HANGING HEART T-LIGHT HOLDER,14075.8,5261,670,351,2.68
22627,MINT KITCHEN SCALES,14016.8,1600,653,322,8.76
35400,WOODEN BOX ADVENT CALENDAR,13999.1,1435,419,241,9.76
23343,JUMBO BAG VINTAGE CHRISTMAS,13972.71,6078,476,286,2.3
21257,VICTORIAN SEWING BOX MEDIUM,13968.48,1549,532,206,9.02
22236,CAKE STAND 3 TIER MAGIC GARDEN,13965.52,1127,421,251,12.39
22271,FELTCRAFT DOLL ROSIE,13921.73,4866,787,400,2.86
21668,RED STRIPE CERAMIC DRAWER KNOB,13912.17,10357,825,255,1.34
22295,HEART FILIGREE DOVE LARGE,13873.54,8411,706,381,1.65
21888,BINGO SET,13862.17,3520,825,444,3.94
22444,GROW YOUR OWN PLANT IN A CAN,13856.6,10132,453,249,1.37
21259,VICTORIAN SEWING BOX SMALL,13843.92,2293,655,300,6.04
21669,BLUE STRIPE CERAMIC DRAWER KNOB,13839.18,10578,805,262,1.31
79323P,PINK CHERRY LIGHTS,13787.93,2281,265,132,6.04
22621,TRADITIONAL KNITTING NANCY,13784.32,8726,875,507,1.58
22109,FULL ENGLISH BREAKFAST PLATE,13750.11,3338,642,205,4.12
23077,DOUGHNUT LIP GLOSS,13695.77,10395,344,217,1.32
47556B,TEA TIME TEA TOWELS,13691.02,5201,449,209,2.63
21871,SAVE THE PLANET MUG,13654.89,11492,779,299,1.19
22667,RECIPE BOX RETROSPOT,13586.35,4845,848,406,2.8
21390,FILIGRIS HEART WITH BUTTERFLY,13552.97,10937,588,280,1.24
21539,RETRO SPOTS BUTTER DISH,13551.64,2723,709,290,4.98
22636,CHILDS BREAKFAST SET CIRCUS PARADE,13437.03,1618,489,312,8.3
C2,CARRIAGE,13426.0,268,267,45,50.1
23356,LOVE HOT WATER BOTTLE,13334.32,2359,476,316,5.65
23207,LUNCH BAG ALPHABET DESIGN,13325.55,7830,740,377,1.7
22207,FRYING PAN UNION FLAG,13298.57,3103,480,189,4.29
23108,SET OF 10 LED DOLLY LIGHTS,13290.52,2219,372,271,5.99
22584,PACK OF 6 PANNETONE GIFT BOXES,13287.78,5222,589,417,2.54
21673,WHITE SPOT BLUE CERAMIC DRAWER KNOB,13272.39,10050,763,263,1.32
23328,SET 6 SCHOOL MILK BOTTLES IN CRATE,13269.49,2841,405,195,4.67
22846,"BREAD BIN, DINER STYLE, RED",13264.82,825,346,189,16.08
21098,CHRISTMAS TOILET ROLL,13263.93,8537,596,269,1.55
21704,BAG 250g SWIRLY MARBLES,13235.16,17175,568,287,0.77
22838,"CAKE TIN, 3 TIER RED/IVORY",13220.86,922,271,184,14.34
15044A,PINK PAPER PARASOL,13210.85,4964,250,116,2.66
75049L,LARGE CIRCULAR MIRROR MOBILE,13153.8,13968,344,106,0.94
22580,ADVENT CALENDAR GINGHAM SACK,13141.08,2322,495,275,5.66
20676,RED SPOTTY BOWL,13105.7,10475,966,372,1.25
21935,SUKI  SHOULDER BAG,13103.21,7127,921,234,1.84
22088,PAPER BUNTING COLOURED LACE,13076.88,4399,619,266,2.97
22553,PLASTERS IN TIN SKULLS,13013.15,7794,1090,507,1.67
22464,HANGING METAL HEART LANTERN,12985.31,7847,784,397,1.65
84988,SET OF 72 PINK HEART PAPER DOILIES,12913.24,8305,1019,379,1.55
21906,PHARMACIE FIRST AID TIN,12879.46,1786,424,214,7.21
22766,PHOTO FRAME CORNICE,12864.25,4367,640,343,2.95
22655,VINTAGE RED KITCHEN CABINET,12845.0,76,53,45,169.01
22198,"POPCORN HOLDER , LARGE",12759.61,7331,646,240,1.74
22947,WOODEN ADVENT CALENDAR RED,12704.15,1011,209,124,12.57
22303,COFFEE MUG APPLES DESIGN,12701.63,5439,540,266,2.34
22646,CERAMIC STRAWBERRY CAKE MONEY BANK,12654.71,8913,880,404,1.42
22616,PACK OF 12 LONDON TISSUES,12460.16,39147,825,319,0.32
62018,SOMBRERO,12450.85,9567,127,70,1.3
22623,BOX OF VINTAGE JIGSAW BLOCKS,12432.28,2312,541,334,5.38
22144,CHRISTMAS CRAFT LITTLE FRIENDS,12382.47,5134,704,392,2.41
23174,REGENCY SUGAR BOWL GREEN,12342.43,3055,322,190,4.04
21671,RED SPOT CERAMIC DRAWER KNOB,12339.32,9488,727,265,1.3
22631,CIRCUS PARADE LUNCHBOX,12241.85,6272,663,271,1.95
85042,ANTIQUE LILY FAIRY LIGHTS,12234.56,2685,292,142,4.56
15056P,EDWARDIAN PARASOL PINK,12228.92,2473,344,186,4.94
22082,RIBBON REEL STRIPES DESIGN,12192.05,7267,957,512,1.68
21124,SET/10 BLUE SPOTTY PARTY CANDLES,12172.79,10029,629,406,1.21
22301,COFFEE MUG CAT + BIRD DESIGN,12124.78,5009,643,273,2.42
22192,BLUE DINER WALL CLOCK,12104.8,1426,543,260,8.49
21670,BLUE SPOT CERAMIC DRAWER KNOB,12074.4,8845,767,260,1.37
20969,RED FLORAL FELTCRAFT SHOULDER BAG,12066.52,3237,613,285,3.73
21937,STRAWBERRY   PICNIC BAG,12038.82,4100,657,286,2.94
84212,"ASSORTED FLOWER COLOUR ""LEIS""",11961.49,24794,277,140,0.48
21787,RAIN PONCHO WITH RED SPOTS,11926.08,15135,469,221,0.79
21242,RED SPOTTY PLATE,11917.73,7085,657,289,1.68
84987,SET OF 36 TEATIME PAPER DOILIES,11864.15,8138,812,406,1.46
22729,ALARM CLOCK BAKELIKE ORANGE,11864.0,2999,612,236,3.96
22243,"HOOK, 5 HANGER ,MAGIC TOADSTOOL RED",11860.25,7678,388,181,1.54
20975,12 PENCILS SMALL TUBE RED SPOTTY,11848.71,18099,902,460,0.65
22488,NATURAL SLATE RECTANGLE CHALKBOARD,11788.06,6905,808,426,1.71
23300,GARDENERS KNEELING PAD CUP OF TEA,11785.99,6809,758,351,1.73
21428,SET3 BOOK BOX GREEN GINGHAM FLOWER,11762.93,2883,465,228,4.08
22791,T-LIGHT GLASS FLUTED ANTIQUE,11728.69,9458,434,226,1.24
22750,FELTCRAFT PRINCESS LOLA DOLL,11697.6,3125,647,362,3.74
22943,CHRISTMAS LIGHTS 10 VINTAGE BAUBLES,11696.64,2381,356,215,4.91
21154,RED SPOTTY OVEN GLOVE,11694.95,8095,903,327,1.44
47567B,TEA TIME KITCHEN APRON,11683.27,2166,348,179,5.39
22151,PLACE SETTING WHITE HEART,11609.19,27562,716,361,0.42
21326,AGED GLASS SILVER T-LIGHT HOLDER,11593.86,17770,643,307,0.65
22844,VINTAGE DOG FOOD CONTAINER,11593.28,1227,498,229,9.45
23581,JUMBO BAG PAISLEY PARK,11581.83,5020,338,230,2.31
21260,FIRST AID TIN,11564.43,3512,534,303,3.29
22508,DOORSTOP RETROSPOT HEART,11561.95,2880,697,400,4.01
22468,BABUSHKA LIGHTS STRING OF 10,11542.6,1736,413,196,6.65
22649,STRAWBERRY FAIRY CAKE TEAPOT,11541.78,2302,486,200,5.01
22637,PIGGY BANK RETROSPOT,11492.82,4478,598,329,2.57
22663,JUMBO BAG DOLLY GIRL DESIGN,11465.29,5764,688,268,1.99
22950,SET OF 36 VINTAGE CHRISTMAS DOILIES,11452.64,8333,352,256,1.37
22740,POLKADOT PENS,11395.31,13345,300,163,0.85
21172,PARTY METAL SIGN,11382.16,7685,971,420,1.48
21429,RED GINGHAM ROSE JEWELLERY BOX,11342.25,6359,997,418,1.78
22834,MINI HAND WARMER BABUSHKA DESIGN,11287.63,6900,597,300,1.64
22988,SOLDIERS EGG CUP,11238.45,9363,446,207,1.2
21922,UNION STRIPE WITH FRINGE  HAMMOCK,11199.18,1443,388,204,7.76
72351B,SET/6 PINK  BUTTERFLY T-LIGHTS,11184.89,5785,499,208,1.93
22968,ROSE COTTAGE KEEPSAKE BOX,11184.82,1127,306,182,9.92
47599A,PINK PARTY BAGS,11180.57,5967,369,202,1.87
22795,SWEETHEART RECIPE BOOK STAND,11175.81,1597,498,227,7.0
21868,POTTING SHED TEA MUG,11163.64,9075,881,377,1.23
22417,PACK OF 60 SPACEBOY CAKE CASES,11159.9,21451,1103,521,0.52
21735,TWO DOOR CURIO CABINET,11112.85,853,262,139,13.03
23170,REGENCY TEA PLATE ROSES,11097.25,6857,445,224,1.62
22620,4 TRADITIONAL SPINNING TOPS,11073.45,8181,841,449,1.35
22768,FAMILY PHOTO FRAME CORNICE,11064.72,1158,354,243,9.56
B,Adjust bad debt,11062.06,1,1,0,11062.06
22130,PARTY CONE CHRISTMAS DECORATION,10991.21,9737,424,298,1.13
21749,LARGE RED SPOT WINDMILL,10980.98,5657,286,153,1.94
22694,WICKER STAR,10958.6,4893,858,484,2.24
20828,GLITTER BUTTERFLY CLIPS,10940.48,4423,607,261,2.47
22668,PINK BABY BUNTING,10898.05,3587,579,296,3.04
21907,I'M ON HOLIDAY METAL SIGN,10866.22,5163,771,381,2.1
21498,RED SPOTS  WRAP,10851.92,26726,802,454,0.41
37370,RETRO COFFEE MUGS ASSORTED,10821.29,7145,492,184,1.51
21558,SKULL LUNCHBOX WITH CUTLERY,10810.66,4207,768,267,2.57
21086,SET/6 RED SPOTTY PAPER CUPS,10781.81,16658,843,311,0.65
22274,FELTCRAFT DOLL EMILY,10770.07,3773,656,344,2.85
22904,CALENDAR PAPER CUT DESIGN,10755.05,3467,463,269,3.1
22812,PACK 3 BOXES CHRISTMAS PANNETONE,10734.43,4879,462,270,2.2
21833,CAMOUFLAGE LED TORCH,10681.67,6239,444,210,1.71
21624,VINTAGE UNION JACK DOORSTOP,10641.15,1771,403,281,6.01
21974,SET OF 36 PAISLEY FLOWER DOILIES,10622.15,7046,808,355,1.51
22064,PINK DOUGHNUT TRINKET POT,10592.66,6606,693,213,1.6
22348,TEA BAG PLATE RED SPOTTY,10583.12,12453,961,344,0.85
22349,DOG BOWL CHASING BALL DESIGN,10551.67,2571,366,226,4.1
22595,GINGHAM HEART DECORATION,10544.32,12535,796,481,0.84
82001S,VINYL RECORD FRAME SILVER,10531.4,2926,230,86,3.6
22302,COFFEE MUG PEARS  DESIGN,10492.45,4926,396,212,2.13
21890,S/6 WOODEN SKITTLES IN COTTON BAG,10451.6,3489,547,335,3.0
20754,RETROSPOT RED WASHING UP GLOVES,10444.82,5094,852,363,2.05
23208,LUNCH BAG VINTAGE LEAF DESIGN,10441.91,6308,668,305,1.66
22418,"PEN, 10 COLOURS - SPACEBOY",10417.73,12314,586,332,0.85
21982,PACK OF 12 SUKI TISSUES,10395.88,32086,718,335,0.32
22174,PHOTO CUBE,10374.33,5122,557,178,2.03
22992,REVOLVER WOODEN RULER,10373.99,5233,348,217,1.98
22725,ALARM CLOCK BAKELIKE CHOCOLATE,10324.92,2518,549,217,4.1
22120,WELCOME  WOODEN BLOCK LETTERS,10314.19,1018,367,196,10.13
22089,PAPER BUNTING VINTAGE PAISLEY,10303.35,3506,552,290,2.94
20979,36 PENCILS TUBE RED SPOTTY,10271.81,8156,709,310,1.26
22380,TOY TIDY SPACEBOY,10217.66,4964,688,300,2.06
23582,VINTAGE DOILY JUMBO BAG RED,10206.41,4802,259,186,2.13
21531,RETRO SPOT SUGAR JAM BOWL,10174.12,4073,776,324,2.5
20682,RED SPOTTY CHILDS UMBRELLA,10171.31,3068,589,296,3.32
22748,POPPY'S PLAYHOUSE KITCHEN,10161.4,4142,742,410,2.45
21892,TRADITIONAL WOODEN CATCH CUP GAME,10151.28,7826,818,447,1.3
22771,DRAWER KNOB ACRYLIC EDWARDIAN CLEAR,10147.08,7489,512,201,1.35
22970,LONDON BUS COFFEE MUG,10140.6,4334,317,180,2.34
21033,JUMBO BAG CHARLIE AND LOLA TOYS,10132.11,4590,573,163,2.21
22966,GINGERBREAD MAN COOKIE CUTTER,10131.26,8219,732,422,1.23
21781,MA CAMPAGNE CUTLERY BOX,10125.72,655,363,150,15.46
84792,ENCHANTED BIRD COATHANGER 5 HOOK,10119.51,2297,519,248,4.41
22180,RETROSPOT LAMP,10103.38,975,410,226,10.36
23171,REGENCY TEA PLATE GREEN,10051.99,6247,381,195,1.61
22840,ROUND CAKE TIN VINTAGE RED,10023.65,1323,402,281,7.58
21756,BATH BUILDING BLOCK WORD,9944.65,1612,581,327,6.17
22327,ROUND SNACK BOXES SET OF 4 SKULLS,9943.55,3065,646,256,3.24
23076,ICE CREAM SUNDAE LIP GLOSS,9935.76,8076,277,202,1.23
22645,CERAMIC HEART FAIRY CAKE MONEY BANK,9925.13,5560,741,341,1.79
22131,FOOD CONTAINER SET 3 LOVE HEART,9914.89,5243,692,276,1.89
84880,WHITE WIRE EGG HOLDER,9894.99,1729,375,185,5.72
22300,COFFEE MUG DOG + BALL DESIGN,9891.4,4116,526,254,2.4
22466,FAIRY TALE COTTAGE NIGHTLIGHT,9857.18,5312,394,199,1.86
22429,ENAMEL MEASURING JUG CREAM,9844.04,2280,625,364,4.32
20829,GLITTER HANGING BUTTERFLY STRING,9825.02,4820,481,207,2.04
20677,PINK SPOTTY BOWL,9798.06,7774,760,268,1.26
21488,RED WHITE SCARF  HOT WATER BOTTLE,9784.58,2384,359,216,4.1
22745,POPPY'S PLAYHOUSE BEDROOM,9764.64,3976,703,377,2.46
79000,MOROCCAN TEA GLASS,9759.91,11973,436,195,0.82
22549,PICTURE DOMINOES,9718.41,6521,711,403,1.49
47570B,TEA TIME TABLE CLOTH,9622.27,973,224,129,9.89
22665,RECIPE BOX BLUE SKETCHBOOK DESIGN,9589.84,2955,703,326,3.25
23175,REGENCY MILK JUG PINK,9587.15,3160,329,206,3.03
22978,PANTRY ROLLING PIN,9564.98,2464,238,153,3.88
82552,WASHROOM METAL SIGN,9527.16,6955,794,346,1.37
35961,FOLKART ZINC HEART CHRISTMAS DEC,9514.78,11430,637,262,0.83
16014,SMALL CHINESE STYLE SCISSOR,9513.1,29355,93,46,0.32
22767,TRIPLE PHOTO FRAME CORNICE,9478.23,1004,295,197,9.44
22942,CHRISTMAS LIGHTS 10 SANTAS,9466.41,1221,246,176,7.75
21716,BOYS VINTAGE TIN SEASIDE BUCKET,9397.07,3709,496,241,2.53
20970,PINK FLORAL FELTCRAFT SHOULDER BAG,9387.29,2490,574,278,3.77
21385,IVORY HANGING DECORATION  HEART,9358.94,10832,690,320,0.86
22357,KINGS CHOICE BISCUIT TIN,9352.41,2073,462,259,4.51
84692,BOX OF 24 COCKTAIL PARASOLS,9336.68,19085,1122,348,0.49
22656,VINTAGE BLUE KITCHEN CABINET,9290.0,45,37,30,206.44
21243,PINK POLKADOT PLATE,9287.7,5636,503,210,1.65
21658,GLASS  BEURRE DISH,9271.89,2225,519,166,4.17
22219,LOVEBIRD HANGING DECORATION WHITE,9270.48,9771,1149,384,0.95
22072,TEA CUP AND SAUCER RETRO SPOT,9231.01,2405,511,200,3.84
20747,PICCADILLY TEA SET,9224.92,683,108,48,13.51
23319,BOX OF 6 MINI 50'S CRACKERS,9219.53,3720,403,300,2.48
21745,GAOLERS KEYS DECORATIVE GARDEN,9201.49,2699,486,236,3.41
22741,FUNKY DIVA PEN,9173.03,10652,292,132,0.86
22121,NOEL WOODEN BLOCK LETTERS,9167.61,1481,438,303,6.19
23318,BOX OF 6 MINI VINTAGE CRACKERS,9162.41,3809,376,270,2.41
22195,LARGE HEART MEASURING SPOONS,9144.24,5127,811,325,1.78
23080,RED METAL BOX TOP SECRET,9117.62,1074,257,148,8.49
22244,"HOOK, 3 HANGER ,MAGIC GARDEN",9101.96,4760,431,169,1.91
21933,PINK VINTAGE PAISLEY PICNIC BAG,9087.63,4116,625,294,2.21
21777,RECIPE BOX WITH METAL HEART,9075.51,1126,367,169,8.06
21041,RED SPOTTY OVEN GLOVE DOUBLE,9049.29,2666,525,191,3.39
84030E,ENGLISH ROSE HOT WATER BOTTLE,9042.15,2122,485,254,4.26
22989,SET 2 PANTRY DESIGN TEA TOWELS,8999.27,2811,372,241,3.2
21715,GIRLS VINTAGE TIN SEASIDE BUCKET,8987.24,3553,487,255,2.53
21985,PACK OF 12 HEARTS DESIGN TISSUES,8972.11,25523,919,493,0.35
22839,"CAKE TIN, 3 TIER MINT/IVORY",8971.17,579,260,142,15.49
22371,AIRLINE BAG VINTAGE TOKYO 78,8936.8,1828,684,285,4.89
ADJUST,Adjustment by john on 26/01/2010 17,8897.93,36,36,25,247.16
22141,CHRISTMAS CRAFT TREE TOP ANGEL,8895.21,3663,572,313,2.43
23322,LARGE WHITE HEART OF WICKER,8878.21,3069,562,350,2.89
23439,HAND WARMER RED LOVE HEART,8855.51,3986,397,268,2.22
22215,CAKE STAND WHITE TWO TIER LACE,8809.93,1085,359,245,8.12
84839,SWEETHEART KEY CABINET,8747.05,1523,393,219,5.74
21042,RED SPOTTY APRON,8717.31,1473,399,200,5.92
20974,12 PENCILS SMALL TUBE SKULL,8686.54,13219,822,370,0.66
23256,KIDS CUTLERY SPACEBOY,8667.07,2113,368,232,4.1
21980,PACK OF 12 RED SPOTTY TISSUES,8650.14,31337,676,406,0.28
22895,SET OF 2 TEA TOWELS APPLE AND PEARS,8648.49,2847,411,232,3.04
22212,FOUR HOOK  WHITE LOVEBIRDS,8642.3,4024,828,323,2.15
84032A,CHARLIE+LOLA PINK HOT WATER BOTTLE,8624.1,3234,662,227,2.67
23534,WALL ART STOP FOR TEA,8608.9,1387,260,159,6.21
21381,MINI WOODEN HAPPY BIRTHDAY GARLAND,8568.0,5104,532,234,1.68
21135,VICTORIAN  METAL POSTCARD SPRING,8567.24,5985,405,251,1.43
22110,BIRD HOUSE HOT WATER BOTTLE,8563.76,2609,512,217,3.28
23082,SET 6 PAPER TABLE LANTERN HEARTS,8558.76,2328,297,205,3.68
23078,ICE CREAM PEN LIP GLOSS,8553.34,6831,257,159,1.25
22283,6 EGG HOUSE PAINTED WOOD,8533.09,1032,382,196,8.27
21186,WHITE DOVE HONEYCOMB PAPER GARLAND,8532.17,5272,369,187,1.62
21932,SCANDINAVIAN PAISLEY PICNIC BAG,8498.61,3871,649,315,2.2
23493,VINTAGE DOILY TRAVEL SEWING KIT,8497.98,3964,415,282,2.14
72807C,SET/3 VANILLA SCENTED CANDLE IN BOX,8489.17,1983,345,164,4.28
79323LP,LIGHT PINK CHERRY LIGHTS,8481.19,1433,170,107,5.92
48189,DOORMAT FRIENDSHIP,8470.28,1321,274,152,6.41
22073,RETRO SPOT STORAGE JAR,8457.89,2124,474,227,3.98
22079,RIBBON REEL HEARTS DESIGN,8457.84,5028,684,397,1.68
22354,RETROSPOT PADDED SEAT CUSHION,8454.56,2228,280,157,3.79
85049E,SCANDINAVIAN REDS RIBBONS,8453.47,6316,830,434,1.34
22078,RIBBON REEL LACE DESIGN,8449.94,3984,480,246,2.12
22751,FELTCRAFT PRINCESS OLIVIA DOLL,8445.97,2264,466,269,3.73
23535,WALL ART BICYCLE SAFTEY,8440.24,1324,215,135,6.37
23321,SMALL WHITE HEART OF WICKER,8438.54,4716,629,378,1.79
22329,ROUND FOOD CONTAINER S/5 RETROSPOT,8430.45,5159,610,261,1.63
22358,KINGS CHOICE TEA CADDY,8393.61,2651,605,295,3.17
51008,AFGHAN SLIPPER SOCK PAIR,8378.8,2604,80,44,3.22
22628,PICNIC BOXES SET OF 3 RETROSPOT,8367.8,1744,350,172,4.8
22689,DOORMAT MERRY CHRISTMAS RED,8366.72,1092,264,182,7.66
21411,GINGHAM HEART  DOORSTOP RED,8352.94,2090,624,358,4.0
21244,BLUE POLKADOT PLATE,8279.07,5045,445,207,1.64
21934,SKULL SHOULDER BAG,8275.22,4597,725,164,1.8
21874,GIN AND TONIC MUG,8209.17,6332,617,211,1.3
85067,CREAM SWEETHEART WALL CABINET,8201.99,496,175,110,16.54
22055,MINI CAKE STAND  HANGING STRAWBERY,8179.19,4925,724,252,1.66
21238,RED SPOTTY CUP,8164.0,9477,903,324,0.86
85049A,TRADITIONAL CHRISTMAS RIBBONS,8114.78,6151,667,387,1.32
84508A,CAMOUFLAGE DESIGN TEDDY,8091.48,3809,108,51,2.12
82551,LAUNDRY 15C METAL SIGN,8081.14,5641,751,306,1.43
20675,BLUE SPOTTY BOWL,8067.83,6465,693,281,1.25
22796,PHOTO FRAME 3 CLASSIC HANGING,8020.45,806,316,201,9.95
22738,RIBBON REEL SNOWY VILLAGE,8012.57,4447,498,274,1.8
22504,CABIN BAG VINTAGE RETROSPOT,7985.03,366,115,55,21.82
22592,CARDHOLDER HOLLY WREATH METAL,7956.84,1980,304,207,4.02
21115,ROSE CARAVAN DOORSTOP,7955.84,1247,431,266,6.38
21769,VINTAGE POST OFFICE CABINET,7954.87,123,48,42,64.67
22353,LUNCHBOX WITH CUTLERY FAIRY CAKES,7917.89,3039,493,200,2.61
21116,OWL DOORSTOP,7900.01,1355,534,164,5.83
22350,ILLUSTRATED CAT BOWL,7883.44,2840,331,169,2.78
21875,KINGS CHOICE MUG,7882.08,6818,414,218,1.16
22275,WEEKEND BAG VINTAGE ROSE PAISLEY,7875.33,946,313,168,8.32
22890,NOVELTY BISCUITS CAKE STAND 3 TIER,7821.96,800,260,148,9.78
21976,PACK OF 60 MUSHROOM CAKE CASES,7792.37,14570,950,404,0.53
84568,GIRLS ALPHABET IRON ON PATCHES,7788.67,37066,310,49,0.21
22588,CARDHOLDER GINGHAM HEART,7776.84,2849,483,320,2.73
23238,SET OF 4 KNICK KNACK TINS LONDON,7771.61,1849,274,150,4.2
20717,STRAWBERRY SHOPPER BAG,7767.48,6296,757,283,1.23
21588,RETROSPOT GIANT TUBE MATCHES,7748.55,3351,284,191,2.31
23204,CHARLOTTE BAG APPLES DESIGN,7741.94,7976,583,199,0.97
23007,SPACEBOY BABY GIFT SET,7741.75,498,184,110,15.55
21110,LARGE CAKE TOWEL PINK SPOTS,7729.37,1640,329,173,4.71
22784,LANTERN CREAM GAZEBO,7727.14,1551,369,234,4.98
84032B,CHARLIE + LOLA RED HOT WATER BOTTLE,7699.25,3285,601,288,2.34
22165,"DIAMANTE HEART SHAPED WALL MIRROR,",7673.73,976,272,82,7.86
22550,HOLIDAY FUN LUDO,7669.64,2058,425,275,3.73
22809,SET OF 6 T-LIGHTS SANTA,7664.72,2568,379,259,2.98
22813,PACK 3 BOXES BIRD PANNETONE,7663.83,3945,373,222,1.94
84968C,SET OF 16 VINTAGE PISTACHIO CUTLERY,7629.25,637,191,64,11.98
21870,I CAN ONLY PLEASE ONE PERSON MUG,7627.49,6083,630,243,1.25
22528,GARDENERS KNEELING PAD,7623.41,5824,554,284,1.31
22669,RED BABY BUNTING,7613.94,2386,438,263,3.19
22493,PAINT YOUR OWN CANVAS SET,7608.12,4738,418,244,1.61
22991,GIRAFFE WOODEN RULER,7604.89,3887,274,185,1.96
22242,"HOOK, 5 HANGER , MAGIC TOADSTOOL",7559.91,4756,368,186,1.59
22489,PACK OF 12 TRADITIONAL CRAYONS,7548.67,17916,785,417,0.42
22360,"GLASS JAR, ENGLISH CONFECTIONERY",7535.5,2503,425,209,3.01
22224,WHITE LOVEBIRD LANTERN,7527.94,2373,401,234,3.17
85065,CREAM SWEETHEART TRAYS,7524.44,620,256,162,12.14
85064,CREAM SWEETHEART LETTER RACK,7493.06,1595,279,172,4.7
21463,MIRRORED DISCO BALL,7484.81,1349,302,169,5.55
22199,FRYING PAN RED RETROSPOT,7480.35,1827,405,158,4.09
21746,SMALL RED SPOT  WINDMILL,7468.34,5965,488,234,1.25
82580,BATHROOM METAL SIGN,7458.52,13249,1336,443,0.56
11001,ASSTD DESIGN RACING CAR PEN,7408.65,4829,251,118,1.53
72351A,SET/6 TURQUOISE BUTTERFLY T-LIGHTS,7368.68,3728,399,174,1.98
22945,CHRISTMAS METAL TAGS ASSORTED,7365.7,7641,338,244,0.96
21737,SET 3 WICKER LOG BASKETS,7362.66,398,164,118,18.5
21361,LOVE LARGE WOOD LETTERS,7361.74,556,286,181,13.24
22739,"RIBBON REEL, XMAS SOCK/BAUBLE",7357.44,4021,601,329,1.83
23382,BOX OF 6 CHRISTMAS CAKE DECORATIONS,7356.18,1875,220,136,3.92
21876,POTTERING MUG,7351.25,5663,623,239,1.3
22798,ANTIQUE GLASS DRESSING TABLE POT,7336.09,2367,356,173,3.1
21114,LAVENDER SCENTED FABRIC HEART,7306.14,5666,494,359,1.29
22282,12 EGG HOUSE PAINTED WOOD,7304.69,561,216,92,13.02
21561,DINOSAUR LUNCHBOX WITH CUTLERY,7303.91,2969,522,260,2.46
22465,HANGING METAL STAR LANTERN,7284.24,4517,461,270,1.61
22029,SPACEBOY BIRTHDAY CARD,7280.76,17602,1101,429,0.41
22907,PACK OF 20 NAPKINS PANTRY DESIGN,7279.03,8686,829,445,0.84
23083,SET 6 PAPER TABLE LANTERN STARS,7250.9,1932,246,161,3.75
22414,DOORMAT NEIGHBOURHOOD WITCH,7203.57,1187,220,92,6.07
85174,S/4 CACTI CANDLES,7193.46,1459,357,126,4.93
22626,BLACK KITCHEN SCALES,7167.48,837,339,200,8.56
22577,WOODEN HEART CHRISTMAS SCANDISPOT,7154.53,14023,832,517,0.51
22827,RUSTIC  SEVENTEEN DRAWER SIDEBOARD,7150.0,46,35,29,155.43
21981,PACK OF 12 WOODLAND TISSUES,7129.46,26204,553,282,0.27
22644,CERAMIC CHERRY CAKE MONEY BANK,7069.88,4857,610,304,1.46
22781,GUMBALL MAGAZINE RACK,7060.58,867,307,160,8.14
23236,STORAGE TIN VINTAGE DOILY,7059.97,2493,327,203,2.83
23320,GIANT 50'S CHRISTMAS CRACKER,7053.57,2661,333,260,2.65
23215,JINGLE BELL HEART ANTIQUE SILVER,7038.4,3564,210,162,1.97
21625,VINTAGE UNION JACK APRON,7037.62,984,334,186,7.15
21700,BIG DOUGHNUT FRIDGE MAGNETS,7028.51,6335,525,186,1.11
21984,PACK OF 12 PINK PAISLEY TISSUES,7023.95,25351,432,256,0.28
37450,CERAMIC CAKE BOWL + HANGING CAKES,7023.14,2444,391,138,2.87
23543,WALL ART KEEP CALM,7010.76,1236,103,81,5.67
23283,DOORMAT VINTAGE LEAVES DESIGN,7003.38,994,233,146,7.05
23293,SET OF 12 FAIRY CAKE BAKING CASES,6989.54,8471,552,323,0.83
22618,COOKING SET RETROSPOT,6984.35,718,242,180,9.73
21497,FANCY FONTS BIRTHDAY WRAP,6978.0,17500,485,330,0.4
22567,20 DOLLY PEGS RETROSPOT,6955.83,5561,506,287,1.25
10002,INFLATABLE POLITICAL GLOBE,6942.26,8671,362,164,0.8
22498,WOODEN REGATTA BUNTING,6933.74,1135,381,211,6.11
22563,HAPPY STENCIL CRAFT,6923.85,5942,533,293,1.17
22377,BOTTLE BAG RETROSPOT,6920.11,3618,435,200,1.91
21903,MAN FLU METAL SIGN,6908.87,3436,407,230,2.01
23254,KIDS CUTLERY DOLLY GIRL,6903.11,1703,299,204,4.05
22938,CUPCAKE LACE PAPER SET 6,6891.25,3687,273,237,1.87
22220,CAKE STAND LOVEBIRD 2 TIER WHITE,6885.44,745,270,190,9.24
22085,PAPER CHAIN KIT SKULLS,6883.87,2538,230,141,2.71
21563,RED HEART SHAPE LOVE BUCKET,6875.71,2786,362,180,2.47
85220,SMALL FAIRY CAKE FRIDGE MAGNETS,6875.0,12236,5,4,0.56
47502,POLKADOT CUTLERY 24 PCS IN TRAY,6855.75,640,79,40,10.71
23103,JINGLE BELL HEART DECORATION,6846.16,4072,365,231,1.68
23109,PACK OF SIX LED TEA LIGHTS,6835.02,2386,268,178,2.86
37448,CERAMIC CAKE DESIGN SPOTTED MUG,6827.21,4549,528,198,1.5
22378,WALL TIDY RETROSPOT,6826.51,3749,546,167,1.82
23541,WALL ART CLASSIC PUDDINGS,6823.91,872,152,97,7.83
22187,GREEN CHRISTMAS TREE CARD HOLDER,6820.7,2104,364,230,3.24
35004B,SET OF 3 BLACK FLYING DUCKS,6809.65,1474,275,64,4.62
23297,SET 40 HEART SHAPE PETIT FOUR CASES,6792.23,4303,161,123,1.58
21989,PACK OF 20 SKULL PAPER NAPKINS,6790.7,8552,654,264,0.79
37500,TEA TIME TEAPOT IN GIFT BOX,6787.46,881,263,147,7.7
20973,12 PENCIL SMALL TUBE WOODLAND,6773.95,9863,658,309,0.69
22431,WATERING CAN BLUE ELEPHANT,6771.52,3365,620,269,2.01
22845,VINTAGE CREAM CAT FOOD CONTAINER,6764.6,999,394,192,6.77
22430,ENAMEL WATERING CAN CREAM,6761.38,1397,356,230,4.84
21768,WALL MOUNTED VINTAGE ORGANISER,6756.09,497,163,95,13.59
22311,OFFICE MUG WARMER BLACK+SILVER,6755.56,2116,300,120,3.19
21992,VINTAGE PAISLEY STATIONERY SET,6744.8,3320,656,242,2.03
23229,VINTAGE DONKEY TAIL GAME,6739.71,1869,256,186,3.61
22432,WATERING CAN PINK BUNNY,6730.42,3532,517,266,1.91
22810,SET OF 6 T-LIGHTS SNOWMEN,6729.13,2199,328,213,3.06
23008,DOLLY GIRL BABY GIFT SET,6719.61,433,133,99,15.52
23480,MINI LIGHTS WOODLAND MUSHROOMS,6719.14,1798,215,143,3.74
22221,CAKE STAND LOVEBIRD 2 TIER PINK,6702.33,905,156,108,7.41
22575,METAL MERRY CHRISTMAS WREATH,6699.71,3113,330,207,2.15
22746,POPPY'S PLAYHOUSE LIVINGROOM,6699.25,2910,564,319,2.3
22526,WHEELBARROW FOR CHILDREN,6689.67,544,207,153,12.3
23247,BISCUIT TIN 50'S CHRISTMAS,6681.25,2194,309,231,3.05
85014D,PINK/BROWN DOTS RUFFLED UMBRELLA,6664.45,1918,90,73,3.47
85047,WHITE BEADED GARLAND STRING 20LIGHT,6664.33,1051,236,137,6.34
23169,CLASSIC GLASS SWEET JAR,6662.84,1556,314,203,4.28
47599B,BLUE PARTY BAGS,6662.54,3492,286,170,1.91
85068,CREAM SWEETHEART SHELF + HOOKS,6647.24,960,197,130,6.92
22059,CERAMIC STRWBERRY DESIGN MUG,6639.03,4940,458,183,1.34
22779,WOODEN OWLS LIGHT GARLAND,6631.35,1735,193,112,3.82
21107,CREAM SLICE FLANNEL PINK SPOT,6624.77,2302,313,167,2.88
22661,CHARLOTTE BAG DOLLY GIRL DESIGN,6620.45,8199,631,246,0.81
85175,CACTI T-LIGHT CANDLES,6606.26,15566,442,199,0.42
22898,CHILDRENS APRON APPLES DESIGN,6604.16,3168,471,261,2.08
16156S,WRAP PINK FAIRY CAKES,6558.62,16661,419,271,0.39
21592,RETROSPOT CIGAR BOX MATCHES,6552.46,5876,476,312,1.12
84968A,SET OF 16 VINTAGE ROSE CUTLERY,6538.08,529,204,66,12.36
21240,BLUE POLKADOT CUP,6535.74,7581,769,287,0.86
22332,SKULLS PARTY BAG + STICKER SET,6520.55,4158,381,233,1.57
21201,TROPICAL  HONEYCOMB PAPER GARLAND,6517.16,2741,235,109,2.38
22080,RIBBON REEL SPOTS DESIGN,6512.44,3887,519,336,1.68
22364,GLASS JAR DIGESTIVE BISCUITS,6498.61,2054,340,164,3.16
23311,VINTAGE CHRISTMAS STOCKING,6488.2,2390,344,246,2.71
22148,EASTER CRAFT 4 CHICKS,6480.29,3237,299,209,2.0
22596,CHRISTMAS STAR WISH LIST CHALKBOARD,6471.2,6331,438,309,1.02
21494,ROTATING LEAVES T-LIGHT HOLDER,6449.0,3833,501,147,1.68
23188,VINTAGE  2 METRE FOLDING RULER,6447.77,3471,333,207,1.86
22142,CHRISTMAS CRAFT WHITE FAIRY,6445.39,4300,503,336,1.5
15060B,FAIRY CAKE DESIGN UMBRELLA,6444.98,1414,449,174,4.56
23553,LANDMARK FRAME CAMDEN TOWN,6444.65,568,68,50,11.35
21500,PINK SPOTS  WRAP,6443.0,15950,492,301,0.4
21239,PINK  SPOTTY CUP,6438.39,7369,751,266,0.87
23134,LARGE ZINC HEART WALL ORGANISER,6431.11,1065,38,29,6.04
22578,WOODEN STAR CHRISTMAS SCANDISPOT,6419.24,13302,768,484,0.48
23571,TRADITIONAL NAUGHTS & CROSSES,6406.91,2841,257,195,2.26
22979,PANTRY WASHING UP BRUSH,6391.82,4090,381,225,1.56
79067,CORONA MEXICAN TRAY,6380.2,1615,396,160,3.95
23307,SET OF 60 PANTRY DESIGN CAKE CASES,6371.89,12049,629,366,0.53
85062,PEARL CRYSTAL PUMPKIN T-LIGHT HLDR,6363.28,3886,342,172,1.64
22063,CERAMIC BOWL WITH STRAWBERRY DESIGN,6356.06,2303,356,142,2.76
23172,REGENCY TEA PLATE PINK,6344.41,3861,305,160,1.64
22582,PACK OF 6 SWEETIE GIFT BOXES,6324.77,2522,295,225,2.51
84520B,PACK 20 ENGLISH ROSE PAPER NAPKINS,6321.62,7390,722,327,0.86
22783,SET 3 WICKER OVAL BASKETS W LIDS,6316.3,482,45,38,13.1
47559B,TEA TIME OVEN GLOVE,6311.69,5116,701,303,1.23
22849,"BREAD BIN, DINER STYLE, MINT",6287.73,403,162,101,15.6
22460,EMBOSSED GLASS TEALIGHT HOLDER,6283.87,4771,376,206,1.32
22065,CHRISTMAS PUDDING TRINKET POT,6273.84,8640,456,249,0.73
84884A,ANT WHITE WIRE HEART SPIRAL,6248.28,1708,312,195,3.66
22185,SLATE TILE NATURAL HANGING,6224.72,3896,462,298,1.6
22906,12 MESSAGE CARDS WITH ENVELOPES,6214.83,3370,445,274,1.84
22826,LOVE SEAT ANTIQUE WHITE METAL,6210.0,58,41,33,107.07
22435,SET OF 9 HEART SHAPED BALLOONS,6185.22,4915,537,303,1.26
21714,CITRONELLA CANDLE GARDEN POT,6182.39,4283,522,230,1.44
21078,SET/20 STRAWBERRY PAPER NAPKINS,6181.25,7211,741,342,0.86
22780,LIGHT GARLAND BUTTERFILES PINK,6167.59,1623,179,110,3.8
22222,CAKE PLATE LOVEBIRD WHITE,6160.84,1489,403,203,4.14
22196,SMALL HEART MEASURING SPOONS,6141.19,6586,981,304,0.93
84832,ZINC WILLIE WINKIE  CANDLE STICK,6134.7,6794,630,281,0.9
22848,"BREAD BIN, DINER STYLE, PINK",6128.6,381,151,75,16.09
21667,GLASS CAKE COVER AND PLATE,6126.25,354,163,119,17.31
23192,BUNDLE OF 3 ALPHABET EXERCISE BOOKS,6114.24,3516,345,224,1.74
23118,PARISIENNE JEWELLERY DRAWER,6102.18,813,258,154,7.51
21584,RETROSPOT SMALL TUBE MATCHES,6070.05,3769,352,253,1.61
21499,BLUE SPOTS  WRAP,6059.84,15052,460,302,0.4
22167,"WALL MIRROR , DIAMANTE OVAL SHAPE",6056.33,690,303,92,8.78
72802C,VANILLA SCENT CANDLE JEWELLED BOX,6047.56,2184,269,143,2.77
22361,GLASS JAR DAISY FRESH COTTON WOOL,6036.26,1845,496,189,3.27
85178,VICTORIAN SEWING KIT,6024.52,5478,313,177,1.1
20751,FUNKY WASHING UP GLOVES ASSORTED,6023.26,2839,471,264,2.12
23526,WALL ART DOG LICENCE,6021.4,1012,143,79,5.95
21586,KINGS CHOICE GIANT TUBE MATCHES,6018.75,2583,238,172,2.33
21918,SET 12 KIDS COLOUR  CHALK STICKS,6013.14,14598,788,369,0.41
22331,WOODLAND PARTY BAG + STICKER SET,6011.57,3660,437,225,1.64
21591,COSY HOUR CIGAR BOX MATCHES,6003.08,3978,365,264,1.51
22841,ROUND CAKE TIN VINTAGE GREEN,6002.52,772,306,219,7.78
23296,SET OF 6 TEA TIME BAKING CASES,5985.55,4979,378,243,1.2
22045,SPACEBOY GIFT WRAP,5981.64,14542,473,290,0.41
22855,FINE WICKER HEART,5979.24,4795,427,271,1.25
23312,VINTAGE CHRISTMAS GIFT SACK,5964.15,1423,214,168,4.19
22278,OVERNIGHT BAG VINTAGE ROSE PAISLEY,5959.53,1016,383,164,5.87
22491,PACK OF 12 COLOURED PENCILS,5950.0,7423,390,264,0.8
23052,RECYCLED ACAPULCO MAT TURQUOISE,5949.34,654,278,147,9.1
22772,PINK DRAWER KNOB ACRYLIC EDWARDIAN,5914.92,4377,314,105,1.35
48197,DOORMAT BIRD ON THE WIRE,5905.64,898,225,81,6.58
84509A,SET OF 4 ENGLISH ROSE PLACEMATS,5897.79,1523,404,180,3.87
21407,BROWN CHECK CAT DOORSTOP,5883.33,1294,453,231,4.55
23113,PANTRY CHOPPING BOARD,5868.5,1154,57,39,5.09
22241,GARLAND WOODEN HAPPY EASTER,5862.42,4349,474,242,1.35
22971,QUEENS GUARD COFFEE MUG,5849.29,2431,272,164,2.41
23485,BOTANICAL GARDENS WALL CLOCK,5843.92,262,83,70,22.31
23154,SET OF 4 JAM JAR MAGNETS,5842.88,2701,235,141,2.16
22737,RIBBON REEL CHRISTMAS PRESENT,5840.43,3266,493,300,1.79
22660,DOORMAT I LOVE LONDON,5839.41,881,194,96,6.63
21832,CHOCOLATE CALCULATOR,5836.76,3338,459,204,1.75
21988,PACK OF 6 SKULL PAPER PLATES,5820.1,7829,416,209,0.74
85132C,CHARLIE AND LOLA FIGURES TINS,5818.94,2062,302,144,2.82
85038,6 CHOCOLATE LOVE HEART T-LIGHTS,5803.58,2778,382,191,2.09
22951,72 CAKE CASES DOLLY GIRL DESIGN,5785.97,10993,634,345,0.53
22200,FRYING PAN PINK RETROSPOT,5784.92,1296,357,120,4.46
22687,DOORMAT CHRISTMAS VILLAGE,5784.67,895,149,97,6.46
21313,GLASS HEART T-LIGHT HOLDER,5771.11,6711,415,173,0.86
22899,CHILDRENS APRON DOLLY GIRL,5769.76,2773,421,249,2.08
22964,3 PIECE SPACEBOY COOKIE CUTTER SET,5768.83,2761,408,228,2.09
37495,FAIRY CAKE BIRTHDAY CANDLE SET,5732.6,1560,330,206,3.67
21452,TOADSTOOL MONEY BOX,5731.33,1875,408,228,3.06
22441,GROW YOUR OWN BASIL IN ENAMEL MUG,5729.57,2644,472,295,2.17
23205,CHARLOTTE BAG VINTAGE ALPHABET,5726.38,5857,467,201,0.98
21577,SAVE THE PLANET COTTON TOTE BAG,5716.52,2556,464,241,2.24
22070,SMALL RETRO SPOT MUG IN BOX  RED,5701.49,1835,320,217,3.11
22341,LOVE GARLAND PAINTED ZINC,5698.89,3467,240,128,1.64
22115,METAL SIGN EMPIRE TEA,5695.1,2889,500,244,1.97
22060,LARGE CAKE STAND HANGING HEARTS,5691.41,733,158,112,7.76
84968B,SET OF 16 VINTAGE IVORY CUTLERY,5681.41,428,135,51,13.27
21528,DAIRY MAID TRADITIONAL TEAPOT,5680.15,899,257,145,6.32
21703,BAG 125g SWIRLY MARBLES,5646.47,14577,561,293,0.39
22335,HEART DECORATION PAINTED ZINC,5644.77,8666,510,242,0.65
22854,CREAM SWEETHEART EGG HOLDER,5624.5,1160,244,169,4.85
22653,BUTTON BOX,5618.21,3031,381,156,1.85
21207,SKULL AND CROSSBONES  GARLAND,5597.42,3601,282,167,1.55
22119,PEACE WOODEN BLOCK LETTERS,5543.87,896,340,244,6.19
23531,WALL ART BIG LOVE,5538.26,976,112,77,5.67
22156,HEART DECORATION WITH PEARLS,5537.57,6156,581,259,0.9
21730,GLASS STAR FROSTED T-LIGHT HOLDER,5534.17,1115,293,155,4.96
23126,FELTCRAFT GIRL AMELIE KIT,5532.04,1109,291,198,4.99
21900,"KEY FOB , SHED",5529.14,8323,835,361,0.66
23133,LARGE IVORY HEART WALL ORGANISER,5525.4,782,155,94,7.07
23177,TREASURE ISLAND BOOK BOX,5521.29,2532,267,174,2.18
22534,MAGIC SLATE SPACEBOY,5514.79,12891,583,353,0.43
23158,SET OF 5 LUCKY CAT MAGNETS,5513.83,2633,255,96,2.09
22670,FRENCH WC SIGN BLUE METAL,5510.57,4432,425,218,1.24
23583,LUNCH BAG PAISLEY PARK,5497.33,3385,325,233,1.62
84971S,SMALL HEART FLOWERS HOOK,5493.31,6489,459,180,0.85
40016,CHINESE DRAGON PAPER LANTERNS,5487.31,15435,244,133,0.36
21112,"SWISS ROLL TOWEL, PINK  SPOTS",5484.26,2222,189,104,2.47
82599,FANNY'S REST STOPMETAL SIGN,5479.44,2505,506,185,2.19
22168,"ORGANISER WOOD, ANTIQUE WHITE",5475.93,659,312,250,8.31
79029,GLASS HONEYPOT WASP CATCHER,5473.82,2944,343,201,1.86
22203,MILK PAN RED RETROSPOT,5469.51,1402,392,166,3.9
20983,12 PENCILS TALL TUBE RED SPOTTY,5469.08,6280,641,359,0.87
72756,FAIRY CAKE CANDLES,5459.48,4012,129,114,1.36
22437,SET OF 9 BLACK SKULL BALLOONS,5457.97,6514,443,258,0.84
85061W,WHITE JEWELLED HEART DECORATION,5451.49,6306,469,201,0.86
22483,RED GINGHAM TEDDY BEAR,5440.51,1877,349,223,2.9
20978,36 PENCILS TUBE SKULLS,5438.57,4117,557,253,1.32
21432,SET OF 3 CASES WOODLAND DESIGN,5435.91,942,237,152,5.77
16161P,WRAP ENGLISH ROSE,5435.4,13198,440,289,0.41
22186,RED STAR CARD HOLDER,5431.4,2004,345,234,2.71
22763,KEY CABINET MA CAMPAGNE,5430.59,662,135,95,8.2
85063,CREAM SWEETHEART MAGAZINE RACK,5426.74,308,180,104,17.62
23135,SMALL ZINC HEART WALL ORGANISER,5416.18,1541,45,31,3.51
22602,RETROSPOT WOODEN HEART DECORATION,5415.59,6383,535,305,0.85
21069,VINTAGE BILLBOARD TEA MUG,5404.36,5099,279,110,1.06
84937,KASHMIR FOLKART TUMBLERS,5394.54,2542,124,50,2.12
84968D,SET OF 16 VINTAGE RED CUTLERY,5393.71,472,106,45,11.43
22443,GROW YOUR OWN HERBS SET OF 3,5393.43,683,264,193,7.9
21491,SET OF THREE VINTAGE GIFT WRAPS,5367.01,2878,248,184,1.86
22218,CAKE STAND LACE WHITE,5365.66,1232,264,143,4.36
23494,VINTAGE DOILY DELUXE SEWING KIT,5354.01,809,205,145,6.62
35832,WOOLLY HAT SOCK GLOVE ADVENT STRING,5341.85,1737,188,132,3.08
37446,MINI CAKE STAND WITH HANGING CAKES,5332.25,3691,410,168,1.44
22842,"BISCUIT TIN, RED,IVORY, VINTAGE",5308.58,818,237,183,6.49
21363,HOME SMALL WOOD LETTERS,5296.48,984,401,224,5.38
22175,PINK OWL SOFT TOY,5278.31,1824,363,161,2.89
22801,ANTIQUE GLASS PEDESTAL BOWL,5277.95,1300,299,173,4.06
22998,TRAVEL CARD WALLET KEEP CALM,5262.82,12366,534,217,0.43
21718,RED METAL BEACH SPADE,5250.3,4030,467,223,1.3
22896,PEG BAG APPLES DESIGN,5230.55,2076,367,187,2.52
22564,ALPHABET STENCIL CRAFT,5221.4,4570,343,208,1.14
22476,EMPIRE UNION JACK TV DINNER TRAY,5218.61,1332,269,145,3.92
21993,FLORAL FOLK STATIONERY SET,5216.88,2849,577,208,1.83
22117,METAL SIGN HER DINNER IS SERVED,5207.73,1765,230,142,2.95
22691,DOORMAT WELCOME SUNRISE,5198.6,758,218,124,6.86
22030,SWALLOWS GREETING CARD,5197.84,12735,685,353,0.41
22775,PURPLE DRAWERKNOB ACRYLIC EDWARDIAN,5190.03,3633,284,98,1.43
22433,WATERING CAN PINK BUNNY,5186.28,2778,422,211,1.87
21587,COSY HOUR GIANT TUBE MATCHES,5173.05,2071,260,207,2.5
21872,GLAMOROUS  MUG,5163.8,5092,330,169,1.01
22894,TABLECLOTH RED APPLES DESIGN,5160.78,561,192,125,9.2
22472,TV DINNER TRAY DOLLY GIRL,5160.32,1099,250,131,4.7
85132A,CHARLIE + LOLA BISCUITS TINS,5152.07,1348,250,98,3.82
23263,SET OF 3 WOODEN HEART DECORATIONS,5147.19,3863,445,269,1.33
21713,CITRONELLA CANDLE FLOWERPOT,5145.44,2733,391,232,1.88
23162,REGENCY TEA STRAINER,5143.69,1412,176,96,3.64
23157,SET OF 6 NATIVITY MAGNETS,5143.06,2557,163,111,2.01
23165,LARGE CERAMIC TOP STORAGE JAR,5141.06,3114,280,167,1.65
22412,METAL SIGN NEIGHBOURHOOD WITCH,5140.82,2401,402,166,2.14
23132,SMALL IVORY HEART WALL ORGANISER,5138.6,1020,152,115,5.04
22571,ROCKING HORSE RED CHRISTMAS,5135.24,5780,511,294,0.89
22426,ENAMEL WASH BOWL CREAM,5133.3,1333,372,182,3.85
22509,SEWING BOX RETROSPOT DESIGN,5130.36,387,187,142,13.26
21495,SKULLS WRAP,5119.3,12465,376,201,0.41
22610,PENS ASSORTED FUNNY FACE,5107.54,12680,287,157,0.4
22374,AIRLINE BAG VINTAGE JET SET RED,5099.84,1023,430,226,4.99
23397,FOOT STOOL HOME SWEET HOME,5097.65,489,217,139,10.42
21471,STRAWBERRY RAFFIA FOOD COVER,5095.63,1406,319,165,3.62
23234,BISCUIT TIN VINTAGE CHRISTMAS,5079.78,1722,277,201,2.95
23295,SET OF 12 MINI LOAF BAKING CASES,5073.45,6134,444,250,0.83
20977,36 PENCILS TUBE WOODLAND,5069.99,3792,485,242,1.34
21578,WOODLAND DESIGN  COTTON TOTE BAG,5062.86,2205,380,184,2.3
23198,PANTRY MAGNETIC  SHOPPING LIST,5062.6,3342,475,259,1.51
21544,SKULLS  WATER TRANSFER TATTOOS,5052.21,6064,503,229,0.83
46000S,POLYESTER FILLER PAD 40x40cm,5032.95,3471,380,240,1.45
21706,FOLDING UMBRELLA RED/WHITE POLKADOT,5026.21,1348,254,134,3.73
22957,SET 3 PAPER VINTAGE CHICK PAPER EGG,5014.65,1775,214,179,2.83
23314,VINTAGE CHRISTMAS TABLECLOTH,5012.96,407,117,87,12.32
22732,3D VINTAGE CHRISTMAS STICKERS,5001.84,3773,337,195,1.33
84796B,BLUE SAVANNAH PICNIC HAMPER FOR 2,4999.79,600,180,28,8.33
21071,VINTAGE BILLBOARD DRINK ME MUG,4998.32,4269,472,163,1.17
23310,BUBBLEGUM RING ASSORTED,4997.28,12050,245,146,0.41
22318,FIVE HEART HANGING DECORATION,4983.98,1583,389,204,3.15
47568,ENGLISH ROSE DESIGN PEG BAG,4983.02,2384,410,179,2.09
21056,DOCTOR'S BAG SOFT TOY,4961.33,545,195,119,9.1
22604,SET OF 4 NAPKIN CHARMS CUTLERY,4957.62,2017,247,162,2.46
22583,PACK OF 6 HANDBAG GIFT BOXES,4955.75,1873,349,250,2.65
21896,POTTING SHED TWINE,4944.04,2387,290,187,2.07
23556,LANDMARK FRAME COVENT GARDEN,4937.01,436,53,46,11.32
23570,TRADITIONAL PICK UP STICKS GAME,4931.87,2772,276,203,1.78
85184C,SET 4 VALENTINE DECOUPAGE HEART BOX,4891.71,2275,345,186,2.15
22276,WASH BAG VINTAGE ROSE PAISLEY,4884.86,1889,373,213,2.59
23010,CIRCUS PARADE BABY GIFT SET,4879.6,315,111,73,15.49
22956,36 FOIL HEART CAKE CASES,4878.9,2494,256,189,1.96
23351,ROLL WRAP 50'S CHRISTMAS,4875.65,3535,354,242,1.38
23503,PLAYING CARDS KEEP CALM & CARRY ON,4860.55,3643,335,284,1.33
22107,PIZZA PLATE IN BOX,4840.59,1240,369,118,3.9
84270,ASSTD DESIGN BUBBLE GUM RING,4824.3,22936,476,249,0.21
22593,CHRISTMAS GINGHAM STAR,4823.9,5420,415,247,0.89
22027,TEA PARTY BIRTHDAY CARD,4806.49,11297,845,335,0.43
23554,LANDMARK FRAME OXFORD STREET,4805.53,422,57,49,11.39
21986,PACK OF 12 PINK SPOT TISSUES,4786.13,13476,469,275,0.36
23555,LANDMARK FRAME NOTTING HILL,4780.57,421,50,45,11.36
21249,WOODLAND  HEIGHT CHART STICKERS,4770.53,1661,259,156,2.87
21534,DAIRY MAID LARGE MILK JUG,4768.64,938,342,199,5.08
22442,GROW YOUR OWN FLOWERS SET OF 3,4765.32,866,172,140,5.5
23184,BULL DOG BOTTLE OPENER,4764.5,874,264,129,5.45
22128,PARTY CONES CANDY ASSORTED,4759.59,3923,195,143,1.21
20681,PINK SPOTTY CHILDS UMBRELLA,4757.15,1405,341,184,3.39
22688,DOORMAT PEACE ON EARTH BLUE,4756.7,865,93,77,5.5
23389,SPACEBOY MINI RUCKSACK,4751.49,1115,237,159,4.26
21916,SET 12 RETRO WHITE CHALK STICKS,4751.06,11011,713,304,0.43
23286,BLUE VINTAGE SPOT BEAKER,4747.62,5048,222,125,0.94
22474,"TRAY FOR TV DINNER ,SPACEBOY",4746.53,972,254,144,4.88
22672,FRENCH BATHROOM SIGN BLUE METAL,4736.11,2850,370,227,1.66
22399,MAGNETS PACK OF 4 CHILDHOOD MEMORY,4734.6,4040,277,180,1.17
22434,BALLOON PUMP WITH 10 BALLOONS,4733.49,2547,281,203,1.86
85049G,CHOCOLATE BOX RIBBONS,4718.62,3829,510,288,1.23
23569,TRADTIONAL ALPHABET STAMP SET,4717.66,954,192,152,4.95
23159,SET OF 5 PANCAKE DAY MAGNETS,4713.52,2293,223,121,2.06
22305,COFFEE MUG PINK PAISLEY DESIGN,4711.53,2267,144,87,2.08
23558,LANDMARK FRAME LONDON BRIDGE,4703.87,415,52,43,11.33
23176,ABC TREASURE BOOK BOX,4693.08,2165,226,159,2.17
22304,COFFEE MUG BLUE PAISLEY DESIGN,4689.56,2380,167,98,1.97
20961,STRAWBERRY BATH SPONGE,4687.65,3530,514,177,1.33
22562,MONSTERS STENCIL CRAFT,4682.3,3978,393,251,1.18
20963,APPLE BATH SPONGE,4676.15,3459,509,168,1.35
22721,SET OF 3 CAKE TINS SKETCHBOOK,4671.81,1020,297,183,4.58
23241,TREASURE TIN GYMKHANA DESIGN,4669.55,2165,363,183,2.16
22075,6 RIBBONS ELEGANT CHRISTMAS,4660.69,3079,358,201,1.51
82581,TOILET METAL SIGN,4649.0,8399,913,371,0.55
72807B,SET/3 OCEAN SCENT CANDLE JEWEL BOX,4645.87,1059,225,112,4.39
15044B,BLUE PAPER PARASOL,4644.13,1670,189,97,2.78
22574,HEART WOODEN CHRISTMAS DECORATION,4629.17,5074,415,253,0.91
21328,BALLOONS  WRITING SET,4612.63,2441,643,257,1.89
21878,PACK OF 6 SANDCASTLE FLAGS ASSORTED,4586.48,5586,403,225,0.82
22800,ANTIQUE TALL SWIRLGLASS TRINKET POT,4586.4,1127,268,149,4.07
21811,HANGING HEART WITH BELL,4577.18,6340,382,199,0.72
23285,PINK VINTAGE SPOT BEAKER,4572.41,4807,191,108,0.95
10135,COLOURING PENCILS BROWN TUBE,4566.21,4226,324,178,1.08
23404,HOME SWEET HOME BLACKBOARD,4561.76,1011,169,104,4.51
15044D,RED PAPER PARASOL,4559.65,1596,227,105,2.86
23168,CLASSIC SUGAR DISPENSER,4558.67,3291,337,140,1.39
51014A,"FEATHER PEN,HOT PINK",4556.5,6671,376,161,0.68
22601,CHRISTMAS RETROSPOT ANGEL WOOD,4547.19,5250,417,257,0.87
85184D,S/4 BLUE ROUND DECOUPAGE BOXES,4546.78,8311,66,48,0.55
22743,MAKE YOUR OWN FLOWERPOWER CARD KIT,4542.5,1502,351,199,3.02
37447,CERAMIC CAKE DESIGN SPOTTED PLATE,4540.85,2891,364,141,1.57
22736,"RIBBON REEL, MAKING SNOWMEN",4538.28,2527,408,232,1.8
21614,SET OF 12 ROSE BOTANICAL T-LIGHTS,4538.17,1627,194,123,2.79
21506,"FANCY FONT BIRTHDAY CARD,",4534.49,10878,665,310,0.42
21990,MODERN FLORAL STATIONERY SET,4530.54,2453,497,170,1.85
21564,PINK  HEART SHAPE LOVE BUCKET,4524.5,1951,294,134,2.32
22908,PACK OF 20 NAPKINS RED APPLES,4524.0,5610,485,266,0.81
23275,SET OF 3 HANGING OWLS OLLIE BEAK,4521.72,3720,325,171,1.22
23163,REGENCY SUGAR TONGS,4515.22,1832,209,95,2.46
23112,PARISIENNE CURIO CABINET,4507.08,546,241,134,8.25
22760,"TRAY, BREAKFAST IN BED",4506.89,356,120,82,12.66
22451,SILK PURSE RUSSIAN DOLL RED,4496.99,1339,238,134,3.36
23309,SET OF 60 I LOVE LONDON CAKE CASES,4495.85,8275,407,178,0.54
84968E,SET OF 16 VINTAGE BLACK CUTLERY,4490.48,387,98,41,11.6
22747,POPPY'S PLAYHOUSE BATHROOM,4487.2,2035,402,241,2.21
84279P,CHERRY BLOSSOM  DECORATIVE FLASK,4476.67,1145,299,169,3.91
21109,"LARGE CAKE TOWEL, CHOCOLATE SPOTS",4476.49,1173,223,131,3.82
23167,SMALL CERAMIC TOP STORAGE JAR,4476.01,5847,231,129,0.77
23288,GREEN VINTAGE SPOT BEAKER,4444.23,4625,185,107,0.96
23530,"WALL ART,ONLY ONE PERSON",4436.27,1056,87,60,4.2
21064,BOOM BOX SPEAKER BOYS,4432.92,884,171,75,5.01
21864,UNION JACK FLAG PASSPORT COVER,4431.54,1853,411,166,2.39
22299,PIG KEYRING WITH LIGHT & SOUND,4430.82,3912,202,103,1.13
22733,3D TRADITIONAL CHRISTMAS STICKERS,4425.49,3441,338,216,1.29
79341,WILLOW BRANCH LIGHTS.,4423.69,725,79,49,6.1
22291,"SPRING DEC , HANGING CHICK CREAM",4412.93,3193,264,141,1.38
22548,HEADS AND TAILS SPORTING FUN,4404.31,3526,428,293,1.25
84031A,CHARLIE+LOLA RED HOT WATER BOTTLE,4404.02,1098,314,95,4.01
22573,STAR WOODEN CHRISTMAS DECORATION,4403.83,4907,405,235,0.9
21967,PACK OF 12 SKULL TISSUES,4401.44,15652,479,250,0.28
22594,CHRISTMAS GINGHAM TREE,4377.33,4791,412,232,0.91
22449,SILK PURSE RUSSIAN DOLL PINK,4374.45,1323,308,155,3.31
21810,CHRISTMAS HANGING STAR WITH BELL,4374.41,6959,344,171,0.63
85053,FRENCH ENAMEL CANDLEHOLDER,4363.28,2032,378,185,2.15
79320,FLAMINGO LIGHTS,4357.38,904,150,67,4.82
22071,SMALL WHITE RETROSPOT MUG IN BOX,4355.88,1530,256,200,2.85
84598,BOYS ALPHABET IRON ON PATCHES,4350.14,20775,217,30,0.21
20674,GREEN SPOTTY BOWL,4348.52,3412,463,196,1.27
15039,SANDALWOOD FAN,4345.62,5101,306,127,0.85
22227,HANGING HEART MIRROR DECORATION,4344.17,6021,643,195,0.72
23349,ROLL WRAP VINTAGE CHRISTMAS,4342.6,3221,337,214,1.35
21537,RETRO SPOTS PUDDING BOWL,4338.71,1005,256,174,4.32
22611,VINTAGE UNION JACK SHOPPING BAG,4338.63,907,195,135,4.78
22202,MILK PAN PINK RETROSPOT,4336.25,1074,264,91,4.04
84997b,RED 3 PIECE RETROSPOT CUTLERY SET,4322.57,514,85,0,8.41
21899,"KEY FOB , GARAGE DESIGN",4322.47,6676,622,313,0.65
22892,SET OF SALT AND PEPPER TOADSTOOLS,4322.06,3520,295,162,1.23
22425,ENAMEL COLLANDER CREAM,4321.52,854,301,195,5.06
21913,VINTAGE SEASIDE JIGSAW PUZZLES,4302.48,1129,298,170,3.81
47580,TEA TIME DES TEA COSY,4298.6,1662,344,158,2.59
21153,RED SPOTTY TABLECLOTH,4294.69,393,139,91,10.93
21012,ANTIQUE ALL GLASS CANDLESTICK,4293.7,2297,299,112,1.87
23050,RECYCLED ACAPULCO MAT GREEN,4286.55,497,205,116,8.62
84969,BOX OF 6 ASSORTED COLOUR TEASPOONS,4279.93,969,341,100,4.42
23237,SET OF 4 KNICK KNACK TINS LEAVES,4274.39,1053,177,131,4.06
21245,GREEN POLKADOT PLATE,4268.36,2567,304,146,1.66
20966,SANDWICH BATH SPONGE,4265.24,3007,420,137,1.42
22723,SET OF 6 HERB TINS SKETCHBOOK,4262.82,1164,295,170,3.66
72802B,OCEAN SCENT CANDLE IN JEWELLED BOX,4258.97,1559,212,119,2.73
22530,MAGIC SLATE DOLLY GIRL,4257.09,10065,468,285,0.42
20665,RED SPOTTY PURSE,4256.34,1335,348,167,3.19
22312,OFFICE MUG WARMER POLKADOT,4254.05,1233,269,104,3.45
22285,HANGING HEN ON NEST DECORATION,4248.01,2705,261,165,1.57
22744,MAKE YOUR OWN MONSOON CARD KIT,4245.17,1515,300,196,2.8
21556,CERAMIC STRAWBERRY MONEY BOX,4244.41,1607,293,132,2.64
20982,12 PENCILS TALL TUBE SKULLS,4243.8,4851,576,316,0.87
22497,SET OF 2 TINS VINTAGE BATHROOM,4239.07,929,279,160,4.56
21068,VINTAGE BILLBOARD LOVE/HATE MUG,4224.63,4066,373,149,1.04
21355,TOAST ITS - I LOVE YOU,4218.05,3452,341,213,1.22
23089,GLASS BON BON JAR,4215.78,2354,225,101,1.79
72807A,SET/3 ROSE CANDLE IN JEWELLED BOX,4213.54,924,216,95,4.56
22600,CHRISTMAS RETROSPOT STAR WOOD,4209.9,4860,429,278,0.87
22797,CHEST OF DRAWERS GINGHAM HEART,4205.56,242,140,98,17.38
84950,ASSORTED COLOUR T-LIGHT HOLDER,4199.27,6041,274,156,0.7
23144,ZINC T-LIGHT HOLDER STARS SMALL,4197.83,5089,274,180,0.82
23012,GLASS APOTHECARY BOTTLE PERFUME,4197.11,1071,246,151,3.92
22851,SET 20 NAPKINS FAIRY CAKES DESIGN,4193.68,5167,523,306,0.81
21470,FLOWER VINE RAFFIA FOOD COVER,4190.93,1102,319,160,3.8
21474,SWEETHEART CREAM STEEL FOLDIN BENCH,4189.5,210,94,69,19.95
21609,SET 12 LAVENDER  BOTANICAL T-LIGHTS,4186.29,1499,218,142,2.79
21707,FOLDING UMBRELLA BLACKBLUE POLKADOT,4184.95,1005,172,107,4.16
22833,HALL CABINET WITH 3 DRAWERS,4163.54,120,13,9,34.7
22127,PARTY CONES CARNIVAL ASSORTED,4153.11,3468,155,128,1.2
22926,IVORY GIANT GARDEN THERMOMETER,4150.31,680,216,152,6.1
21143,ANTIQUE GLASS HEART DECORATION,4149.15,2088,182,128,1.99
23110,PARISIENNE KEY CABINET,4147.18,700,255,157,5.92
23486,ANTIQUE HEART SHELF UNIT,4145.47,275,74,64,15.07
21590,KINGS CHOICE CIGAR BOX MATCHES,4141.28,3448,286,203,1.2
70006,LOVE HEART POCKET WARMER,4139.56,4438,290,141,0.93
23306,SET OF 36 PANTRY PAPER DOILIES,4123.38,2808,277,182,1.47
23255,CHILDRENS CUTLERY CIRCUS PARADE,4097.22,1014,158,116,4.04
22125,UNION JACK HOT WATER BOTTLE,4089.09,653,183,117,6.26
22807,SET OF 6 T-LIGHTS TOADSTOOLS,4086.56,1375,294,125,2.97
16161U,"WRAP,SUKI AND FRIENDS",4084.92,10026,318,203,0.41
23009,I LOVE LONDON BABY GIFT SET,4082.52,263,103,48,15.52
21911,GARDEN METAL SIGN,4080.85,2546,344,200,1.6
23193,BUFFALO BILL TREASURE BOOK BOX,4079.28,1922,175,109,2.12
21472,LADYBIRD + BEE RAFFIA FOOD COVER,4077.82,1056,285,161,3.86
23194,GYMKHANNA TREASURE BOOK BOX,4077.37,1835,214,142,2.22
84596B,SMALL DOLLY MIX DESIGN ORANGE BOWL,4074.67,6221,725,256,0.65
20981,12 PENCILS TALL TUBE WOODLAND,4069.16,4718,513,290,0.86
21901,"KEY FOB , BACK DOOR",4061.51,6158,688,315,0.66
22359,"GLASS JAR, KINGS CHOICE SOAP",4052.18,1278,202,117,3.17
84580,MOUSE TOY WITH PINK T-SHIRT,4051.94,1057,442,197,3.83
72349B,SET/6 PURPLE BUTTERFLY T-LIGHTS,4049.99,1990,287,123,2.04
35924,HANGING FAIRY CAKE DECORATION,4049.4,2164,188,65,1.87
21717,EASTER TIN BUCKET,4039.63,1554,176,122,2.6
23081,GREEN METAL BOX TOP SECRET,4038.25,483,139,80,8.36
21679,SKULLS  STICKERS,4034.51,4871,370,181,0.83
23340,VINTAGE CHRISTMAS CAKE FRILL,4034.08,2500,151,112,1.61
22639,SET OF 4 NAPKIN CHARMS HEARTS,4021.12,1651,275,192,2.44
22053,EMPIRE DESIGN ROSETTE,4020.89,4551,87,61,0.88
22284,HEN HOUSE DECORATION,4017.74,2465,300,157,1.63
22057,CERAMIC PLATE STRAWBERRY DESIGN,4011.73,3060,260,113,1.31
21349,IVY HEART WREATH,4010.73,553,171,113,7.25
23129,HEART SHAPED HOLLY WREATH,3999.5,950,172,138,4.21
20967,GREY FLORAL FELTCRAFT SHOULDER BAG,3997.34,1055,296,187,3.79
23130,MISTLETOE HEART WREATH GREEN,3988.98,962,184,139,4.15
22245,"HOOK, 1 HANGER ,MAGIC GARDEN",3988.85,4633,413,166,0.86
21987,PACK OF 6 SKULL PAPER CUPS,3988.06,6417,385,209,0.62
22612,TEA COSY VINTAGE UNION JACK,3984.99,1001,109,83,3.98
85206A,CREAM FELT EASTER EGG BASKET,3982.91,2327,318,234,1.71
22959,"WRAPPING PAPER, XMAS VILLAGE",3981.96,9738,284,251,0.41
22731,3D STICKERS CHRISTMAS STAMPS,3965.62,2958,266,165,1.34
21648,ASSORTED TUTTI FRUTTI SMALL PURSE,3956.48,2940,231,96,1.35
22445,PENCIL CASE LIFE IS BEAUTIFUL,3948.86,1287,275,147,3.07
22788,BROCANTE COAT RACK,3942.62,476,84,51,8.28
22454,MEASURING TAPE RUSSIAN DOLL RED,3933.63,1405,179,115,2.8
23557,LANDMARK FRAME BAKER STREET,3930.27,350,32,25,11.23
18097C,WHITE TALL PORCELAIN T-LIGHT HOLDER,3924.92,1763,211,110,2.23
21812,GARLAND WITH HEARTS AND BELLS,3917.49,805,205,103,4.87
22980,PANTRY SCRUBBING BRUSH,3910.01,2363,291,198,1.65
46000M,POLYESTER FILLER PAD 45x45cm,3901.35,2517,353,205,1.55
23049,RECYCLED ACAPULCO MAT RED,3896.84,456,186,103,8.55
22314,OFFICE MUG WARMER CHOC+BLUE,3888.48,1110,249,101,3.5
21192,WHITE BELL HONEYCOMB PAPER,3885.64,2167,216,96,1.79
22790,"MIRROR, ARCHED GEORGIAN",3884.0,200,1,1,19.42
23552,BICYCLE PUNCTURE REPAIR KIT,3881.91,1863,116,93,2.08
37340,MULTICOLOUR SPRING FLOWER MUG,3881.33,13665,204,79,0.28
22843,"BISCUIT TIN, MINT,IVORY, VINTAGE",3858.51,595,177,135,6.48
22475,SKULL DESIGN TV DINNER TRAY,3856.8,769,256,115,5.02
22591,CARDHOLDER GINGHAM CHRISTMAS TREE,3854.15,1347,208,148,2.86
23032,DRAWER KNOB CRACKLE GLAZE IVORY,3853.68,2328,199,117,1.66
23253,16 PIECE CUTLERY SET PANTRY DESIGN,3848.86,258,70,44,14.92
22478,BIRDHOUSE GARDEN MARKER,3848.41,2772,317,176,1.39
22272,FELTCRAFT DOLL MARIA,3848.34,1371,300,207,2.81
22778,GLASS CLOCHE SMALL,3844.46,972,194,107,3.96
21447,12 IVORY ROSE PEG PLACE SETTINGS,3842.63,2776,336,149,1.38
22118,JOY WOODEN BLOCK LETTERS,3842.07,799,271,195,4.81
23111,PARISIENNE SEWING BOX,3839.24,312,138,80,12.31
21055,TOOL BOX SOFT TOY,3839.09,386,222,122,9.95
22777,GLASS CLOCHE LARGE,3838.82,455,100,67,8.44
23131,MISTLETOE HEART WREATH CREAM,3835.98,942,115,91,4.07
22965,3 TRADITIONAl BISCUIT CUTTERS  SET,3834.04,1842,260,187,2.08
21067,VINTAGE RED TEATIME MUG,3830.67,4763,266,130,0.8
85040B,SET/4 BLUE FLOWER CANDLES IN BOWL,3813.78,2451,252,132,1.56
21846,PINK DIAMANTE PEN IN GIFT BOX,3803.4,1601,264,51,2.38
21034,REX CASH+CARRY JUMBO SHOPPER,3801.9,4002,1902,800,0.95
23542,WALL ART 70'S ALPHABET,3800.16,506,89,55,7.51
22579,WOODEN TREE CHRISTMAS SCANDISPOT,3797.28,7152,553,347,0.53
21100,CHARLIE AND LOLA CHARLOTTE BAG,3795.0,2540,269,119,1.49
84016,FLAG OF ST GEORGE CAR FLAG,3791.67,1004,62,43,3.78
22458,CAST IRON HOOK GARDEN FORK,3790.47,1523,173,121,2.49
72802A,ROSE SCENT CANDLE IN JEWELLED BOX,3789.9,914,182,112,4.15
71038,WHITE HANGING BEADS CANDLE HOLDER,3789.25,717,144,85,5.28
22292,"SPRING DEC , HANGING CHICK  YELLOW",3773.74,2779,222,145,1.36
23299,FOOD COVER WITH BEADS SET 2,3772.88,1012,146,110,3.73
84356,POMPOM CURTAIN,3771.04,750,133,58,5.03
21743,STAR PORTABLE TABLE LIGHT,3767.08,1288,182,117,2.92
21627,ELEPHANT CARNIVAL POUFFE,3766.35,195,115,31,19.31
21813,GARLAND WITH STARS AND BELLS,3761.41,815,184,76,4.62
22830,UTILTY CABINET WITH HOOKS,3760.71,181,18,14,20.78
21329,DINOSAURS  WRITING SET,3760.66,2082,555,253,1.81
23127,FELTCRAFT GIRL NICOLE KIT,3759.0,736,194,146,5.11
21845,DAIRY MAID STRIPE MUG,3758.41,2521,158,104,1.49
23092,LARGE ANTIQUE WHITE PHOTO FRAME,3757.78,523,135,96,7.19
22544,MINI JIGSAW SPACEBOY,3756.52,9382,341,196,0.4
85049C,ROMANTIC PINKS RIBBONS,3746.29,2981,500,303,1.26
22162,HEART GARLAND RUSTIC PADDED,3737.9,1218,260,92,3.07
21795,SET OF 3 BLUE STRIPE BASKET,3734.94,441,80,64,8.47
22494,EMERGENCY FIRST AID TIN,3730.92,2765,468,200,1.35
23064,CINDERELLA CHANDELIER,3717.56,221,23,20,16.82
22782,SET 3 WICKER STORAGE BASKETS,3712.3,254,84,75,14.62
21351,CINAMMON & ORANGE WREATH,3702.75,1099,177,113,3.37
23182,TOILET SIGN OCCUPIED OR VACANT,3688.21,3741,433,140,0.99
22398,MAGNETS PACK OF 4 SWALLOWS,3687.48,4239,430,273,0.87
21246,RED SPOTTY BIG BOWL,3685.63,749,209,99,4.92
20692,FLORAL ELEPHANT SOFT TOY,3682.76,908,139,75,4.06
23013,GLASS APOTHECARY BOTTLE TONIC,3674.16,924,223,135,3.98
20785,FUSCHIA RETRO BAR STOOL,3672.35,102,36,14,36.0
22769,CHALKBOARD KITCHEN ORGANISER,3656.86,174,45,32,21.02
23091,ZINC HERB GARDEN CONTAINER,3656.32,580,209,160,6.3
23497,CLASSIC CROME BICYCLE BELL,3656.02,2558,195,150,1.43
22823,CHEST NATURAL WOOD 20 DRAWERS,3655.0,32,18,17,114.22
22962,JAM JAR WITH PINK LID,3640.93,4366,354,183,0.83
85040A,S/4 PINK FLOWER CANDLES IN BOWL,3639.89,2065,400,193,1.76
21486,PINK HEART DOTS HOT WATER BOTTLE,3638.67,1116,294,127,3.26
85232D,SET/3 DECOUPAGE STACKING TINS,3636.66,701,223,120,5.19
23191,BUNDLE OF 3 RETRO NOTE BOOKS,3628.89,2201,281,182,1.65
84558A,3D DOG PICTURE PLAYING CARDS,3628.11,1259,199,116,2.88
22589,CARDHOLDER GINGHAM STAR,3626.78,1317,238,170,2.75
85114B,IVORY ENCHANTED FOREST PLACEMAT,3618.05,2017,223,99,1.79
22461,SAVOY ART DECO CLOCK,3607.81,410,146,82,8.8
23294,SET OF 6 SNACK LOAF BAKING CASES,3607.81,4392,354,214,0.82
21866,UNION JACK FLAG LUGGAGE TAG,3591.5,2168,453,190,1.66
22774,RED DRAWER KNOB ACRYLIC EDWARDIAN,3591.06,2791,184,75,1.29
21509,COWBOYS AND INDIANS BIRTHDAY CARD,3587.22,8696,628,264,0.41
22536,MAGIC SLATE FIDO,3586.24,9091,365,243,0.39
23085,ANTIQUE SILVER BAUBLE LAMP,3583.23,376,78,64,9.53
22944,CHRISTMAS METAL POSTCARD WITH BELLS,3577.99,4870,158,89,0.73
84968F,SET OF 16 VINTAGE SKY BLUE CUTLERY,3571.77,298,131,52,11.99
20784,RED RETRO BAR STOOL,3570.87,101,37,6,35.36
22704,WRAP RED APPLES,3564.76,8678,295,207,0.41
22334,DINOSAUR PARTY BAG + STICKER SET,3552.36,2230,264,180,1.59
21794,CLASSIC FRENCH STYLE BASKET NATURAL,3552.09,713,178,123,4.98
22603,CHRISTMAS RETROSPOT TREE WOOD,3552.09,4143,388,236,0.86
23210,WHITE ROCKING HORSE HAND PAINTED,3551.53,2849,192,115,1.25
22320,BIRDS MOBILE VINTAGE DESIGN,3545.02,598,180,130,5.93
22176,BLUE OWL SOFT TOY,3542.73,1184,258,125,2.99
23332,IVORY WICKER HEART LARGE,3542.71,2059,287,207,1.72
20886,BOX OF 9 PEBBLE CANDLES,3540.22,1777,308,163,1.99
21784,SHOE SHINE BOX,3538.28,290,178,78,12.2
21054,NURSE'S BAG SOFT TOY,3538.0,382,182,119,9.26
20786,BLACK RETRO BAR STOOL,3533.9,99,31,9,35.7
22166,WALL MIRROR RECTANGLE DIAMANTE PINK,3528.75,440,159,31,8.02
47505,MINATURE COLOURED GARDENING SET,3527.42,737,178,129,4.79
21179,NO JUNK MAIL METAL SIGN,3517.9,4284,505,231,0.82
23353,6 GIFT TAGS VINTAGE CHRISTMAS,3510.05,4007,327,227,0.88
22765,NEWSPAPER STAND,3508.3,311,53,36,11.28
22531,MAGIC SLATE CIRCUS PARADE,3507.76,8136,406,251,0.43
23189,SET OF 12 FORK CANDLES,3507.51,1249,141,89,2.81
22902,TOTE BAG I LOVE LONDON,3506.56,1716,199,102,2.04
84352,SILVER CHRISTMAS TREE BAUBLE STAND,3505.58,206,126,90,17.02
22939,APRON APPLE DELIGHT,3502.54,700,181,109,5.0
22076,6 RIBBONS EMPIRE,3490.19,2353,375,197,1.48
21469,POLKA DOT RAFFIA FOOD COVER,3482.01,1165,210,130,2.99
21466,RED FLOWER CROCHET FOOD COVER,3479.79,927,275,147,3.75
22764,"RUSTIC WOODEN CABINET, GLASS DOORS",3462.49,183,25,23,18.92
22309,TEA COSY RED  STRIPE,3459.08,1331,266,117,2.6
21507,"ELEPHANT, BIRTHDAY CARD,",3455.41,8223,584,267,0.42
22172,METAL SHELF WITH RAIL,3451.82,378,185,124,9.13
23350,ROLL WRAP VINTAGE SPOT,3445.08,2712,305,205,1.27
23426,METAL SIGN DROP YOUR PANTS,3444.43,1275,206,126,2.7
85123a,WHITE HANGING HEART T-LIGHT HOLDER,3444.02,516,99,0,6.67
23536,WALL ART VILLAGE SHOW,3442.13,626,85,68,5.5
23232,WRAP VINTAGE PETALS  DESIGN,3436.92,8526,238,188,0.4
23388,WOODLAND MINI RUCKSACK,3432.09,821,154,115,4.18
23354,6 GIFT TAGS 50'S CHRISTMAS,3429.4,3740,322,235,0.92
23065,LARGE JEWELLERY STAND,3427.44,273,99,81,12.55
21039,RED SPOTTY SHOPPING BAG,3423.65,1313,228,141,2.61
23156,SET OF 5 MINI GROCERY MAGNETS,3423.29,1665,205,117,2.06
23014,GLASS APOTHECARY BOTTLE ELIXIR,3419.58,856,209,122,3.99
21191,LARGE WHITE HONEYCOMB PAPER BELL,3408.61,1479,201,96,2.3
21902,"KEY FOB , FRONT  DOOR",3408.03,5359,474,250,0.64
21364,PEACE SMALL WOOD LETTERS,3407.72,468,167,118,7.28
84472,PINK AND LILAC QUILTED THROW,3402.32,87,30,23,39.11
37501,TEA TIME TEA SET IN GIFT BOX,3401.15,481,177,106,7.07
22440,BALLOON WATER BOMB PACK OF 35,3399.41,8523,292,187,0.4
21123,SET/10 IVORY SPOTTY PARTY CANDLES,3393.06,2751,252,125,1.23
22459,CAST IRON HOOK GARDEN TROWEL,3389.74,1378,172,124,2.46
44230,SQUARE MIRROR CURTAIN,3381.62,347,53,25,9.75
22428,ENAMEL FIRE BUCKET CREAM,3379.67,459,191,126,7.36
21327,SKULLS WRITING SET,3378.51,1926,495,212,1.75
22862,LOVE HEART NAPKIN BOX,3373.22,758,221,143,4.45
22822,CREAM WALL PLANTER HEART SHAPED,3367.35,581,183,139,5.8
21211,SET OF 72 SKULL PAPER  DOILIES,3365.64,2405,237,139,1.4
84797A,PINK HAWAIIAN PICNIC HAMPER FOR 4,3361.25,481,44,21,6.99
22223,CAKE PLATE LOVEBIRD PINK,3359.66,726,175,89,4.63
22452,MEASURING TAPE RUSSIAN DOLL PINK,3358.1,1271,255,112,2.64
22477,WATERING CAN GARDEN MARKER,3356.74,2414,276,155,1.39
23239,SET OF 4 KNICK KNACK TINS POPPIES,3353.84,842,178,125,3.98
22047,EMPIRE GIFT WRAP,3351.0,8250,261,211,0.41
15058B,PINK WHITE SPOTS GARDEN PARASOL,3327.67,438,156,65,7.6
21917,SET 12 KIDS  WHITE CHALK STICKS,3324.22,8010,467,246,0.42
22136,LOVE HEART SOCK HANGER,3322.22,1989,265,117,1.67
84828,JUNGLE POPSICLES ICE LOLLY MOULDS,3315.18,2503,353,146,1.32
84813,SET OF 4 DIAMOND NAPKIN RINGS,3300.76,422,99,53,7.82
22183,CAKE STAND VICTORIAN FILIGREE MED,3297.25,586,209,58,5.63
20702,PINK PADDED MOBILE,3296.7,782,245,151,4.22
22122,SET OF 2 FANCY FONT TEA TOWELS,3290.08,1095,191,113,3.0
37410,BLACK AND WHITE PAISLEY FLOWER MUG,3288.65,25707,33,13,0.13
22281,EASTER TREE YELLOW BIRDS,3285.86,511,149,83,6.43
22762,CUPBOARD 3 DRAWER MA CAMPAGNE,3276.62,204,133,91,16.06
23308,SET OF 60 VINTAGE LEAF CAKE CASES,3272.61,6139,382,209,0.53
22967,SET 3 SONG BIRD PAPER EGGS ASSORTED,3271.41,1171,138,122,2.79
22794,SWEETHEART WIRE MAGAZINE RACK,3271.35,389,209,130,8.41
84975,HEART SHAPED MIRROR,3266.4,1990,212,115,1.64
21467,CHERRY CROCHET FOOD COVER,3263.75,1025,254,145,3.18
84031B,CHARLIE LOLA BLUE HOT WATER BOTTLE,3263.03,839,271,80,3.89
23395,BELLE JARDINIERE CUSHION COVER,3257.08,748,210,141,4.35
23053,RECYCLED ACAPULCO MAT PINK,3254.32,364,164,105,8.94
84510A,SET OF 4 ENGLISH ROSE COASTERS,3254.14,2402,474,200,1.35
21477,STRING OF 20 ROSE LIGHTS,3248.94,273,45,35,11.9
84849B,FAIRY SOAP SOAP HOLDER,3244.14,1936,293,123,1.68
22419,LIPSTICK PEN RED,3242.59,6847,509,191,0.47
21829,DINOSAUR KEYRINGS ASSORTED,3242.18,15035,409,211,0.22
22792,FLUTED ANTIQUE CANDLE HOLDER,3241.13,3489,262,128,0.93
18098C,PORCELAIN BUTTERFLY OIL BURNER,3231.13,1223,236,104,2.64
23051,RECYCLED ACAPULCO MAT BLUE,3223.49,365,162,95,8.83
20992,JAZZ HEARTS PURSE NOTEBOOK,3220.4,6151,433,222,0.52
22972,CHILDRENS SPACEBOY MUG,3219.74,1882,243,147,1.71
23230,WRAP ALPHABET DESIGN,3217.92,7976,235,178,0.4
21732,RED HANGING METAL STAR TLIGHT HLDR,3214.57,925,58,50,3.48
21473,SWEETHEART CREAM STEEL TABLE RECT,3212.16,157,90,65,20.46
22194,BLACK DINER WALL CLOCK,3212.1,373,160,100,8.61
84837,WHITE SWEETHEARTS CABINET 4 DRAWERS,3210.04,251,143,109,12.79
79323GR,GREEN CHERRY LIGHTS,3209.36,532,83,60,6.03
23393,HOME SWEET HOME CUSHION COVER,3207.91,801,229,165,4.0
23035,DRAWER KNOB CERAMIC IVORY,3199.99,2191,191,110,1.46
84596F,SMALL MARSHMALLOWS PINK BOWL,3196.43,4720,600,216,0.68
79164,BLACK WINE GLASS,3196.01,3653,91,43,0.87
21333,CLASSIC WHITE FRAME,3192.09,1057,222,150,3.02
21111,"SWISS ROLL TOWEL, CHOCOLATE  SPOTS",3187.16,1379,214,109,2.31
21830,ASSORTED CREEPY CRAWLIES,3185.6,7658,256,151,0.42
21628,TRIANGULAR POUFFE VINTAGE,3185.28,164,87,24,19.42
22503,CABIN BAG VINTAGE PAISLEY,3178.02,141,54,29,22.54
23342,MINT DINER WALL CLOCK,3176.41,373,163,105,8.52
22773,GREEN DRAWER KNOB ACRYLIC EDWARDIAN,3171.11,2392,227,95,1.33
21557,SET OF 6 FUNKY BEAKERS,3169.39,932,302,71,3.4
22863,SOAP DISH BROCANTE,3166.61,1107,169,120,2.86
21949,SET OF 6 STRAWBERRY CHOPSTICKS,3164.18,2598,269,91,1.22
22702,BLACK AND WHITE CAT BOWL,3156.32,1589,94,66,1.99
82494l,WOODEN FRAME ANTIQUE WHITE,3155.93,378,86,0,8.35
22700,BLACK AND WHITE DOG BOWL,3155.4,1384,98,79,2.28
84944,SET OF 6 KASHMIR FOLKART BAUBLES,3153.88,1135,194,122,2.78
15058A,BLUE WHITE SPOTS GARDEN PARASOL,3153.73,476,148,76,6.63
21519,GIN & TONIC DIET GREETING CARD,3149.93,7356,553,181,0.43
22406,TIN CAN KINGS CHOICE DESIGN,3149.35,2487,217,145,1.27
23323,WHITE WICKER STAR,3146.78,1469,294,210,2.14
22313,OFFICE MUG WARMER PINK,3146.07,985,137,74,3.19
21705,BAG 500g SWIRLY MARBLES,3145.71,2534,225,142,1.24
22325,MOBILE VINTAGE HEARTS,3139.99,699,224,129,4.49
21820,GLITTER HEART GARLAND WITH BELLS,3132.39,795,180,112,3.94
82578,KITCHEN METAL SIGN,3129.24,5595,704,322,0.56
22095,LADS ONLY TISSUE BOX,3123.03,2978,284,125,1.05
22347,PIZZA SLICE DISH,3119.18,2716,115,50,1.15
22310,KNITTED MUG COSY IVORY COLOUR,3113.94,1739,223,64,1.79
23346,SPACEBOY BEAKER,3112.34,2628,184,106,1.18
21352,EUCALYPTUS & PINECONE  WREATH,3110.28,880,158,77,3.53
21272,SALLE DE BAIN HOOK,3109.83,2348,339,167,1.32
22891,TEA FOR ONE POLKADOT,3103.7,644,230,108,4.82
22177,5 HOOK BLACKBOARD ORGANISER,3101.46,325,125,90,9.54
84997d,PINK 3 PIECE POLKADOT CUTLERY SET,3097.38,371,82,0,8.35
47504K,ENGLISH ROSE GARDEN SECATEURS,3096.08,2654,312,210,1.17
22129,PARTY CONES CANDY TREE DECORATION,3095.12,3246,174,97,0.95
22572,ROCKING HORSE GREEN CHRISTMAS,3087.18,3439,362,211,0.9
85227,SET/6 3D KIT CARDS FOR KIDS,3086.44,3440,442,225,0.9
20956,PORCELAIN T-LIGHT HOLDERS ASSORTED,3083.82,2338,236,117,1.32
79072,TEATIME CAKE TIN WITH HANDLE,3083.2,284,107,41,10.86
22963,JAM JAR WITH GREEN LID,3079.41,3696,319,170,0.83
84279B,CHERRY BLOSSOM DECORATIVE FLASK,3076.92,808,215,140,3.81
21765,HANGING METAL BIRD BATH,3076.39,371,143,103,8.29
22372,AIRLINE BAG VINTAGE WORLD CHAMPION,3073.43,604,287,163,5.09
22154,ANGEL DECORATION 3 BUTTONS,3073.32,7114,317,163,0.43
84912B,GREEN ROSE WASHBAG,3072.64,1125,259,56,2.73
22473,TV DINNER TRAY VINTAGE PAISLEY,3070.92,811,209,120,3.79
22757,LARGE RED BABUSHKA NOTEBOOK,3070.18,2696,308,161,1.14
21206,STRAWBERRY HONEYCOMB  GARLAND,3067.9,2155,238,117,1.42
21786,RAIN HAT WITH RED SPOTS,3049.03,7471,450,131,0.41
20985,HEART CALCULATOR,3047.99,2370,291,162,1.29
21408,SPOTTY PINK DUCK DOORSTOP,3045.31,703,240,114,4.33
22754,SMALL RED BABUSHKA NOTEBOOK,3044.86,3924,492,237,0.78
23461,SWEETHEART BIRD HOUSE,3041.21,847,94,75,3.59
23329,DECORATIVE WICKER HEART LARGE,3038.19,1767,233,168,1.72
22208,WOOD STAMP SET THANK YOU,3036.95,2366,433,237,1.28
22037,ROBOT BIRTHDAY CARD,3035.7,7054,634,270,0.43
15044C,PURPLE PAPER PARASOL,3027.26,967,231,100,3.13
23390,DOLLY GIRL MINI RUCKSACK,3025.59,747,163,117,4.05
23242,TREASURE TIN BUFFALO BILL,3024.63,1470,214,132,2.06
22067,CHOC TRUFFLE GOLD TRINKET POT,3019.32,1855,252,108,1.63
21626,VINTAGE UNION JACK PENNANT,3017.07,1496,204,136,2.02
22402,MAGNETS PACK OF 4 VINTAGE COLLAGE,3012.78,3431,250,158,0.88
22805,BLUE DRAWER KNOB ACRYLIC EDWARDIAN,3008.82,2207,231,89,1.36
23231,WRAP DOILEY DESIGN,3008.34,7277,260,190,0.41
22712,CARD DOLLY GIRL,3002.42,7295,508,209,0.41
22755,SMALL PURPLE BABUSHKA NOTEBOOK,2997.63,3776,499,243,0.79
84912A,PINK ROSE WASHBAG,2996.44,1094,231,59,2.74
22132,RED LOVE HEART SHAPE CUP,2989.81,3345,388,154,0.89
22925,BLUE GIANT GARDEN THERMOMETER,2989.52,488,191,130,6.13
21354,TOAST ITS - BEST MUM,2979.46,2476,217,123,1.2
22375,AIRLINE BAG VINTAGE JET SET BROWN,2969.29,590,284,135,5.03
22519,CHILDS GARDEN BRUSH PINK,2968.77,1425,258,142,2.08
84997c,CHILDRENS CUTLERY POLKADOT BLUE,2958.87,353,75,0,8.38
22905,CALENDAR IN SEASON DESIGN,2957.17,1077,194,111,2.75
22674,FRENCH TOILET SIGN BLUE METAL,2956.33,2377,297,182,1.24
22664,TOY TIDY DOLLY GIRL DESIGN,2954.19,1429,266,107,2.07
22816,CARD MOTORBIKE SANTA,2950.93,6856,436,258,0.43
22927,GREEN GIANT GARDEN THERMOMETER,2948.57,468,162,101,6.3
23211,RED ROCKING HORSE HAND PAINTED,2930.57,2329,160,82,1.26
22277,COSMETIC BAG VINTAGE ROSE PAISLEY,2927.49,1400,250,147,2.09
85049D,BRIGHT BLUES RIBBONS,2922.96,2330,400,263,1.25
21948,SET OF 6 CAKE CHOPSTICKS,2921.36,2293,267,71,1.27
21214,SET OF 72 IVORY PAPER DOILIES,2920.82,2006,199,106,1.46
22990,COTTON APRON PANTRY DESIGN,2917.43,633,164,117,4.61
22518,CHILDS GARDEN BRUSH BLUE,2899.8,1398,266,141,2.07
23056,FLOWERS CHANDELIER T-LIGHT HOLDER,2898.12,963,39,33,3.01
22897,OVEN MITT APPLES DESIGN,2894.75,1956,298,190,1.48
23290,SPACEBOY CHILDRENS BOWL,2890.35,2430,214,125,1.19
22184,CAKE STAND VICTORIAN FILIGREE LARGE,2887.07,389,146,60,7.42
23345,DOLLY GIRL BEAKER,2886.25,2451,174,100,1.18
22955,36 FOIL STAR CAKE CASES,2885.26,1448,185,131,1.99
22811,SET OF 6 T-LIGHTS CACTI,2884.13,1021,140,51,2.82
21709,FOLDING UMBRELLA CHOCOLATE POLKADOT,2876.72,696,117,69,4.13
21465,PINK FLOWER CROCHET FOOD COVER,2875.64,793,187,117,3.63
20752,RETRO BLUE SPOTTY WASHING UP GLOVES,2868.2,1500,358,188,1.91
21821,GLITTER STAR GARLAND WITH BELLS,2866.6,713,153,86,4.02
22480,RED TEA TOWEL CLASSIC DESIGN,2863.06,2368,263,197,1.21
21424,WOODLAND STORAGE BOX LARGE,2861.64,955,142,51,3.0
23212,PAINTED HEART WREATH WITH BELL,2860.89,2296,186,104,1.25
23427,STOOL HOME SWEET HOME,2860.58,237,114,87,12.07
22293,"SPRING DEC , HANGING CHICK  GREEN",2860.2,2034,225,114,1.41
22949,SET OF 36 DOLLY GIRL PAPER DOILIES,2858.19,2010,177,130,1.42
22581,WOOD STOCKING CHRISTMAS SCANDISPOT,2852.63,3565,380,208,0.8
23504,PLAYING CARDS JUBILEE UNION JACK,2848.89,1927,208,164,1.48
22930,BAKING MOULD HEART MILK CHOCOLATE,2846.8,1108,189,120,2.57
21324,HANGING MEDINA LANTERN SMALL,2845.71,1014,175,101,2.81
21688,SILVER PLATE CANDLE BOWL SMALL,2845.65,912,142,97,3.12
22983,"CARD, BILLBOARD FONT",2843.55,6695,551,264,0.42
23196,VINTAGE LEAF MAGNETIC NOTEPAD,2842.24,1872,298,170,1.52
21439,BASKET OF TOADSTOOLS,2837.54,2259,240,112,1.26
22576,SWALLOW WOODEN CHRISTMAS DECORATION,2835.08,3132,330,191,0.91
22710,WRAP I LOVE LONDON,2821.28,7184,173,112,0.39
22217,T-LIGHT HOLDER HANGING LACE,2814.81,2374,214,152,1.19
22671,FRENCH LAUNDRY SIGN BLUE METAL,2811.34,1688,246,140,1.67
21508,VINTAGE KID DOLLY CARD,2808.62,6716,541,215,0.42
35001W,HAND OPEN SHAPE DECO.WHITE,2806.69,883,190,78,3.18
22450,SILK PURSE RUSSIAN DOLL BLUE,2798.28,834,180,117,3.36
84909A,PINK PAISLEY QUILT,2797.55,209,30,24,13.39
22974,CHILDRENS DOLLY GIRL MUG,2795.81,1636,211,128,1.71
22696,WICKER WREATH LARGE,2790.83,1415,288,203,1.97
21360,JOY LARGE WOOD LETTERS,2790.41,441,100,81,6.33
22101,MIRROR MOSAIC VOTIVE HOLDER,2790.27,1909,116,44,1.46
85199S,SMALL HANGING IVORY/RED WOOD BIRD,2789.28,6022,486,188,0.46
84519A,TOMATO CHARLIE+LOLA COASTER SET,2788.45,1200,203,96,2.32
21796,SET OF 3 RED STRIPE BASKETS,2782.19,324,67,57,8.59
21728,METAL MEDINA LANTERN,2773.11,298,40,33,9.31
21188,3D HEARTS  HONEYCOMB PAPER GARLAND,2771.34,912,128,69,3.04
21682,LARGE MEDINA STAMPED METAL BOWL,2767.59,559,152,116,4.95
85132B,CHARLIE AND LOLA TABLE TINS,2767.53,919,123,73,3.01
22597,MUSICAL ZINC HEART DECORATION,2766.08,4613,291,167,0.6
22416,SET OF 36 SPACEBOY PAPER DOILIES,2763.36,1970,176,122,1.4
23190,BUNDLE OF 3 SCHOOL EXERCISE BOOKS,2761.9,1702,202,145,1.62
22081,RIBBON REEL FLORA + FAUNA,2761.04,1559,302,170,1.77
21683,MEDIUM MEDINA STAMPED METAL BOWL,2757.47,936,152,96,2.95
22675,FRENCH KITCHEN SIGN BLUE METAL,2754.95,2227,270,179,1.24
15058C,ICE CREAM DESIGN GARDEN PARASOL,2753.72,470,122,56,5.86
22145,CHRISTMAS CRAFT HEART STOCKING,2752.66,1306,197,153,2.11
84795C,OCEAN STRIPE HAMMOCK,2752.59,325,131,70,8.47
23147,SINGLE ANTIQUE ROSE HOOK IVORY,2752.2,1868,261,170,1.47
51014C,"FEATHER PEN,COAL BLACK",2751.5,4268,265,108,0.64
23396,LE JARDIN BOTANIQUE CUSHION COVER,2750.53,654,196,134,4.21
85015,SET OF 12  VINTAGE POSTCARD SET,2750.0,2908,254,133,0.95
22315,200 RED + WHITE BENDY STRAWS,2749.51,2136,387,191,1.29
22525,CHILDRENS GARDEN GLOVES PINK,2748.79,1946,328,189,1.41
23266,SET OF 3 WOODEN STOCKING DECORATION,2743.82,2053,319,201,1.34
23341,PINK DINER WALL CLOCK,2741.35,307,121,75,8.93
22482,BLUE TEA TOWEL CLASSIC DESIGN,2739.43,2319,214,154,1.18
23100,SILVER BELLS TABLE DECORATION,2739.38,2166,257,180,1.26
22161,HEART DECORATION RUSTIC HANGING,2738.28,6726,489,156,0.41
85183B,CHARLIE & LOLA WASTEPAPER BIN FLORA,2731.76,1725,171,124,1.58
22066,LOVE HEART TRINKET POT,2729.16,3435,273,185,0.79
21788,KIDS RAIN MAC BLUE,2725.09,3375,206,141,0.81
22651,GENTLEMAN SHIRT REPAIR KIT,2720.86,3175,270,112,0.86
22818,CARD CHRISTMAS VILLAGE,2720.86,6290,404,252,0.43
22914,BLUE COAT RACK PARIS FASHION,2720.66,570,170,117,4.77
47503J,SET/3 FLORAL GARDEN TOOLS IN BAG,2719.38,344,75,31,7.91
23164,REGENCY CAKE SLICE,2718.65,578,92,70,4.7
22650,CERAMIC PIRATE CHEST MONEY BANK,2717.88,1786,282,150,1.52
21808,"CHRISTMAS GARLAND STARS,TREES",2715.53,1001,144,70,2.71
47480,HANGING PHOTO CLIP ROPE LADDER,2713.98,1638,150,62,1.66
22524,CHILDRENS GARDEN GLOVES BLUE,2713.23,1925,293,188,1.41
22231,JIGSAW TREE WITH BIRDHOUSE,2712.48,2135,297,166,1.27
21096,SET/6 FRUIT SALAD  PAPER PLATES,2711.71,15919,143,91,0.17
23407,SET OF 2 TRAYS HOME SWEET HOME,2709.43,265,133,103,10.22
23489,VINTAGE BELLS GARLAND,2709.23,913,159,125,2.97
23292,SPACEBOY CHILDRENS CUP,2703.33,2181,222,113,1.24
21744,SNOWFLAKE PORTABLE TABLE LIGHT,2697.16,898,217,131,3.0
23333,IVORY WICKER HEART MEDIUM,2695.45,2089,233,179,1.29
85035C,ROSE 3 WICK MORRIS BOX CANDLE,2693.85,1356,197,129,1.99
21224,SET/4 SKULL BADGES,2691.91,2171,312,140,1.24
22479,DAISY GARDEN MARKER,2691.19,1939,214,129,1.39
23264,SET OF 3 WOODEN SLEIGH DECORATIONS,2690.81,1963,299,177,1.37
22436,12 COLOURED PARTY BALLOONS,2687.05,4215,289,173,0.64
21204,DAISIES  HONEYCOMB GARLAND,2682.99,1608,205,109,1.67
22495,SET OF 2 ROUND TINS CAMEMBERT,2682.32,940,237,165,2.85
90057,DIAMANTE RING ASSORTED IN BOX.,2675.88,1804,37,29,1.48
22155,STAR DECORATION RUSTIC,2671.81,5925,340,165,0.45
22028,PENNY FARTHING BIRTHDAY CARD,2665.13,6344,507,203,0.42
21923,RED/CREAM STRIPE FRINGE HAMMOCK,2662.64,337,119,80,7.9
85049B,LUSH GREENS RIBBONS,2653.3,2126,338,224,1.25
22094,RED RETROSPOT TISSUE BOX,2649.05,3557,339,181,0.74
21693,SMALL HAMMERED SILVER CANDLEPOT,2648.62,871,120,84,3.04
22500,SET OF 2 TINS JARDIN DE PROVENCE,2647.31,580,198,155,4.56
21742,LARGE ROUND WICKER PLATTER,2647.28,437,193,156,6.06
23146,TRIPLE HOOK ANTIQUE IVORY ROSE,2645.26,798,227,151,3.31
22152,PLACE SETTING WHITE STAR,2642.28,6241,241,154,0.42
21897,POTTING SHED CANDLE CITRONELLA,2641.36,866,106,86,3.05
22270,HAPPY EASTER HANGING DECORATION,2638.67,685,153,104,3.85
84754,S/15 SILVER GLASS BAUBLES IN BAG,2634.59,2083,218,129,1.26
85049F,BABY BOOM RIBBONS,2634.0,2110,314,206,1.25
22146,EASTER CRAFT IVY WREATH WITH CHICK,2633.13,1413,107,93,1.86
22376,AIRLINE BAG VINTAGE JET SET WHITE,2632.18,529,246,145,4.98
84012,MAGIC SHEEP WOOL GROWING FROM PAPER,2628.47,1838,179,127,1.43
21422,PORCELAIN ROSE SMALL,2619.17,3160,147,71,0.83
22758,LARGE PURPLE BABUSHKA NOTEBOOK,2618.35,2437,314,151,1.07
84849D,HOT BATHS SOAP HOLDER,2618.27,1558,260,122,1.68
22713,CARD I LOVE LONDON,2616.12,6084,368,148,0.43
72800E,4 IVORY DINNER CANDLES SILVER FLOCK,2613.82,1388,286,139,1.88
22046,TEA PARTY  WRAPPING PAPER,2613.5,6375,208,147,0.41
47585A,PINK FAIRY CAKE CUSHION COVER,2612.88,1084,148,66,2.41
85034B,3 WHITE CHOC MORRIS BOXED CANDLES,2606.64,1183,152,95,2.2
23054,RECYCLED ACAPULCO MAT LAVENDER,2604.93,295,130,81,8.83
85034C,3 ROSE MORRIS BOXED CANDLES,2604.15,1314,197,130,1.98
72799E,IVORY PILLAR CANDLE SILVER FLOCK,2600.64,1232,178,105,2.11
37502,TEA TIME MUG IN GIFT BOX,2599.79,868,171,97,3.0
22439,6 ROCKET BALLOONS,2599.01,3891,363,216,0.67
22190,LOCAL CAFE MUG,2591.67,1400,242,88,1.85
90062,CARNIVAL BRACELET,2591.42,204,109,33,12.7
22933,BAKING MOULD EASTER EGG MILK CHOC,2585.92,940,122,82,2.75
21589,SWALLOW GIANT TUBE MATCHES,2583.45,1119,88,73,2.31
21171,BATHROOM METAL SIGN,2578.27,1845,260,142,1.4
21642,ASSORTED TUTTI FRUTTI PEN,2575.18,4413,251,150,0.58
82597,BOMBS AWAY METAL SIGN,2569.66,1210,215,106,2.12
22471,TV DINNER TRAY AIR HOSTESS,2568.76,627,176,91,4.1
21653,GLASS ETCHED T-LIGHT HOLDER LARGE,2565.67,1246,111,75,2.06
22828,REGENCY MIRROR WITH SHUTTERS,2565.0,17,11,9,150.88
22937,BAKING MOULD CUPCAKE CHOCOLATE,2563.24,972,160,122,2.64
21288,STRIPEY CHOCOLATE NESTING BOXES,2557.47,982,224,105,2.6
20960,WATERMELON BATH SPONGE,2550.84,1900,215,85,1.34
21818,GLITTER HEART DECORATION,2549.45,4196,285,197,0.61
22735,RIBBON REEL SOCKS AND MITTENS,2541.38,1434,231,133,1.77
85035B,CHOCOLATE 3 WICK MORRIS BOX CANDLE,2539.29,986,131,75,2.58
21898,POTTING SHED ROSE CANDLE,2538.81,827,113,73,3.07
20787,BLUE RETRO BAR STOOL,2535.1,69,30,7,36.74
21215,IVORY PAPER CUP CAKE CASES,2533.88,4349,291,127,0.58
21203,BUTTERFLIES  HONEYCOMB GARLAND,2527.0,1539,145,85,1.64
23681,LUNCH BAG RED VINTAGE DOILY,2525.04,1576,132,105,1.6
22342,HOME GARLAND PAINTED ZINC,2521.25,1817,230,109,1.39
22415,WHITE TISSUE REAM,2520.15,317,204,156,7.95
21792,CLASSIC FRENCH STYLE BASKET GREEN,2517.88,494,141,110,5.1
21431,GREEN GINGHAM FLOWER JEWELLERY BOX,2511.36,1483,278,167,1.69
23424,GINGHAM RECIPE BOOK BOX,2509.62,462,135,87,5.43
21323,HANGING MEDINA LANTERN LARGE,2506.89,740,80,46,3.39
23316,RED REFECTORY CLOCK,2501.64,250,110,75,10.01
82567,"AIRLINE LOUNGE,METAL SIGN",2498.98,1207,489,136,2.07
85054,FRENCH ENAMEL POT W LID,2495.02,916,204,107,2.72
23367,SET 12 COLOUR PENCILS SPACEBOY,2491.2,3278,282,184,0.76
85041,SET/4 PINK ORCHID CANDLES IN BOWL,2489.87,1853,92,64,1.34
21924,BLUE/CREAM STRIPE FRINGE HAMMOCK,2486.66,315,123,82,7.89
22091,EMPIRE TISSUE BOX,2485.86,3179,324,184,0.78
21680,WOODLAND  STICKERS,2483.68,2858,268,110,0.87
85206B,PINK FELT EASTER EGG BASKET,2477.3,1538,183,138,1.61
22742,MAKE YOUR OWN PLAYTIME CARD KIT,2475.3,1002,180,132,2.47
22153,ANGEL DECORATION STARS ON DRESS,2469.16,5705,283,136,0.43
22829,SWEETHEART WIRE WALL TIDY,2468.57,241,118,83,10.24
22852,ENAMEL DOG BOWL CREAM,2467.11,565,160,108,4.37
22676,"FRENCH BLUE METAL DOOR SIGN, 1",2464.98,1830,305,105,1.35
21686,MEDINA STAMPED METAL STOOL,2460.14,65,33,10,37.85
23352,ROLL WRAP 50'S RED CHRISTMAS,2459.2,1800,212,151,1.37
21616,4 PEAR BOTANICAL DINNER CANDLES,2458.58,1152,191,126,2.13
84509F,SET OF 4 NEW ENGLAND PLACEMATS,2456.1,2781,46,32,0.88
20668,DISCO BALL CHRISTMAS DECORATION,2454.88,20951,367,181,0.12
22911,PAPER CHAIN KIT LONDON,2454.35,853,164,115,2.88
21330,WOODLAND ANIMAL  WRITING SET,2454.07,1452,201,101,1.69
84509B,SET OF 4 FAIRY CAKE PLACEMATS,2452.67,649,196,101,3.78
21747,SMALL SKULL WINDMILL,2452.35,2049,153,83,1.2
21823,PAINTED METAL HEART WITH HOLLY BELL,2447.72,2468,212,136,0.99
21789,KIDS RAIN MAC PINK,2437.07,2920,218,138,0.83
84840,SWEETHEART CARRY-ALL BASKET,2430.82,282,140,110,8.62
22021,BLUE FELT EASTER EGG BASKET,2430.31,1413,233,161,1.72
21809,CHRISTMAS HANGING TREE WITH BELL,2427.89,3015,207,118,0.81
22448,PIN CUSHION RUSSIAN DOLL RED,2426.73,753,121,79,3.22
21462,"NURSERY A,B,C PAINTED LETTERS",2425.41,413,171,131,5.87
23406,HOME SWEET HOME KEY HOLDER,2422.66,456,111,65,5.31
22537,MAGIC SLATE DINOSAUR,2420.91,5861,350,225,0.41
21274,EMBOSSED HEART 3 DRAWER SHELF,2420.69,175,105,61,13.83
21973,SET OF 36 MUSHROOM PAPER DOILIES,2420.03,1670,210,117,1.45
22613,PACK OF 20 SPACEBOY NAPKINS,2419.76,3051,273,166,0.79
21106,CREAM SLICE FLANNEL CHOCOLATE SPOT,2419.68,790,169,98,3.06
22789,T-LIGHT HOLDER SWEETHEART HANGING,2419.54,1238,196,138,1.95
22609,PENS ASSORTED SPACEBALL,2414.54,7087,201,118,0.34
22362,GLASS JAR PEACOCK BATH SALTS,2410.53,747,253,133,3.23
22540,MINI JIGSAW CIRCUS PARADE,2410.29,6162,189,114,0.39
23400,SHELF WITH 4 HOOKS HOME SWEET HOME,2409.34,461,107,76,5.23
23265,SET OF 3 WOODEN TREE DECORATIONS,2404.79,1769,293,180,1.36
85059,FRENCH ENAMEL WATER BASIN,2399.89,701,211,108,3.42
21540,DAIRY MAID CERAMIC BUTTER DISH,2394.95,1323,87,52,1.81
22986,WRAP GINGHAM ROSE,2389.9,5795,204,162,0.41
85036A,GARDENIA 1 WICK MORRIS BOXED CANDLE,2389.21,619,165,117,3.86
84818,DANISH ROSE PHOTO FRAME,2382.25,1788,214,122,1.33
84795B,SUNSET CHECK HAMMOCK,2379.09,298,96,56,7.98
23028,DRAWER KNOB CRACKLE GLAZE BLUE,2377.13,1369,137,88,1.74
22566,"FELTCRAFT HAIRBAND S/2, PINK/PURPLE",2373.82,2836,297,192,0.84
23437,GIFT BAG LARGE 50'S CHRISTMAS,2373.63,1939,131,108,1.22
10133,COLOURING PENCILS BROWN TUBE,2373.26,3837,289,153,0.62
47570,ENGLISH ROSE TABLE CLOTH,2373.01,220,78,47,10.79
23498,CLASSIC BICYCLE CLIPS,2372.68,1640,99,77,1.45
23048,SET OF 10 LANTERNS FAIRY LIGHT STAR,2368.37,577,99,81,4.1
23436,VINTAGE CHRISTMAS GIFT BAG LARGE,2367.39,1979,114,91,1.2
21262,WHITE GOOSE FEATHER CHRISTMAS TREE,2366.02,606,132,69,3.9
85034A,3 GARDENIA MORRIS BOXED CANDLES,2364.82,846,135,92,2.8
21468,BUTTERFLY CROCHET FOOD COVER,2361.39,669,142,91,3.53
21873,IF YOU CAN'T STAND THE HEAT MUG,2360.01,2010,199,98,1.17
23401,RUSTIC MIRROR WITH LACE HEART,2354.87,459,83,59,5.13
23412,HEART MIRROR ANTIQUE WHITE,2354.8,358,76,64,6.58
22421,LIPSTICK PEN FUSCHIA,2351.86,4721,406,172,0.5
21824,PAINTED METAL STAR WITH HOLLY BELLS,2351.46,2782,211,137,0.85
21437,24 HANGING EASTER EGGS FLORAL TUB,2350.92,677,109,88,3.47
21126,SET OF 6 GIRLS CELEBRATION CANDLES,2349.22,2325,285,169,1.01
22642,SET OF 4 NAPKIN CHARMS STARS,2348.47,989,141,113,2.37
85035A,GARDENIA 3 WICK MORRIS BOXED CANDLE,2344.9,646,178,113,3.63
84459B,YELLOW METAL CHICKEN HEART,2341.77,1475,213,115,1.59
22321,BIRD DECORATION RED SPOT,2339.95,2528,305,118,0.93
21708,FOLDING UMBRELLA CREAM POLKADOT,2336.48,611,129,72,3.82
21826,EIGHT PIECE DINOSAUR SET,2326.87,1800,240,136,1.29
22251,BIRDHOUSE DECORATION MAGIC GARDEN,2317.64,1871,298,141,1.24
22306,SILVER MUG BONE CHINA TREE OF LIFE,2316.2,1621,163,125,1.43
22973,CHILDRENS CIRCUS PARADE MUG,2314.33,1361,155,88,1.7
21615,4 LAVENDER BOTANICAL DINNER CANDLES,2308.67,1168,169,115,1.98
23371,SET 36 COLOUR PENCILS SPACEBOY,2304.78,1705,185,98,1.35
23029,DRAWER KNOB CRACKLE GLAZE GREEN,2303.92,1352,156,97,1.7
23197,VEGETABLE MAGNETIC  SHOPPING LIST,2303.5,1478,249,116,1.56
22363,GLASS JAR MARMALADE,2303.39,781,169,99,2.95
21947,SET OF 6 HEART CHOPSTICKS,2302.81,1675,298,122,1.37
21482,MUSHROOM BLUE HOT WATER BOTTLE,2296.76,740,184,104,3.1
21741,COSY SLIPPER SHOES LARGE GREEN,2293.75,701,190,108,3.27
85176,SEWING SUSAN 21 NEEDLE SET,2293.0,2748,306,115,0.83
22409,TIN CAN BISCUITS DESIGN,2290.46,1686,164,108,1.36
84536A,ENGLISH ROSE NOTEBOOK A7 SIZE,2289.73,5077,613,227,0.45
22246,MAGIC GARDEN FELT GARLAND,2287.95,1081,188,84,2.12
23330,DECORATIVE WICKER HEART MEDIUM,2286.97,1794,216,158,1.27
21464,DISCO BALL ROTATOR BATTERY OPERATED,2286.75,539,217,127,4.24
23360,SET 8 CANDLES VINTAGE DOILY,2286.4,1182,114,94,1.93
22831,WHITE BROCANTE SOAP DISH,2286.28,776,138,101,2.95
85199L,LARGE HANGING IVORY & RED WOOD BIRD,2285.02,3455,272,136,0.66
21655,HANGING RIDGE GLASS T-LIGHT HOLDER,2277.5,1396,89,56,1.63
85183A,CHARLIE & LOLA WASTEPAPER BIN BLUE,2275.75,1512,141,104,1.51
85107,CUT GLASS T-LIGHT HOLDER OCTAGON,2274.79,1203,70,56,1.89
85172,HYACINTH BULB T-LIGHT CANDLES,2274.56,4271,150,110,0.53
85106,CUT GLASS HEXAGON T-LIGHT HOLDER,2271.24,1190,59,40,1.91
85014C,BLUE/BROWN DOTS RUFFLED UMBRELLA,2270.73,547,72,55,4.15
22539,MINI JIGSAW DOLLY GIRL,2268.13,5654,247,138,0.4
85114C,RED ENCHANTED FOREST PLACEMAT,2263.06,1179,161,79,1.92
23252,VINTAGE RED ENAMEL TRIM JUG,2261.61,603,138,104,3.75
35001G,HAND OPEN SHAPE GOLD,2259.47,715,103,46,3.16
23128,FELTCRAFT BOY JEAN-PAUL KIT,2258.66,448,139,112,5.04
22133,PINK LOVE HEART SHAPE CUP,2258.61,2464,327,109,0.92
22024,RAINY LADIES BIRTHDAY CARD,2257.0,5391,439,170,0.42
20658,RED SPOTTY LUGGAGE TAG,2251.36,1584,353,153,1.42
21696,SMALL SILVER TRELLIS CANDLEPOT,2251.14,749,107,80,3.01
84469,ROSE DES PADDED FLOOR CUSHION,2249.41,664,44,35,3.39
21819,GLITTER CHRISTMAS STAR,2247.14,3847,248,178,0.58
21187,WHITE BELL HONEYCOMB PAPER GARLAND,2243.78,1344,144,90,1.67
21804,WHITE CHRISTMAS GARLAND STARS TREES,2240.99,597,137,92,3.75
85045,GREEN CHRISTMAS TREE STRING 20LIGHT,2239.34,471,83,60,4.75
23093,SMALL PARISIENNE HEART PHOTO FRAME,2239.24,939,142,105,2.38
20931,BLUE POT PLANT CANDLE,2238.07,673,157,91,3.33
22803,IVORY EMBROIDERED QUILT,2237.84,59,36,22,37.93
23326,HANGING MINI COLOURED BOTTLES,2237.08,3442,76,52,0.65
22163,HEART STRING MEMO HOLDER HANGING,2235.12,1269,197,86,1.76
21710,FOLDING UMBRELLA PINKWHITE POLKADOT,2235.01,726,110,80,3.08
22336,DOVE DECORATION PAINTED ZINC,2234.96,4661,214,136,0.48
21681,GIANT MEDINA STAMPED METAL BOWL,2234.81,233,79,62,9.59
16237,SLEEPING CAT ERASERS,2233.15,10385,580,209,0.22
21398,RED POLKADOT COFFEE  MUG,2231.9,2295,126,82,0.97
84691,PACK 20 DOLLY PEGS,2225.5,2747,235,124,0.81
23079,TOADSTOOL BEDSIDE LIGHT,2225.45,251,106,83,8.87
51014L,"FEATHER PEN,LIGHT PINK",2222.35,3445,226,111,0.65
21638,ASSORTED TUTTI FRUTTI NOTEBOOK,2220.94,1020,142,84,2.18
21476,STEEL SWEETHEART ROUND TABLE CREAM,2219.51,142,85,53,15.63
23501,KEY RING BASEBALL BOOT UNION JACK,2217.87,1821,112,77,1.22
22074,6 RIBBONS SHIMMERING PINKS,2216.34,2156,287,127,1.03
22453,MEASURING TAPE RUSSIAN DOLL BLUE,2212.92,801,144,78,2.76
84913A,SOFT PINK ROSE TOWEL,2211.54,608,266,26,3.64
22716,CARD CIRCUS PARADE,2211.41,5218,447,244,0.42
21125,SET 6 FOOTBALL CELEBRATION CANDLES,2211.38,2123,246,162,1.04
22711,WRAP CIRCUS PARADE,2210.34,5377,181,148,0.41
23438,RED SPOT GIFT BAG LARGE,2209.92,1809,109,88,1.22
22785,SQUARECUSHION COVER PINK UNION JACK,2207.11,412,122,82,5.36
21620,SET OF 4 ROSE BOTANICAL CANDLES,2206.73,1087,222,139,2.03
85116,BLACK CANDELABRA T-LIGHT HOLDER,2206.24,1817,181,40,1.21
22853,ENAMEL CAT BOWL CREAM,2205.57,645,146,100,3.42
17091J,VANILLA INCENSE IN TIN,2204.35,3964,178,108,0.56
23403,LETTER HOLDER HOME SWEET HOME,2204.11,625,134,80,3.53
22514,CHILDS GARDEN SPADE BLUE,2202.92,1082,233,151,2.04
22286,DECORATION WOBBLY RABBIT METAL,2200.75,1937,195,119,1.14
21651,HANGING GLASS ETCHED TEALIGHT,2200.36,1361,124,81,1.62
22920,HERB MARKER BASIL,2199.19,3478,252,138,0.63
23020,GLASS SONGBIRD STORAGE JAR,2191.84,180,76,67,12.18
20770,ABSTRACT CIRCLE JOURNAL,2190.59,1045,201,94,2.1
21611,SET OF 12 LILY BOTANICAL T-LIGHTS,2182.19,750,148,93,2.91
23302,KNEELING MAT HOUSEWORK  DESIGN,2181.42,1536,230,140,1.42
85039B,S/4 IVORY MINI ROSE CANDLE IN BOWL,2178.52,1653,266,84,1.32
15056n,EDWARDIAN PARASOL NATURAL,2170.4,173,116,0,12.55
22948,METAL DECORATION NAUGHTY CHILDREN,2164.69,2155,180,93,1.0
22069,BROWN  PIRATE TREASURE CHEST,2164.63,968,267,66,2.24
23445,ICE CREAM BUBBLES,2161.24,2668,101,81,0.81
22714,CARD BIRTHDAY COWBOY,2157.91,5277,359,187,0.41
22182,CAKE STAND VICTORIAN FILIGREE SMALL,2156.45,561,172,58,3.84
85216,ASSORTED CAKES FRIDGE MAGNETS,2154.22,2849,187,114,0.76
22824,3 TIER SWEETHEART GARDEN SHELF,2153.95,61,48,47,35.31
85103,SILVER T-LIGHT SETTING,2153.43,317,87,46,6.79
23031,DRAWER KNOB CRACKLE GLAZE PINK,2152.3,1278,155,93,1.68
22338,STAR DECORATION PAINTED ZINC,2151.99,6087,264,143,0.35
23370,SET 36 COLOURING PENCILS DOILY,2151.6,1550,151,86,1.39
23161,REGENCY CAKE FORK,2145.3,1715,98,58,1.25
21421,PORCELAIN ROSE LARGE,2144.48,1792,105,60,1.2
22677,"FRENCH BLUE METAL DOOR SIGN, 2",2143.03,1583,280,101,1.35
21905,MORE BUTTER METAL SIGN,2141.07,1615,263,132,1.33
22708,WRAP DOLLY GIRL,2140.5,5325,159,115,0.4
23213,STAR WREATH DECORATION WITH BELL,2138.42,1682,152,95,1.27
23066,SMALL JEWELLERY STAND,2137.81,259,85,69,8.25
21617,4 LILY  BOTANICAL DINNER CANDLES,2135.01,834,169,102,2.56
20764,ABSTRACT CIRCLES SKETCHBOOK,2134.76,685,193,107,3.12
21774,DECORATIVE CATS BATHROOM BOTTLE,2129.81,1711,368,79,1.24
22515,CHILDS GARDEN SPADE PINK,2129.74,1046,208,139,2.04
84670,JAPANESE CROCHETED ANIMAL,2128.72,5196,182,114,0.41
21643,ASSORTED TUTTI FRUTTI MIRROR,2127.94,1521,204,76,1.4
23005,TRAVEL CARD WALLET I LOVE LONDON,2126.55,4733,241,105,0.45
21195,PINK  HONEYCOMB PAPER BALL,2122.66,997,150,49,2.13
21359,RELAX LARGE WOOD LETTERS,2116.48,208,73,57,10.18
85099b,JUMBO BAG RED RETROSPOT,2111.64,419,25,0,5.04
23046,PAPER LANTERN 9 POINT DELUXE STAR,2111.49,349,36,31,6.05
85114A,BLACK ENCHANTED FOREST PLACEMAT,2110.9,1270,103,46,1.66
22913,RED COAT RACK PARIS FASHION,2107.85,450,122,84,4.68
23251,VINTAGE RED ENAMEL TRIM MUG,2105.75,1712,120,80,1.23
23233,WRAP POPPIES  DESIGN,2105.5,5175,158,130,0.41
22279,POCKET BAG BLUE PAISLEY RED SPOT,2104.62,1440,214,108,1.46
84676,BATH DUCK WATERING CAN,2102.46,848,110,76,2.48
40018F,CHERRY DESIGN PAPERLANTERNS,2100.33,1092,117,69,1.92
22996,TRAVEL CARD WALLET VINTAGE TICKET,2094.93,4801,408,155,0.44
23315,IVORY REFECTORY CLOCK,2094.24,213,86,63,9.83
22859,EASTER TIN BUNNY BOUQUET,2085.75,1250,165,115,1.67
21865,PINK UNION JACK  PASSPORT COVER,2085.64,896,297,129,2.33
22308,TEA COSY BLUE STRIPE,2085.05,677,214,75,3.08
79323S,SILVER CHERRY LIGHTS,2084.32,334,56,38,6.24
21070,VINTAGE BILLBOARD MUG,2083.46,2034,229,107,1.02
72799F,IVORY PILLAR CANDLE GOLD FLOCK,2082.74,1125,102,62,1.85
23152,IVORY SWEETHEART WIRE LETTER RACK,2080.65,554,159,108,3.76
84854,GIRLY PINK TOOL SET,2079.47,381,110,42,5.46
21291,SMALL SPOTTY CHOCOLATE GIFT BAG,2077.93,2411,153,95,0.86
22023,EMPIRE BIRTHDAY CARD,2076.77,4975,430,177,0.42
84796A,PINK HAWAIIAN PICNIC HAMPER FOR 2,2072.95,284,111,23,7.3
22695,WICKER WREATH SMALL,2070.15,1457,225,151,1.42
23227,FILIGREE HEART BUTTERFLY WHITE,2070.06,1642,117,61,1.26
21619,4 VANILLA BOTANICAL CANDLES,2069.02,1131,212,138,1.83
85049H,URBAN BLACK RIBBONS,2067.18,2066,334,154,1.0
22935,BAKING MOULD ROSE MILK CHOCOLATE,2066.82,690,65,46,3.0
21200,MULTICOLOUR HONEYCOMB PAPER GARLAND,2065.16,1421,126,64,1.45
84990,60 GOLD AND SILVER FAIRY CAKE CASES,2062.19,4248,193,112,0.49
23291,DOLLY GIRL CHILDRENS CUP,2059.03,1634,195,104,1.26
21077,SET/20 WOODLAND PAPER NAPKINS,2058.1,2790,192,111,0.74
21058,PARTY INVITES WOODLAND,2055.59,2396,275,148,0.86
22903,CALENDAR FAMILY FAVOURITES,2053.96,745,82,39,2.76
22400,MAGNETS PACK OF 4 HOME SWEET HOME,2049.56,2450,234,159,0.84
21640,ASSORTED TUTTI FRUTTI  FOB NOTEBOOK,2049.4,2225,205,99,0.92
84509G,SET OF 4 FAIRY CAKE PLACEMATS,2045.45,802,159,96,2.55
84459A,PINK METAL CHICKEN HEART,2041.69,1263,201,96,1.62
22928,YELLOW GIANT GARDEN THERMOMETER,2041.35,296,118,64,6.9
23500,KEY RING BASEBALL BOOT ASSORTED,2038.33,1626,98,76,1.25
22201,FRYING PAN BLUE RETROSPOT,2034.4,509,166,76,4.0
85016,SET OF 6 VINTAGE NOTELETS KIT,2033.33,1679,167,60,1.21
22832,SWEETHEART WIRE WALL TIDY,2033.15,185,85,71,10.99
23490,T-LIGHT HOLDER HANGING LOVE BIRD,2032.77,542,101,83,3.75
21348,PINK SPOTS CHOCOLATE NESTING BOXES,2030.84,842,133,91,2.41
21612,SET 12 WILDFLOWER BOTANICAL T-LIGHT,2025.77,698,113,76,2.9
22261,FELT EGG COSY WHITE RABBIT,2024.35,2105,243,126,0.96
22211,WOOD STAMP SET FLOWERS,2022.35,1531,291,161,1.32
22799,SWEETHEART WIRE FRUIT BOWL,2020.84,253,108,85,7.99
23268,SET OF 2 CERAMIC CHRISTMAS REINDEER,2018.14,1447,89,68,1.39
21397,BLUE POLKADOT EGG CUP,2017.74,2157,180,99,0.94
21356,TOAST ITS - FAIRY FLOWER,2014.16,1592,349,116,1.27
23289,DOLLY GIRL CHILDRENS BOWL,2013.7,1622,191,111,1.24
47591C,BLUE FAIRY CAKE CHILDRENS APRON,2012.43,1051,159,111,1.91
23529,WALL ART DOLLY GIRL,2011.99,637,37,26,3.16
22520,CHILDS GARDEN TROWEL BLUE,2011.28,2294,369,256,0.88
37476,CONDIMENT TRAY 4 BOWLS AND 4 SPOONS,2010.6,209,77,22,9.62
23358,HOT STUFF HOT WATER BOTTLE,2008.38,594,89,61,3.38
21389,IVORY HANGING DECORATION  BIRD,2008.09,2299,261,149,0.87
79323G,GOLD  CHERRY LIGHTS,2007.88,314,61,37,6.39
35953,FOLKART STAR CHRISTMAS DECORATIONS,2007.22,3868,155,98,0.52
21504,SKULLS GREETING CARD,2005.02,4913,329,158,0.41
23274,STAR T-LIGHT HOLDER WILLIE WINKIE,2005.0,1180,119,85,1.7
20686,DOLLY MIXTURE CHILDREN'S UMBRELLA,2002.84,590,186,117,3.39
22932,BAKING MOULD TOFFEE CUP CHOCOLATE,2000.88,884,72,51,2.26
22496,SET OF 2 ROUND TINS DUTCH CHEESE,1996.09,731,193,153,2.73
20703,BLUE PADDED SOFT MOBILE,1993.47,471,169,122,4.23
22405,TIN CAN POCKET MONEY DESIGN,1993.38,1642,217,173,1.21
22521,CHILDS GARDEN TROWEL PINK,1987.93,2288,370,257,0.87
22719,GUMBALL MONOCHROME COAT RACK,1987.83,1467,235,69,1.36
22559,SEASIDE FRISBEE,1986.87,1583,202,118,1.26
22343,PARTY PIZZA DISH RED+WHITE SPOT,1985.74,3297,188,90,0.6
84872A,TEATIME FUNKY FLOWER BACKPACK FOR 2,1983.54,177,102,6,11.21
23357,HOT WATER BOTTLE SEX BOMB,1982.05,450,102,79,4.4
85217,ASSORTED ICE CREAM FRIDGE MAGNETS,1981.85,2869,164,96,0.69
22068,BLACK PIRATE TREASURE CHEST,1979.82,1112,276,111,1.78
23145,ZINC T-LIGHT HOLDER STARS LARGE,1979.48,2084,169,128,0.95
20871,OPULENT VELVET SET/3 CANDLES,1978.05,1273,127,72,1.55
22599,CHRISTMAS MUSICAL ZINC STAR,1976.88,3119,189,114,0.63
22204,MILK PAN BLUE RETROSPOT,1974.29,537,169,66,3.68
21630,FLOOR CUSHION ELEPHANT CARNIVAL,1973.39,162,95,21,12.18
79160,HEART SHAPE WIRELESS DOORBELL,1973.07,944,210,51,2.09
17084R,ASSORTED INCENSE PACK,1968.45,10625,66,29,0.19
21657,MILK BOTTLE WITH GLASS STOPPER,1967.38,257,118,76,7.66
23068,ALUMINIUM STAMPED HEART,1966.93,809,136,106,2.43
22931,BAKING MOULD HEART WHITE CHOCOLATE,1963.3,813,129,95,2.41
23374,RED SPOT PAPER GIFT BAG,1962.83,2456,131,108,0.8
21629,SQUARE FLOOR CUSHION VINTAGE RED,1961.37,177,105,27,11.08
21082,SET/20 FRUIT SALAD PAPER NAPKINS,1960.45,7183,163,94,0.27
23075,PARLOUR CERAMIC WALL HOOK,1960.3,472,80,61,4.15
23228,FILIGREE HEART BIRD WHITE,1960.0,1492,125,58,1.31
20846,ZINC HEART LATTICE T-LIGHT HOLDER,1956.81,1453,169,105,1.35
22614,PACK OF 12 SPACEBOY TISSUES,1954.3,5726,368,222,0.34
21695,SMALL SILVER FLOWER CANDLE POT,1952.18,630,102,65,3.1
22098,BOUDOIR SQUARE TISSUE BOX,1952.04,2865,309,161,0.68
23235,STORAGE TIN VINTAGE LEAF,1950.66,736,105,88,2.65
22262,FELT EGG COSY CHICKEN,1947.82,2026,306,135,0.96
35971,ROSE FOLKART HEART DECORATIONS,1947.74,1963,217,91,0.99
20984,12 PENCILS TALL TUBE POSY,1940.96,5867,245,178,0.33
21803,CHRISTMAS TREE STAR DECORATION,1938.96,4463,322,86,0.43
46775D,SUNSET COLOUR CHUNKY KNITTED THROW,1938.19,153,95,28,12.67
22802,FAUX FUR CHOCOLATE THROW,1933.59,110,62,39,17.58
21991,BOHEMIAN COLLAGE STATIONERY SET,1927.54,1103,289,109,1.75
20716,PARTY FOOD SHOPPER BAG,1925.04,1533,246,121,1.26
23094,LE GRAND TRAY CHIC SET,1924.92,152,79,65,12.66
21538,DAIRY MAID  PUDDING BOWL,1924.51,1308,51,40,1.47
21043,APRON MODERN VINTAGE COTTON,1921.03,677,141,81,2.84
84581,DOG TOY WITH PINK CROCHET SKIRT,1920.02,506,234,125,3.79
21802,CHRISTMAS TREE HEART DECORATION,1917.2,4377,323,89,0.44
22753,SMALL YELLOW BABUSHKA NOTEBOOK,1915.21,2332,404,205,0.82
22438,BALLOON ART MAKE YOUR OWN FLOWERS,1913.22,1459,170,117,1.31
40001,WHITE BAMBOO RIBS LAMPSHADE,1911.65,2484,121,39,0.77
20684,STRAWBERRY DREAM CHILDS UMBRELLA,1910.06,580,176,117,3.29
21692,SILVER LATTICE VANILLA CANDLE POT,1906.62,502,111,81,3.8
22522,CHILDS GARDEN FORK BLUE,1905.81,2239,334,249,0.85
85162B,BLACK RETRODISC LAMPSHADE,1905.15,977,13,5,1.95
23155,KNICKERBOCKERGLORY MAGNET ASSORTED,1904.77,2221,135,84,0.86
84763,ZINC FINISH 15CM PLANTER POTS,1903.0,1517,170,106,1.25
22565,FELTCRAFT HAIRBANDS PINK AND WHITE,1902.19,2086,278,173,0.91
21773,DECORATIVE ROSE BATHROOM BOTTLE,1899.4,1642,308,87,1.16
21647,ASSORTED TUTTI FRUTTI LARGE PURSE,1899.28,848,144,91,2.24
22210,WOOD STAMP SET BEST WISHES,1898.42,1586,287,179,1.2
23491,VINTAGE JINGLE BELLS HEART,1897.76,228,78,64,8.32
84519B,CARROT CHARLIE+LOLA COASTER SET,1895.37,867,214,98,2.19
22985,"WRAP, BILLBOARD FONTS DESIGN",1895.24,4722,136,101,0.4
22513,DOORSTOP FOOTBALL DESIGN,1894.7,585,170,106,3.24
16169E,WRAP 50'S  CHRISTMAS,1892.46,4563,149,143,0.41
21659,GLASS CAKE STAND,1891.7,120,66,45,15.76
21581,SKULLS  DESIGN  COTTON TOTE BAG,1890.74,1172,203,104,1.61
85232A,SET/3 POLKADOT STACKING TINS,1889.88,375,138,97,5.04
21445,12 PINK ROSE PEG PLACE SETTINGS,1887.23,1519,146,88,1.24
23434,3 RAFFIA RIBBONS 50'S CHRISTMAS,1884.17,2095,199,129,0.9
22523,CHILDS GARDEN FORK PINK,1882.29,2183,352,248,0.86
85231B,CINAMMON SET OF 9 T-LIGHTS,1877.84,2054,384,181,0.91
23394,POSTE FRANCE CUSHION COVER,1877.65,435,150,90,4.32
22858,EASTER TIN KEEPSAKE,1877.34,1135,139,104,1.65
84856S,SMALL TAHITI BEACH BAG,1877.21,467,33,25,4.02
22678,"FRENCH BLUE METAL DOOR SIGN, 3",1875.53,1400,248,92,1.34
21983,PACK OF 12 BLUE PAISLEY TISSUES,1875.02,6118,325,208,0.31
21085,SET/6 WOODLAND PAPER CUPS,1872.68,13731,66,42,0.14
21687,SILVER PLATE CANDLE BOWL LARGE,1871.23,477,101,55,3.92
16016,LARGE CHINESE STYLE SCISSOR,1870.7,2314,106,57,0.81
23090,VINTAGE GLASS T-LIGHT HOLDER,1870.03,2237,149,96,0.84
21241,GREEN SPOTTY CUP,1869.07,2213,260,129,0.84
21091,SET/6 WOODLAND PAPER PLATES,1868.7,13700,47,31,0.14
23359,SET OF 12 T-LIGHTS VINTAGE DOILY,1866.46,990,79,73,1.89
21394,RED SPOTTY BEAKER,1864.63,4005,150,100,0.47
23525,WALL ART BUFFALO BILL,1863.82,582,53,38,3.2
22535,MAGIC SLATE BUNNIES AT HOME,1862.49,4454,298,204,0.42
21613,S/12 VANILLA  BOTANICAL T-LIGHTS,1861.45,632,145,111,2.95
21287,SCENTED VELVET LOUNGE CANDLE,1860.0,4107,93,67,0.45
21677,HEARTS  STICKERS,1859.38,2125,279,144,0.88
21841,BABY MOUSE RED GINGHAM DRESS,1857.47,437,132,106,4.25
22686,"FRENCH BLUE METAL DOOR SIGN, No",1857.39,1406,221,70,1.32
20772,GARDEN PATH JOURNAL,1848.73,970,161,105,1.91
21547,CERAMIC BIRDHOUSE CRESTED TIT SMALL,1848.47,719,119,69,2.57
84797B,BLUE SAVANNAH PICNIC HAMPER FOR 4,1845.2,323,33,22,5.71
85185B,PINK HORSE SOCK PUPPET KIT,1843.46,593,182,111,3.11
85162C,WHITE RETRODISC LAMPSHADE,1841.7,904,46,11,2.04
22587,"FELTCRAFT HAIRBAND, S/2, RED/BLUE",1841.19,2112,308,194,0.87
23378,PACK OF 12 50'S CHRISTMAS TISSUES,1840.08,3997,176,127,0.46
21894,POTTING SHED SEED ENVELOPES,1836.14,1320,247,120,1.39
21357,TOAST ITS - DINOSAUR,1827.76,1388,211,105,1.32
22317,FIVE CATS HANGING DECORATION,1827.64,587,167,83,3.11
85173,SET/6 FROG PRINCE T-LIGHT CANDLES,1826.07,1018,150,70,1.79
85164B,BLACK BAROQUE CUCKOO CLOCK,1825.18,140,65,27,13.04
21618,4 WILDFLOWER BOTANICAL CANDLES,1823.74,698,139,86,2.61
22680,"FRENCH BLUE METAL DOOR SIGN, 5",1820.45,1356,230,97,1.34
84327A,PINK JUMPER LARRY THE LAMB,1820.27,959,123,78,1.9
21088,SET/6 FRUIT SALAD PAPER CUPS,1816.73,16615,136,95,0.11
23148,MINITURE ANTIQUE ROSE HOOK IVORY,1816.31,2139,247,143,0.85
22586,FELTCRAFT HAIRBAND PINK AND BLUE,1815.14,2087,295,184,0.87
21761,WOOD AND GLASS MEDICINE CABINET,1814.75,65,24,21,27.92
21391,FRENCH LAVENDER SCENT HEART,1811.89,1417,175,113,1.28
21384,IVORY HANGING DECORATION  BUTTERFLY,1810.19,1917,150,99,0.94
21161,KEEP OUT BOYS DOOR HANGER,1806.05,2360,206,120,0.77
22307,GOLD MUG BONE CHINA TREE OF LIFE,1804.11,1199,118,87,1.5
90167,BEADED LOVE HEART JEWELLERY SET,1801.17,2197,111,53,0.82
21280,VINTAGE KITCHEN PRINT VEGETABLES,1800.44,3333,70,44,0.54
22770,MIRROR CORNICE,1799.62,112,71,49,16.07
22324,BLUE POLKADOT KIDS BAG,1797.06,664,152,53,2.71
23160,REGENCY TEA SPOON,1794.48,1450,76,50,1.24
21158,MOODY GIRL DOOR HANGER,1792.66,2587,310,184,0.69
22254,FELT TOADSTOOL LARGE,1792.21,1398,148,95,1.28
21529,RETRO SPOT CERAMIC TOASTRACK,1790.44,503,152,94,3.56
22922,FRIDGE MAGNETS US DINER ASSORTED,1789.2,2073,113,82,0.86
22533,MAGIC SLATE BAKE A CAKE,1783.36,4519,231,162,0.39
84748,FOLK FELT HANGING MULTICOL GARLAND,1781.12,1170,93,27,1.52
20729,RED SPOTTY CANDY BAG,1778.12,5262,121,39,0.34
23317,BLUE REFECTORY CLOCK,1777.46,173,82,56,10.27
21548,CERAMIC BIRDHOUSE FINCH BLUE ROOF,1776.12,682,107,55,2.6
79302M,"ART LIGHTS,FUNK MONKEY",1774.18,624,107,40,2.84
23057,GEMSTONE CHANDELIER T-LIGHT HOLDER,1768.67,773,45,38,2.29
84507B,STRIPES DESIGN MONKEY DOLL,1764.03,1349,115,52,1.31
47566b,TEA TIME PARTY BUNTING,1761.26,212,113,0,8.31
22422,TOOTHPASTE TUBE PEN,1760.94,2743,354,119,0.64
22546,MINI JIGSAW PURDEY,1760.8,4375,181,106,0.4
22103,MIRROR MOSAIC T-LIGHT HOLDER ROUND,1760.64,1746,71,43,1.01
37343,SPOTS DESIGN MUG W PINK INSIDE,1759.04,1110,104,55,1.58
21163,DO NOT TOUCH MY STUFF DOOR HANGER,1757.92,2800,253,158,0.63
22209,WOOD STAMP SET HAPPY BIRTHDAY,1753.94,1415,257,159,1.24
22446,PIN CUSHION RUSSIAN DOLL PINK,1751.93,618,186,61,2.83
23372,SET 36 COLOUR PENCILS DOLLY GIRL,1750.29,1389,147,76,1.26
21652,GLASS ETCHED T-LIGHT HOLDER MEDIUM,1747.94,896,78,64,1.95
84535B,FAIRY CAKES NOTEBOOK A6 SIZE,1747.76,2686,327,141,0.65
21205,MULTICOLOUR 3D BALLS GARLAND,1746.97,669,144,86,2.61
21780,MA CAMPAGNE 4 DRAWER WALL SHELF,1745.85,203,32,17,8.6
85060,WOOD FAN WITH FLOWER DESIGN,1745.62,1448,87,53,1.21
23399,HOME SWEET HOME HANGING HEART,1745.55,1914,225,146,0.91
21000,ROSE DU SUD COSMETICS BAG,1744.98,690,94,37,2.53
21637,ASSORTED SANSKRIT MINI NOTEBOOK,1741.72,1358,93,40,1.28
20767,BLUE PAISLEY JOURNAL,1741.61,812,179,112,2.14
21760,FRENCH STYLE WALL DRESSER,1740.0,15,12,12,116.0
23101,SILVER STARS TABLE DECORATION,1739.63,2031,213,175,0.86
84006,MAGIC TREE -PAPER FLOWERS,1738.07,1856,212,86,0.94
23096,PETIT TRAY CHIC,1736.69,1033,146,89,1.68
21662,VINTAGE GLASS COFFEE CADDY,1735.05,269,106,58,6.45
23244,STORAGE TIN VINTAGE LEAF,1733.98,936,112,87,1.85
23181,BULL DOG BOTTLE TOP WALL CLOCK,1733.57,201,82,60,8.62
37342,SPOTTY COFFEE CUP & SAUCER,1731.4,1629,131,56,1.06
22035,VINTAGE CARAVAN GREETING CARD,1731.24,4083,360,152,0.42
84843,WHITE SOAP RACK WITH 2 BOTTLES,1731.06,280,110,66,6.18
21090,SET/6 COLLAGE PAPER PLATES,1729.09,3107,278,129,0.56
21927,BLUE/CREAM STRIPE CUSHION COVER,1728.24,1260,192,93,1.37
23122,PARTY CHARMS 50 PIECES,1726.09,2251,133,89,0.77
21895,POTTING SHED SOW 'N' GROW SET,1718.63,555,85,61,3.1
22026,BANQUET BIRTHDAY  CARD,1717.47,4029,366,140,0.43
21281,VINTAGE KITCHEN PRINT SEAFOOD,1716.8,3680,67,34,0.47
10125,MINI FUNKY DESIGN TAPES,1715.78,2103,167,87,0.82
21275,ZINC TOP  2 DOOR WOODEN SHELF,1714.48,249,55,45,6.89
85127,SMALL SQUARE CUT GLASS CANDLESTICK,1710.67,276,81,30,6.2
22934,BAKING MOULD EASTER EGG WHITE CHOC,1707.47,589,78,65,2.9
23073,GEORGIAN TRINKET BOX,1706.5,143,61,49,11.93
20990,SPRING FLOWER CHOPSTICKS SET/5,1706.14,895,103,54,1.91
22516,CHILDS GARDEN RAKE BLUE,1700.6,839,162,106,2.03
22123,PING MICROWAVE APRON,1700.14,655,166,77,2.6
21189,WHITE HONEYCOMB PAPER GARLAND,1698.88,797,123,53,2.13
22319,HAIRCLIPS FORTIES FABRIC ASSORTED,1698.04,2987,174,141,0.57
47591B,SCOTTIES DES CHILD'S APRON,1696.05,1054,281,108,1.61
84795A,PASTEL STRIPE HAMMOCK,1696.02,208,70,34,8.15
22679,"FRENCH BLUE METAL DOOR SIGN, 4",1695.68,1263,230,88,1.34
23214,JINGLE BELL HEART ANTIQUE GOLD,1695.04,789,103,79,2.15
22706,WRAP COWBOYS,1693.24,4222,125,109,0.4
20996,JAZZ HEARTS ADDRESS BOOK,1686.79,6311,335,179,0.27
21576,LETS GO SHOPPING COTTON TOTE BAG,1686.19,732,205,118,2.3
85221,ASSORTED COLOUR SILK COIN PURSE,1685.46,3558,47,35,0.47
17129F,DEEP BLUE GLASS GEMS IN BAG,1684.58,1580,145,19,1.07
70007,HI TEC ALPINE HAND WARMER,1684.58,1306,205,87,1.29
21251,DINOSAUR HEIGHT CHART STICKER SET,1683.93,595,132,91,2.83
22323,PINK POLKADOT KIDS BAG,1683.31,635,116,57,2.65
22975,SPACEBOY CHILDRENS EGG CUP,1679.66,1245,193,113,1.35
23368,SET 12 COLOUR PENCILS DOLLY GIRL,1679.55,2379,232,134,0.71
46776F,WOVEN ROSE GARDEN CUSHION COVER,1675.73,487,157,13,3.44
72816,SET/3 CHRISTMAS DECOUPAGE CANDLES,1671.52,1344,136,65,1.24
72817,SET/2 CHRISTMAS DECOUPAGE CANDLES,1671.28,1553,214,97,1.08
21446,12 RED ROSE PEG PLACE SETTINGS,1669.83,1258,232,122,1.33
21284,RETROSPOT CANDLE  SMALL,1668.72,1547,140,80,1.08
23366,SET 12 COLOURING PENCILS DOILY,1667.95,2249,195,115,0.74
22673,FRENCH GARDEN SIGN BLUE METAL,1667.5,1320,195,130,1.26
22410,TIN CAN HOUSEKEEPING DESIGN,1667.46,1363,198,136,1.22
35809A,ENAMEL PINK TEA CONTAINER,1666.78,1137,177,76,1.47
21382,SET/4 SPRING FLOWER DECORATION,1665.66,1238,152,78,1.35
21633,SUNFLOWER DECORATIVE PARASOL,1663.11,175,72,32,9.5
85039A,SET/4 RED MINI ROSE CANDLE IN BOWL,1661.37,1448,251,61,1.15
21162,TOXIC AREA  DOOR HANGER,1655.88,2402,285,172,0.69
21278,VINTAGE KITCHEN PRINT PUDDINGS,1654.45,2758,118,63,0.6
21294,ETCHED GLASS COASTER,1653.75,2246,139,83,0.74
23505,PLAYING CARDS I LOVE LONDON,1651.29,1200,115,93,1.38
23273,HEART T-LIGHT HOLDER WILLIE WINKIE,1649.05,969,112,88,1.7
21426,WOODLAND STORAGE BOX SMALL,1647.07,1028,99,44,1.6
23270,SET OF 2 CERAMIC PAINTED HEARTS,1646.32,1174,125,96,1.4
21332,MOROCCAN BEATEN METAL MIRROR,1644.17,270,50,36,6.09
21645,ASSORTED TUTTI FRUTTI ROUND BOX,1642.65,969,133,85,1.7
22025,RING OF ROSES BIRTHDAY CARD,1641.64,3970,288,148,0.41
21448,12 DAISY PEGS IN WOOD BOX,1640.17,955,211,132,1.72
21545,CERAMIC BIRDHOUSE BUTTERFLY SMALL,1640.12,697,82,52,2.35
37441,ASSORTED WHITE EMBOSSED CHINA MUGS,1639.8,700,54,31,2.34
85180A,RED HEARTS LIGHT CHAIN,1636.42,629,99,60,2.6
23483,HANGING  BUTTERFLY T-LIGHT HOLDER,1636.36,1328,73,57,1.23
21541,DINOSAURS WATER TRANSFER TATTOOS,1636.24,1907,201,119,0.86
23348,CHILDRENS TOY COOKING UTENSIL SET,1633.81,746,168,95,2.19
35241,ENAMEL BLUE RIM BISCUIT BIN,1631.42,309,130,75,5.28
21593,SWALLOW CIGAR BOX MATCHES,1629.31,1391,94,69,1.17
21283,NATURAL BARK CANDLE SMALL,1629.2,512,81,59,3.18
85036C,ROSE 1 WICK MORRIS BOXED CANDLE,1629.02,878,128,99,1.86
23391,I LOVE LONDON MINI RUCKSACK,1628.17,389,87,58,4.19
48195,DOORMAT GREEN PAISLEY,1627.99,269,87,56,6.05
21793,CLASSIC FRENCH STYLE BASKET BROWN,1627.36,353,102,81,4.61
21286,RETROSPOT CANDLE  LARGE,1623.01,1006,101,56,1.61
84619,BLUE GINGHAM ROSE QUILT,1622.96,72,29,22,22.54
21837,CROSS STITCH ALPHABET CUSHION COVER,1622.64,244,91,61,6.65
21279,VINTAGE KITCHEN PRINT FRUITS,1621.83,3527,101,51,0.46
84919,L BLUE C/COVER W PINK/YELLOW FLOWER,1619.84,291,43,20,5.57
85131A,BEADED PEARL HEART WHITE ON STICK,1619.23,2025,199,64,0.8
21157,RED SPOTTY WASHBAG,1616.95,689,176,66,2.35
21656,RIDGED GLASS POSY VASE,1614.54,985,140,66,1.64
23280,FOLDING MIRROR HOT PINK,1614.16,2023,157,87,0.8
23217,LAUREL HEART ANTIQUE SILVER,1613.82,1309,97,64,1.23
23462,ROCOCO WALL MIRROR WHITE,1607.04,80,46,43,20.09
35810A,ENAMEL PINK COFFEE CONTAINER,1604.74,1205,171,72,1.33
82615,PINK MARSHMALLOW SCARF KNITTING KIT,1603.97,582,90,60,2.76
23287,RED VINTAGE SPOT BEAKER,1603.39,1879,198,114,0.85
21542,WOODLAND WATER TRANSFER TATTOOS,1600.75,1877,190,112,0.85
20802,SMALL GLASS SUNDAE DISH CLEAR,1596.81,1051,116,68,1.52
23226,FILIGREE HEART DAISY WHITE,1596.67,1247,98,56,1.28
22260,FELT EGG COSY BLUE RABBIT,1594.77,1557,241,85,1.02
84913B,MINT GREEN ROSE TOWEL,1593.29,420,200,27,3.79
21694,SMALL REGAL  SILVER CANDLEPOT,1593.16,556,70,51,2.87
35471D,SET OF 3 BIRD LIGHT PINK FEATHER,1591.86,2241,348,158,0.71
35160,BUDDHA INCENSE HOLDER ASSORTED,1590.64,2180,56,33,0.73
21383,PACK OF 12 STICKY BUNNIES,1590.43,2204,323,169,0.72
22106,MIRROR MOSAIC HURRICANE LAMP,1589.98,509,79,29,3.12
22517,CHILDS GARDEN RAKE PINK,1589.41,806,152,106,1.97
22099,CARAVAN SQUARE TISSUE BOX,1585.46,2123,291,168,0.75
85170A,SET/6 IVORY BIRD T-LIGHT CANDLES,1585.06,848,84,45,1.87
23369,SET 36 COLOUR PENCILS LOVE LONDON,1581.06,1105,126,80,1.43
85222,ASSORTED COLOUR SILK COSMETIC PURSE,1579.68,1406,50,39,1.12
21675,BUTTERFLIES STICKERS,1576.84,1782,268,124,0.88
22608,PENS ASSORTED FUNKY JEWELED,1573.81,5735,170,75,0.27
21631,HIPPY CHIC DECORATIVE PARASOL,1571.75,221,54,38,7.11
21092,SET/6 STRAWBERRY PAPER PLATES,1571.5,12846,28,15,0.12
22705,WRAP GREEN PEARS,1567.86,3733,151,114,0.42
15059A,ENGLISH ROSE EDWARDIAN PARASOL,1567.0,509,4,1,3.08
79323B,BLACK CHERRY LIGHTS,1565.7,242,58,35,6.47
21550,CERAMIC BIRDHOUSE CRESTED TIT LARGE,1565.51,295,64,42,5.31
21867,PINK UNION JACK  LUGGAGE TAG,1562.87,1144,288,122,1.37
21925,UNION STRIPE CUSHION COVER,1562.33,1201,167,100,1.3
84536B,FAIRY CAKES NOTEBOOK A7 SIZE,1561.49,3504,399,131,0.45
21579,LOLITA  DESIGN  COTTON TOTE BAG,1560.85,1029,136,80,1.52
21972,SET OF 36 DINOSAUR PAPER DOILIES,1560.82,1055,171,105,1.48
85194L,HANGING SPRING FLOWER EGG LARGE,1560.63,1818,147,93,0.86
22681,"FRENCH BLUE METAL DOOR SIGN, 6",1559.52,1167,189,79,1.34
21276,TWO EMBOSSED HEART MINI DRAWERS,1558.94,677,29,24,2.3
84789,ENCHANTED BIRD PLANT CAGE,1558.39,445,124,81,3.5
23524,WALL ART HORSE & PONY,1557.63,481,63,42,3.24
21711,FOLDING UMBRELLA WHITE/RED POLKADOT,1555.66,382,71,51,4.07
72803A,ROSE SCENT CANDLE JEWELLED DRAWER,1553.5,724,97,61,2.15
21399,BLUE POLKADOT COFFEE MUG,1550.44,2378,118,76,0.65
21289,LARGE STRIPES CHOCOLATE GIFT BAG,1549.31,1413,102,52,1.1
22786,PILLOWCUSHION COVER PINK UNION JACK,1549.1,248,92,62,6.25
20766,GARDEN PATH SKETCHBOOK,1548.47,518,155,100,2.99
16033,MINI HIGHLIGHTER PENS,1544.52,15121,50,43,0.1
22982,PANTRY PASTRY BRUSH,1543.77,1154,212,120,1.34
21610,SET 12 PEAR BOTANICAL T-LIGHTS,1543.67,542,97,72,2.85
75131,METAL TUBE CHIME ON BAMBOO,1543.03,1217,68,40,1.27
20735,BLACK MINI TAPE MEASURE,1540.29,1515,202,30,1.02
84795D,SEASIDE STRIPE HAMMOCK,1538.79,189,83,53,8.14
20768,GREEN FERN JOURNAL,1534.19,767,149,98,2.0
23267,SET OF 4 SANTA PLACE SETTINGS,1531.95,1202,108,79,1.27
72008,FROSTED BOX 9 WHITE T-LIGHT CANDLES,1531.4,3819,215,134,0.4
23250,VINTAGE RED TRIM ENAMEL BOWL,1531.03,1179,110,64,1.3
20986,BLUE CALCULATOR RULER,1530.95,1217,204,94,1.26
85036B,CHOCOLATE 1 WICK MORRIS BOX CANDLE,1530.16,598,87,70,2.56
22322,BIRD DECORATION GREEN POLKADOT,1528.21,1617,272,77,0.95
22288,HANGING METAL RABBIT DECORATION,1525.99,1310,119,75,1.16
20902,VINTAGE KEEPSAKE BOX PARIS DAYS,1525.22,206,116,11,7.4
22337,ANGEL DECORATION PAINTED ZINC,1522.52,2473,146,67,0.62
21282,NATURAL BARK CANDLE LARGE,1522.28,356,69,49,4.28
22682,"FRENCH BLUE METAL DOOR SIGN, 7",1521.86,1166,182,84,1.31
21099,SET/6 STRAWBERRY PAPER CUPS,1516.64,13290,33,20,0.11
85177,BASKET OF FLOWERS SEWING KIT,1514.78,1820,143,87,0.83
21785,RAIN PONCHO,1514.63,2005,100,71,0.76
21146,ANTIQUE GLASS RIDGED HANGING BALL,1513.67,789,58,47,1.92
21661,VINTAGE GLASS TEA CADDY,1511.31,239,98,55,6.32
22340,NOEL GARLAND PAINTED ZINC,1511.05,1799,184,81,0.84
22137,BATHROOM SET LOVE HEART DESIGN,1508.28,606,43,24,2.49
21634,ASSORTED MINI MADRAS NOTEBOOK,1507.74,1771,69,42,0.85
21002,ROSE DU SUD DRAWSTRING BAG,1507.22,417,184,25,3.61
23528,WALL ART SPACEBOY,1504.49,479,50,30,3.14
84526,GIANT BLACK SUNGLASSES,1503.64,538,34,23,2.79
85159B,"WHITE TEA,COFFEE,SUGAR JARS",1503.5,659,88,53,2.28
22683,"FRENCH BLUE METAL DOOR SIGN, 8",1501.66,1131,190,88,1.33
23271,CHRISTMAS TABLE SILVER CANDLE SPIKE,1496.89,1731,104,69,0.86
21199,PINK  HEART CONFETTI IN TUBE,1495.7,1305,149,86,1.15
21009,ETCHED GLASS STAR TREE DECORATION,1494.99,1047,102,72,1.43
21066,VINTAGE RED MUG,1494.67,2284,131,81,0.65
85160A,WHITE BIRD GARDEN DESIGN MUG,1493.75,8816,32,20,0.17
84856L,LARGE TAHITI BEACH BAG,1492.28,238,81,46,6.27
23334,IVORY WICKER HEART SMALL,1491.75,2271,130,83,0.66
21051,RIBBONS PURSE,1486.16,754,127,79,1.97
21849,SILVER DIAMANTE PEN IN GIFT BOX,1483.51,633,134,46,2.34
23559,WOODLAND BUNNIES LOLLY MAKERS,1482.41,649,124,69,2.28
84997a,GREEN 3 PIECE POLKADOT CUTLERY SET,1481.78,178,81,0,8.32
84510B,SET OF 4 FAIRY CAKES COASTERS,1481.05,1171,147,71,1.26
18098c,PORCELAIN BUTTERFLY OIL BURNER,1479.61,292,135,0,5.07
85125,SMALL ROUND CUT GLASS CANDLESTICK,1479.51,309,62,32,4.79
21392,RED SPOTTY PUDDING BOWL,1478.13,7545,48,32,0.2
23392,SPACEBOY ROCKET LOLLY MAKERS,1475.03,662,113,70,2.23
22915,ASSORTED BOTTLE TOP  MAGNETS,1474.52,3281,194,116,0.45
21851,LILAC DIAMANTE PEN IN GIFT BOX,1473.56,628,149,34,2.35
84616,SILVER ROCCOCO CHANDELIER,1472.62,72,25,19,20.45
21198,WHITE HEART CONFETTI IN TUBE,1472.3,1282,118,75,1.15
22912,YELLOW COAT RACK PARIS FASHION,1471.09,313,108,81,4.7
20734,SILVER MINI TAPE MEASURE,1470.62,1592,117,50,0.92
21869,POTTING SHED COFFEE MUG,1469.58,1264,111,82,1.16
84659A,WHITE TRAVEL ALARM CLOCK,1469.51,588,224,55,2.5
85198,ASSORTED FARMYARD ANIMALS IN BUCKET,1469.5,3859,51,37,0.38
22815,CARD PSYCHEDELIC APPLES,1468.53,3433,340,111,0.43
21801,CHRISTMAS TREE DECORATION WITH BELL,1467.66,3398,258,69,0.43
22976,CIRCUS PARADE CHILDRENS EGG CUP,1465.26,1127,149,81,1.3
23365,SET 12 COLOUR PENCILS LOVE LONDON,1463.08,1857,169,107,0.79
79030G,"TUMBLER, NEW ENGLAND",1462.95,1751,121,69,0.84
21644,ASSORTED TUTTI FRUTTI HEART BOX,1461.47,1087,137,72,1.34
22052,VINTAGE CARAVAN GIFT WRAP,1460.5,3525,128,105,0.41
23470,CARD HOLDER LOVE BIRD LARGE,1460.5,232,84,70,6.3
22929,SCHOOL DESK AND CHAIR,1459.75,23,17,17,63.47
22393,PAPERWEIGHT VINTAGE COLLAGE,1459.37,834,120,75,1.75
21410,COUNTRY COTTAGE  DOORSTOP GREEN,1458.28,312,150,81,4.67
85098B,BLUE FLYING SINGING CANARY,1456.94,366,114,61,3.98
22228,BUNNY WOODEN PAINTED WITH BIRD,1456.6,1727,275,148,0.84
15056bl,EDWARDIAN PARASOL BLACK,1456.32,116,87,0,12.55
21065,BOOM BOX SPEAKER GIRLS,1455.36,608,118,44,2.39
84637,KITCHEN FLOWER POTS WALL PLAQUE,1454.49,585,114,28,2.49
21317,GLASS SPHERE CANDLE STAND MEDIUM,1453.4,357,74,56,4.07
20733,GOLD MINI TAPE MEASURE,1452.2,1927,294,67,0.75
21739,COSY SLIPPER SHOES SMALL GREEN,1451.85,494,177,83,2.94
85136C,RED SHARK HELICOPTER,1451.69,179,122,70,8.11
23086,ZINC STAR T-LIGHT HOLDER,1451.43,1225,47,31,1.18
22157,ANGEL DECORATION WITH LACE PADDED,1451.4,1698,124,88,0.85
85049a,TRADITIONAL CHRISTMAS RIBBONS,1451.24,434,51,0,3.34
23034,DRAWER KNOB CERAMIC BLACK,1448.67,979,88,57,1.48
22390,PAPERWEIGHT CHILDHOOD MEMORIES,1448.52,813,83,56,1.78
21159,MOODY BOY  DOOR HANGER,1445.37,2105,250,146,0.69
35637A,IVORY STRING CURTAIN WITH POLE,1445.05,551,53,41,2.62
85055,FRENCH ENAMEL UTENSIL HOLDER,1442.94,359,107,62,4.02
84313C,ORANGE TV TRAY TABLE,1442.39,548,73,29,2.63
84596G,SMALL CHOCOLATES PINK BOWL,1440.76,2226,348,118,0.65
22287,DECORATION WOBBLY CHICKEN,1435.75,1340,121,81,1.07
22817,CARD SUKI BIRTHDAY,1434.9,3392,355,104,0.42
22249,DECORATION WHITE CHICK MAGIC GARDEN,1434.66,1636,243,126,0.88
22316,200 BENDY SKULL STRAWS,1432.82,1257,119,62,1.14
22093,MOTORING TISSUE BOX,1429.87,2346,275,179,0.61
23527,WALL ART ANIMALS AND NATURE,1428.56,420,48,40,3.4
21292,SMALL STRIPES CHOCOLATE GIFT BAG,1427.11,2449,91,69,0.58
22396,MAGNETS PACK OF 4 RETRO PHOTO,1427.08,1895,184,122,0.75
85167B,BLACK GRAND BAROQUE PHOTO FRAME,1426.34,692,59,38,2.06
23249,VINTAGE RED ENAMEL TRIM PLATE,1426.1,842,81,57,1.69
35965,FOLKART HEART NAPKIN RINGS,1423.63,629,174,62,2.26
20761,BLUE PAISLEY SKETCHBOOK,1422.46,458,146,93,3.11
21807,WHITE CHRISTMAS STAR DECORATION,1422.45,3225,172,114,0.44
20801,LARGE PINK GLASS SUNDAE DISH,1422.0,1092,111,61,1.3
22545,MINI JIGSAW BUNNIES AT HOME,1421.06,3451,184,106,0.41
21532,DAIRY MAID SUGAR JAM BOWL,1419.71,1387,90,58,1.02
35004G,SET OF 3 GOLD FLYING DUCKS,1419.51,359,76,46,3.95
20840,FRENCH FLORAL CUSHION COVER,1419.09,885,93,50,1.6
22819,"BIRTHDAY CARD, RETRO SPOT",1418.12,3351,331,125,0.42
15034,PAPER POCKET TRAVELING FAN,1416.26,10153,255,123,0.14
85071A,BLUE CHARLIE+LOLA PERSONAL DOORSIGN,1415.69,1907,147,106,0.74
47503A,ASS FLORAL PRINT MULTI SCREWDRIVER,1405.51,2853,195,146,0.49
23104,IVORY PANTRY HANGING LAMP,1405.42,118,46,38,11.91
23119,PACK OF 6 LARGE FRUIT STRAWS,1401.7,2282,151,97,0.61
21395,BLUE SPOTTY BEAKER,1401.6,2968,115,79,0.47
21358,TOAST ITS - HAPPY BIRTHDAY,1398.71,1129,222,130,1.24
21910,WAY OUT METAL SIGN,1398.18,1066,111,84,1.31
21828,EIGHT PIECE SNAKE  SET,1396.62,1105,180,107,1.26
22685,"FRENCH BLUE METAL DOOR SIGN, 0",1395.84,1082,160,82,1.29
23055,IVORY CHANDELIER T-LIGHT HOLDER,1395.18,657,38,33,2.12
23040,PAPER LANTERN 9 POINT SNOW STAR,1394.03,253,41,33,5.51
22756,LARGE YELLOW BABUSHKA NOTEBOOK,1393.45,1204,215,124,1.16
85087,CANDY SPOT CUSHION COVER,1392.64,420,146,21,3.32
85017B,ENVELOPE 50 BLOSSOM IMAGES,1390.39,2231,317,98,0.62
47503K,ASSORTED FLORAL SECATEURS,1389.44,3177,42,29,0.44
22917,HERB MARKER ROSEMARY,1386.65,1996,252,138,0.69
85169A,IVORY LOVE BIRD CANDLE,1385.82,1252,151,79,1.11
22339,CHRISTMAS TREE PAINTED ZINC,1385.46,3521,145,86,0.39
23376,PACK OF 12 VINTAGE CHRISTMAS TISSUE,1384.91,3039,155,104,0.46
22250,DECORATION  BUTTERFLY  MAGIC GARDEN,1382.96,1521,257,98,0.91
84396,6 HOOK JEWELLERY STAND BLACK DRESS,1380.52,552,49,22,2.5
23414,ZINC BOX SIGN HOME,1378.75,141,64,58,9.78
84562A,PINK/WHITE RIBBED MELAMINE JUG,1378.26,169,78,48,8.16
21011,GLITTER SNOW PEAR TREE DECORATION,1373.8,1840,118,84,0.75
90200D,PINK SWEETHEART BRACELET,1372.26,327,150,41,4.2
20704,MR ROBOT SOFT TOY,1371.42,361,80,60,3.8
22984,"CARD, GINGHAM ROSE",1370.73,3349,214,115,0.41
46776B,WOVEN BERRIES CUSHION COVER,1369.23,428,153,16,3.2
20866,BLUE ROSE FABRIC MIRROR,1368.91,1280,191,76,1.07
23000,TRAVEL CARD WALLET TRANSPORT,1368.28,3169,278,125,0.43
84819,DANISH ROSE ROUND SEWING BOX,1368.26,908,95,82,1.51
21209,MULTICOLOUR HONEYCOMB FAN,1368.04,1476,137,66,0.93
35599D,PINK AND WHITE CHRISTMAS TREE 120CM,1366.48,406,103,23,3.37
84685,BEACH HUT KEY CABINET,1366.17,435,125,46,3.14
23546,WRAP PAISLEY PARK,1365.0,3250,120,106,0.42
84665,SQUARE CHERRY BLOSSOM CABINET,1364.7,226,47,25,6.04
22916,HERB MARKER THYME,1363.38,1962,249,135,0.69
23221,REINDEER HEART DECORATION SILVER,1363.04,1536,145,85,0.89
35649,VINTAGE BEAD COSMETIC BAG,1362.9,1826,53,20,0.75
21285,RETROSPOT CANDLE  MEDIUM,1362.62,1007,99,56,1.35
21530,DAIRY MAID TOASTRACK,1361.56,959,162,99,1.42
84965B,BLUE KASHMIRI COFFEE TABLE,1359.95,27,4,3,50.37
22269,EGG CUP NATURAL CHICKEN,1357.7,1521,204,107,0.89
21684,SMALL MEDINA STAMPED METAL BOWL,1357.61,1696,104,65,0.8
23469,CARD HOLDER LOVE BIRD SMALL,1355.24,332,72,61,4.08
22050,PINK PAISLEY ROSE GIFT WRAP,1354.0,3300,115,100,0.41
35962,SET/12 ZINC CHRISTMAS DECORATIONS,1351.78,581,92,52,2.33
17129D,CLEAR COLOUR GLASS GEMS IN BAG,1351.18,1125,39,12,1.2
21059,PARTY INVITES DINOSAURS,1348.56,1596,221,158,0.84
84466,TOP SECRET PEN SET,1348.36,1256,73,34,1.07
20762,GREEN FERN SKETCHBOOK,1343.79,458,136,88,2.93
21822,GLITTER CHRISTMAS TREE WITH BELLS,1343.7,1010,142,73,1.33
22684,"FRENCH BLUE METAL DOOR SIGN, 9",1342.44,1012,162,81,1.33
21190,PINK HEARTS PAPER GARLAND,1337.59,806,111,71,1.66
20993,JAZZ HEARTS MEMO PAD,1334.11,10967,32,23,0.12
20780,BLACK EAR MUFF HEADPHONES,1333.96,231,98,35,5.77
16235,RECYCLED PENCIL WITH RABBIT ERASER,1333.95,5827,310,124,0.23
23061,VINTAGE ENGRAVED HEART,1332.68,1015,117,76,1.31
21580,RABBIT  DESIGN  COTTON TOTE BAG,1329.63,542,172,76,2.45
23538,WALL ART VINTAGE HEART,1329.54,331,32,25,4.02
20933,YELLOW POT PLANT CANDLE,1329.49,505,52,38,2.63
85032D,YULETIDE IMAGES GIFT WRAP SET,1327.68,1148,133,89,1.16
21775,DECORATIVE FLORE BATHROOM BOTTLE,1326.29,874,277,63,1.52
21926,RED/CREAM STRIPE CUSHION COVER,1325.27,1009,147,90,1.31
85032A,ROMANTIC IMAGES GIFT WRAP SET,1323.51,1441,161,103,0.92
22924,FRIDGE MAGNETS LA VIE EN ROSE,1323.42,1500,95,69,0.88
22918,HERB MARKER PARSLEY,1322.86,1925,249,135,0.69
21738,COSY SLIPPER SHOES SMALL  RED,1322.63,422,131,89,3.13
47593B,SCOTTIES DESIGN BABY BIB,1320.99,2341,356,89,0.56
22701,PINK DOG BOWL,1320.57,675,158,65,1.96
85200,BUNNY EGG BOX,1319.09,1045,105,81,1.26
22232,JIGSAW TOADSTOOLS 3 PIECE,1318.99,1109,158,96,1.19
85135C,RED DRAGONFLY HELICOPTER,1317.92,162,111,57,8.14
22051,BLUE SCANDINAVIAN PAISLEY WRAP,1317.5,3175,116,95,0.41
85071B,RED CHARLIE+LOLA PERSONAL DOORSIGN,1316.48,2340,165,123,0.56
22923,FRIDGE MAGNETS LES ENFANTS ASSORTED,1314.89,1583,90,70,0.83
22977,DOLLY GIRL CHILDRENS EGG CUP,1313.86,999,140,101,1.32
20760,GARDEN PATH POCKET BOOK,1313.66,5550,81,47,0.24
84688,BEACH HUT DESIGN BLACKBOARD,1313.52,422,81,39,3.11
23373,VINTAGE CHRISTMAS PAPER GIFT BAG,1313.39,1608,100,86,0.82
35598D,PINK/WHITE CHRISTMAS TREE 60CM,1312.2,1727,103,43,0.76
23405,HOME SWEET HOME 2 DRAWER CABINET,1311.48,252,70,54,5.2
22481,BLACK TEA TOWEL CLASSIC DESIGN,1309.81,1272,219,132,1.03
21277,FRENCH STYLE EMBOSSED HEART CABINET,1309.39,54,48,36,24.25
21842,PINK HEART CANDY BUTTON CALCULATOR,1308.74,551,47,32,2.38
20893,HANGING BAUBLE T-LIGHT HOLDER SMALL,1308.59,559,76,41,2.34
20798,CLEAR MILKSHAKE GLASS,1308.15,551,83,35,2.37
21945,STRAWBERRIES  DESIGN FLANNEL,1307.1,1862,240,61,0.7
22893,MINI CAKE STAND T-LIGHT HOLDER,1306.09,2721,182,70,0.48
21219,SET/4 BADGES BALLOON GIRL,1303.27,1013,176,77,1.29
20738,GREEN MINI TAPE MEASURE,1301.72,1610,74,46,0.81
21248,DOOR HANGER  MUM + DADS ROOM,1299.55,1043,158,106,1.25
85170D,SET/6 PINK BIRD T-LIGHT CANDLES,1296.36,723,151,48,1.79
22105,MIRROR MOSAIC GOBLET CANDLE HOLDER,1294.7,692,55,23,1.87
79191C,RETRO PLASTIC ELEPHANT TRAY,1293.76,1619,157,107,0.8
22267,EASTER DECORATION EGG BUNNY,1291.47,1472,117,91,0.88
22181,SNOWSTORM PHOTO FRAME FRIDGE MAGNET,1291.38,1538,138,85,0.84
22258,FELT FARM ANIMAL RABBIT,1291.05,1342,131,69,0.96
21880,RED RETROSPOT TAPE,1289.83,2483,329,123,0.52
85006,SET 4 NURSERY DES ROUND BOXES,1289.31,3049,37,32,0.42
84609,TALL ROCOCO CANDLE HOLDER,1289.24,143,38,23,9.02
84569D,PACK 6 HEART/ICE-CREAM PATCHES,1287.54,1023,179,82,1.26
85141,JARDIN ETCHED GLASS FRUITBOWL,1286.44,182,71,57,7.07
85025C,PINK HEART SHAPE PHOTO FRAME,1285.91,720,125,73,1.79
17091A,LAVENDER INCENSE IN TIN,1285.89,2085,117,78,0.62
46776A,WOVEN BUBBLE GUM CUSHION COVER,1283.23,406,121,19,3.16
72818,CHRISTMAS DECOUPAGE CANDLE,1283.13,2394,127,82,0.54
46775E,CANDY POP CHUNKY KNITTED THROW,1282.9,101,51,8,12.7
82613D,METAL SIGN CUPCAKE SINGLE HOOK,1281.86,1186,271,98,1.08
22097,SWALLOW SQUARE TISSUE BOX,1281.75,2064,242,158,0.62
22543,MINI JIGSAW BAKE A CAKE,1281.49,3247,118,72,0.39
85231G,ORANGE SCENTED SET/9 T-LIGHTS,1281.31,1474,253,139,0.87
22214,CANDLE PLATE LACE WHITE,1279.79,549,92,43,2.33
84816,DANISH ROSE BEDSIDE CABINET,1278.35,33,20,18,38.74
72800B,S/4 PURPLE DINNER CANDLE BLK FLOCK,1276.78,985,91,52,1.3
21425,SKULLS STORAGE BOX LARGE,1274.93,505,95,41,2.52
21759,METAL WALL SHELF UNIT WITH HOOKS,1274.47,30,13,11,42.48
47591d,PINK FAIRY CAKE CHILDRENS APRON,1274.38,253,72,0,5.04
23072,MARIE ANTOINETTE TRINKET BOX SILVER,1273.76,334,30,21,3.81
16225,RATTLE SNAKE EGGS,1271.66,1520,165,90,0.84
22268,EASTER DECORATION SITTING BUNNY,1271.29,2554,236,117,0.5
35648,VINTAGE BEAD PINK PURSE,1270.93,1041,143,48,1.22
21549,CERAMIC BIRDHOUSE RED ROOF SMALL,1270.39,547,51,36,2.32
85163B,BLACK BAROQUE WALL CLOCK,1268.66,115,66,26,11.03
21689,SILVER VANILLA  FLOWER CANDLE POT,1268.12,342,60,49,3.71
20765,CHRYSANTHEMUM SKETCHBOOK,1265.06,442,146,96,2.86
20777,CHRYSANTHEMUM NOTEBOOK,1262.7,3660,169,78,0.35
40003,WHITE BAMBOO RIBS LAMPSHADE,1257.02,1150,60,34,1.09
21063,PARTY INVITES JAZZ HEARTS,1256.27,1456,238,143,0.86
21145,ANTIQUE GLASS PLACE SETTING,1256.21,869,49,34,1.45
77101A,UNION FLAG WINDSOCK,1255.97,1082,88,55,1.16
22919,HERB MARKER MINT,1255.44,1800,248,136,0.7
20825,GOLD WINE GLASS,1255.08,361,7,5,3.48
35957,SMALLFOLKART BAUBLE CHRISTMAS DEC,1254.9,3565,148,51,0.35
20731,POSY CANDY BAG,1252.92,4142,73,40,0.3
22999,TRAVEL CARD WALLET VINTAGE LEAF,1252.59,2894,222,108,0.43
23511,EMBROIDERED RIBBON REEL EMILY,1252.01,571,98,83,2.19
84967B,BLUE KASHMIRI OCCASIONAL TABLE,1249.45,24,11,8,52.06
85159A,"BLACK TEA,COFFEE,SUGAR JARS",1248.98,492,82,41,2.54
22280,POCKET BAG PINK PAISELY BROWN SPOT,1248.74,877,158,79,1.42
22062,CERAMIC BOWL WITH LOVE HEART DESIGN,1248.15,761,126,68,1.64
22389,PAPERWEIGHT SAVE THE PLANET,1245.52,647,92,74,1.93
21752,GLASS CAKE STAND MIRRORED BASE,1244.81,77,37,28,16.17
22808,SET OF 6 T-LIGHTS EASTER CHICKS,1243.88,420,83,58,2.96
20707,CRAZY DAISY HEART DECORATION,1243.68,1613,199,48,0.77
79163,BLACK CHAMPAGNE GLASS,1240.83,1833,64,44,0.68
23067,HANGING ENGRAVED METAL HEART,1236.66,294,78,63,4.21
85162A,SILVER RETRODISC LAMPSHADE,1234.27,607,20,14,2.03
23138,SINGLE WIRE HOOK IVORY HEART,1231.51,879,82,60,1.4
84910A,PINK PAISLEY CUSHION COVER,1230.39,432,53,37,2.85
21438,TUB 24 HANGING EASTER EGGS SPOTTY,1229.82,373,36,33,3.3
23539,WALL ART LOVES' SECRET,1227.95,247,41,32,4.97
22921,HERB MARKER CHIVES,1226.72,1771,220,121,0.69
85135B,BLUE DRAGONFLY HELICOPTER,1226.51,151,115,67,8.12
21253,SET OF PICTURE FRAME  STICKERS,1225.17,332,122,41,3.69
16046,TEATIME PEN CASE & PENS,1223.5,10056,59,44,0.12
22290,STANDING METAL RABBIT WITH EGG,1223.02,670,78,60,1.83
23142,IVORY WIRE KITCHEN ORGANISER,1220.82,121,40,34,10.09
22216,T-LIGHT HOLDER WHITE LACE,1215.83,1396,116,48,0.87
23598,PAPER BUNTING VINTAGE PARTY,1215.53,427,47,40,2.85
21490,SET OF THREE 50'S GIFT WRAPS,1210.6,637,55,36,1.9
22233,JIGSAW RABBIT AND BIRDHOUSE,1210.11,949,164,112,1.28
84823,DANISH ROSE FOLDING CHAIR,1210.0,120,29,29,10.08
84687,BEACH HUT SHELF W 3 DRAWERS,1208.06,314,73,43,3.85
22265,EASTER DECORATION NATURAL CHICK,1207.8,1843,168,107,0.66
21396,RED SPOTTY EGG CUP,1205.25,948,77,45,1.27
23071,MARIE ANTOINETTE TRINKET BOX GOLD,1205.1,315,19,16,3.83
20771,CHRYSANTHEMUM  JOURNAL,1201.68,606,140,91,1.98
21904,HOUSE WRECKING METAL SIGN,1201.52,757,145,103,1.59
21130,COLOURFUL STANDING GNOME,1200.93,721,49,29,1.67
79066K,RETRO MOD TRAY,1200.25,1377,240,103,0.87
22256,FELT FARM ANIMAL CHICKEN,1200.07,933,119,78,1.29
23444,Next Day Carriage,1200.0,79,79,63,15.19
84658,WHITE STITCHED CUSHION COVER,1199.66,214,64,50,5.61
21883,STARS GIFT TAPE,1199.48,2348,226,132,0.51
23026,DRAWER KNOB VINTAGE GLASS STAR,1198.96,556,62,43,2.16
22403,MAGNETS PACK OF 4 VINTAGE LABELS,1195.89,1715,212,137,0.7
84830,LARGE ENGLISH ARBORETUM,1195.15,113,7,7,10.58
85129D,BEADED CRYSTAL HEART PINK SMALL,1193.56,793,168,59,1.51
84625A,PINK NEW BAROQUECANDLESTICK CANDLE,1193.0,838,81,40,1.42
22102,MIRROR MOSAIC T-LIGHT HOLDER,1191.69,1842,59,35,0.65
72232,FENG SHUI PILLAR CANDLE,1190.92,6268,118,72,0.19
84559A,3D SHEET OF DOG STICKERS,1190.17,1321,230,107,0.9
84750A,PINK SMALL GLASS CAKE STAND,1189.23,544,105,42,2.19
47503E,ASS FLORAL PRINT SCISSORS,1186.9,6842,25,21,0.17
20934,SET/3 POT PLANT CANDLES,1185.07,197,74,44,6.02
84815,SET OF 3 DANISH ROSE PLANTERS,1183.82,926,53,34,1.28
22761,CHEST 7 DRAWER MA CAMPAGNE,1182.78,48,34,27,24.64
21806,WHITE CHRISTMAS HEART DECORATION,1179.43,2707,128,95,0.44
21312,LARGE CHUNKY GLASS ROMAN BOWL,1179.17,299,26,19,3.94
23041,PAPER LANTERN 9 POINT SNOW STAR,1178.48,272,54,46,4.33
85130A,BEADED PEARL HEART WHITE LARGE,1176.29,685,86,59,1.72
23225,CHERUB HEART DECORATION SILVER,1176.17,1355,88,46,0.87
84674,FLYING PIG WATERING CAN,1175.93,460,106,67,2.56
22252,BIRDCAGE DECORATION TEALIGHT HOLDER,1175.56,956,113,85,1.23
72819,CUPID DESIGN SCENTED CANDLES,1174.01,694,92,59,1.69
23523,WALL ART TREASURE AHOY,1173.81,360,41,35,3.26
21393,BLUE POLKADOT PUDDING BOWL,1172.81,5244,43,34,0.22
23431,NATURAL HANGING QUILTED HEARTS,1171.23,1449,72,63,0.81
22048,BIRTHDAY BANQUET GIFT WRAP,1166.3,2815,102,93,0.41
23418,LAVENDER TOILETTE BOTTLE,1166.0,557,79,55,2.09
23515,EMBROIDERED RIBBON REEL DAISY,1164.98,579,71,58,2.01
84313B,BLUE TV TRAY TABLE,1164.04,227,83,24,5.13
21650,ASSORTED TUTTI FRUTTI BRACELET,1163.8,3204,197,84,0.36
23508,MINI PLAYING CARDS DOLLY GIRL,1163.45,2627,120,95,0.44
21649,ASSORTED TUTTI FRUTTI PHOTO FRAME,1162.89,421,29,19,2.76
37475,SET/4 COLOURFUL MIXING BOWLS,1160.56,116,72,45,10.0
22253,6 CROCHET STRAWBERRIES,1158.28,964,86,62,1.2
21763,VINTAGE WOODEN BAR STOOL,1157.9,43,17,15,26.93
23566,EGG CUP MILKMAID HEIDI,1156.93,881,83,44,1.31
23507,MINI PLAYING CARDS BUFFALO BILL,1155.67,2882,119,91,0.4
23269,SET OF 2 CERAMIC CHRISTMAS TREES,1152.98,779,94,63,1.48
22264,FELT FARM ANIMAL WHITE BUNNY,1152.22,2014,168,80,0.57
84847,FLORAL BATHROOM SET,1149.73,2330,49,32,0.49
22806,SET OF 6 T-LIGHTS WEDDING CAKE,1149.02,430,57,42,2.67
22814,CARD PARTY GAMES,1147.77,2728,295,101,0.42
23402,HOME SWEET HOME 3 PEG HANGER,1147.28,296,68,47,3.88
21261,GREEN GOOSE FEATHER CHRISTMAS TREE,1146.12,283,77,37,4.05
21316,SMALL CHUNKY GLASS ROMAN  BOWL,1146.11,693,47,33,1.65
22615,PACK OF 12 CIRCUS PARADE TISSUES,1145.88,3718,188,110,0.31
72598,SET/12 TAPER CANDLES,1145.76,1244,158,74,0.92
22040,BOTANICAL ROSE GIFT WRAP,1144.3,2815,94,82,0.41
20932,PINK POT PLANT CANDLE,1143.97,333,81,54,3.44
84750B,BLACK SMALL GLASS CAKE STAND,1142.02,609,78,43,1.88
22718,CARD CAT AND TREE,1141.36,2605,264,114,0.44
21366,MIRRORED WALL ART PHOTO FRAMES,1140.0,238,77,24,4.79
85110,BLACK SILVER FLOWER T-LIGHT HOLDER,1138.04,11520,23,17,0.1
84596E,SMALL LICORICE DES PINK BOWL,1137.84,1127,201,90,1.01
21942,SKULLS DESIGN FLANNEL,1136.28,1672,221,41,0.68
37424,WHITE WITH BLACK CATS MUG,1134.68,5249,108,28,0.22
22230,JIGSAW TREE WITH WATERING CAN,1134.64,1657,193,96,0.68
22715,CARD WEDDING DAY,1133.93,2717,218,125,0.42
85118,HEART T-LIGHT HOLDER,1133.68,2054,81,55,0.55
22598,CHRISTMAS MUSICAL ZINC TREE,1131.85,1790,144,82,0.63
21555,CERAMIC STRAWBERRY TRINKET TRAY,1131.37,425,134,38,2.66
21413,PERIWINKLE T-LIGHT HOLDER,1131.14,3162,52,25,0.36
23506,MINI PLAYING CARDS SPACEBOY,1129.12,2723,146,114,0.41
37482B,CUBIC MUG BLUE POLKA DOT,1127.91,1251,9,5,0.9
20622,VIPPASSPORT COVER,1127.59,582,128,59,1.94
22255,FELT TOADSTOOL  SMALL,1127.11,1185,142,73,0.95
21040,MODERN VINTAGE COTTON SHOPPING BAG,1125.85,894,68,43,1.26
20700,GREEN CAT FLORAL CUSHION COVER,1125.05,420,103,11,2.68
85124C,GREEN JUICY FRUIT PHOTO FRAME,1123.89,426,121,51,2.64
48173c,DOORMAT BLACK FLOCK,1123.55,70,37,0,16.05
20832,RED FLOCK LOVE HEART PHOTO FRAME,1122.65,1681,158,86,0.67
85136A,YELLOW SHARK HELICOPTER,1121.28,138,106,64,8.13
85224,ASSORTED COLOUR SILK GLASSES CASE,1120.96,2004,61,35,0.56
23510,MINI PLAYING CARDS GYMKHANA,1118.8,2521,120,90,0.44
23411,TRELLIS COAT RACK,1118.61,227,56,42,4.93
17096,ASSORTED LAQUERED INCENSE HOLDERS,1117.09,6240,76,25,0.18
21010,ETCHED GLASS BIRD TREE DECORATION,1114.76,850,83,62,1.31
23513,EMBROIDERED RIBBON REEL SUSIE,1114.26,566,70,59,1.97
47504H,ENGLISH ROSE SPIRIT LEVEL,1113.07,1028,140,81,1.08
20669,RED HEART LUGGAGE TAG,1111.89,797,214,103,1.4
23433,HANGING QUILTED PATCHWORK APPLES,1108.58,1258,89,76,0.88
84678,CLASSICAL ROSE SMALL VASE,1108.28,565,81,52,1.96
84631,FRUIT TREE AND BIRDS WALL PLAQUE,1106.16,288,50,19,3.84
21944,KITTENS DESIGN FLANNEL,1106.01,1789,204,53,0.62
21666,RIDGED GLASS T-LIGHT HOLDER,1105.15,1760,85,49,0.63
22116,METAL SIGN HIS DINNER IS SERVED,1103.88,823,198,96,1.34
21202,DOLLY HONEYCOMB GARLAND,1103.48,854,66,53,1.29
84638,SMALL KITCHEN FLOWER POTS PLAQUE,1101.55,400,69,27,2.75
22532,MAGIC SLATE LEAP FROG,1101.1,2862,175,130,0.38
23375,50'S CHRISTMAS PAPER GIFT BAG,1100.69,1342,103,85,0.82
47587A,PINK FAIRY CAKE COASTER,1099.88,2706,26,7,0.41
22709,WRAP WEDDING DAY,1099.58,2799,77,68,0.39
21131,GOLD STANDING GNOME,1098.86,276,49,18,3.98
21779,MA CAMPAGNE MINI WOODEN CHEST,1097.8,301,22,21,3.65
84358,FLOOR LAMP SHADE WOOD BASE,1097.48,121,29,11,9.07
85212,MINI PAINTED GARDEN DECORATION,1096.56,2831,121,82,0.39
37479B,CUBIC MUG FLOCK BLUE ON BROWN,1095.85,1253,32,20,0.87
20892,SET/3 TALL GLASS CANDLE HOLDER PINK,1095.35,102,38,21,10.74
22997,TRAVEL CARD WALLET UNION JACK,1094.93,2545,222,101,0.43
84989A,75 GREEN FAIRY CAKE CASES,1093.42,2120,152,95,0.52
20867,PINK ROSE FABRIC MIRROR,1093.14,1098,153,68,1.0
85131D,BEADED CRYSTAL HEART PINK\ON STICK,1092.71,1443,267,25,0.76
85093,CANDY SPOT EGG WARMER HARE,1091.21,1361,152,57,0.8
23087,ZINC  HEART T-LIGHT HOLDER,1090.66,868,69,43,1.26
20755,BLUE PAISLEY POCKET BOOK,1089.73,5145,122,74,0.21
23432,PRETTY HANGING QUILTED HEARTS,1088.36,1276,74,65,0.85
84791,GINGHAM HEART DECORATION,1086.13,334,106,66,3.25
84509C,SET OF 4 POLKADOT PLACEMATS,1085.96,277,96,45,3.92
21839,MUMMY MOUSE RED GINGHAM RIBBON,1085.59,201,83,71,5.4
72815,3 WICK CHRISTMAS BRIAR CANDLE,1083.36,282,70,53,3.84
20615,BLUE SPOTTY PASSPORT COVER,1077.81,637,195,59,1.69
23347,I LOVE LONDON BEAKER,1077.3,860,97,51,1.25
21817,GLITTER CHRISTMAS TREE,1077.19,1687,130,102,0.64
21632,VINTAGE PINK DECORATIVE PARASOL,1076.22,132,53,30,8.15
23102,SILVER HEARTS TABLE DECORATION,1075.03,1274,157,128,0.84
21850,BLUE  DIAMANTE PEN IN GIFT BOX,1072.98,447,106,29,2.4
21758,VINTAGE SHELLS PRINT,1069.76,135,79,34,7.92
85126,LARGE ROUND CUTGLASS CANDLESTICK,1069.16,156,34,22,6.85
21827,EIGHT PIECE CREEPY CRAWLIE SET,1068.89,835,134,89,1.28
84559B,3D SHEET OF CAT STICKERS,1065.55,1199,195,97,0.89
84247E,PACK/12 XMAS FUN CARD,1064.05,376,96,68,2.83
23331,DECORATIVE WICKER HEART SMALL,1062.28,1596,109,67,0.67
22860,EASTER TIN CHICKS PINK DAISY,1060.85,612,111,85,1.73
21815,STAR  T-LIGHT HOLDER,1060.24,679,92,58,1.56
72800F,4 IVORY DINNER CANDLES GOLD FLOCK,1060.19,822,67,51,1.29
22856,ASSORTED EASTER DECORATIONS  BELLS,1059.85,877,32,25,1.21
23033,DRAWER KNOB CERAMIC RED,1058.9,714,74,42,1.48
85008,SET OF 3 CONEY ISLAND OVAL BOXES,1058.72,269,99,77,3.94
22995,TRAVEL CARD WALLET SUKI,1058.64,2381,266,90,0.44
23516,EMBROIDERED RIBBON REEL SOPHIE,1058.6,296,42,39,3.58
85163A,WHITE BAROQUE WALL CLOCK,1058.17,103,57,35,10.27
35651,VINTAGE BEAD PINK SCARF,1057.62,459,63,32,2.3
85179B,WHITE BITTY LIGHT CHAIN,1056.6,246,45,33,4.3
16047,POP ART PEN CASE & PENS,1054.7,10612,31,21,0.1
21825,PAINTED METAL TREE WITH HOLLY BELLS,1053.19,733,75,62,1.44
84908B,BLUE 5 PATCH FLOWER CUSHION COVER,1052.29,435,35,2,2.42
85078,SCANDINAVIAN 3 HEARTS NAPKIN RING,1052.02,2258,162,63,0.47
37327,ASSTD MULTICOLOUR CIRCLES MUG,1051.69,1739,88,42,0.6
20783,HEART EAR MUFF HEADPHONES,1051.4,165,55,20,6.37
23327,HANGING CLEAR MINI BOTTLE,1051.14,1734,41,33,0.61
84965A,PINK KASHMIRI COFFEE TABLE,1050.0,20,3,2,52.5
22857,ASSORTED EASTER GIFT TAGS,1048.28,1230,66,60,0.85
22821,GIFT BAG PSYCHEDELIC APPLES,1047.45,1660,186,83,0.63
72750B,FLOWER FAIRY SET 3 CANDLES LAVENDER,1047.2,496,39,31,2.11
85144,JARDIN ETCHED GLASS CHEESE DISH,1046.85,287,70,61,3.65
22511,RETROSPOT BABUSHKA DOORSTOP,1046.66,397,111,90,2.64
21061,PARTY INVITES FOOTBALL,1046.56,1396,163,104,0.75
84707A,SILVER JEWELLED MIRROR TRINKET TRAY,1045.88,125,64,36,8.37
84908A,PINK 5 PATCH FLOWER CUSHION COVER,1045.16,432,36,4,2.42
46775A,BUBBLE GUM CHUNKY KNITTED THROW,1044.23,83,32,3,12.58
23419,HOME SWEET HOME BOTTLE,1043.72,473,86,56,2.21
22134,MINI LADLE LOVE HEART RED,1043.58,2354,298,80,0.44
35646,VINTAGE BEAD PINK EVENING BAG,1043.44,642,104,37,1.63
18007,ESSENTIAL BALM 3.5g TIN IN ENVELOPE,1043.22,11396,72,40,0.09
84405A,S/3 PINK COL METAL BASKET W HANDLE,1042.16,129,50,40,8.08
22266,EASTER DECORATION HANGING BUNNY,1040.11,2542,161,101,0.41
20671,BLUE TEATIME PRINT BOWL,1038.72,786,143,70,1.32
85124A,PINK JUICY FRUIT PHOTO FRAME,1037.13,377,95,43,2.75
21269,ANTIQUE CREAM CUTLERY SHELF,1036.84,114,65,52,9.1
21725,SWEETIES  STICKERS,1036.43,1135,173,81,0.91
23088,ZINC HEART FLOWER T-LIGHT HOLDER,1033.28,795,79,52,1.3
85160B,BLACK BIRD GARDEN DESIGN MUG,1032.7,6155,36,28,0.17
21664,RIDGED GLASS STORAGE JAR CREAM LID,1031.07,258,67,44,4.0
84686,BEACH HUT MIRROR,1027.79,389,76,33,2.64
20652,BLUE SPOTTY LUGGAGE TAG,1027.29,1516,172,73,0.68
23545,WRAP RED VINTAGE DOILY,1025.6,2480,84,76,0.41
85104,SILVER GLASS T-LIGHT SET,1024.49,351,56,40,2.92
84625C,BLUE NEW BAROQUE CANDLESTICK CANDLE,1024.15,770,71,29,1.33
82616C,MIDNIGHT GLAMOUR SCARF KNITTING KIT,1024.1,632,142,57,1.62
21417,COCKLE SHELL DISH,1023.9,502,118,41,2.04
35923,CANDY HEART HANGING DECORATION,1023.77,1545,112,51,0.66
22247,BUNNY DECORATION MAGIC GARDEN,1022.79,1184,182,86,0.86
85180B,PINK HEARTS LIGHT CHAIN,1022.16,364,67,29,2.81
23452,HEART MINI PORTRAIT FRAME,1021.76,518,87,69,1.97
23153,ZINC SWEETHEART WIRE LETTER RACK,1020.69,263,90,67,3.88
72800D,S/4 BLUE DINNER CANDLE SILVER FLOCK,1020.21,631,86,50,1.62
22717,CARD DOG AND BALL,1018.42,2405,215,118,0.42
84985A,SET OF 72 GREEN PAPER DOILIES,1018.13,644,153,95,1.58
20839,FRENCH PAISLEY CUSHION COVER,1018.11,633,118,53,1.61
84923,PINK BUTTERFLY HANDBAG W BOBBLES,1017.64,234,150,5,4.35
85031C,CURIOUS IMAGES SCRAP BOOK SET,1017.48,481,106,23,2.12
21814,HEART T-LIGHT HOLDER,1016.53,670,95,59,1.52
85099f,JUMBO BAG STRAWBERRY,1016.36,201,25,0,5.06
23544,WALL ART MID CENTURY MODERN,1015.78,164,20,17,6.19
22049,WRAP CHRISTMAS SCREEN PRINT,1015.75,3500,114,95,0.29
22420,LIPSTICK PEN BABY PINK,1014.75,2111,234,111,0.48
84709B,PINK OVAL JEWELLED MIRROR,1014.48,176,86,32,5.76
20619,TROPICAL PASSPORT COVER,1014.42,578,194,46,1.76
84596L,BISCUITS SMALL BOWL LIGHT BLUE,1013.96,1536,255,78,0.66
20730,STRAWBERRY CANDY BAG,1011.7,2218,102,34,0.46
72586,SET OF 6 HALLOWEEN GHOST T-LIGHTS,1010.1,2303,183,95,0.44
23107,WHITE WIRE PLANT POT HOLDER,1009.51,359,73,60,2.81
21084,SET/6 COLLAGE PAPER CUPS,1008.81,2929,223,113,0.34
47589,CONGRATULATIONS BUNTING,1008.73,183,76,59,5.51
84905,PINK BUTTERFLY CUSHION COVER,1007.91,269,105,19,3.75
84929,ASSTD FRUIT+FLOWERS FRIDGE MAGNETS,1007.52,3096,93,82,0.33
23460,SWEETHEART WALL TIDY,1007.08,108,43,41,9.32
22643,SET OF 4 NAPKIN CHARMS LEAVES,1006.24,464,96,72,2.17
47310M,"SMALL POP BOX,FUNKY MONKEY",1004.94,746,172,37,1.35
21836,GINGHAM OVEN GLOVE RED HEART,1003.89,249,100,77,4.03
23281,FOLDING MIRROR RED,1000.82,1280,101,56,0.78
23121,PACK OF 6 COCKTAIL PARASOL STRAWS,1000.44,2501,111,81,0.4
84907,PINK/YELLOW PATCH CUSHION COVER,999.17,391,36,12,2.56
21427,SKULLS STORAGE BOX SMALL,999.06,507,119,55,1.97
23533,WALL ART GARDEN HAVEN,998.64,215,36,27,4.64
21127,COLOURFUL FISHING GNOME,998.03,297,48,25,3.36
21250,SET OF SKULL WALL STICKERS,997.55,402,60,47,2.48
23517,EMBROIDERED RIBBON REEL REBECCA,996.38,334,63,50,2.98
20705,MRS ROBOT SOFT TOY,996.19,273,53,47,3.65
20782,CAMOUFLAGE EAR MUFF HEADPHONES,995.48,155,87,39,6.42
84918,CREAM CUSHION COVER WITH FLOWERS,995.12,208,63,15,4.78
85170C,SET/6 EAU DE NIL BIRD T-LIGHTS,993.03,543,107,40,1.83
20617,FIRST CLASS PASSPORT COVER,992.99,498,105,59,1.99
72484,ROSES IN WHITE HEART CANDLE,991.38,1818,64,45,0.55
21690,SILVER  CANDLEPOT JARDIN,990.84,258,82,65,3.84
21721,CANDY SHOP  STICKER SHEET,990.5,1090,144,73,0.91
84964B,BLUE PAINTED KASHMIRI TABLE,990.0,17,2,2,58.24
21335,LIBRARY LAMP,989.62,42,28,17,23.56
84660C,PINK STITCHED WALL CLOCK,987.98,725,85,29,1.36
21636,MADRAS NOTEBOOK MEDIUM,985.74,1014,98,74,0.97
82613B,"METAL SIGN,CUPCAKE SINGLE HOOK",985.57,896,223,73,1.1
21303,FILIGREE WALL MIRROR  ANTIQUE WHITE,985.54,96,30,24,10.27
85025B,EAU DE NILE HEART SHAPE PHOTO FRAME,985.4,570,95,55,1.73
35958,FOLKART ZINC STAR CHRISTMAS DEC,984.63,1131,82,58,0.87
17021,NAMASTE SWAGAT INCENSE,984.24,3720,76,45,0.26
22529,MAGIC SLATE GO TO THE FAIR,984.03,2437,155,114,0.4
23380,PACK OF 12 VINTAGE DOILY TISSUES,983.5,2344,121,86,0.42
35653,VINTAGE BEAD NOTEBOOK,982.53,311,113,42,3.16
85019B,BLOSSOM  IMAGES NOTEBOOK SET,982.47,718,47,31,1.37
23518,EMBROIDERED RIBBON REEL RACHEL,980.41,361,44,40,2.72
20661,BLUE SPOTTY PURSE,980.06,898,123,37,1.09
84030e,ENGLISH ROSE HOT WATER BOTTLE,979.4,120,46,0,8.16
22108,PING! MICROWAVE PLATE,978.74,313,128,34,3.13
82616B,FRAPPUCINO SCARF KNITTING KIT,977.55,606,126,57,1.61
23514,EMBROIDERED RIBBON REEL SALLY,977.39,478,74,57,2.04
21208,PASTEL COLOUR HONEYCOMB FAN,976.91,1078,120,65,0.91
23512,EMBROIDERED RIBBON REEL ROSIE,975.24,500,57,46,1.95
35599B,BLACK CHRISTMAS TREE 120CM,974.81,268,51,26,3.64
84873a,FUNKY FLOWER PICNIC BAG FOR 4,973.36,88,59,0,11.06
71279,PINK GLASS CANDLEHOLDER,972.11,293,78,34,3.32
84800L,LARGE WHITE/PINK ROSE ART FLOWER,970.79,650,38,32,1.49
21562,HAWAIIAN GRASS SKIRT,970.28,678,73,47,1.43
85018D,YULETIDE IMAGES S/6 PAPER BOXES,969.9,787,80,57,1.23
78124,MAGAZINE RACK GEBRA ASSORTED,969.61,730,31,25,1.33
22104,MIRROR MOSAIC CANDLE PLATE,968.08,1187,99,31,0.82
85189,HANGING BUTTERFLY  EGG,967.95,1176,68,53,0.82
72814,SET/3 CHRISTMAS BRIAR CANDLES,967.92,266,54,42,3.64
23183,MOTHER'S KITCHEN SPOON REST,967.17,226,84,45,4.28
21299,EDWARDIAN TOILET ROLL UNIT,966.35,166,34,25,5.82
20830,SILVER PHOTO FRAME,964.61,407,82,36,2.37
90175A,WHITE GLASS CHUNKY CHARM BRACELET,964.45,107,62,20,9.01
20773,BLUE PAISLEY NOTEBOOK,963.98,3339,117,78,0.29
20774,GREEN FERN NOTEBOOK,962.48,3484,119,68,0.28
21691,SILVER VANILLA FLOWER CANDLE POT,960.99,249,72,56,3.86
85197,SET OF 12 MINI BUNNIES IN A BUCKET,959.46,1669,74,63,0.57
85130D,BEADED CRYSTAL HEART PINK LARGE,958.85,788,107,63,1.22
72753B,S/3 FLWR FAIRY LAVENDER CANDLES,957.73,445,14,11,2.15
21805,WHITE CHRISTMAS TREE DECORATION,957.63,2221,103,77,0.43
22994,TRAVEL CARD WALLET RETROSPOT,956.94,2194,218,89,0.44
84360,TABLE LAMP WHITE SHADE WOOD BASE,956.89,179,40,14,5.35
22512,DOORSTOP RACING CAR DESIGN,956.17,384,71,54,2.49
84664,CHERRY BLOSSOM BATHROOM CABINET,955.35,193,51,17,4.95
85111,SILVER GLITTER FLOWER VOTIVE HOLDER,954.15,2907,77,50,0.33
20758,ABSTRACT CIRCLES POCKET BOOK,953.42,5425,95,61,0.18
85032B,BLOSSOM IMAGES GIFT WRAP SET,953.34,982,152,95,0.97
21060,PARTY INVITES BALLOON GIRL,952.55,1276,151,102,0.75
20878,SET/9 CHRISTMAS T-LIGHTS SCENTED,952.51,737,85,61,1.29
17012C,ORIGAMI LAVENDER INCENSE/CANDL SET,950.4,856,113,47,1.11
21129,SILVER FISHING GNOME,949.44,124,60,24,7.66
22953,BIRTHDAY PARTY CORDON BARRIER TAPE,948.55,760,119,76,1.25
23540,WALL ART THE MAGIC FOREST,947.06,150,14,9,6.31
37492B,BLUE YELLOW FLOWER PIGGY BANK,946.72,489,44,33,1.94
21331,MOROCCAN BEATEN METAL DISH LARGE,946.68,110,30,23,8.61
85032C,CURIOUS IMAGES GIFT WRAP SET,946.59,886,161,85,1.07
21641,ASSORTED TUTTI FRUTTI KEYRING BALL,946.31,1666,111,43,0.57
20778,GARDEN PATH NOTEBOOK,944.36,3611,90,66,0.26
85031A,ROMANTIC IMAGES SCRAP BOOK SET,943.44,477,102,36,1.98
22143,CHRISTMAS CRAFT HEART DECORATIONS,942.88,446,70,51,2.11
20998,ROSE DU SUD OVEN GLOVE,942.26,324,127,52,2.91
22096,PINK PAISLEY SQUARE TISSUE BOX,938.86,1667,180,129,0.56
85124B,BLUE JUICY FRUIT PHOTO FRAME,938.47,353,102,45,2.66
90147,CHUNKY SILVER NECKLACE PASTEL FLOWE,937.45,93,58,24,10.08
84817,DANISH ROSE DECORATIVE PLATE,937.44,1059,79,70,0.89
23178,JAM CLOCK MAGNET,936.89,327,68,50,2.87
85121B,RETRO LAUNDRY TUB PINK,936.74,86,48,27,10.89
85226A,WHITE/BLUE PULL BACK RACING CAR,933.07,1714,144,95,0.54
82001s,VINYL RECORD FRAME SILVER,932.98,125,29,0,7.46
47504E,ENGLISH ROSE SCISSORS,931.86,4387,48,31,0.21
21726,MULTI HEARTS  STICKERS,930.99,1077,155,93,0.86
23179,CLOCK MAGNET MUM'S KITCHEN,930.48,324,53,36,2.87
21720,CAKE SHOP  STICKER SHEET,929.81,1068,112,73,0.87
21014,SWISS CHALET TREE DECORATION,928.09,1850,189,91,0.5
20831,GOLD PHOTO FRAME,927.96,474,79,34,1.96
37330,SPOTS MUG,927.46,517,28,19,1.79
20775,DAISY NOTEBOOK,926.54,3604,112,43,0.26
23099,FRENCH CARRIAGE LANTERN,925.35,137,58,46,6.75
72800C,S/4 PINK DINNER CANDLE SILVER FLOCK,924.84,660,78,49,1.4
82607A,GLASS BONBON JAR PARFUME AUX FLEURE,923.72,663,159,65,1.39
84341B,SMALL PINK MAGIC CHRISTMAS TREE,922.18,1757,121,79,0.52
22703,PINK CAT BOWL,921.81,513,165,57,1.8
20903,VINTAGE KEEPSAKE BOX TRAVELOGUE,919.8,187,86,19,4.92
22647,CERAMIC LOVE HEART MONEY BANK,919.63,1058,82,60,0.87
85121C,RETRO LAUNDRY TUB PISTACHIO,918.91,98,53,39,9.38
72529W,WHITE ADVENT CANDLE,918.75,464,47,39,1.98
21702,SET 5 MINI GATEAUX  FRIDGE MAGNETS,918.68,2636,8,5,0.35
72045D,ROSES ON BLUE TEACUP CANDLE,918.65,539,6,3,1.7
85130B,BEADED CRYSTAL HEART GREEN LARGE,918.33,911,83,50,1.01
84600,NEW BAROQUE JEWELLERY BOX,918.27,108,52,31,8.5
21264,WHITE GOOSE FEATHER TREE 60CM,917.85,391,68,51,2.35
23338,EGG FRYING PAN RED,915.4,431,109,62,2.12
85019A,ROMANTIC IMAGES NOTEBOOK SET,915.04,647,49,37,1.41
21007,ETCHED GLASS DROPLET DECORATION,914.67,1927,48,36,0.47
23002,TRAVEL CARD WALLET SKULLS,914.37,2119,192,85,0.43
21320,GLASS CHALICE GREEN  LARGE,913.34,398,56,31,2.29
23413,VINTAGE COFFEE GRINDER BOX,909.31,173,58,34,5.26
37482P,CUBIC MUG PINK POLKADOT,906.31,667,83,50,1.36
22707,WRAP MONSTER FUN,905.94,2157,83,70,0.42
46000P,POLYESTER FILLER PAD 65CMx65CM,905.25,213,49,37,4.25
46776C,WOVEN FROST CUSHION COVER,905.1,258,96,14,3.51
23004,TRAVEL CARD WALLET PANTRY,903.16,2002,221,73,0.45
21444,BLUE CHALET BIRDFEEDER,902.03,291,36,18,3.1
23532,WALL ART WORK REST AND PLAY,901.58,210,31,23,4.29
22248,DECORATION  PINK CHICK MAGIC GARDEN,901.5,1013,173,77,0.89
21318,GLASS CHALICE BLUE SMALL,900.42,972,93,70,0.93
21480,PINK STRIPE HOT WATER BOTTLE,899.52,285,57,35,3.16
84660B,BLACK STITCHED WALL CLOCK,899.48,745,61,26,1.21
84820,DANISH ROSE TRINKET TRAYS,899.37,323,54,46,2.78
20913,SET/5 BLUE SPOTTY LID GLASS BOWLS,898.72,314,43,26,2.86
23502,PLAYING CARDS VINTAGE DOILY,896.41,714,94,80,1.26
17109B,FLOWER FAIRY INCENSE LAVENDER,896.34,4542,17,13,0.2
20941,FROG CANDLE,896.28,998,124,54,0.9
85031B,BLOSSOM IMAGES SCRAP BOOK SET,896.09,496,85,25,1.81
84760L,LARGE HANGING GLASS+ZINC LANTERN,896.0,560,1,1,1.6
22936,BAKING MOULD ROSE WHITE CHOCOLATE,895.97,279,50,30,3.21
23472,NINE DRAWER OFFICE TIDY,894.42,58,33,29,15.42
21676,FLOWERS  STICKERS,893.72,1193,159,75,0.75
85049e,SCANDINAVIAN REDS RIBBONS,893.25,268,61,0,3.33
84666,SQUARE CHERRY BLOSSOM CABINET,892.7,226,33,13,3.95
20759,CHRYSANTHEMUM POCKET BOOK,891.13,5777,63,35,0.15
20757,RED DAISY POCKET BOOK,890.7,5347,78,49,0.17
85194S,HANGING SPRING FLOWER EGG SMALL,889.46,1760,131,84,0.51
21220,SET/4 BADGES DOGS,888.68,659,159,65,1.35
21724,PANDA AND BUNNIES STICKER SHEET,888.34,996,178,81,0.89
85214,TUB 24 PINK FLOWER PEGS,886.23,514,169,94,1.72
84086C,PINK/PURPLE RETRO RADIO,884.75,297,88,25,2.98
20991,JAZZ HEARTS MAGNETIC MEMO PAD,884.56,7084,32,12,0.12
22164,STRING OF STARS CARD HOLDER,883.22,315,49,40,2.8
84974,S/2 ZINC HEART DESIGN PLANTERS,879.55,89,57,52,9.88
72799A,BLACK PILLAR CANDLE SILVER FLOCK,877.8,612,18,14,1.43
23423,PANTRY 3 HOOK ROLLING PIN HANGER,876.9,219,66,47,4.0
21185,HOME SWEET HOME  BLACKBOARD,876.29,132,44,34,6.64
21062,PARTY INVITES SPACEMAN,875.87,1053,136,102,0.83
35598B,BLACK CHRISTMAS TREE 60CM,874.65,931,57,37,0.94
90200C,BLUE SWEETHEART BRACELET,874.63,206,98,32,4.25
20803,SMALL PINK GLASS SUNDAE DISH,874.46,1149,84,50,0.76
21270,ANTIQUE CREAM CUTLERY CUPBOARD,874.43,76,51,24,11.51
90200E,GREEN SWEETHEART BRACELET,873.97,209,91,36,4.18
21338,MARAKESH LANTERN SMALL,873.25,199,13,9,4.39
84925F,PSYCHEDELIC WALL THERMOMETER,873.11,714,34,29,1.22
85165,CANDY PINK FRENCH BOUDOIR CLOCK,872.76,90,58,9,9.7
23479,WIRE EGG BASKET,872.38,113,44,35,7.72
21293,MIRRORED DOVE WALL DECORATION,872.34,343,85,29,2.54
21414,SCALLOP SHELL SOAP DISH,870.89,1637,36,17,0.53
21147,JINGLE BELLS TREE DECORATION,870.48,477,118,33,1.82
23220,REINDEER HEART DECORATION GOLD,869.15,993,103,55,0.88
84826,ASSTD DESIGN 3D PAPER STICKERS,869.08,1734,51,48,0.5
17033,"BROCADE PURSE,SMALL ARCH BUTTON",867.84,3280,69,58,0.26
17012B,ORIGAMI JASMINE INCENSE/CANDLE SET,867.45,721,126,43,1.2
85166B,BLACK METAL BAROQUE PHOTO FRAME,864.1,510,38,28,1.69
85161,ACRYLIC GEOMETRIC LAMP,863.85,51,32,16,16.94
21255,"FRENCH BOTTLE , LAVENDER",860.08,476,96,46,1.81
84632,DECORATIVE HANGING SHELVING UNIT,859.25,15,11,8,57.28
22486,PLASMATRONIC LAMP,856.4,104,40,22,8.23
84660A,WHITE STITCHED WALL CLOCK,855.26,860,51,34,0.99
21635,MADRAS NOTEBOOK LARGE,855.24,398,42,35,2.15
84578,ELEPHANT TOY WITH BLUE T-SHIRT,854.91,222,112,67,3.85
21478,SILVER SKULL HOT WATER BOTTLE,854.23,204,92,57,4.19
20756,GREEN FERN POCKET BOOK,851.56,5728,64,40,0.15
35954,SMALL FOLKART STAR CHRISTMAS DEC,850.49,2181,111,58,0.39
21376,LARGE  TALL CAMPHOR WOOD TOADSTOOL,849.91,183,46,35,4.64
21458,2 PICTURE BOOK EGGS EASTER BUNNY,849.24,768,88,51,1.11
84951A,SET OF 4 PISTACHIO LOVEBIRD COASTER,848.76,622,135,37,1.36
20897,VINTAGE NOTEBOOK PARIS DAYS,848.7,351,75,29,2.42
72349b,SET/6 PURPLE BUTTERFLY T-LIGHTS,848.41,204,112,0,4.16
22547,MINI JIGSAW DINOSAUR,846.82,1980,189,84,0.43
22229,BUNNY WOODEN PAINTED WITH FLOWER,845.3,1007,185,101,0.84
22820,GIFT BAG BIRTHDAY,845.13,1353,110,67,0.62
84509a,SET OF 4 ENGLISH ROSE PLACEMATS,844.74,113,75,0,7.48
90161C,ANT COPPER LIME BOUDICCA BRACELET,843.91,169,100,28,4.99
37423,WHITE WITH BLACK CATS PLATE,843.88,6168,70,17,0.14
20936,FORKED CACTUS CANDLE,843.39,333,76,42,2.53
21300,ANTIQUE EDWARDIAN DRESSER,841.7,53,12,11,15.88
21128,GOLD FISHING GNOME,841.63,126,57,22,6.68
23564,EGG CUP MILKMAID INGRID,841.31,644,76,39,1.31
84782A,PINK 3 TIER GLASS PLATE STAND,840.45,119,26,24,7.06
23551,PACK OF 12 PAISLEY PARK TISSUES,839.84,1840,136,88,0.46
85231L,LAVENDER SCENTED SET/9 T-LIGHTS,838.35,1039,116,81,0.81
17039,INLAID WOOD INCENSE HOLDER,837.88,3707,43,20,0.23
84762B,PINK PICNIC BARBECUE BUCKET,837.77,113,48,19,7.41
21552,CERAMIC BIRDHOUSE BLACK ROSE  LARGE,837.6,165,35,25,5.08
85071C,"CHARLIE+LOLA""EXTREMELY BUSY"" SIGN",837.23,1285,141,85,0.65
40018E,TEA TIME PAPER LANTERNS,837.02,384,81,37,2.18
85208,SET/12 FUNKY FELT FLOWER PEG IN BAG,836.94,420,87,56,1.99
47563A,RETRO LONGBOARD IRONING BOARD COVER,836.62,343,151,39,2.44
47367B,PAIR PADDED HANGERS PINK CHECK,834.95,242,95,35,3.45
84849A,HELLO SAILOR BLUE SOAP HOLDER,833.57,470,103,52,1.77
20776,ABSTRACT CIRCLES NOTEBOOK,832.66,3258,84,50,0.26
85196,EASTER BUNNIES ON A STICK,831.04,1564,71,59,0.53
85213,MINI  ZINC GARDEN DECORATIONS,829.0,1378,80,48,0.6
20894,HANGING BAUBLE T-LIGHT HOLDER LARGE,827.3,267,79,47,3.1
23017,APOTHECARY MEASURING JAR,826.28,67,22,20,12.33
85188A,GREEN METAL SWINGING BUNNY,824.97,944,105,67,0.87
21551,CERAMIC BIRDHOUSE BUTTERFLY LARGE,824.95,169,22,16,4.88
79342B,BROWN FLOWER LIGHTS,824.95,119,34,22,6.93
22510,GINGHAM BABUSHKA DOORSTOP,821.57,316,90,70,2.6
21654,RIDGED GLASS FINGER BOWL,820.21,1183,82,53,0.69
82613C,"METAL SIGN,CUPCAKE SINGLE HOOK",820.01,770,187,56,1.06
23186,FRENCH STYLE STORAGE JAR CAFE,819.46,1982,70,57,0.41
21375,LARGE CAMPHOR WOOD FIELD MUSHROOM,817.6,134,61,26,6.1
22289,HANGING METAL CHICKEN DECORATION,817.48,764,76,45,1.07
85187,S/12 MINI RABBIT EASTER,816.48,479,109,75,1.7
23324,RUSTIC STRAWBERRY JAMPOT LARGE,816.04,399,44,38,2.05
23106,ZINC PLANT POT HOLDER,815.59,291,53,49,2.8
21719,LOVELY BONBON STICKER SHEET,813.14,906,141,69,0.9
20833,SHAKER THROW  QUILTED,811.8,52,5,3,15.61
21374,MIRRORED WALL ART SKULLS,809.67,470,71,57,1.72
85145,JARDIN ETCHED GLASS LARGE BELL JAR,809.05,91,30,27,8.89
20769,DAISY JOURNAL,808.81,438,79,48,1.85
47594B,SCOTTIES DESIGN WASHBAG,808.39,408,122,67,1.98
84922,PINK BUTTERFLY WASHBAG,808.22,342,17,9,2.36
23022,SMALL BONNE JAM JAR  T-LIGHT HOLDER,808.16,422,22,19,1.92
21454,PAINTED PINK RABBIT,807.6,937,194,78,0.86
22344,PARTY PIZZA DISH PINK+WHITE SPOT,807.32,1580,133,65,0.51
20901,VINTAGE KEEPSAKE BOX PINK FLOWER,806.58,91,67,14,8.86
84767,ZINC POLICE BOX LANTERN,806.22,195,6,4,4.13
17012A,ORIGAMI VANILLA INCENSE/CANDLE SET,806.16,726,95,30,1.11
22135,MINI LADLE LOVE HEART PINK,806.15,1624,317,58,0.5
84920,PINK FLOWER FABRIC PONY,805.38,201,88,43,4.01
37333,"RETRO ""TEA FOR ONE""",805.1,145,58,26,5.55
21222,SET/4 BADGES BEETLES,804.65,621,133,70,1.3
17107D,"FLOWER FAIRY,5 SUMMER B'DRAW LINERS",803.25,315,86,68,2.55
84951B,SET OF 4 BLACK LOVEBIRD COASTERS,802.73,565,120,31,1.42
23409,PHOTO FRAME LINEN AND LACE LARGE,801.68,215,43,39,3.73
85044,RED REINDEER STRING OF 20 LIGHTS,801.4,149,40,26,5.38
16011,ANIMAL STICKERS,799.32,3812,112,83,0.21
22825,DECORATIVE PLANT POT WITH FRIEZE,799.02,100,38,32,7.99
22408,TIN CAN CONFECTIONERY DESIGN,798.67,650,95,72,1.23
20699,MOUSEY LONG LEGS SOFT TOY,797.96,294,88,42,2.71
21455,PAINTED YELLOW WOODEN DAISY,797.27,901,167,60,0.88
20997,ROSE DU SUD CUSHION COVER,796.74,170,83,25,4.69
22447,PIN CUSHION RUSSIAN DOLL BLUE,796.34,248,82,41,3.21
72801G,S/4 BURGUNDY WINE DINNER CANDLES,796.12,1323,64,43,0.6
22058,CERAMIC LOVE HEARTS DESIGN MUG,795.72,520,103,71,1.53
23487,SWEET HEART CAKE CARRIER,795.58,80,44,41,9.94
37494A,FAIRY CAKE CERAMIC BUTTER DISH,793.44,237,51,18,3.35
23521,WALL ART CAT AND BIRD,793.37,413,44,21,1.92
84625D,WHITE NEWBAROQUE CANDLESTICK CANDLE,793.34,650,51,36,1.22
35915C,PEACH KNITTED HEN,793.32,662,82,23,1.2
47574A,ENGLISH ROSE SCENTED HANGING FLOWER,792.73,573,129,44,1.38
23519,EMBROIDERED RIBBON REEL CLAIRE,792.31,224,24,18,3.54
85017A,ENVELOPE 50 ROMANTIC IMAGES,792.15,1157,174,45,0.68
45008C,DECORATIVE NET CANOPY CREAM,792.07,83,34,16,9.54
23335,EGG FRYING PAN IVORY,790.78,377,96,62,2.1
23568,EGG CUP HENRIETTA HEN CREAM,787.52,630,48,24,1.25
84970s,HANGING HEART ZINC T-LIGHT HOLDER,784.04,373,98,0,2.1
72799C,PINK PILLAR CANDLE SILVER FLOCK,783.1,471,48,32,1.66
20989,URBAN CHIC CHOPSTICKS SET/5,782.18,407,57,29,1.92
37461,FUNKY MONKEY MUG,778.64,742,95,35,1.05
21456,2 PICTURE BOOK EGGS EASTER CHICKS,776.05,738,65,42,1.05
90200B,BLACK SWEETHEART BRACELET,775.45,183,84,28,4.24
84534B,FAIRY CAKE NOTEBOOK A5 SIZE,774.71,818,187,69,0.95
21015,DARK BIRD HOUSE TREE DECORATION,771.73,1700,186,80,0.45
23115,RED APPLES CHOPPING BOARD,770.32,152,45,38,5.07
21723,ALPHABET HEARTS STICKER SHEET,769.13,866,135,66,0.89
20910,VINTAGE PHOTO ALBUM PARIS DAYS,769.12,106,47,11,7.26
84761,IVORY HANGING BIRD PLANTER,768.85,276,61,33,2.79
21554,CERAMIC BIRDHOUSE RED ROOF LARGE,767.75,167,22,17,4.6
84712B,PINK JEWELLED PHOTO FRAME,767.16,98,60,29,7.83
72755C,FLOWER FAIRY OIL BURNER SET ROSE,767.0,592,14,12,1.3
72750A,FLOWER FAIRY SET OF 3 LILY CANDLES,766.85,383,16,13,2.0
35095B,RED VICTORIAN FABRIC OVAL BOX,766.64,1952,177,73,0.39
84029C,BROWN FURRY HOT WATER BOTTLE,766.19,204,48,27,3.76
23140,TRIPLE WIRE HOOK IVORY HEART,766.1,182,52,29,4.21
16259,PIECE OF CAMO STATIONERY SET,766.09,5473,55,46,0.14
22640,SET OF 4 NAPKIN CHARMS 3 KEYS,765.39,357,87,58,2.14
16244B,MAXWELL 2 TONE BLUE 60 PAGE PHOTO A,765.02,345,28,8,2.22
84963A,PINK PAINTED KASHMIRI CHAIR,763.35,23,9,8,33.19
23550,WRAP ALPHABET POSTER,763.1,1855,64,60,0.41
35811A,ENAMEL PINK SUGAR CONTAINER,762.97,434,84,24,1.76
23006,TRAVEL CARD WALLET FLOWER MEADOW,762.75,1758,173,88,0.43
23458,DOLLY CABINET 3 DRAWERS,762.45,51,30,30,14.95
84762C,GREEN PICNIC BARBECUE BUCKET,761.25,105,43,18,7.25
23025,DRAWER KNOB VINTAGE GLASS BALL,760.8,350,54,40,2.17
23123,COCKTAIL SWORDS 50 PIECES,759.57,935,95,64,0.81
23282,FOLDING MIRROR IVORY,757.86,812,135,67,0.93
21298,EDWARDIAN 2 DRAWER WALL CABINET,755.8,52,14,14,14.53
85135A,YELLOW DRAGONFLY HELICOPTER,754.59,94,63,40,8.03
90209C,PINK ENAMEL+GLASS HAIR COMB,754.46,399,66,15,1.89
47581B,FAIRY CAKE WICKER PICNIC BASKET,753.77,46,36,24,16.39
22124,SET OF 2 TEA TOWELS PING MICROWAVE,751.93,298,132,29,2.52
17165B,ASS COL LARGE SAND GECKO P'WEIGHT,751.68,810,57,43,0.93
21194,PINK  HONEYCOMB PAPER FAN,751.5,578,95,51,1.3
23124,18PC WOODEN CUTLERY SET DISPOSABLE,751.38,567,43,23,1.33
84653,GREEN ROSE QUILT,750.48,14,12,8,53.61
23223,CHRISTMAS TREE HANGING SILVER,750.19,801,88,51,0.94
21344,MOROCCAN BEATEN METAL DISH,749.82,166,26,21,4.52
90200A,PURPLE SWEETHEART BRACELET,749.69,177,99,32,4.24
84615,PINK ROUND BUTTERFLY MIRROR,748.48,240,21,13,3.12
35647,VINTAGE BEAD PINK SHADE,748.24,563,74,19,1.33
84620,BLUE GINGHAM ROSE CUSHION COVER,746.61,121,50,41,6.17
84663A,GRASS HOPPER WOODEN WALL CLOCK,746.39,373,64,34,2.0
84842,HELLO SAILOR BATHROOM SET,744.15,1505,35,22,0.49
21319,GLASS CHALICE GREEN  SMALL,743.61,508,65,44,1.46
72800A,S/4 BLACK DINNER CANDLE SILVER FLOC,743.26,674,46,19,1.1
84689,S/2 BEACH HUT TREASURE CHESTS,742.9,312,40,29,2.38
21377,SMALL CAMPHOR WOOD FIELD  MUSHROOM,742.56,518,98,37,1.43
84821,DANISH ROSE DELUXE COASTER,742.5,1318,74,50,0.56
23325,RUSTIC STRAWBERRY JAMPOT SMALL,740.94,462,35,27,1.6
21503,TOYBOX  WRAP,740.42,1801,64,57,0.41
23114,VINTAGE LEAF CHOPPING BOARD,737.95,149,45,40,4.95
85130C,BEADED CRYSTAL HEART BLUE  LARGE,737.89,659,68,51,1.12
84033,FLAG OF ST GEORGE,735.38,392,49,41,1.88
22638,SET OF 4 NAPKIN CHARMS CROWNS,735.23,405,74,56,1.82
84715,SET OF 6 ICE CREAM SKITTLES,734.89,241,47,35,3.05
90161B,ANT COPPER TURQ BOUDICCA BRACELET,734.16,147,76,21,4.99
23454,THREE MINI HANGING FRAMES,733.2,174,52,41,4.21
84708B,PINK JEWELLED PHOTO FRAME,732.79,142,53,36,5.16
23435,3 RAFFIA RIBBONS VINTAGE CHRISTMAS,732.42,824,99,40,0.89
ADJUST2,Adjustment by Peter on Jun 25 2010,731.05,3,3,3,243.68
85131B,BEADED CRYSTAL HEART GREEN ON STICK,730.74,948,216,12,0.77
90209B,GREEN ENAMEL+GLASS HAIR COMB,730.66,380,97,9,1.92
47503F,ASS FLORAL PRINT TORCH,729.95,2567,11,10,0.28
21378,SMALL TALL CAMPHOR WOOD TOADSTOOL,728.97,560,88,47,1.3
21443,OLIVE CHALET BIRDFEEDER,727.93,257,26,18,2.83
23522,WALL ART DOG AND BALL,727.44,354,32,20,2.05
20657,TROPICAL LUGGAGE TAG,726.47,1877,118,54,0.39
21415,CLAM SHELL SMALL,726.16,348,82,41,2.09
85230F,JASMINE VOTIVE CANDLE,725.7,2946,62,48,0.25
35095A,BLUE VICTORIAN FABRIC OVAL BOX,725.56,1809,166,61,0.4
23562,SET OF 6 RIBBONS PERFECTLY PRETTY,724.59,251,43,37,2.89
85088,CANDY SPOT HAND BAG,723.85,347,78,38,2.09
84595E,LARGE TORTILLA DESIGN RED BOWL,723.57,367,43,22,1.97
84971L,LARGE HEART FLOWERS HOOK,723.51,585,58,37,1.24
84976,RECTANGULAR SHAPED MIRROR,722.76,674,56,40,1.07
20701,PINK CAT FLORAL CUSHION COVER,721.49,353,50,12,2.04
10134,COLOURING PENCILS BROWN TUBE,721.13,625,52,44,1.15
84684,BEACH HUT PHOTO FRAME,720.7,609,40,17,1.18
85017C,ENVELOPE 50 CURIOUS IMAGES,719.67,1087,119,44,0.66
23222,CHRISTMAS TREE HANGING GOLD,718.53,799,75,49,0.9
35951,FOLKART BAUBLE CHRISTMAS DECORATION,717.99,1352,46,35,0.53
21001,ROSE DU SUD WASHBAG,717.8,141,90,29,5.09
21026,SPACE OWL,716.73,549,124,48,1.31
21457,2 PICTURE BOOK EGGS EASTER DUCKS,716.0,685,65,45,1.05
21076,SET/20 COLLAGE PAPER NAPKIN,714.55,843,92,60,0.85
20850,ZINC HEART LATTICE PLANTER BOWL,713.8,820,23,19,0.87
35915B,BLUE KNITTED HEN,713.73,563,67,31,1.27
21133,PAINTED BIRD ASSORTED CHRISTMAS,712.91,410,42,38,1.74
79030D,"TUMBLER, BAROQUE",711.64,1009,61,35,0.71
23042,PAPER LANTERN 7 POINT SNOW STAR,711.51,103,28,25,6.91
16015,MEDIUM CHINESE STYLE SCISSOR,711.38,1572,65,40,0.45
20854,BLUE PATCH PURSE PINK HEART,711.37,441,107,66,1.61
22345,PARTY PIZZA DISH BLUE+WHITE SPOT,710.6,1466,128,62,0.48
21221,SET/4 BADGES CUTE CREATURES,709.66,535,107,55,1.33
23070,EDWARDIAN HEART PHOTO FRAME,709.54,160,44,29,4.43
22100,SKULLS SQUARE TISSUE BOX,709.5,1005,127,71,0.71
21365,MIRRORED WALL ART STARS,707.92,469,77,51,1.51
21308,LOUVRE VANITY MIRROR,705.9,132,6,3,5.35
21265,PINK GOOSE FEATHER TREE 60CM,705.59,321,34,26,2.2
21379,CAMPHOR WOOD PORTOBELLO MUSHROOM,705.46,641,125,43,1.1
84952C,MIRROR LOVE BIRD T-LIGHT HOLDER,705.01,374,42,18,1.89
21442,GREEN BIRDHOUSE DECORATION,704.97,973,136,66,0.72
22641,SET OF 4 NAPKIN CHARMS INSTUMENT,704.9,300,69,49,2.35
22981,PANTRY APPLE CORER,704.13,471,105,58,1.49
84869,CANDY BUTTON PHOTO ALBUM,703.54,302,26,18,2.33
20763,DAISY SKETCHBOOK,702.86,267,74,54,2.63
84569A,PACK 3 IRON ON DOG PATCHES,702.42,562,112,59,1.25
21740,COSY SLIPPER SHOES LARGE RED,698.01,201,66,44,3.47
84584,PINK GINGHAM CAT WITH SCARF,696.75,282,75,47,2.47
85231E,STRAWBERRY SCENTED SET/9 T-LIGHTS,695.23,835,106,77,0.83
22036,DINOSAUR BIRTHDAY CARD,695.11,1649,135,77,0.42
23187,FRENCH STYLE STORAGE JAR BONBONS,695.06,2338,74,66,0.3
20898,VINTAGE NOTEBOOK TRAVELOGUE,693.92,327,53,35,2.12
72755D,FLOWER FAIRY OIL BURNER SET SUMMER,693.25,533,13,12,1.3
72131,COLUMBIAN CANDLE RECTANGLE,692.28,748,56,42,0.93
20862,PINK PATCH PENCIL CASE BLUE HEART,691.14,325,37,21,2.13
72753A,S/3 FLWR FAIRY LILLY CANDLES,690.24,315,14,10,2.19
35964,FOLKART CLIP ON STARS,689.76,1187,132,50,0.58
84931B,BLUE SCOTTIE DOG W FLOWER PATTERN,688.73,274,83,44,2.51
90161D,ANT COPPER PINK BOUDICCA BRACELET,687.52,138,75,18,4.98
84917,WHITE HAND TOWEL WITH BUTTERFLY,686.03,229,53,16,3.0
85186A,EASTER BUNNY GARLAND OF FLOWERS,685.87,1473,159,76,0.47
84563A,PINK & WHITE BREAKFAST TRAY,685.15,139,62,26,4.93
37492D,PURPLE GREEN FLOWER PIGGY BANK,682.99,361,26,18,1.89
23120,PACK OF 6 SMALL FRUIT STRAWS,682.39,1685,100,69,0.4
85023B,EAU DE NILE JEWELLED PHOTOFRAME,682.35,293,38,32,2.33
17165D,ASS COL LARGE SAND FROG P'WEIGHT,682.32,716,89,62,0.95
22033,BOTANICAL ROSE GREETING CARD,681.93,1603,128,80,0.43
85084,HOLLY TOP CHRISTMAS STOCKING,681.4,682,84,53,1.0
21674,RIDGED GLASS PENDANT LAMPSHADE,680.85,43,9,8,15.83
21386,IVORY HANGING DECORATION  EGG,680.78,1148,105,72,0.59
17012F,ORIGAMI SANDLEWOOD INCENSE/CAND SET,680.65,586,107,38,1.16
23597,PAPER BUNTING PAISLEY PARK,679.07,249,31,28,2.73
47594A,CAROUSEL DESIGN WASHBAG,678.3,344,105,65,1.97
62094B,TURQ ICE CREAM BUM BAG,677.99,305,67,20,2.22
84925D,LA PALMIERA WALL THERMOMETER,677.45,452,26,24,1.5
90160C,TURQ+RED BOUDICCA LARGE BRACELET,677.0,97,45,25,6.98
85096,HILDA CANDY SPOT RABBIT,676.92,164,66,42,4.13
84824,DANISH ROSE UMBRELLA STAND,676.45,38,32,23,17.8
23428,IVORY RETRO KITCHEN WALL CLOCK,675.91,77,33,25,8.78
21847,GREEN  DIAMANTE PEN IN GIFT BOX,675.37,347,71,20,1.95
20856,DENIM PATCH PURSE PINK BUTTERFLY,674.09,408,122,70,1.65
37444C,PINK BREAKFAST CUP AND SAUCER,673.72,1654,54,14,0.41
22034,ROBIN CHRISTMAS CARD,673.49,1617,94,71,0.42
72023F,RED ORGANIC CANDLE IN GLASS,669.62,640,49,34,1.05
75013B,"STRING OF 8 BUTTERFLIES,PINK",669.62,390,76,48,1.72
85205B,PINK FELT EASTER RABBIT GARLAND,669.38,241,61,36,2.78
23024,LARGE BONNE JAM JAR  T-LIGHT HOLDER,667.85,255,11,8,2.62
82613A,"METAL SIGN,CUPCAKE SINGLE HOOK",667.47,492,116,63,1.36
85203,HANGING WOOD AND FELT BUTTERFLY,665.91,1463,224,94,0.46
21879,HEARTS GIFT TAPE,664.84,1567,152,81,0.42
21247,SET OF RED SALAD SERVERS,664.73,422,81,44,1.58
90082D,DIAMANTE BOW BROOCH BLACK COLOUR,664.35,103,51,28,6.45
21750,LARGE SKULL WINDMILL,663.85,309,62,43,2.15
21884,CAKES AND BOWS GIFT  TAPE,663.61,1448,161,61,0.46
46776E,WOVEN CANDY CUSHION COVER,662.1,205,77,9,3.23
21197,MULTICOLOUR  CONFETTI IN TUBE,661.81,453,45,29,1.46
23547,WRAP FLOWER SHOP,661.5,1575,62,57,0.42
17109C,FLOWER FAIRY INCENSE ROSE,661.23,3124,15,13,0.21
23482,PEARLISED IVORY HEART LARGE,661.02,418,39,32,1.58
85188B,PINK METAL SWINGING BUNNY,660.88,748,74,48,0.88
21764,VINTAGE WOODEN PLATE RACK,659.15,17,11,11,38.77
16169K,WRAP FOLK ART,658.75,2075,60,56,0.32
17012D,ORIGAMI ROSE INCENSE/CANDLE SET,658.72,520,116,41,1.27
21263,GREEN GOOSE FEATHER TREE 60CM,658.29,299,56,39,2.2
85186C,BUNNY EGG GARLAND,658.19,1400,152,75,0.47
46776D,WOVEN SUNSET CUSHION COVER,658.07,153,76,7,4.3
22056,CERAMIC PLATE LOVE HEART DESIGN,656.87,607,34,23,1.08
85028S,FRENCH CHATEAU SMALL FRUITBOWL,656.82,430,33,29,1.53
71403,"PINK/WHITE ""KEEP CLEAN"" BULLET BIN",656.05,176,69,20,3.73
21441,BLUE BIRDHOUSE DECORATION,655.46,928,133,67,0.71
22054,MINI CAKE STAND HANGING HEARTS,655.01,361,74,45,1.81
85028L,FRENCH CHATEAU LARGE FRUIT BOWL,654.01,271,27,22,2.41
85168B,BLACK BAROQUE CARRIAGE CLOCK,652.17,72,52,17,9.06
90184C,BLACK CHUNKY BEAD BRACELET W STRAP,651.89,72,49,21,9.05
85019C,CURIOUS  IMAGES NOTEBOOK SET,651.19,423,25,18,1.54
37474,SET/4 2 TONE EGG SHAPE MIXING BOWLS,651.05,63,44,33,10.33
21307,SET/4 BUTTERFLY MIRROR MAGNETS,650.07,749,72,41,0.87
20714,POSY SHOPPER BAG,649.82,1580,28,10,0.41
23224,CHERUB HEART DECORATION GOLD,649.02,738,71,44,0.88
84993A,75 GREEN PETIT FOUR CASES,648.61,1471,177,88,0.44
20618,QUEEN OF THE SKIES PASSPORT COVER,648.54,297,137,50,2.18
21003,ROSE DU SUD CUSHION COVER,647.75,109,64,10,5.94
21350,GINGHAM HEART WREATH,647.75,225,42,39,2.88
17164B,ASS COL SMALL SAND GECKO P'WEIGHT,646.56,1620,81,64,0.4
21134,VICTORIAN METAL POSTCARD CHRISTMAS,646.44,377,46,40,1.71
84916,HAND TOWEL PALE BLUE W FLOWERS,646.43,261,58,28,2.48
47597,NEW ENGLAND TEATOWELS,644.88,322,124,34,2.0
23408,PHOTO FRAME LINEN AND LACE SMALL,644.8,310,59,53,2.08
85215,ASSORTED CHEESE FRIDGE MAGNETS,643.89,831,66,33,0.77
17181,CIRCLE OF FRIENDS CANDLE HOLDER,642.66,353,65,26,1.82
16169M,WRAP DAISY CARPET,640.95,2060,59,56,0.31
17084N,FAIRY DREAMS INCENSE,640.26,2768,187,42,0.23
84520D,PACK OF 20 FAIRY CAKE PAPER NAPKINS,639.47,699,94,53,0.91
84865,NEW BAROQUE BLACK PHOTO ALBUM,639.42,77,48,26,8.3
84986B,SET OF 36 SILVER PAPER DOILIES,639.06,432,75,58,1.48
35004P,SET OF 3 PINK FLYING DUCKS,638.97,120,43,17,5.32
21665,TRIANGULAR RIDGED GLASS POSY HOLDER,638.8,879,75,35,0.73
84601A,NEW BAROQUE IVORY CUSHION COVER,638.34,260,15,9,2.46
84766,SILVER ROCOCO CANDLE STICK,638.0,200,27,24,3.19
47592A,CAROUSEL DES CHILD'S OVERALL,637.37,331,101,31,1.93
21816,CHRISTMAS TREE T-LIGHT HOLDER,637.34,422,50,34,1.51
84872a,TEATIME FUNKY FLOWER BACKPACK FOR 2,636.47,58,45,0,10.97
85185D,FROG SOCK PUPPET,636.11,195,66,38,3.26
23492,VINTAGE JINGLE BELLS WREATH,635.38,76,28,24,8.36
22391,PAPERWEIGHT HOME SWEET HOME,635.19,323,66,45,1.97
84507C,BLUE CIRCLES DESIGN MONKEY DOLL,634.64,433,70,27,1.47
23456,MEDIUM PARLOUR PICTURE FRAME,634.1,158,36,33,4.01
20819,SILVER TEDDY BEAR,631.49,228,65,39,2.77
23216,LAUREL HEART ANTIQUE GOLD,630.73,525,44,32,1.2
84964A,PINK PAINTED KASHMIRI TABLE,630.0,11,2,2,57.27
23019,SMALL APOTHECARY MEASURING JAR,629.05,81,28,26,7.77
85230E,STRAWBRY SCENTED VOTIVE CANDLE,628.41,2445,66,44,0.26
23027,DRAWER KNOB VINTAGE GLASS HEXAGON,627.95,295,30,26,2.13
22263,FELT EGG COSY LADYBIRD,627.38,836,105,34,0.75
22042,CHRISTMAS CARD SINGING ANGEL,627.19,1738,128,89,0.36
16169N,WRAP BLUE RUSSIAN FOLKART,626.25,2025,56,52,0.31
71101E,STANDING FAIRY POLE SUPPORT,626.13,777,47,34,0.81
90184B,AMETHYST CHUNKY BEAD BRACELET W STR,625.48,69,47,23,9.06
85218,S/5 MINI ICE CREAM FRIDGE MAGNETS,625.2,1992,2,2,0.31
21004,ROSE DU SUD CHILDS APRON,625.07,137,70,40,4.56
82616A,BUBBLE GUM SCARF KNITTING KIT,624.21,316,52,42,1.98
85092,CANDY SPOT TEA COSY,622.57,391,24,14,1.59
20694,FLORAL PINK MONSTER,622.33,166,54,23,3.75
84596J,MIXED NUTS LIGHT GREEN BOWL,621.74,810,138,50,0.77
23425,STORAGE TIN HOME SWEET HOME,621.44,275,56,35,2.26
23180,MUM'S KITCHEN CLOCK,621.09,122,49,29,5.09
16156N,"WRAP, FRIENDSHIP ON GREEN",619.5,1475,56,51,0.42
22043,CHRISTMAS CARD SCREEN PRINT,619.25,2197,125,86,0.28
84707B,PINK JEWELLED MIRROR TRINKET TRAY,618.52,79,51,22,7.83
20696,FLORAL SOFT CAR TOY,617.94,151,60,28,4.09
23471,SIX DRAWER OFFICE TIDY,616.79,65,27,26,9.49
23453,OVAL  MINI PORTRAIT FRAME,615.98,316,47,40,1.95
72772,SET/4 SCENTED CANDLES IN RAMEKINS,615.84,457,9,8,1.35
84952B,BLACK LOVE BIRD T-LIGHT HOLDER,615.49,364,44,15,1.69
84932C,SMALL ORIENTAL BLUE FOLDING STOOL,615.4,282,34,31,2.18
20689,RETRO SISTERS EXPRESSO CUPS,614.1,429,41,25,1.43
84859A,SILVER DISCO HANDBAG,613.53,293,58,40,2.09
47583A,SET OF 3 WICKER BASKET ROSE,612.82,71,6,5,8.63
85114c,RED ENCHANTED FOREST PLACEMAT,612.64,185,42,0,3.31
22346,PARTY PIZZA DISH GREEN+WHITE SPOT,612.61,1300,103,43,0.47
37351,ORANGE FLOWER MUG,612.51,5404,11,7,0.11
23018,LARGE APOTHECARY MEASURING JAR,612.16,51,21,19,12.0
79315W,FLYING SAUCER TABLE LIGHT IN WHITE,611.51,199,13,6,3.07
35972,DAISY FOLKART HEART DECORATION,611.38,440,87,43,1.39
84858C,PINK RIVIERA HANDBAG,611.07,347,30,22,1.76
22538,MINI JIGSAW GO TO THE FAIR,610.43,1443,86,56,0.42
gift_0001_30,Dotcomgiftshop Gift Voucher £30.00,610.09,24,24,0,25.42
90198A,VINTAGE ROSE BEAD BRACELET RASPBERR,609.43,144,84,21,4.23
20655,QUEEN OF SKIES LUGGAGE TAG,608.48,414,189,55,1.47
16012,FOOD/DRINK SPUNGE STICKERS,608.01,2901,83,67,0.21
84051,ASS COLOUR GLOWING TIARAS,607.98,746,60,50,0.81
21173,LOO ROLL  METAL SIGN,607.96,340,77,44,1.79
20695,FLORAL BLUE MONSTER,604.58,142,61,24,4.26
85169D,PINK LOVE BIRD CANDLE,603.98,521,88,39,1.16
79190B,RETRO PLASTIC POLKA TRAY,603.08,1485,136,57,0.41
21416,CLAM SHELL LARGE,603.06,751,22,15,0.8
84247G,"DECOUPAGE,GREETING CARD,",602.67,1414,107,54,0.43
84932A,SMALL GREEN PEONY FOLDING STOOL,602.6,262,24,22,2.3
20863,BLUE PATCH PENCIL CASE PINK HEART,601.53,293,50,35,2.05
82095,HEART BUTTONS JEWELLERY BOX,600.91,100,48,21,6.01
18094C,WHITE/BLUE RECT CERAMIC OIL BURNER,600.66,433,98,22,1.39
23520,EMBROIDERED RIBBON REEL RUBY,600.55,167,32,30,3.6
84876D,BLUE HEART COMPACT MIRROR,600.52,331,35,24,1.81
85146,JARDIN ETCHED GLASS SMALL BELL JAR,599.38,118,29,23,5.08
90143,SILVER BRACELET W PASTEL FLOWER,599.13,79,41,15,7.58
17109D,FLOWER FAIRY INCENSE BOUQUET,598.31,1257,38,33,0.48
21440,12 MINI TOADSTOOL PEGS,597.56,472,95,72,1.27
84682,CLASSICAL ROSE DISH,596.94,295,49,31,2.02
82011C,BATHROOM SCALES FOOTPRINTS IN SAND,595.18,131,71,36,4.54
82605,OLD DOC.RUSSEL METAL SIGN,595.07,268,125,65,2.22
85117,NIGHTINGALE COATHOOK WHITE,594.32,347,61,29,1.71
47469,ASSORTED SHAPES PHOTO CLIP SILVER,594.28,1220,29,21,0.49
72122,COFFEE SCENT PILLAR CANDLE,593.33,586,120,80,1.01
16236,KITTY PENCIL ERASERS,593.29,2652,260,108,0.22
20849,ZINC HEART LATTICE DOUBLE PLANTER,593.03,674,24,15,0.88
22092,BLUE PAISLEY TISSUE BOX,592.91,933,140,105,0.64
62096A,PINK/YELLOW FLOWERS HANDBAG,592.79,383,89,47,1.55
23377,PACK OF 12 DOLLY GIRL TISSUES,592.45,1351,133,69,0.44
85113,POLKA DOT PISTACHIO PAIL,591.66,285,48,36,2.08
21304,ARCHED GREY MIRROR,591.58,86,18,16,6.88
84963B,BLUE PAINTED KASHMIRI CHAIR,591.5,18,6,5,32.86
20794,BLUE  TILE HOOK,591.02,212,48,27,2.79
21322,GLASS SPHERE CANDLE STAND LARGE,590.45,301,14,12,1.96
84563B,BLUE & WHITE BREAKFAST TRAY,590.04,128,59,27,4.61
21256,"FRENCH BOTTLE, BRASSERIE DES ARTIST",588.64,326,65,31,1.81
21893,POTTING SHED SEED TIN,587.8,172,20,13,3.42
21167,WHITE SAGE INCENSE,587.52,2440,114,32,0.24
21223,SET/4 BADGES WOODLAND ANIMAL,587.08,492,43,33,1.19
84934,ASSTD DESIGN POP ART SLIM PEN,586.5,687,13,12,0.85
23565,EGG CUP MILKMAID HELGA,586.31,410,63,28,1.43
23499,SET 12 VINTAGE DOILY CHALK,586.23,1312,110,86,0.45
90199C,5 STRAND GLASS NECKLACE CRYSTAL,585.29,99,31,24,5.91
90195A,PURPLE GEMSTONE BRACELET,585.2,70,44,24,8.36
84569C,PACK 4 FLOWER/BUTTERFLY PATCHES,584.93,415,89,45,1.41
21016,LIGHT BIRD HOUSE TREE DECORATION,582.85,834,82,58,0.7
21553,CERAMIC BIRDHOUSE FINCH BLUE  LARGE,581.27,90,39,24,6.46
23537,WALL ART I LOVE LONDON,581.13,111,34,20,5.24
20781,GOLD EAR MUFF HEADPHONES,579.93,103,61,34,5.63
20804,GLASS CHICKEN BUTTER DISH,579.31,325,61,21,1.78
90010B,BLACK/WHITE GLASS/SILVER BRACELET,578.02,63,34,16,9.17
15056p,EDWARDIAN PARASOL PINK,577.84,46,38,0,12.56
21419,CONCH SHELL,577.69,1259,19,12,0.46
35922,EASTER BUNNY WREATH,575.99,97,36,20,5.94
23016,GLASS TWIST BON BON JAR,575.25,74,24,19,7.77
23125,6PC WOOD PLATE SET DISPOSABLE,574.88,459,38,15,1.25
84932D,SMALL ORIENTAL RED FOLDING STOOL,574.71,239,21,16,2.4
20935,ROUND CACTUS CANDLE,574.48,300,46,35,1.91
47421,ASSORTED COLOUR LIZARD SUCTION HOOK,572.7,1463,74,23,0.39
17013D,ORIGAMI ROSE INCENSE IN TUBE,572.4,1068,31,17,0.54
84675,FROG KING WATERING CAN,571.71,206,62,39,2.78
84924A,WAKE UP COCKEREL CALENDAR SIGN,571.0,133,62,41,4.29
16162L,THE KING GIFT BAG,570.43,8101,30,16,0.07
85202,HANGING WOOD AND FELT HEART,570.09,1208,208,79,0.47
23455,SMALL PARLOUR PICTURE FRAME,569.43,207,35,32,2.75
85129A,"WHITE PEARL BEADED HEART, SMALL",569.16,444,75,51,1.28
85086A,CANDY SPOT HEART DECORATION,568.73,587,152,44,0.97
23219,LAUREL STAR ANTIQUE SILVER,568.6,430,61,41,1.32
84806B,WHITE CANDYSTUFT ARTIFICIAL FLOWER,568.02,450,32,28,1.26
84846A,SCENTED CANDLE IN DIGITALIS TIN,567.55,251,54,39,2.26
85119,WATERING CAN SINGLE HOOK PISTACHIO,567.48,413,39,36,1.37
16169C,WRAP BLUE REINDEER,567.0,1350,43,42,0.42
85169C,EAU DE NIL LOVE BIRD CANDLE,566.82,505,71,27,1.12
20838,FRENCH LATTICE CUSHION COVER,565.8,446,63,36,1.27
37444A,YELLOW BREAKFAST CUP AND SAUCER,563.43,2709,43,16,0.21
23381,PACK OF 12 VINTAGE LEAF TISSUES,562.88,1496,80,59,0.38
23272,TREE T-LIGHT HOLDER WILLIE WINKIE,562.22,364,44,34,1.54
37345,ASSTD HEARTS DESIGN MUGS,561.05,321,9,5,1.75
85230B,CINNAMON SCENTED VOTIVE CANDLE,561.04,2120,68,49,0.26
84773,RED ROSE AND LACE C/COVER,560.5,190,48,34,2.95
16049,TEATIME GEL PENS ASST,560.48,3169,32,22,0.18
16238,PARTY TIME PENCIL ERASERS,559.54,2447,236,104,0.23
85090,CANDY SPOT APRON,559.28,106,53,26,5.28
21160,KEEP OUT GIRLS DOOR HANGER,557.49,794,58,44,0.7
84306,S/3 PINK SQUARE PLANTERS ROSES,557.48,48,31,18,11.61
84569B,PACK 3 FIRE ENGINE/CAR PATCHES,557.18,433,76,54,1.29
23069,EDWARDIAN PHOTO FRAME,556.21,88,32,27,6.32
23451,SQUARE MINI PORTRAIT FRAME,556.17,277,52,38,2.01
21371,MIRRORED WALL ART POPPIES,556.01,404,64,33,1.38
21881,CUTE CATS TAPE,554.95,1332,118,49,0.42
90120D,WHITE MURANO TWIST BRACELET,554.13,134,40,16,4.14
84859C,PINK DISCO HANDBAG,552.72,304,39,29,1.82
23473,WOODLAND SMALL RED FELT HEART,552.02,678,51,41,0.81
84805B,BLUE CLIMBING HYDRANGA ART FLOWER,551.4,340,9,7,1.62
22044,CHRISTMAS CARD STACK OF PRESENTS,550.28,1940,89,80,0.28
23457,LARGE PARLOUR PICTURE FRAME,549.88,112,31,27,4.91
21373,MIRRORED WALL ART SNOWFLAKES,548.89,636,61,52,0.86
85071D,CHARLIE+LOLA MY ROOM DOOR SIGN,548.86,884,112,78,0.62
85091,CANDY SPOT BREAD BASKETS,548.81,343,20,14,1.6
23549,WRAP BIRD GARDEN,548.1,1305,52,46,0.42
20888,SET 3 JARDIN DE FEMME SCENT CANDLES,547.74,367,19,10,1.49
23484,HEART TRELLISTRIPLE T-LIGHT HOLDER,547.35,185,35,25,2.96
23074,EMBOSSED HEART TRINKET BOX,547.27,246,48,32,2.22
21339,MARAKESH LANTERN LARGE,544.5,30,12,12,18.15
22394,PAPERWEIGHT KINGS CHOICE,544.29,346,55,43,1.57
23043,PAPER LANTERN 9 POINT HOLLY STAR L,543.51,81,23,18,6.71
84596K,JELLY BABIES YELLOW SMALL BOWL,543.41,428,93,48,1.27
35969,FOLKART CROWN TABLE DECORATIONS,542.47,523,76,36,1.04
47021G,SET/6 BEAD COASTERS GAUZE BAG GOLD,541.96,713,70,28,0.76
84984B,RED PEONY DES C/COVER,541.3,322,16,13,1.68
20943,SET/6 GINGERBREAD STAR T-LIGHTS,540.21,381,71,46,1.42
21311,SET/4 BIRD MIRROR MAGNETS,539.67,701,94,62,0.77
85027L,FRENCH CHATEAU LARGE PLATTER,538.5,190,40,36,2.83
16048,TEATIME ROUND PENCIL SHARPENER,537.06,3461,105,59,0.16
84592,CROCHET ROSE PURSE WITH SUEDE BACK,536.4,173,47,33,3.1
84414B,FUSCHIA/GREEN STRIPE WOOLLY BLANKET,536.24,78,9,7,6.87
21017,RED BIRD HOUSE TREE DECORATION,535.89,659,87,32,0.81
23398,HANGING HEART BONHEUR,535.35,606,69,53,0.88
23660,HENRIETTA HEN MUG,534.66,306,42,30,1.75
90203,SILVER CHARM NECKLACE 70CM,534.27,71,34,18,7.52
21418,STARFISH SOAP DISH,533.84,194,66,24,2.75
16169P,WRAP GREEN RUSSIAN FOLKART,533.75,1750,48,46,0.3
20823,GOLD WINE GOBLET,533.71,253,19,14,2.11
20659,ECONOMY LUGGAGE TAG,533.51,369,138,55,1.45
85020,ROUND PINK HEART MIRROR,533.48,240,58,36,2.22
85030,FRENCH CHATEAU OVAL PLATTER,531.45,211,29,26,2.52
72801C,S/4 ROSE PINK DINNER CANDLES,531.36,708,56,40,0.75
84661B,BLACK SQUARE TABLE CLOCK,530.22,243,51,21,2.18
72267,PREMIUM CHURCH CANDLE,530.16,265,45,38,2.0
21734,SMALL MARAKESH LANTERN ON STICK,529.49,97,29,14,5.46
90160D,PINK BOUDICCA LARGE BRACELET,529.22,76,25,18,6.96
21943,CAKES AND RABBITS DESIGN FLANNEL,529.16,591,149,37,0.9
84799,SPRIG LAVENDER ARTIFICIAL FLOWER,528.78,678,31,26,0.78
20653,CHERRY BLOSSOM LUGGAGE TAG,528.77,2004,81,26,0.26
23139,SINGLE WIRE HOOK PINK HEART,528.7,414,27,20,1.28
16202B,PASTEL BLUE PHOTO ALBUM,528.56,1039,22,13,0.51
23060,HEART BEADED TRELLIS DECORATION,528.17,249,42,34,2.12
90175D,TIGRIS EYE CHUNKY CHARM BRACELET,527.82,58,41,11,9.1
21336,GOLD WASHBAG,527.56,1823,43,13,0.29
71270,PHOTO CLIP LINE,525.4,370,81,29,1.42
72728,ROSE SCENT CANDLES IN GLASS,523.15,643,54,44,0.81
21403,BLUE EGG  SPOON,523.07,2319,157,80,0.23
22861,EASTER TIN CHICKS IN GARDEN,522.93,305,50,36,1.71
85226C,BLUE PULL BACK RACING CAR,522.31,989,83,54,0.53
22407,MONEY BOX FIRST AID DESIGN,521.12,438,75,55,1.19
21459,YELLOW EASTER EGG HUNT START POST,520.55,263,44,33,1.98
23336,EGG FRYING PAN PINK,519.25,225,85,46,2.31
BANK CHARGES,Bank Charges,519.24,34,33,19,15.27
20793,BLUE TILED TRAY,518.5,281,22,13,1.85
20868,SILVER FABRIC MIRROR,518.07,882,71,40,0.59
35810B,ENAMEL BLUE RIM COFFEE CONTAINER,517.71,325,68,43,1.59
84657,GREEN ROSE CUSHION COVER,517.48,246,20,14,2.1
84762A,WHITE PICNIC BARBECUE BUCKET,517.43,59,29,24,8.77
84683,CLASSICAL ROSE CANDLESTAND,516.85,537,46,18,0.96
85039C,S/4 BLACK MINI ROSE CANDLE IN BOWL,516.31,536,114,27,0.96
71143,SILVER BOOK MARK WITH BEADS,514.45,349,99,10,1.47
90114,SUMMER DAISIES BAG CHARM,514.18,205,111,19,2.51
84931A,PINK SCOTTIE DOG W FLOWER PATTERN,513.69,204,82,42,2.52
46118,FUNKY MONKEY CUSHION COVER,513.58,373,72,23,1.38
16168M,FUNKY MONKEY GIFT BAG MEDIUM,512.38,1686,101,42,0.3
72807c,SET/3 VANILLA SCENTED CANDLE IN BOX,511.98,60,44,0,8.53
23136,IVORY WIRE SWEETHEART LETTER TRAY,511.89,135,49,39,3.79
47559b,TEA TIME OVEN GLOVE,511.46,154,44,0,3.32
85179A,GREEN BITTY LIGHT CHAIN,511.07,217,70,24,2.36
84875B,GREEN SQUARE COMPACT MIRROR,511.01,373,40,16,1.37
85129C,BEADED CRYSTAL HEART BLUE SMALL,510.23,390,65,37,1.31
84989B,75 BLACK FAIRY CAKE CASES,510.15,1009,57,34,0.51
84782C,GREEN 3 TIER GLASS PLATE STAND,509.9,74,18,18,6.89
90058B,CRYSTAL STUD EARRINGS ASSORTED COL,509.08,1082,29,27,0.47
20753,RETRO PINK SPOT WASHING UP GLOVES,509.0,218,56,30,2.33
20654,FIRST CLASS LUGGAGE TAG,505.41,398,120,65,1.27
35004S,SET OF 3 SILVER FLYING DUCKS,505.4,145,24,12,3.49
84509c,SET OF 4 POLKADOT PLACEMATS,505.26,67,44,0,7.54
37352,BIRD IN TREE MUG,504.55,4643,8,6,0.11
84877B,GREEN ROUND COMPACT MIRROR,504.43,291,43,13,1.73
22541,MINI JIGSAW LEAP FROG,503.92,1245,66,34,0.4
84218,BOX/12 CHICK & EGG IN BASKET,503.51,261,96,74,1.93
85169B,BLACK LOVE BIRD CANDLE,502.91,428,93,31,1.18
85142,JARDIN ETCHED GLASS GINGER JAR,502.58,57,34,26,8.82
20845,ZINC HEART LATTICE 2 WALL PLANTER,502.27,76,24,15,6.61
21117,BLOND DOLL DOORSTOP,502.08,328,26,23,1.53
79337,BLUE FLOCK GLASS CANDLEHOLDER,502.03,1194,21,16,0.42
90014A,SILVER/MOP ORBIT NECKLACE,502.01,55,40,18,9.13
84804B,BLUE DELPHINIUM ARTIFICIAL FLOWER,501.97,355,19,17,1.41
90010E,AMBER GLASS/SILVER BRACELET,501.65,56,35,16,8.96
23117,POPPY FIELDS CHOPPING BOARD,501.23,93,45,39,5.39
23021,GLASS BONNE JAM JAR,500.82,120,27,24,4.17
20865,PATCHWORK PENCIL CASE BUTTERFLY,500.49,251,33,24,1.99
84706D,CHERRY BLOSSOM TABLE CLOCK,500.19,219,16,14,2.28
16219,HOUSE SHAPE PENCIL SHARPENER,499.55,3357,128,58,0.15
21882,SKULLS TAPE,499.44,1052,119,61,0.47
35471A,SET OF 3 BIRD L.BLUE FEATHER,499.31,421,83,41,1.19
23560,SET OF 6 RIBBONS COUNTRY STYLE,499.18,172,26,20,2.9
84247L,FAWN AND MUSHROOM GREETING CARD,498.21,1137,110,62,0.44
20864,DENIM PATCH PENCIL CASE BUTTERFLY,498.14,252,29,20,1.98
23466,TUSCAN VILLA DOVECOTE BIRD FEEDER,498.03,55,27,20,9.06
23045,PAPER LANTERN 5 POINT STAR MOON 30,497.98,118,25,22,4.22
35600D,PINK AND WHITE CHRISTMAS TREE 180CM,497.7,141,13,11,3.53
85230A,OPIUM SCENTED VOTIVE CANDLE,497.04,1992,48,31,0.25
22031,BOTANICAL LAVENDER BIRTHDAY CARD,493.99,1125,142,65,0.44
84798B,PURPLE FOXGLOVE ARTIIFCIAL FLOWER,492.9,326,10,8,1.51
16239,BALLERINA HEART DECORATION.,492.17,347,21,13,1.42
85014b,RED/WHITE DOTS RUFFLED UMBRELLA,491.42,39,35,0,12.6
90160B,RED BOUDICCA LARGE BRACELET,490.92,71,29,19,6.91
84827,ASS DES PHONE SPONGE CRAFT STICKER,489.79,1027,29,23,0.48
35967,FOLK ART METAL STAR T-LIGHT HOLDER,488.51,936,112,50,0.52
84876B,GREEN HEART COMPACT MIRROR,488.31,344,40,22,1.42
21663,VINTAGE GLASS SUGAR CADDY,488.16,76,32,21,6.42
51020B,STRIPY DESIGN SHOWER CAP,488.12,1084,60,40,0.45
84970l,SINGLE HEART ZINC T-LIGHT HOLDER,487.14,233,65,0,2.09
84875D,BLUE SQUARE COMPACT MIRROR,483.75,371,37,17,1.3
23218,LAUREL STAR ANTIQUE GOLD,483.03,379,40,27,1.27
22259,FELT FARM ANIMAL HEN,482.95,590,72,31,0.82
23691,WRAP KEEP CALM BIRTHDAY,481.5,1175,38,36,0.41
22038,BOTANICAL LAVENDER GIFT WRAP,481.0,1150,45,43,0.42
16244A,MAXWELL 2 TONE PINK 60 PAGE PHOTO A,479.41,186,28,6,2.58
23422,PANTRY HOOK BALLOON WHISK,477.89,213,47,29,2.24
37492C,GREEN BLUE FLOWER PIGGY BANK,477.3,242,24,19,1.97
21132,SILVER STANDING GNOME,476.61,93,47,25,5.12
72750C,"F.FAIRY S/3 CANDLE/GLASS, ROSE",476.4,232,15,12,2.05
23561,SET OF 6 RIBBONS PARTY,476.0,170,16,13,2.8
85170B,SET/6 BLACK BIRD T-LIGHT CANDLES,475.91,283,58,19,1.68
85109,PINK BOUDOIR T-LIGHT HOLDER,475.43,4211,20,17,0.11
84809A,WHITE CHRYSANTHEMUMS ART FLOWER,474.84,276,21,18,1.72
21536,DAIRY MAID  SMALL  MILK JUG,474.74,221,61,42,2.15
85136B,BLUE SHARK HELICOPTER,473.77,59,47,39,8.03
40046A,RED DAISY PAPER LAMPSHADE,472.07,355,62,26,1.33
84926E,FLOWERS TILE COASTER,471.57,1081,52,40,0.44
20662,FIRST CLASS HOLIDAY PURSE,471.33,728,49,23,0.65
84901,BLACK FACE LAMB WITH PANTS,471.13,123,74,44,3.83
gift_0001_20,Dotcomgiftshop Gift Voucher £20.00,471.06,28,26,0,16.82
21518,BANK ACCOUNT  GREETING  CARD,469.28,1107,109,58,0.42
90192,JADE DROP EARRINGS W FILIGREE,469.18,94,53,10,4.99
72799B,PURPLE PILLAR CANDLE BLACK FLOCK,467.71,322,16,7,1.45
85211,S/4 GROOVY CAT MAGNETS,467.4,306,75,43,1.53
35911A,MULTICOLOUR RABBIT EGG WARMER,466.69,388,96,38,1.2
72225C,LAVENDER SCENT CAKE CANDLE,466.38,1926,38,25,0.24
23379,PACK OF 12 RED APPLE TISSUES,465.36,1220,76,49,0.38
51020A,SUMMER FUN DESIGN SHOWER CAP,463.31,1303,50,37,0.36
90120C,GREEN MURANO TWIST BRACELET,462.32,109,58,12,4.24
72132,COLUMBIAN CUBE CANDLE,462.15,549,28,22,0.84
84972L,GIANT PINK HEART MEMO HOLDER,462.15,117,46,41,3.95
84984A,GREEN PEONY DES C/COVER,462.12,266,17,12,1.74
72789,BASKET/8 SCENTED LOVE TOKEN CANDLES,461.53,122,45,42,3.78
85204,HANGING WOOD AND FELT FLOWER,460.9,2353,154,69,0.2
90195B,BLACK GEMSTONE BRACELET,460.69,52,26,19,8.86
84915,HAND TOWEL PINK FLOWER AND DAISY,459.56,234,37,15,1.96
84948,SILVER HANGING T-LIGHT HOLDER DOME,459.21,273,36,28,1.68
47422,ASSORTED MONKEY SUCTION CUP HOOK,458.34,1177,66,28,0.39
16207B,PINK HEART RED HANDBAG,457.65,265,46,12,1.73
90145,SILVER HOOP EARRINGS WITH FLOWER,455.86,75,45,16,6.08
90201B,BLACK ENAMEL FLOWER RING,454.31,154,54,14,2.95
21757,LIGHTHOUSE PRINTED METAL SIGN,454.3,80,42,15,5.68
84508B,STRIPES DESIGN TEDDY,453.76,169,74,40,2.68
20621,ECONOMY PASSPORT COVER,451.67,207,33,23,2.18
23548,WRAP MAGIC FOREST,451.5,1075,43,42,0.42
23509,MINI PLAYING CARDS FUN FAIR,451.46,1062,65,51,0.43
90120B,BLUE MURANO TWIST BRACELET,451.44,107,42,17,4.22
82081,PINK HEARTS PHOTO ALBUM,451.35,174,23,11,2.59
84597C,RETRO PINK BALL ASHTRAY,450.98,364,44,21,1.24
20616,CHERRY BLOSSOM PASSPORT COVER,449.26,283,121,31,1.59
16218,CARTOON  PENCIL SHARPENERS,448.13,4629,98,60,0.1
17164D,ASS COL SMALL SAND FROG P'WEIGHT,447.0,1150,28,26,0.39
72801D,S/4 SKY BLUE DINNER CANDLES,446.17,553,61,33,0.81
72127,COLUMBIAN CANDLE ROUND,445.94,366,65,49,1.22
84857C,PINK MONTE CARLO HANDBAG,445.03,197,17,13,2.26
90010A,MIDNIGHT BLUE GLASS/SILVER BRACELET,443.85,49,30,12,9.06
72128,COLUMBIAN CANDLE ROUND,442.24,714,88,61,0.62
62096B,PURPLE/TURQ FLOWERS HANDBAG,441.99,257,82,42,1.72
90198B,VINTAGE ROSE BEAD BRACELET BLACK,441.9,104,49,22,4.25
16243B,BROWN COZY SQUARE PHOTO ALBUM,441.77,212,8,1,2.08
90154,LAZER CUT NECKLACE W PASTEL BEADS,439.65,59,7,6,7.45
16161M,WRAP  PINK FLOCK,439.0,1050,39,36,0.42
79030A,"TUMBLER, ENGLISH ROSE",438.25,171,33,18,2.56
23023,RIDGED BONNE JAM JAR T-LIGHT HOLDER,437.82,274,25,23,1.6
90013A,MIDNIGHT BLUE VINTAGE EARRINGS,434.27,115,77,8,3.78
79071B,ENGLISH ROSE METAL WASTE BIN,433.7,142,66,51,3.05
21027,NINJA RABBIT PINK,433.61,355,77,39,1.22
84859B,BLUE DISCO HANDBAG,433.46,282,18,14,1.54
84510F,SET OF 4 NEW ENGLAND COASTERS,432.75,1099,38,23,0.39
84798A,PINK FOXGLOVE ARTIIFCIAL FLOWER,432.45,195,10,9,2.22
37464,ROBOT MUG IN DISPLAY BOX,431.18,316,82,45,1.36
84858B,BLUE RIVIERA HANDBAG,431.0,326,9,8,1.32
23058,CHRISTMAS HANGING SNOWFLAKE,430.86,490,48,39,0.88
20851,ZINC HEART LATTICE TRAY OVAL,429.57,335,28,21,1.28
16045,POPART WOODEN PENCILS ASST,429.44,9312,74,65,0.05
90013B,BLACK VINTAGE EARRINGS,428.92,104,79,5,4.12
84966B,BLUE KASHMIRI BOXED MIRROR,428.0,33,4,3,12.97
84422,PINK/BLUE DISC/MIRROR STRING,427.95,782,38,19,0.55
84801A,PINK HYDRANGEA ART FLOWER,427.44,272,15,14,1.57
85230G,ORANGE VOTIVE CANDLE,425.76,1680,46,32,0.25
20715,LITTLE FLOWER SHOPPER BAG,424.0,400,1,1,1.06
21028,NINJA RABBIT BLACK,423.9,323,92,31,1.31
45016,DECORATIVE NET CANOPY LEOPARD,423.73,101,25,8,4.2
16207A,PINK STRAWBERRY HANDBAG,423.53,143,76,17,2.96
23044,PAPER LANTERN 9 POINT HOLLY STAR S,423.29,101,25,24,4.19
21678,PAISLEY PATTERN  STICKERS,423.0,572,80,39,0.74
16008,SMALL FOLDING SCISSOR(POINTED EDGE),422.96,3141,85,64,0.13
21729,SMALL MARAKESH METAL  LANTERN,422.9,124,30,19,3.41
47579,TEA TIME BREAKFAST BASKET,420.87,185,55,37,2.27
46126A,ELVIS WALLHANGING / CURTAIN,419.99,317,48,23,1.32
84967C,GREEN KASHMIRI OCCASIONAL TABLE,419.85,9,4,3,46.65
84770,ROUND GEORGIAN SILVER MIRROR,419.25,135,16,14,3.11
72780,BLACK SILOUETTE CANDLE PLATE,418.18,514,44,36,0.81
22032,BOTANICAL LILY GREETING CARD,418.12,980,111,64,0.43
84532B,FAIRY CAKES RECTANGLUAR BOXES,417.58,54,31,21,7.73
85097B,BLUE ROCKING SINGING CANARY,417.17,106,40,25,3.94
85014a,BLACK/BLUE POLKADOT UMBRELLA,416.12,33,28,0,12.61
35240,ENAMEL BLUE RIM OVAL TRAY SET/2,416.01,49,39,35,8.49
84529C,YELLOW KNITTED KIDS RUCKSACK,414.74,78,37,9,5.32
22395,PAPERWEIGHT VINTAGE PAISLEY,413.76,234,53,31,1.77
84007,MAGIC GARDEN MOUNT FUJI,413.12,157,39,30,2.63
85112,S/3 TEAR DROP CUT GLASS DECORATION,412.77,465,34,20,0.89
23459,DOLLY CABINET 2 DRAWERS,412.5,33,19,19,12.5
20666,ECONOMY HOLIDAY PURSE,412.45,911,46,22,0.45
23415,HOME SWEET HOME HOOK,412.18,328,47,42,1.26
21520,BOOZE & WOMEN GREETING CARD,411.63,957,108,61,0.43
84884a,ANT WHITE WIRE HEART SPIRAL,410.89,49,35,0,8.39
20857,BLUE ROSE PATCH PURSE PINK BUTTERFL,410.85,249,73,57,1.65
21341,KASBAH LANTERN WITH GLASS,410.64,72,29,15,5.7
90149,SILVER FLOWR PINK SHELL NECKLACE,410.26,62,9,6,6.62
37444B,BLUE BREAKFAST CUP AND SAUCER,409.6,2010,28,14,0.2
16169F,WRAP BLIZZARD,409.5,975,34,34,0.42
84595B,LARGE TRIFLE DESIGN L BLUE BOWL,408.9,230,16,13,1.78
21252,SET OF MEADOW  FLOWER STICKERS,408.66,168,22,14,2.43
72803B,OCEAN SCENT CANDLE JEWELLED DRAWER,407.88,92,36,28,4.43
84984D,ORIENTAL RED CUSHION COVER,404.91,159,21,14,2.55
72801E,S/4 FESTIVE GREEN DINNER CANDLES,404.75,769,24,19,0.53
84968e,SET OF 16 VINTAGE BLACK CUTLERY,404.13,16,13,0,25.26
82076,BEECH WOOD PHOTO FRAME,403.64,290,19,5,1.39
90206C,CRYSTAL DIAMANTE STAR BROOCH,402.61,80,57,9,5.03
84510C,SET OF 4 POLKADOTS COASTERS,401.59,274,101,49,1.47
84932B,SMALL PINK PEONY FOLDING STOOL,401.3,189,17,17,2.12
84984C,ORIENTAL BLUE CUSHION COVER,401.16,232,16,11,1.73
23339,EGG FRYING PAN BLUE,400.84,173,76,43,2.32
23576,SNACK TRAY RED VINTAGE DOILY,400.04,198,37,28,2.02
23429,RED RETRO KITCHEN WALL CLOCK,400.01,47,23,19,8.51
23039,T-LIGHT HOLDER SILVER HEART HANDLE,399.71,199,28,22,2.01
85007,SET OF 3 VINTAGE TEA TIME BOXES,399.62,143,21,16,2.79
21698,MOCK LOBSTER FRIDGE MAGNET,399.01,530,112,38,0.75
16156L,"WRAP, CAROUSEL",399.0,950,36,33,0.42
20889,JARDIN DE FEMME SCENTED CANDLE,398.04,657,13,12,0.61
D,Discount,397.89,196,5,5,2.03
79191B,RETRO PLASTIC POLKA TRAY,397.37,479,70,46,0.83
85167A,WHITE GRAND BAROQUE PHOTO FRAME,396.8,176,14,12,2.25
90180A,BLACK+WHITE NECKLACE W TASSEL,396.64,44,28,18,9.01
84804A,CREAM DELPHINIUM ARTIFICIAL FLOWER,396.38,218,18,15,1.82
21025,SPACE FROG,396.12,300,81,30,1.32
90120A,PINK MURANO TWIST BRACELET,395.68,93,41,14,4.25
84726,LILLIES CANVAS PICTURE,394.85,233,5,4,1.69
84873A,FUNKY FLOWER PICNIC BAG FOR 4,394.15,32,16,5,12.32
21736,GOLD SCROLL GLASS T-LIGHT HOLDER,393.69,193,27,22,2.04
22869,"NUMBER TILE COTTAGE GARDEN, 1",393.63,167,57,24,2.36
23661,MILK MAIDS MUG,393.59,219,33,23,1.8
84952A,CLEAR LOVE BIRD T-LIGHT HOLDER,392.53,148,39,13,2.65
90201D,GREEN ENAMEL FLOWER RING,391.37,133,57,12,2.94
84673B,BLUE FLY SWAT,391.31,503,133,65,0.78
90124B,BLUE MURANO TWIST NECKLACE,391.18,39,30,11,10.03
84711A,SILVER OVAL SHAPE TRINKET BOX,390.95,42,24,13,9.31
23150,IVORY SWEETHEART SOAP DISH,390.75,148,49,33,2.64
47562,ENGLISH ROSE IRONING BOARD COVER,390.0,104,41,16,3.75
84802B,PURPLE ANEMONE ARTIFICIAL FLOWER,389.79,411,17,16,0.95
84081,WHITE CERAMIC PARTY SET (5PCS),389.3,100,20,14,3.89
16044,POP-ART FLUORESCENT PENS,389.22,6193,3,2,0.06
23337,EGG FRYING PAN MINT,388.75,180,69,49,2.16
84497,BUTTONS AND STRIPES NOTEBOOK,387.13,97,37,29,3.99
90208,PAIR OF PINK FLOWER CLUSTER SLIDE,386.83,159,68,9,2.43
90158,ST TROPEZ NECKLACE,386.32,77,63,11,5.02
84292,ROSE PINK METAL FOLDING CHAIR,385.98,44,14,11,8.77
90070,RUBY GLASS CLUSTER BRACELET,385.15,63,35,9,6.11
90201A,PURPLE ENAMEL FLOWER RING,382.84,130,54,16,2.94
23116,VEGETABLE GARDEN CHOPPING BOARD,382.44,76,22,17,5.03
90035B,"PEARL & SHELL 42""NECKL. PINK",380.89,43,4,4,8.86
90184A,AMBER CHUNKY BEAD BRACELET W STRAP,380.82,42,25,11,9.07
79051A,SMOKEY GREY COLOUR GLASS,380.34,938,54,39,0.41
20670,VIP HOLIDAY PURSE,378.85,694,48,20,0.55
84533B,FAIRY CAKES ROUND NESTING BOXES,377.93,59,24,17,6.41
20976,12 PENCILS SMALL TUBE POSY,376.34,549,76,51,0.69
85033G,SET/6 GOLD REINDEER T-LIGHT CANDLES,376.05,236,32,16,1.59
16258A,SWIRLY CIRCULAR RUBBERS IN BAG,375.93,1063,101,58,0.35
84680,CLASSICAL ROSE URN,372.3,94,17,14,3.96
84741C,CITRUS GARLAND FELT FLOWERS,372.14,185,51,42,2.01
84877D,BLUE ROUND COMPACT MIRROR,371.85,160,43,14,2.32
84429A,MEDIUM PINK BUDDHA HEAD,371.78,109,42,22,3.41
16216,LETTER SHAPE PENCIL SHARPENER,371.64,4158,88,69,0.09
90134,OLD ROSE COMBO BEAD NECKLACE,370.92,126,96,2,2.94
78033,FLAG OF ST GEORGE CHAIR,370.6,76,16,13,4.88
79336,LIGHT PINK FLOCK GLASS CANDLEHOLDER,369.78,840,21,13,0.44
20663,QUEEN OF THE SKIES HOLIDAY PURSE,369.41,1074,44,13,0.34
90082B,DIAMANTE BOW BROOCH RED COLOUR,368.3,58,25,18,6.35
20906,VINTAGE NOTEBOOK BEAUTY GIRL,368.24,101,47,25,3.65
22870,"NUMBER TILE COTTAGE GARDEN, 2",367.97,155,46,16,2.37
85026B,EAU DE NILE JEWELLED T-LIGHT HOLDER,367.55,300,29,20,1.23
47503G,ASS FLORAL PRINT TAPE MEASURE,367.36,284,35,21,1.29
23575,SNACK TRAY PAISLEY PARK,367.35,179,32,22,2.05
47504G,ENGLISH ROSE TAPE MEASURE,366.81,266,57,38,1.38
35915A,CREAM KNITTED HEN,365.76,288,1,1,1.27
90002D,FLOWER BURST SILVER RING CRYSTAL,365.74,104,34,17,3.52
84926D,LA PALMIERA TILE COASTER,365.35,773,47,29,0.47
79190A,RETRO PLASTIC 70'S TRAY,364.25,790,119,42,0.46
35968,FOLK ART METAL HEART T-LIGHT HOLDER,363.34,761,75,49,0.48
90164B,WHITE  ROSEBUD PEARL BRACELET,362.94,67,35,8,5.42
90160A,PURPLE BOUDICCA LARGE BRACELET,362.51,52,25,18,6.97
85094,CANDY SPOT EGG WARMER RABBIT,360.99,760,108,40,0.47
84760S,SMALL HANGING GLASS+ZINC LANTERN,360.21,222,36,24,1.62
21946,PARTY TIME DESIGN FLANNEL,358.97,625,67,25,0.57
84402D,PINK DRESS JEWELLERY STAND,358.93,373,13,9,0.96
90036E,"FLOWER GLASS GARLD NECKL36""AMETHYST",358.87,45,28,10,7.97
23579,SNACK TRAY I LOVE LONDON,358.75,169,35,22,2.12
84711B,PINK OVAL SHAPE TRINKET BOX,357.71,39,30,11,9.17
84800M,MEDIUM WHITE/PINK ROSE ART FLOWER,357.22,250,27,25,1.43
35912B,WHITE/PINK CHICK DECORATION,355.58,288,30,22,1.23
21038,SET/4 MODERN VINTAGE COTTON NAPKINS,355.48,166,52,39,2.14
20799,PINK MILKSHAKE GLASS,355.33,200,26,11,1.78
72487,ROSES WHITE ROUND CANDLE,355.05,827,14,13,0.43
90019A,SILVER M.O.P ORBIT BRACELET,354.59,68,51,16,5.21
90082A,DIAMANTE BOW BROOCH GREEN COLOUR,353.71,55,32,16,6.43
90013C,GREEN VINTAGE EARRINGS,353.55,88,56,10,4.02
20950,SET/6  ANGEL T-LIGHTS WHITE/GOLD,353.39,687,83,57,0.51
22039,BOTANICAL LILY GIFT WRAP,353.0,850,30,27,0.42
84898F,YELLOW FLOWERS FELT HANDBAG KIT,352.75,165,52,37,2.14
46000R,POLYESTER FILLER PAD 45x30cm,352.35,243,61,42,1.45
84809B,PINK CHRYSANTHEMUMS ART FLOWER,351.6,296,8,7,1.19
23420,PANTRY HOOK TEA STRAINER,351.37,164,32,26,2.14
90201C,RED ENAMEL FLOWER RING,350.94,119,46,16,2.95
90161A,ANT COPPER RED BOUDICCA BRACELET,349.96,70,43,14,5.0
23421,PANTRY HOOK SPATULA,349.2,160,33,24,2.18
82011B,BATHROOM SCALES RUBBER DUCKS,348.8,93,48,23,3.75
84249D,FAIRY CAKE GREETINGS CARD,347.3,823,64,48,0.42
84535A,ENGLISH ROSE NOTEBOOK A6 SIZE,346.93,607,64,44,0.57
22257,FELT FARM ANIMAL SHEEP,345.48,419,57,23,0.82
84801B,WHITE HYDRANGEA ART FLOWER,345.0,214,18,14,1.61
90148,LONG SILVER NECKLACE PASTEL FLOWER,343.98,27,18,15,12.74
35004c,SET OF 3 COLOURED  FLYING DUCKS,343.72,27,25,0,12.73
84881,BLUE WIRE SPIRAL CANDLE HOLDER,342.94,52,24,21,6.59
21306,SET/4 DAISY MIRROR MAGNETS,342.8,681,68,48,0.5
20940,SET/6 GARDEN GNOME T-LIGHT CANDLES,342.75,118,22,15,2.9
90191,SILVER LARIAT 40CM,342.6,40,21,13,8.57
35833P,4 PINK FLOCK CHRISTMAS BALLS,342.17,185,64,32,1.85
72811,SMALL ZINC/GLASS CANDLEHOLDER,340.45,445,22,18,0.77
75149N,STRING CRYSTALS NATURAL,340.0,272,25,18,1.25
79303B,BLUE STAR BLOCK TABLE LAMP,339.57,109,10,4,3.12
84925A,WAKE UP COCKEREL WALL THERMOMETER,339.29,179,17,14,1.9
23015,CORDIAL JUG,338.38,40,18,15,8.46
84576,BLUE CAT BISCUIT BARREL PINK HEART,337.04,96,32,19,3.51
35914,PINK CHICK EGG WARMER + EGG CUP,336.58,243,56,25,1.39
17011F,ORIGAMI SANDLEWOOD INCENSE+FLOWER,336.2,385,20,15,0.87
20847,ZINC HEART LATTICE CHARGER LARGE,334.35,80,27,17,4.18
90014B,GOLD M.O.P. ORBIT NECKLACE,333.71,34,28,13,9.81
17109A,FLOWER FAIRY INCENSE LILY,333.61,709,13,12,0.47
23047,PAPER LANTERN 5 POINT STUDDED STAR,333.5,58,25,25,5.75
21402,RED  EGG  SPOON,333.42,1698,151,81,0.2
90175C,BLUE GLASS CHUNKY CHARM BRACELET,332.95,37,20,15,9.0
20688,BEAUTY SPEED EXPRESSO CUPS,332.9,464,11,9,0.72
47583B,SET OF 3 WICKER BASKET TEA AND CAKE,332.6,27,6,6,12.32
21420,OYSTER TRINKET BOX,332.16,120,31,21,2.77
35637C,PINK STRING CURTAIN WITH POLE,331.14,100,19,14,3.31
85024B,EAU DE NILE JEWELLED PHOTOFRAME,330.9,218,20,19,1.52
84870C,GREEN GEISHA GIRL,330.36,93,41,21,3.55
35921,EASTER BUNNY HANGING GARLAND,330.32,183,49,23,1.81
22878,"NUMBER TILE COTTAGE GARDEN, No",330.26,128,45,13,2.58
90129B,TURQUOISE GLASS TASSLE BAG CHARM,329.95,146,62,17,2.26
37467,PIG MUG IN TWO COLOUR DESIGNS,328.51,273,64,28,1.2
72739B,WHITE CHOCOLATE SCENT CANDLE,328.39,394,28,10,0.83
21722,SWEET PUDDING STICKER SHEET,327.75,347,79,33,0.94
22889,"NUMBER TILE VINTAGE FONT, No",327.12,196,39,8,1.67
84902,PINK KNITTED COW STUFFED TOY,326.33,84,53,28,3.88
84706A,ENGLISH ROSE TABLE CLOCK,325.88,137,7,6,2.38
21309,LOUVRE CHALKBOARD,325.6,49,5,5,6.64
90209A,PURPLE ENAMEL+GLASS HAIR COMB,325.5,173,10,7,1.88
23037,CANDLE HOLDER SILVER MADELINE,325.16,196,20,17,1.66
23478,WOODLAND LARGE PINK FELT HEART,324.4,285,13,9,1.14
84509E,SET OF 4 CAROUSEL PLACEMATS,323.36,161,32,11,2.01
90175B,PINK GLASS CHUNKY CHARM BRACELET,322.85,36,27,6,8.97
84870B,BLUE GEISHA GIRL,322.61,90,40,22,3.58
90197B,BLACK GLASS BRACELET W HEART CHARMS,322.52,64,51,2,5.04
90178A,AMBER CHUNKY GLASS+BEAD NECKLACE,322.41,27,21,14,11.94
85131C,BEADED CRYSTAL HEART BLUE ON STICK,320.15,439,72,20,0.73
85070,ANT WHITE SWEETHEART TABLE W 3 DRAW,320.0,3,3,3,106.67
84795b,SUNSET CHECK HAMMOCK,317.72,19,17,0,16.72
85089,CANDY SPOT BUNNY,317.54,99,29,15,3.21
85033S,SET/6 SILVER REINDEER T-LIGHTS,317.35,258,49,34,1.23
84933C,LARGE BLUE ORIENTAL FOLDING STOOL,317.0,136,6,6,2.33
90018A,SILVER M.O.P ORBIT DROP EARRINGS,316.99,75,56,15,4.23
17091B,JASMINE TEA INCENSE IN TIN,316.98,276,51,35,1.15
21401,BLUE PUDDING SPOON,315.7,1437,121,72,0.22
85129B,BEADED CRYSTAL HEART GREEN SMALL,315.11,233,56,26,1.35
84673A,PINK FLY SWAT,314.84,500,99,57,0.63
84933A,LARGE GREEN PEONY FOLDING STOOL,314.35,131,6,5,2.4
46000U,POLYESTER FILLER PAD 30CMx30CM,313.75,251,51,39,1.25
90000D,COPPER/OLIVE GREEN FLOWER NECKLACE,313.75,51,34,13,6.15
35638B,PINK/BLUE STRING CURTAIN,313.29,118,11,7,2.65
23695,DOILY THANK YOU CARD,313.24,741,57,41,0.42
84802A,WHITE ANEMONE ARTIFICIAL FLOWER,312.65,185,24,21,1.69
84838,ANT WHITE HIGH RISE BIRD BOX,312.5,50,4,3,6.25
90016B,GOLD/M.O.P PENDANT ORBIT NECKLACE,312.14,37,30,14,8.44
84522,PINK PARTY SUNGLASSES,311.86,186,26,19,1.68
22872,"NUMBER TILE COTTAGE GARDEN, 4",311.3,136,39,16,2.29
35979,SIX STRING SCANDINAVIAN HEART DECS,311.03,94,27,19,3.31
62095B,TURQOISE ICE CREAM SUNHAT,310.83,292,21,18,1.06
84623,PINK GINGHAM ROSE FLOOR CUSHION,310.44,56,14,8,5.54
84933B,LARGE PINK PEONY FOLDING STOOL,309.15,136,6,5,2.27
84661A,WHITE SQUARE TABLE CLOCK,308.99,222,43,22,1.39
20795,LARGE BLUE PROVENCAL CERAMIC BALL,308.7,135,29,15,2.29
77081,FLOWER WINDMILL,308.38,242,33,17,1.27
84906,PINK BUTTERFLY CUSHION COVER,307.47,66,21,14,4.66
21196,ROUND WHITE CONFETTI IN TUBE,306.89,178,22,16,1.72
84671B,CROCHET BEAR WITH BLUE STRIPES,306.77,109,32,20,2.81
47593A,CAROUSEL PONIES BABY BIB,306.67,303,97,36,1.01
23495,SET OF 3 PANTRY WOODEN SPOONS,306.66,225,41,21,1.36
90173,PAIR BUTTERFLY HAIR CLIPS,306.64,81,51,7,3.79
72130,COLUMBIAN CANDLE ROUND,306.35,753,57,39,0.41
16254,TRANSPARENT ACRYLIC TAPE DISPENSER,305.66,941,40,17,0.32
20800,LARGE GLASS SUNDAE DISH CLEAR,303.96,1005,5,2,0.3
84219,BOX/12 MOTHER & CHICK IN BASKET/BOW,303.86,137,28,24,2.22
44235,ASSORTED COLOURED CIRCLE MOBILE,303.84,816,22,16,0.37
72753D,S/3 FLWR FAIRY SUMMER CANDLES,302.4,144,9,9,2.1
90036D,"FLOWER GLASS GARLAND NECKL.36""BLACK",302.29,38,16,11,7.96
85147,JARDIN ETCHED GLASS CANDLEHLDR LONG,301.95,61,16,14,4.95
23430,BLUE RETRO KITCHEN WALL CLOCK,301.88,36,18,16,8.39
35645,VINTAGE BEAD PINK JEWEL BOX,301.81,61,34,18,4.95
21321,GLASS CHALICE BLUE  LARGE,301.8,122,18,10,2.47
90098,NECKLACE+BRACELET PINK BUTTERFLY,301.28,137,55,22,2.2
90035C,"PEARL & SHELL 42""NECKL. IVORY",301.0,28,5,5,10.75
23440,PAINT YOUR OWN EGGS IN CRATE,299.36,164,5,5,1.83
17001,HEAVENS SCENT FRAGRANCE OILS ASSTD,299.35,1211,23,20,0.25
90124A,PINK MURANO TWIST NECKLACE,299.28,30,20,16,9.98
18096C,WHITE ROUND PORCELAIN TLIGHT HOLDER,298.7,117,20,12,2.55
35981C,WHITE SNOW SCANDINAVIAN STOCKING,297.62,589,67,55,0.51
84627,CANDY STRIPE ROSE C/COVER,297.5,50,19,15,5.95
84247N,PACK/12 BLUE FOLKART CARDS,297.48,113,53,33,2.63
17012E,ORIGAMI OPIUM INCENSE/CANDLE SET,296.79,263,29,12,1.13
79190D,RETRO PLASTIC DAISY TRAY,296.58,641,112,44,0.46
35920,FOUR RABBIT EASTER DECORATIONS,296.34,1070,24,18,0.28
47471,RAINBOW PEGS PHOTO CLIP STRING,295.72,428,63,35,0.69
DCGSSGIRL,GIRLS PARTY BAG,295.63,92,23,0,3.21
90129A,PINK GLASS TASSLE BAG CHARM,295.38,151,73,14,1.96
20869,GOLD FABRIC MIRROR,295.12,529,53,30,0.56
21697,SET 5 MINI DOUGHNUT FRIDGE MAGNET,295.08,372,7,6,0.79
22954,HEN PARTY CORDON BARRIER TAPE,293.89,238,50,28,1.23
90185D,CRYSTAL DIAMANTE EXPANDABLE RING,293.33,69,35,14,4.25
84926A,WAKE UP COCKEREL TILE COASTER,293.08,664,51,29,0.44
84482,BUTTONS DESIGN JEWELLERY BOX,293.02,75,32,22,3.91
72801F,S/4 FESTIVE RED DINNER CANDLES,292.5,234,25,20,1.25
37422,WHITE WITH BLACK CATS BOWL,292.08,434,73,14,0.67
90030B,RED KUKUI COCONUT SEED NECKLACE,292.08,139,36,17,2.1
84800S,SMALL WHITE/PINK ROSE ART FLOWER,292.04,388,19,19,0.75
23567,EGG CUP HENRIETTA HEN PINK,291.58,211,37,15,1.38
21030,SPACE CADET RED,290.9,239,51,37,1.22
84529A,PINK KNITTED KIDS RUCKSACK,290.78,50,19,9,5.82
20826,SILVER APERITIF GLASS,290.72,355,14,11,0.82
16202A,PASTEL PINK PHOTO ALBUM,290.45,662,21,16,0.44
21388,IVORY HANGING DECORATION  CHICKEN,290.17,311,29,27,0.93
23410,CURIO CABINET LINEN AND LACE,290.1,36,18,16,8.06
84882,GREEN WIRE STANDING CANDLE HOLDER,289.43,66,36,22,4.39
22871,"NUMBER TILE COTTAGE GARDEN, 3",289.39,127,30,11,2.28
72812,LARGE ZINC/GLASS CANDLEHOLDER,288.46,105,31,14,2.75
20987,GEISHA GIRL CHOPSTICKS SET/5,288.35,131,22,11,2.2
21144,PINK POODLE HANGING DECORATION,287.47,543,60,40,0.53
16212,FUNKY GIRLZ ASST MAGNETIC MEMO PAD,287.01,366,37,29,0.78
20821,GOLDIE LOOKING MIRROR,286.42,42,25,10,6.82
90014C,SILVER/BLACK ORBIT NECKLACE,284.68,29,20,13,9.82
37413,ICON MUG REVOLUTIONARY,284.49,703,81,52,0.4
90185B,AMETHYST DIAMANTE EXPANDABLE RING,284.43,67,34,12,4.25
82093,HEART SHAPE BUTTON FRAME,283.49,139,28,7,2.04
20980,36 PENCILS TUBE POSY,282.31,233,58,35,1.21
85049g,CHOCOLATE BOX RIBBONS,281.44,115,52,0,2.45
84977,WIRE FLOWER T-LIGHT HOLDER,281.33,223,44,34,1.26
16052,TEATIME PUSH DOWN RUBBER,281.32,848,35,18,0.33
23481,PEARLISED IVORY HEART SMALL,281.17,228,29,23,1.23
90163A,PINK ROSEBUD & PEARL NECKLACE,280.71,37,24,5,7.59
47578A,ENGLISH ROSE SMALL SCENTED FLOWER,279.88,307,69,42,0.91
84508C,BLUE CIRCLES DESIGN TEDDY,279.82,103,43,22,2.72
72739C,DARK CHOCOLATE SCENTCANDLE,279.08,326,23,10,0.86
21412,VINTAGE GOLD TINSEL REEL,279.0,275,67,33,1.01
84625B,BLCK NEW BAROQUE CANDLESTICK CANDLE,279.0,180,17,15,1.55
90115,SUMMER BUTTERFLIES BAG CHARM,278.96,108,60,11,2.58
84457,SET/3 RABBITS FLOWER SKIPPPING ROPE,278.73,291,64,37,0.96
21367,MIRRORED WALL ART GENTS,278.48,211,60,37,1.32
84926F,PSYCHEDELIC TILE COASTER,277.9,484,42,24,0.57
90146,FINE SILVER NECKLACE W PASTEL FLOWE,276.49,41,19,12,6.74
84966C,GREEN KASHMIRI BOXED MIRROR,276.0,23,2,1,12.0
DCGS0076,SUNJAR LED NIGHT NIGHT LIGHT,275.96,17,14,0,16.23
23137,ZINC WIRE SWEETHEART LETTER TRAY,275.62,83,23,18,3.32
90085,CRYSTAL STILETTO PHONE CHARM,275.53,311,29,14,0.89
21095,SET/6 POSIES PAPER PLATES,274.57,295,40,24,0.93
84924F,PSYCHEDELIC METAL SIGN CALENDAR,274.55,975,10,8,0.28
21193,WHITE HONEYCOMB PAPER FAN,274.37,111,22,14,2.47
75178,ASSTD COL BUTTERFLY/CRYSTAL W/CHIME,273.93,497,25,11,0.55
90122A,PINK CRYSTAL+GLASS BRACELET,273.89,55,31,14,4.98
84927F,PSYCHEDELIC TILE HOOK,273.32,335,62,44,0.82
23141,TRIPLE WIRE HOOK PINK HEART,272.91,79,25,18,3.45
84924D,LA PALMIERA METAL SIGN CALENDAR,272.61,764,15,11,0.36
35096A,BLUE VICTORIAN FABRIC HEART BOX,272.45,765,50,18,0.36
79303D,LILAC FLOWER BLOCK TABLE LAMP,272.45,78,19,5,3.49
84499,BLACK FLOWER CANDLE PLATE,272.17,326,41,16,0.83
22874,"NUMBER TILE COTTAGE GARDEN, 6",272.02,126,28,15,2.16
90185C,BLACK DIAMANTE EXPANDABLE RING,271.96,64,32,17,4.25
90032,IVORY SHELL HEART NECKLACE,271.88,48,24,12,5.66
22877,"NUMBER TILE COTTAGE GARDEN, 9",271.64,128,28,18,2.12
84192,ASSORTED COLOUR METAL CAT,271.1,226,38,29,1.2
23474,WOODLAND SMALL BLUE FELT HEART,270.96,312,37,26,0.87
47586A,PINK FAIRY CAKE CUSHION COVER,270.43,200,29,23,1.35
22868,"NUMBER TILE COTTAGE GARDEN, 0",270.38,124,27,13,2.18
47351B,BLUE  VOILE LAMPSHADE,269.9,98,14,11,2.75
47591A,CAROUSEL DES CHILD'S APRON,269.54,163,70,32,1.65
85195,HANGING HEART BASKET,269.44,146,17,14,1.85
90122C,TURQUOISE CRYSTAL+GLASS BRACELET,269.1,54,30,12,4.98
72793,BLACK BOX MIRROR LANTERN,268.75,55,10,5,4.89
20818,GOLD TEDDY BEAR,268.5,87,30,20,3.09
22875,"NUMBER TILE COTTAGE GARDEN, 7",268.35,123,30,17,2.18
21372,MIRRORED WALL ART TABLE LAMP,267.01,156,50,28,1.71
47481,50CM METAL STRING WITH  7 CLIPS,265.4,326,44,31,0.81
23476,WOODLAND LARGE RED FELT HEART,264.72,205,22,18,1.29
21950,SET OF 6 DOTS CHOPSTICKS,263.63,211,18,2,1.25
90157,RIVIERA NECKLACE,263.28,53,24,14,4.97
90129E,PURPLE GLASS TASSLE BAG CHARM,263.14,129,59,10,2.04
22873,"NUMBER TILE COTTAGE GARDEN, 5",262.5,120,31,17,2.19
84806A,PINK CANDYSTUFT ARTIFICIAL FLOWER,261.91,319,20,19,0.82
21268,VINTAGE BLUE TINSEL REEL,261.66,397,49,31,0.66
79328,BLUE FLOCK GLASS CANDLEHOLDER,260.76,594,17,6,0.44
72799D,BLUE PILLAR CANDLE SILVER FLOCK,260.67,78,18,12,3.34
44234,ASSORTED CIRCULAR MOBILE,260.39,1213,56,28,0.21
84597B,RETRO BROWN BALL ASHTRAY,259.37,205,27,11,1.27
85095,THREE CANVAS LUGGAGE TAGS,259.09,174,49,9,1.49
84613C,BLUE NEW BAROQUE FLOCK CANDLESTICK,258.06,62,12,11,4.16
90035A,"PEARL & SHELL 42""NECKL. GREEN",257.55,24,16,7,10.73
84520b,PACK 20 ENGLISH ROSE PAPER NAPKINS,257.4,110,10,0,2.34
85179C,PINK BITTY LIGHT CHAIN,257.15,116,40,10,2.22
84371,BIG PINK POODLE,257.1,30,6,4,8.57
90040B,MURANO STYLE GLASS BRACELET BLACK,255.97,71,36,17,3.61
22882,"NUMBER TILE VINTAGE FONT, 3",255.08,126,50,18,2.02
72801d,S/4 SKY BLUE DINNER CANDLES,254.98,103,61,0,2.48
17038,PORCELAIN BUDAH INCENSE HOLDER,254.51,2559,55,21,0.1
85232b,SET/3 RUSSIAN DOLL STACKING TINS,254.47,25,22,0,10.18
10123C,HEARTS WRAPPING TAPE,254.41,650,63,39,0.39
84461,12 PINK HEN+CHICKS IN BASKET,253.79,99,40,33,2.56
gift_0001_50,Dotcomgiftshop Gift Voucher £50.00,253.59,6,6,0,42.27
21493,VINTAGE DESIGN GIFT TAGS,252.45,272,29,22,0.93
79338,DARK PINK FLOCK GLASS CANDLEHOLDER,252.29,553,13,8,0.46
22876,"NUMBER TILE COTTAGE GARDEN, 8",252.22,118,23,12,2.14
21032,SPACE CADET WHITE,252.16,203,50,28,1.24
21370,MIRRORED WALL ART FOXY,251.97,54,22,15,4.67
23149,ANTIQUE IVORY WIRE BOWL SMALL,251.45,99,21,17,2.54
DCGSSBOY,BOYS PARTY BAG,251.35,77,21,0,3.26
90081C,LILY BROOCH OLIVE COLOUR,250.47,50,36,13,5.01
90073,VINTAGE ENAMEL & CRYSTAL EARRINGS,250.34,50,34,7,5.01
20836,FRENCH PAISLEY CUSHION COVER,250.0,224,22,18,1.12
21460,GREEN EASTER EGG HUNT START POST,249.65,113,27,20,2.21
90170,DAISY HAIR BAND,249.58,150,73,10,1.66
90087,CRYSTAL SEA HORSE PHONE CHARM,249.56,311,53,13,0.8
84030c,KNITTED RAINBOW HOT WATER BOTTLE,248.0,32,13,0,7.75
23465,TUSCAN VILLA FEEDING STATION,247.63,29,16,15,8.54
84621,BLUE GINGHAM ROSE FLOOR CUSHION,247.26,29,15,9,8.53
90036C,"FLOWER GLASS GARLAND NECKL.36""BLUE",246.83,31,15,7,7.96
82011A,"BATHROOM SCALES, TROPICAL BEACH",246.58,59,34,19,4.18
47503H,ASS FLORAL PRINT SPIRIT LEVEL,246.12,160,60,45,1.54
46307,ROSES BLUE BASE CUSHION COVER,246.03,51,33,4,4.82
90028,NEW BAROQUE LARGE NECKLACE BLK/WHIT,244.79,29,24,5,8.44
84993B,75 BLACK PETIT FOUR CASES,243.66,551,86,57,0.44
90096,NECKLACE+BRACELET SET BLUE BLOSSOM,243.61,104,49,10,2.34
90129C,GREEN GLASS TASSLE BAG CHARM,243.38,107,51,16,2.27
90119,METALIC LEAVES BAG CHARMS,243.07,97,42,6,2.51
90081A,LILY BROOCH AMETHYST COLOUR,242.8,49,24,15,4.96
90196A,PURPLE GEMSTONE NECKLACE 45CM,242.25,19,11,9,12.75
23475,WOODLAND SMALL PINK FELT HEART,242.18,286,31,25,0.85
35818P,"ACRYLIC JEWEL ICICLE, PINK",242.15,559,25,18,0.43
90196B,BLACK GEMSTONE NECKLACE 45CM,241.98,19,14,9,12.74
23143,ZINC WIRE KITCHEN ORGANISER,239.97,30,16,12,8.0
84629,WHITE 3 FRAME BIRDS AND TREE,237.8,24,13,12,9.91
82553,POP'S GREASY SPOON METAL SIGN,237.73,114,42,14,2.09
90133,TEAL/FUSCHIA COL BEAD NECKLACE,236.46,47,36,7,5.03
44217M,MULTICOLOUR FEATHERS CURTAIN,236.4,72,3,1,3.28
20891,LARGE GLASS ROSE SCENTED CANDLE,236.33,684,3,1,0.35
82585,SWEET VALENCIA CANDLE+CUP,235.9,164,47,18,1.44
90210D,PURPLE ACRYLIC FACETED BANGLE,235.73,142,23,10,1.66
23580,SNACK TRAY HAPPY FOREST,234.92,116,25,20,2.03
20855,PINK PATCH PURSE BLUE HEART,234.3,142,47,41,1.65
84796a,PINK HAWAIIAN PICNIC HAMPER FOR 2,234.28,28,20,0,8.37
84660c,PINK STITCHED WALL CLOCK,233.98,31,28,0,7.55
20736,PINK MINI TAPE MEASURE,233.5,290,19,18,0.81
84247K,"FOLK ART GREETING CARD,pack/12",233.48,75,28,20,3.11
90185A,AMBER DIAMANTE EXPANDABLE RING,233.29,55,26,8,4.24
37483,ENGLISH ROSE MUG IN GIFT BOX,232.89,143,10,10,1.63
84797b,BLUE SAVANNAH PICNIC HAMPER FOR 4,232.62,21,19,0,11.08
23036,T-LIGHT HOLDER SILVER PETIT FOUR,232.42,184,16,14,1.26
16256B,FLOWER PENCIL/RUBBER+5 MINI PENCILS,232.35,524,35,17,0.44
35991,SET/6 BLACK SNOWFLAKE T-LIGHTS,232.08,402,54,43,0.58
90210B,CLEAR ACRYLIC FACETED BANGLE,232.04,102,24,15,2.27
23447,PINK BUNNY EASTER EGG BASKET,231.9,158,4,4,1.47
90181B,AMETHYST GLASS/SHELL/PEARL NECKLACE,231.27,25,24,0,9.25
16202C,BEIGE PHOTO ALBUM,230.59,97,12,10,2.38
21226,POCKET MIRROR WOODLAND,230.55,213,37,17,1.08
90164A,PINK ROSEBUD PEARL BRACELET,230.39,40,25,7,5.76
22880,"NUMBER TILE VINTAGE FONT, 1",230.27,111,37,10,2.07
23446,BLUE BUNNY EASTER EGG BASKET,230.25,157,3,3,1.47
37508,NEW ENGLAND CERAMIC CAKE SERVER,229.57,89,46,35,2.58
72781,BLACK SILOUETTE CANDLE PLATE,229.5,121,15,11,1.9
90122B,JADE CRYSTAL+GLASS BRACELET,228.99,46,26,14,4.98
21639,ASSORTED TUTTI FRUTTI KEYRING,228.65,259,15,12,0.88
90199B,5 STRAND GLASS NECKLACE AMETHYST,228.61,36,31,12,6.35
90090,PINK CRYSTAL HEART PHONE CHARM,227.72,263,22,12,0.87
35809B,ENAMEL BLUE RIM TEA CONTAINER,227.54,104,33,21,2.19
71028B,SILVER BLUE EGG T-LIGHT HOLDER,227.48,494,13,7,0.46
84705C,PINK FLOCK PHOTO FRAME,227.33,162,8,5,1.4
72750D,F.FAIRY S/3 CANDLE/GLASS,226.5,110,11,11,2.06
23003,TRAVEL CARD WALLET VINTAGE ROSE,226.2,542,53,38,0.42
90003D,CRYSTAL PAIR HEART HAIR SLIDES,226.17,60,32,15,3.77
90155,RESIN NECKLACE W PASTEL BEADS,226.16,30,21,12,7.54
84966A,PINK KASHMIRI BOXED MIRROR,225.95,13,4,3,17.38
90116,FRUIT SALAD BAG CHARM,225.52,106,63,11,2.13
21369,MIRRORED WALL ART SPLODGES,225.36,133,22,15,1.69
TEST001,This is a test product.,225.0,50,9,2,4.5
84927E,FLOWERS TILE HOOK,224.31,494,29,22,0.45
35597B,BLACKCHRISTMAS TREE 30CM,224.1,78,7,6,2.87
90125D,PURPLE BERTIE GLASS BEAD BAG CHARM,223.74,136,36,9,1.65
17084P,DRAGONS BLOOD INCENSE,222.75,990,70,23,0.23
17011C,ORIGAMI LAVENDER INCENSE+FLOWER,221.4,335,2,1,0.66
21102,"CANDLE IN JAR COLLAGE , VANILLA",221.08,82,20,10,2.7
16258B,DAISY ERASERS IN BAG,221.06,1016,15,13,0.22
17013B,ORIGAMI JASMINE INCENSE IN TUBE,221.03,256,3,2,0.86
72807b,SET/3 OCEAN SCENT CANDLE JEWEL BOX,220.94,26,19,0,8.5
35833G,4 GOLD FLOCK CHRISTMAS BALLS,220.66,134,34,23,1.65
62086A,PINK RETRO BIG FLOWER BAG,220.35,113,24,20,1.95
90124C,GREEN MURANO TWIST NECKLACE,220.21,22,16,7,10.01
72225D,VANILLA SCENT CAKE CANDLE,219.46,962,11,9,0.23
85168A,WHITE BAROQUE CARRIAGE CLOCK,218.9,22,15,12,9.95
90058A,CRYSTAL STUD EARRINGS CLEAR DISPLAY,218.88,576,13,12,0.38
22881,"NUMBER TILE VINTAGE FONT, 2",218.82,112,36,9,1.95
22884,"NUMBER TILE VINTAGE FONT, 5",217.26,110,39,14,1.98
90005A,JADE GREEN ENAMEL HAIR COMB,216.87,106,57,5,2.05
35817P,PINK ACRYLIC JEWEL SNOWFLAKE,216.7,420,11,9,0.52
84725,FREESTYLE CANVAS ART PICTURE,216.5,134,29,24,1.62
35793,S/3 PUPPIES CHRISTMAS DECORATIONS,216.33,108,15,7,2.0
37492A,YELLOW RED FLOWER PIGGY BANK,216.07,108,11,7,2.0
84807,RED POPPY ARTIFICIAL FLOWER,215.93,233,7,7,0.93
90036A,FLOWER GARLAND NECKLACE RED,215.76,27,20,10,7.99
21543,BUTTERFLY WATER TRANSFER TATTOOS,215.0,284,24,13,0.76
84690,S/2 BEACH HUT STOOLS,214.65,27,14,12,7.95
48179,DOOR MAT SWEET HOME,214.47,34,11,6,6.31
90123A,PINK HEART OF GLASS BRACELET,214.07,36,19,14,5.95
51012C,"FEATHER DUSTER, COAL BLACK",213.75,171,27,22,1.25
90214A,"LETTER ""A"" BLING KEY RING",213.65,213,104,27,1.0
90019C,SILVER BLACK ORBIT BRACELET,213.38,40,34,7,5.33
16201A,PASTEL PINK PHOTO ALBUM,213.37,101,9,7,2.11
21400,RED PUDDING SPOON,213.07,1078,91,54,0.2
22883,"NUMBER TILE VINTAGE FONT, 4",213.05,109,34,9,1.95
84805A,CREAM CLIMBING HYDRANGA ART FLOWER,212.85,147,8,7,1.45
85039a,SET/4 RED MINI ROSE CANDLE IN BOWL,212.45,64,44,0,3.32
84313A,PINK TV TRAY TABLE,212.42,38,19,10,5.59
84247C,PACK/12 BLUE REINDEER CARD,212.4,72,22,22,2.95
90024B,NEW BAROQUE B'FLY NECKLACE RED,212.24,25,22,6,8.49
21368,MIRRORED WALL ART LADIES,212.04,201,47,32,1.05
84927D,LA PALMIERA TILE HOOK,211.29,953,28,22,0.22
22885,"NUMBER TILE VINTAGE FONT, 6",210.26,112,35,13,1.88
20827,GOLD APERITIF GLASS,209.36,173,8,5,1.21
20814,SILVER FINCH DECORATION,208.89,189,13,7,1.11
84706F,RED PEONY TABLE CLOCK,208.3,34,17,15,6.13
47574B,ENGLISH ROSE SCENTED HANGING HEART,208.25,49,27,25,4.25
90211B,JET BLACK LAS VEGAS NECKLACE 45CM,208.21,35,26,8,5.95
90056,CHUNKY CRACKED GLAZE NECKLACE IVORY,207.94,19,14,1,10.94
90016A,SILVER/M.O.P PENDANT ORBIT NECKLACE,207.86,29,16,8,7.17
37485,ENGLISH ROSE TEA SET IN GIFT BOX,207.69,49,15,10,4.24
90210A,GREY ACRYLIC FACETED BANGLE,207.34,88,21,12,2.36
90040A,MURANO STYLE GLASS BRACELET RED,207.05,53,34,10,3.91
47343A,FUSCHIA FLOWER PURSE WITH BEADS,206.26,200,23,21,1.03
17014D,ORIGAMI ROSE INCENSE CONES,204.36,479,8,5,0.43
90186A,AMETHYST HOOP EARRING FLORAL LEAF,203.73,69,33,14,2.95
35824B,"HANGING FLOWERS+MIRROR,BLUE",203.24,528,6,4,0.38
20890,SMALL GLASS ROSE SCENTED CANDLE,202.62,605,4,1,0.33
48103,DOORMAT KISS MY.......,201.73,35,10,10,5.76
84723,CHERRY BLOSSOM CANVAS ART PICTURE,201.3,54,12,11,3.73
72754A,FLOWER FAIRY POTPOURRI CUSHION LILY,201.24,292,5,4,0.69
20672,PINK TEATIME PRINT BOWL,201.0,138,36,21,1.46
90144,SILVER DROP EARRINGS WITH FLOWER,199.45,53,33,11,3.76
79403,FROSTED WHITE BASE,199.02,216,36,19,0.92
90000A,RASPBERRY ANT COPPER FLOWER NECKLAC,198.98,33,21,14,6.03
84797a,PINK HAWAIIAN PICNIC HAMPER FOR 4,198.84,18,17,0,11.05
22330,72 ROUND PINK DOILIES,197.9,128,22,15,1.55
37471,MULTICOLOUR POLKADOT PLATE,197.85,1405,10,4,0.14
84855,BLOKEY SILVER TOOL SET,196.7,36,15,10,5.46
47504F,ENGLISH ROSE TORCH,196.46,527,14,12,0.37
90029,NEW BAROQUE SMALL NECKLACE BLACK,195.14,23,12,10,8.48
84985B,SET OF 72 BLACK PAPER DOILIES,194.96,128,24,12,1.52
23697,A PRETTY THANK YOU CARD,194.58,456,35,26,0.43
21582,KINGS CHOICE SMALL TUBE MATCHES,193.05,117,16,15,1.65
35819B,"ACRYLIC HANGING JEWEL,BLUE",192.3,385,32,26,0.5
84899F,YELLOW PURPLE DAISY FELT PURSE KIT,192.17,121,53,20,1.59
90036F,"FLOWER GLASS GARLD NECKL36""TURQUOIS",192.17,24,15,4,8.01
90003C,MIDNIGHT BLUE PAIR HEART HAIR SLIDE,191.54,51,35,10,3.76
90178B,PURPLE CHUNKY GLASS+BEAD NECKLACE,191.41,16,11,9,11.96
72051S,BAG OF SILVER STONES,190.89,300,54,18,0.64
37506,NEW ENGLAND MILK JUG W GIFT BOX,190.4,32,26,21,5.95
84255B,ORANGE COCKTAIL GLASS LAMP,190.16,65,18,11,2.93
84926C,FAIRY CAKES TILE COASTER,189.6,138,31,17,1.37
84803A,PINK ALLIUM  ARTIFICIAL FLOWER,189.28,112,17,16,1.69
85128,PLANTPOT SINGLE HOOK PISTACHIO,188.95,167,4,2,1.13
84744,S/6 SEW ON CROCHET FLOWERS,188.77,149,31,26,1.27
84706B,FAIRY CAKES TABLE CLOCK,188.73,20,9,8,9.44
90159,COTE D'AZURE NECKLACE,188.58,38,20,13,4.96
90130B,TURQ STONE/CRYSTAL EARRINGS,188.09,64,49,4,2.94
20837,FRENCH FLORAL CUSHION COVER,188.07,165,18,17,1.14
90094,NECKLACE+BRACELET SET FRUIT SALAD,187.62,74,38,20,2.54
85114b,IVORY ENCHANTED FOREST PLACEMAT,186.76,56,19,0,3.34
90210C,RED   ACRYLIC FACETED BANGLE,186.56,118,14,9,1.58
84893,ANT WHITE IRON BASKET,186.35,33,15,12,5.65
84452,METAL RABBIT LADDER EASTER,186.16,198,44,23,0.94
16053,POPART COL BALLPOINT PEN ASST,185.73,4313,10,8,0.04
84510a,SET OF 4 ENGLISH ROSE COASTERS,185.7,75,58,0,2.48
84877A,PINK ROUND COMPACT MIRROR,185.66,74,17,14,2.51
85114a,BLACK ENCHANTED FOREST PLACEMAT,185.64,56,17,0,3.32
20968,GREEN FLORAL FELTCRAFT SHOULDER BAG,185.11,43,19,14,4.3
35911B,PINK/FLOWER RABBIT EGG WARMER,184.76,159,24,12,1.16
23416,CHAMBRE HOOK,184.68,132,25,18,1.4
20957,PORCELAIN HANGING BELL SMALL,184.61,126,15,12,1.47
35838A,S/6 MULTICOLOUR ORNAMENETAL CANDLE,184.4,180,20,18,1.02
84029D,LEOPARD PRINT HOT WATER BOTTLE,183.98,51,15,12,3.61
90125A,PINK BERTIE GLASS BEAD BAG CHARM,183.97,149,18,9,1.23
90129F,RED GLASS TASSLE BAG CHARM,183.26,81,41,14,2.26
90086,CRYSTAL FROG PHONE CHARM,182.79,216,46,12,0.85
21018,BIRD BOX CHRISTMAS TREE DECORATION,182.71,213,42,30,0.86
17090A,LAVENDER INCENSE 40 CONES IN TIN,182.65,173,26,24,1.06
20796,SMALL BLUE PROVENCAL CERAMIC BALL,182.16,99,22,11,1.84
37379B,BLUE CHERRY BLOSSOM CUP & SAUCER,181.5,1122,3,3,0.16
90214S,"LETTER ""S"" BLING KEY RING",181.34,184,86,26,0.99
79144B,PAINTED LIGHTBULB STAR+ MOON,181.03,350,91,36,0.52
90065A,WHITE VINTAGE CRYSTAL BRACELET,180.46,26,16,7,6.94
16043,POP ART PUSH DOWN RUBBER,180.3,2145,13,11,0.08
79144C,PAINTED LIGHTBULB RAINBOW DESIGN,180.14,306,97,19,0.59
35818B,"ACRYLIC JEWEL ICICLE, BLUE",180.05,408,11,8,0.44
47347B,BLUE FLOWER T-LIGHT HOLDER,179.88,240,11,6,0.75
90180B,PURPLE AMETHYST NECKLACE W TASSEL,179.88,18,14,10,9.99
84962,SET/3 COLOUR PAINTED KASHMIRI STOOL,179.85,3,2,2,59.95
84661C,PINK SQUARE TABLE CLOCK,179.75,150,25,12,1.2
21310,CAPIZ CHANDELIER,179.7,6,4,3,29.95
17011A,ORIGAMI VANILLA INCENSE+FLOWER,179.56,261,12,6,0.69
84464,S/60 PINK FLUFFY CHICKS IN BOX,179.1,82,11,10,2.18
90063A,WHITE VINT ART DECO CRYSTAL NECKLAC,178.48,21,13,10,8.5
90013D,PURPLE VINTAGE EARRINGS,178.11,46,17,7,3.87
90000B,MIDNIGHT BLUE COPPER FLOWER NECKLAC,177.29,29,21,9,6.11
21031,SPACE CADET BLACK,176.7,144,39,23,1.23
90072,RUBY DROP CHANDELIER EARRINGS,176.31,44,30,4,4.01
82607C,GLASS BONBON JAR. SUPERFINES,175.61,115,43,16,1.53
84564,6 SEGMENT COLOURED SNACK BOWL,175.48,21,11,9,8.36
84967A,PINK KASHMIRI OCCASIONAL TABLE,174.9,3,3,2,58.3
22886,"NUMBER TILE VINTAGE FONT, 7",174.16,98,29,8,1.78
75011,BLUE DAISY MOBILE,172.51,181,15,11,0.95
90123D,WHITE HEART OF GLASS BRACELET,172.39,29,14,7,5.94
85185C,COW  SOCK PUPPET,171.1,58,27,24,2.95
21461,BLUE EASTER EGG HUNT START POST,171.04,82,23,17,2.09
84706C,PINK FLOCK TABLE CLOCK,170.8,84,4,4,2.03
90063B,BLACK VINT ART DEC CRYSTAL NECKLACE,170.17,20,14,8,8.51
17014A,ORIGAMI VANILLA INCENSE CONES,170.13,276,16,9,0.62
85040a,S/4 PINK FLOWER CANDLES IN BOWL,169.75,51,34,0,3.33
47570b,TEA TIME TABLE CLOTH,169.4,8,8,0,21.18
84531A,PINK KNITTED EGG COSY,169.36,191,45,35,0.89
90166,PINK & WHITE ROSEBUD RING,168.94,40,31,7,4.22
90019B,GOLD M.O.P ORBIT BRACELET,168.62,32,28,6,5.27
90204,PAIR OF ENAMEL BUTTERFLY HAIRCLIP,168.46,50,37,9,3.37
85205A,IVORY FELT EASTER RABBIT GARLAND,168.3,66,21,21,2.55
90186B,CRYSTAL HOOP EARRING FLORAL LEAF,168.26,57,31,13,2.95
21087,SET/6 POSIES PAPER CUPS,168.08,260,32,19,0.65
35916C,PINK FELT HANGING HEART W FLOWER,167.55,157,42,9,1.07
37491C,GREEN/BLUE CERAMIC CANDLE HOLDER,167.52,58,10,7,2.89
82587,TEXRIO TOMATOES CANDLE+CUP,166.78,128,40,26,1.3
90211A,DIAMOND LAS VEGAS NECKLACE 45CM,166.57,28,21,5,5.95
84231,EASTER BUNNY WITH BASKET ON BACK,166.21,230,50,28,0.72
90060F,FIRE POLISHED GLASS NECKL GREEN,166.14,28,18,7,5.93
gift_0001_40,Dotcomgiftshop Gift Voucher £40.00,166.09,5,5,0,33.22
90214L,"LETTER ""L"" BLING KEY RING",166.06,176,68,20,0.94
90003B,ROSE COLOUR PAIR HEART HAIR SLIDES,165.81,44,25,9,3.77
10123G,ARMY CAMO WRAPPING TAPE,165.56,2251,16,12,0.07
90093,CLEAR CRYSTAL STAR PHONE CHARM,165.34,209,25,15,0.79
23694,PAISLEY PARK CARD,165.08,376,41,23,0.44
90018B,GOLD M.O.P ORBIT DROP EARRINGS,164.62,39,31,10,4.22
84531B,BLUE KNITTED EGG COSY,164.01,194,42,35,0.85
85024C,PINK SMALL JEWELLED PHOTOFRAME,163.35,99,42,33,1.65
16202E,BLACK PHOTO ALBUM,162.73,82,14,12,1.98
90039D,FIRE POLISHED GLASS BRACELET GREEN,162.66,43,24,4,3.78
90214C,"LETTER ""C"" BLING KEY RING",162.53,165,69,21,0.99
90162B,ANT SILVER LIME GREEN BOUDICCA RING,162.25,55,20,14,2.95
20693,FLORAL DINOSAUR GREEN,161.89,33,18,10,4.91
90190C,SILVER/AMETHYST DROP EARRINGS LEAF,161.82,55,36,10,2.94
90129D,AMBER GLASS TASSLE BAG CHARM,161.57,67,34,12,2.41
90214J,"LETTER ""J"" BLING KEY RING",161.47,157,88,19,1.03
90042A,FRESHWATER PEARL BRACELET GOLD,160.79,63,33,6,2.55
90123C,GREEN HEART OF GLASS BRACELET,160.75,27,12,7,5.95
21353,SILVER SLEIGHBELL  WREATH,160.45,19,9,8,8.44
22887,"NUMBER TILE VINTAGE FONT, 8",160.36,92,28,10,1.74
84599,CANDY STRIPE ROSE FLOOR CUSHION,160.15,15,6,2,10.68
37479P,CUBIC MUG FLOCK PINK ON BROWN,160.08,170,34,17,0.94
23305,SET 4 PICNIC CUTLERY BLUEBERRY,159.9,82,9,9,1.95
81952V,ROUND PURPLE CLOCK WITH SUCKER,159.87,464,46,27,0.34
37379A,PINK CHERRY BLOSSOM CUP & SAUCER,159.2,41,16,5,3.88
16054,POPART RECT PENCIL SHARPENER ASST,159.0,1210,39,32,0.13
85166A,WHITE METAL BAROQUE PHOTO FRAME,158.9,77,12,8,2.06
90048,GREEN WITH METAL BAG CHARM,158.89,31,8,4,5.13
22864,MUG AND COASTER SET RED CIRCLES,158.76,378,2,1,0.42
90214K,"LETTER ""K"" BLING KEY RING",158.4,154,83,23,1.03
48175,DOOR MAT CAMOUFLAGE,158.04,39,2,1,4.05
84927A,WAKE UP COCKEREL TILE HOOK,157.61,226,33,22,0.7
21489,BLUE WHITE SCARF HOT WATER BOTTLE,157.6,28,14,6,5.63
23417,BATHROOM HOOK,157.5,146,27,21,1.08
90059A,DIAMANTE HAIR GRIP PACK/2 CRYSTAL,156.98,94,48,3,1.67
23468,TUSCAN VILLA BIRD TABLE,156.75,19,11,11,8.25
72140E,BEST DAD CANDLE LETTERS,156.72,218,29,26,0.72
17178,FLAT PALM T-LIGHT HOLDER,156.65,133,24,20,1.18
46138B,BLUE CHENILLE SHAGGY CUSHION COVER,156.29,71,25,12,2.2
84228,HEN HOUSE WITH CHICK STANDING,156.07,354,46,19,0.44
84914A,PINK ROSE PICNIC RUG,155.7,6,5,2,25.95
90183A,AMBER DROP EARRINGS W LONG BEADS,155.65,53,31,6,2.94
20664,TROPICAL HOLIDAY PURSE,155.41,57,31,11,2.73
72351a,SET/6 TURQUOISE BUTTERFLY T-LIGHTS,154.89,37,28,0,4.19
90065B,BLACK VINT ART DEC CRYSTAL BRACELET,154.87,22,16,4,7.04
90123B,TURQUOISE HEART OF GLASS BRACELET,154.69,26,13,8,5.95
23496,PANTRY KITCHEN THERMOMETER,154.52,112,31,21,1.38
72801c,S/4 ROSE PINK DINNER CANDLES,153.67,62,36,0,2.48
47369B,BLUE GREEN EMBROIDERY COSMETIC BAG,153.18,54,29,10,2.84
47518F,ICON PLACEMAT POP ART ELVIS,153.14,903,34,22,0.17
79192A,RETRO PLASTIC 70'S TRAY,152.64,114,35,26,1.34
84622,PINK GINGHAM ROSE CUSHION COVER,152.6,23,9,7,6.63
90030C,BROWN KUKUI COCONUT SEED NECKLACE,151.3,87,16,10,1.74
84968a,SET OF 16 VINTAGE ROSE CUTLERY,150.82,6,4,0,25.14
20952,PORCELAIN CHERUB BELL SMALL,150.72,329,24,19,0.46
84989a,75 GREEN FAIRY CAKE CASES,150.57,74,41,0,2.03
79161A,ST GEORGE SET OF 10 PARTY LIGHTS,150.45,51,16,16,2.95
90042C,FRESHWATER PEARL BRACELET IVORY,150.21,59,26,8,2.55
17108D,FLOWER FAIRY SUMMER BOUQUET SACHET,149.1,355,23,17,0.42
90040D,MURANO STYLE GLASS BRACELET PINK,148.87,41,25,9,3.63
71496A,A4 WALL TIDY BLUE OFFICE,148.01,244,17,8,0.61
35980C,REDWHITE STRIPE SCANDINAVIAN HEART,147.64,377,29,28,0.39
84720,DOT MATRIX CANVAS ART PICTURE,147.05,35,3,3,4.2
90040C,MURANO STYLE GLASS BRACELET GOLD,146.75,41,21,10,3.58
84527,FLAMES SUNGLASSES PINK LENSES,146.11,77,22,19,1.9
35610B,BLACK CHRISTMAS FLOCK DROPLET,144.07,179,13,13,0.8
90016C,SILVER/BLACK PENDANT ORBIT NECKLACE,144.07,17,14,4,8.47
79191D,RETRO PLASTIC DAISY TRAY,143.87,138,56,28,1.04
90036B,"FLOWER GLASS GARLAND NECKL.36""GREEN",143.1,18,10,8,7.95
10120,DOGGY RUBBER,142.74,664,73,52,0.21
84874B,BLUE TRAVEL FIRST AID KIT,141.76,86,36,26,1.65
90202D,PINK ENAMEL FLOWER HAIR TIE,141.49,48,24,5,2.95
72740A,LARGE STRAWBERRY CHOCOLATE CANDLE,141.23,65,12,5,2.17
47590b,PINK HAPPY BIRTHDAY BUNTING,140.5,13,10,0,10.81
47369A,PINK GREEN EMBROIDERY COSMETIC BAG,140.4,48,25,10,2.93
84617,NEW BAROQUE BLACK BOXES,140.25,11,7,7,12.75
84765,SILVER ROCOCO CANDELABRA,140.23,9,6,4,15.58
90212B,JET BLACK LAS VEGAS BRACELET ROUND,140.07,37,28,7,3.79
78026,SEAGRASS S/3 SQU LAUNDRY BOX,139.95,12,2,1,11.66
90214M,"LETTER ""M"" BLING KEY RING",139.82,138,64,19,1.01
90022,EDWARDIAN DROP EARRINGS JET BLACK,139.67,37,32,4,3.77
90199A,5 STRAND GLASS NECKLACE BLACK,139.5,22,16,9,6.34
23463,VINTAGE ZINC WATERING CAN,139.4,13,8,7,10.72
90199D,5 STRAND GLASS NECKLACE AMBER,139.28,22,16,9,6.33
90214E,"LETTER ""E"" BLING KEY RING",139.28,142,67,25,0.98
84510c,SET OF 4 POLKADOTS COASTERS,138.86,56,34,0,2.48
23304,SET 4 PICNIC CUTLERY CHERRY,138.45,71,9,9,1.95
72754B,F FAIRY POTPOURRI CUSHIONS LAVENDER,137.54,170,8,8,0.81
35816P,"ACRYLIC JEWEL ANGEL,PINK",137.43,297,9,7,0.46
90156,RESIN BRACELET W PASTEL BEADS,137.37,25,14,7,5.49
84549,CROCHET WHITE RABBIT KEYRING,137.27,75,16,9,1.83
84709A,SILVER OVAL JEWELLED MIRROR,136.85,23,13,11,5.95
S,SAMPLES,136.85,3,3,0,45.62
35824P,"HANGING FLOWERS+MIRROR,PINK",136.44,324,3,2,0.42
90151,SILVER/NATURAL SHELL NECKLACE,136.17,16,9,5,8.51
90024E,NEW BAROQUE B'FLY NECKLACE MONTANA,135.98,16,11,7,8.5
90194,SILVER LARIAT BLACK STONE EARRINGS,135.84,32,21,14,4.25
90038A,GLASS AND PAINTED BEADS BRACELET TO,135.8,36,22,4,3.77
90177D,DROP DIAMANTE EARRINGS PURPLE,135.76,46,25,9,2.95
17011D,ORIGAMI ROSE INCENSE+FLOWER,135.7,209,4,2,0.65
77079,DOLPHIN WINDMILL,135.68,64,12,10,2.12
85132a,CHARLIE + LOLA BISCUITS TINS,135.13,10,10,0,13.51
90002A,FLOWER BURST SILVER RING OPAL,135.0,36,14,14,3.75
72134,COLUMBIAN  CUBE CANDLE,134.85,339,29,15,0.4
16020C,CLEAR STATIONERY BOX SET,134.5,160,39,22,0.84
22879,"NUMBER TILE VINTAGE FONT, 0",134.4,82,21,7,1.64
35015,JACOBS LADDER SMALL,134.08,2072,39,35,0.06
84555A,YELLOW VW BEETLE CERAMIC MONEY BOX,133.85,47,16,13,2.85
35609A,PINK FEATHER CHRISTMAS DECORATION,133.23,447,24,17,0.3
46137D,GREEN CHENILLE SHAGGY RUG,132.75,45,4,2,2.95
90190B,GOLD/AMBER DROP EARRINGS W LEAF,132.58,45,15,6,2.95
90137,PINK COMBO MINI CRYSTALS NECKLACE,132.52,26,15,8,5.1
45013,FOLDING SHOE TIDY,132.0,48,8,8,2.75
47592B,SCOTTIES DESIGN CHILD'S OVERALL,131.9,67,29,15,1.97
90023,FILIGREE DIAMANTE EARRINGS,131.74,31,21,7,4.25
90165B,WHITE ROSEBUD  PEARL EARRINGS,131.65,52,35,5,2.53
35933,PINK STOCKING CHRISTMAS DECORATION,131.38,319,28,20,0.41
90101,WHITE FRANGIPANI NECKLACE,131.16,52,29,4,2.52
84656,WHITE ROSE C/COVER,130.9,22,13,12,5.95
22888,NUMBER TILE VINTAGE FONT 9,130.83,79,23,9,1.66
16119,FUNKY GIRL ADDRESS BOOK,130.71,273,8,7,0.48
84925E,FLOWERS WALL THERMOMETER,130.05,75,3,3,1.73
20899,VINTAGE NOTEBOOK RED ROSE,129.8,44,12,12,2.95
90099,NECKLACE+BRACELET SET BLUE HIBISCUS,129.69,42,25,16,3.09
90190A,SILVER/CRYSTAL DROP EARRINGS W LEAF,129.59,44,31,8,2.95
10080,GROOVY CACTUS INFLATABLE,129.29,315,27,23,0.41
85160a,WHITE BIRD GARDEN DESIGN MUG,129.04,8,3,0,16.13
84858A,NATURAL RIVIERA HANDBAG,128.83,53,8,7,2.43
90181A,AMBER GLASS/SHELL/PEARL NECKLACE,128.64,14,14,2,9.19
84251G,"GREETING CARD, OVERCROWDED POOL.",127.56,472,91,32,0.27
84782B,BLACK 3 TIER GLASS PLATE STAND,127.5,10,6,6,12.75
90024D,NEW BAROQUE B'FLY NECKLACE PINK,127.5,15,13,11,8.5
85018C,S/6 PAPER BOXES CURIOUS IMAGES,127.2,36,4,4,3.53
16168S,FUNKY MONKEY GIFT BAG SMALL,126.83,1283,11,4,0.1
23303,SET 4 PICNIC CUTLERY FONDANT,126.75,65,6,6,1.95
81950B,FLOWER BLUE CLOCK WITH SUCKER,126.74,216,34,21,0.59
84559D,3D SHEET OF SEA WORLD STICKERS,126.71,147,31,23,0.86
84367,LA STREGA CANVAS PICTURE,126.3,74,8,6,1.71
82607E,GLASS BONBON JAR. D'AMANDES,126.25,101,25,18,1.25
gift_0001_10,Dotcomgiftshop Gift Voucher £10.00,126.21,15,14,0,8.41
90174,BUTTERFLY HAIR BAND,126.12,50,32,4,2.52
90108,BLUE BLOSSOM HAIR CLIP,125.83,109,21,12,1.15
23578,SNACK TRAY RED GINGHAM,125.72,60,14,11,2.1
90138,WHITE/PINK MINI CRYSTALS NECKLACE,125.64,24,17,5,5.24
84558a,3D DOG PICTURE PLAYING CARDS,125.17,21,19,0,5.96
84614A,PINK BAROQUE FLOCK CANDLE HOLDER,124.83,17,10,7,7.34
90002C,FLOWER BURST SILVER RING MIDN'T BLU,124.38,33,19,8,3.77
90162C,ANT SILVER FUSCHIA BOUDICCA RING,123.9,42,16,10,2.95
90168,2 DAISIES HAIR COMB,123.76,42,24,3,2.95
17191A,ROSE FLOWER CANDLE+INCENSE 16X16CM,123.75,33,12,9,3.75
20816,GOLD FLOWER CUSHION COVER,123.6,24,7,5,5.15
22850,BREAD BIN DINER STYLE BLACK,123.6,8,1,1,15.45
23477,WOODLAND LARGE BLUE FELT HEART,123.47,92,13,8,1.34
72133,COLUMBIAN CANDLE RECTANGLE,122.63,109,31,24,1.13
21228,"POCKET MIRROR ""GLAMOROUS""",122.57,97,31,25,1.26
85190,PINK FLOWER HANGING HEART,122.46,138,17,14,0.89
79308B,MOSAIC CANDLE DISH BLUE PURPLE,122.4,144,2,1,0.85
90205C,LARGE CRYSTAL DIAMANTE HAIRSLIDE,122.31,78,24,5,1.57
44242B,PINK FEATHERS CURTAIN,121.53,109,9,8,1.11
79532,MOSAIC GLASS BALL CANDLEHOLDER,121.25,97,18,15,1.25
84199,GLOW IN DARK DOLPHINS,121.08,554,69,58,0.22
90003E,GREEN PAIR HEART HAIR SLIDES,120.31,32,22,3,3.76
23467,VINTAGE ZINC PLANTER,120.08,32,11,5,3.75
35916B,BLUE FELT HANGING HEART WITH FLOWER,119.67,132,46,5,0.91
84886,BLUE METAL WALL SHELF,119.4,12,9,8,9.95
84288B,SET/2 BLUE  NOODLE BASKETS,118.95,61,24,19,1.95
90018C,SILVER BLACK ORBIT DROP EARRINGS,118.51,28,20,7,4.23
35607A,PINK FLUFFY CHRISTMAS DECORATION,118.43,554,31,27,0.21
20887,BOX OF 6 PEBBLE CANDLES,118.39,18,8,4,6.58
90139,FLOWER BROOCH 4 ASSORTED COLOURS,118.24,23,18,3,5.14
84510E,SET OF 4 GREEN CAROUSEL COASTERS,117.77,148,28,12,0.8
35824C,"HANGING FLOWERS+MIRROR,CLEAR",117.05,235,8,8,0.5
72038P,PRICE'S CANDLE PEACH,116.5,1050,9,9,0.11
16206B,RED PURSE WITH PINK HEART,116.4,96,16,14,1.21
84751B,BLACK MEDIUM GLASS CAKE STAND,115.86,38,19,18,3.05
20848,ZINC HEART LATTICE CHARGER SMALL,115.05,39,12,10,2.95
20896,VINTAGE NOTEBOOK PINK FLOWER,115.05,39,14,13,2.95
84462,3 PINK HEN+CHICKS IN BASKET,114.86,100,14,13,1.15
23185,FRENCH STYLE STORAGE JAR JAM,114.85,317,30,27,0.36
20698,LITTLE PINK MONSTER SOFT TOY,114.45,47,21,17,2.44
23151,ZINC SWEETHEART SOAP DISH,114.33,61,21,18,1.87
90049,IVORY GOLD METAL BAG CHARM,114.24,20,6,3,5.71
90030A,SPOTTED WHITE NATURAL SEED NECKLACE,113.76,79,10,8,1.44
84705B,FAIRY CAKES PHOTO FRAME,113.27,84,3,2,1.35
84249A,"GREETING CARD,SQUARE, DOUGHNUTS",113.22,252,34,18,0.45
90179C,BLACK FINE BEAD NECKLACE W TASSEL,112.78,19,16,7,5.94
21089,SET/6 GREEN SPRING PAPER CUPS,112.54,323,40,32,0.35
44236,PINK/PURPLE CIRCLE CURTAIN,112.32,64,12,9,1.76
71510,SQUARE METAL CANDLEHOLDER BASE,112.05,177,17,11,0.63
35916A,YELLOW FELT HANGING HEART W FLOWER,112.04,129,44,7,0.87
71495B,CD WALL TIDY RED FLOWERS,111.57,294,18,8,0.38
35966,FOLKART CHRISTMAS TREE T-LIGHT HOLD,111.34,255,26,20,0.44
10138,ASSORTED COLOUR JUMBO PEN,111.22,261,21,14,0.43
84493,BLUE/PINK NEST STRIPE BOX,111.12,1142,5,5,0.1
90103,PURPLE FRANGIPANI NECKLACE,110.85,44,30,5,2.52
82069,BEECH WOOD P/FRAME,109.85,17,11,2,6.46
85185F,LION SOCK PUPPET,109.15,37,19,16,2.95
84247H,PACK/12 DECOUPAGE CARD,109.13,42,20,12,2.6
90177C,DROP DIAMANTE EARRINGS CRYSTAL,109.03,37,24,6,2.95
90071,RUBY GLASS CLUSTER EARRINGS,108.99,87,73,2,1.25
20667,CHERRY BLOSSOM PURSE,108.69,40,24,6,2.72
90104,PURPLE FRANGIPANI HAIRCLIP,108.11,129,49,11,0.84
72753C,S/3 FLWR FAIRY ROSE CANDLES,107.68,43,6,5,2.5
90118,PINK DAISY BAG CHARM,107.39,42,29,3,2.56
35840,FLAT GLASS  BAUBLE WHITE FLOCK,107.13,45,11,5,2.38
23626,SET 10 CARDS DINKY TREE 17076,107.07,43,16,0,2.49
90059D,DIAMANTE HAIR GRIP PACK/2 PERIDOT,106.74,64,40,5,1.67
84562B,BLUE/WHITE RIBBED MELAMINE JUG,106.59,10,7,5,10.66
35096B,RED VICTORIAN FABRIC HEART BOX,106.49,293,25,20,0.36
90165A,PINK ROSEBUD PEARL EARRINGS,106.49,42,27,2,2.54
22987,WRAP SUMMER ROSE DESIGN,105.84,252,11,10,0.42
84867A,PINK BABY GIRLS PHOTO ALBUM,105.82,16,4,3,6.61
90051,CRACKED GLAZE NECKLACE RED,105.72,15,11,4,7.05
35610A,PINK CHRISTMAS FLOCK DROPLET,105.43,143,12,8,0.74
84458,S/3 RABBIT FLOWER/EGG/CARROT ROPE,105.4,124,20,17,0.85
17090D,VANILLA INCENSE 40 CONES IN TIN,105.2,88,28,21,1.2
16169D,WRAP WINTER FOREST,105.0,250,9,9,0.42
23574,PACKING CHARGE,105.0,14,14,9,7.5
90141A,GREEN PENDANT TRIPLE SHELL NECKLACE,104.95,20,17,4,5.25
90079,VINTAGE ENAMEL & CRYSTAL NECKLACE,104.77,21,13,5,4.99
21118,SHOPPING BAG DOORSTOP,104.25,69,7,7,1.51
21337,SILVER WASHBAG,103.53,33,12,7,3.14
35910A,MULTICOLOUR EASTER RABBIT,103.35,53,13,12,1.95
84679,CLASSICAL ROSE TABLE LAMP,103.3,14,4,4,7.38
35594,WOODEN CHRISTMAS TREE 3 HANGING,103.06,165,39,18,0.62
84613A,PINK NEW BAROQUE FLOCK CANDLESTICK,102.3,22,10,9,4.65
90125C,TURQUOISE BERTIE GLASS BEAD CHARM,101.35,92,10,5,1.1
72369A,PINK CLEAR GLASS CANDLE PLATE,101.29,67,14,8,1.51
16248B,BLUE HOLE PUNCH,101.25,81,12,12,1.25
84921,CREAM AND PINK FLOWERS PONY,101.25,27,14,13,3.75
85050,FRENCH ENAMEL SOAP DISH WITH LID,100.8,48,1,1,2.1
72821,CUPID SCENTED CANDLE IN GLASS,100.65,61,14,13,1.65
84968d,SET OF 16 VINTAGE RED CUTLERY,100.37,4,4,0,25.09
75172,PAINTED SEA SHELL METAL WINDCHIME,100.31,97,11,11,1.03
78027,SEAGRASS S/2 CORNER LAUNDRY,100.15,6,5,3,16.69
23611,SET 10 CARDS RED RIDING HOOD 17214,99.6,40,16,0,2.49
23464,VINTAGE ZINC WATERING CAN SMALL,99.2,18,8,6,5.51
21266,VINTAGE SILVER TINSEL REEL,98.9,23,9,0,4.3
90169,DAISY HAIR COMB,98.87,39,23,3,2.54
84575A,PINK DOG CANNISTER,98.8,24,13,13,4.12
90163B,WHITE ROSEBUD & PEARL NECKLACE,98.45,13,9,2,7.57
84705D,CHERRY BLOSSOM PHOTO FRAME,97.9,22,14,3,4.45
16161G,WRAP BAD HAIR DAY,97.5,975,33,31,0.1
90150,BLUE SHELL+SILVER NECKLACE,97.5,13,8,7,7.5
90067A,PINK VINTAGE VICTORIAN EARRINGS,97.24,33,16,8,2.95
20697,LITTLE GREEN MONSTER SOFT TOY,96.6,40,21,17,2.42
20861,GOLD COSMETIC BAG PINK STAR,96.6,46,16,15,2.1
84465,15 PINK FLUFFY CHICKS IN BOX,96.51,32,23,18,3.02
85132b,CHARLIE AND LOLA TABLE TINS,95.84,10,10,0,9.58
17084J,LOVE POTION MASALA INCENSE,95.76,456,20,17,0.21
84559a,3D SHEET OF DOG STICKERS,95.7,57,40,0,1.68
72606A,BROWN ANTIQUE CUBE CANDLE,94.92,226,18,18,0.42
90214R,"LETTER ""R"" BLING KEY RING",93.73,91,50,15,1.03
90024C,NEW BAROQUE B'FLY NECKLACE GREEN,93.48,11,10,5,8.5
90026A,GLASS BEAD HOOP NECKLACE BLACK,93.47,11,9,6,8.5
90214G,"LETTER ""G"" BLING KEY RING",93.18,100,48,13,0.93
17084A,TRANQUILITY MASALA INCENSE,92.82,442,18,14,0.21
35913B,WHITE/PINK CHICK EASTER DECORATION,92.39,100,21,17,0.92
90075,MONTANA DIAMOND CLUSTER NECKLACE,92.18,10,8,3,9.22
84753A,PINK EAU DE COLOGNE BOTTLE,92.17,97,24,14,0.95
21343,GOLD JEWELERY BOX,92.0,20,3,3,4.6
90089,PINK CRYSTAL SKULL PHONE CHARM,91.9,104,26,11,0.88
90202C,GREEN ENAMEL FLOWER HAIR TIE,91.46,31,25,4,2.95
90177B,DROP DIAMANTE EARRINGS BLACK DIAMON,91.38,31,19,5,2.95
90112,PINK DOLLY HAIR CLIPS,91.25,84,20,13,1.09
84437A,S/6 PINK EASTER DECS IN BOX,90.95,106,18,17,0.86
90202A,PURPLE ENAMEL FLOWER HAIR TIE,90.9,31,23,3,2.93
90214D,"LETTER ""D"" BLING KEY RING",90.82,100,50,11,0.91
84539,KNITTED RABBIT DOLL,90.75,55,11,9,1.65
72783,BLACK SIL'T SQU CANDLE PLATE,90.3,43,9,7,2.1
71406C,BLACK ORANGE SQUEEZER,89.92,210,35,21,0.43
17013C,ORIGAMI LAVENDER INCENSE IN TUBE,89.46,213,2,2,0.42
79026B,"S/4 ICON COASTER,ELVIS LIVES",89.25,69,37,17,1.29
47598,NEW ENGLAND EGG WARMER,89.12,138,32,17,0.65
84388,WISE MAN STAR SHAPE EGG PAN,89.04,70,22,21,1.27
20660,VIP LUGGAGE TAG,88.75,71,26,22,1.25
90162A,ANT SILVER TURQUOISE BOUDICCA RING,88.5,30,11,8,2.95
90059E,DIAMANTE HAIR GRIP PACK/2 RUBY,88.31,53,33,5,1.67
35638A,PINK AND BLACK STRING CURTAIN,88.05,39,6,6,2.26
71495A,CD WALL TIDY BLUE OFFICE,87.96,225,20,5,0.39
84721,MANHATTAN CANVAS ART PICTURE,87.8,20,2,2,4.39
90092,BLUE CRYSTAL BOOT PHONE CHARM,87.51,102,10,6,0.86
84891B,GREEN WIRE GOBLET CANDLEHOLDER,87.45,11,6,5,7.95
37462B,"PET MUG, BUDGIE",87.28,170,32,4,0.51
20835,FRENCH LATTICE CUSHION COVER,87.02,80,10,8,1.09
35822B,"ACRYLIC BEAD CHAIN, BLUE",87.02,229,1,1,0.38
90088,CRYSTAL KEY+LOCK PHONE CHARM,86.7,101,14,8,0.86
90039C,FIRE POLISHED GLASS BRACELET BLACK,86.65,23,12,3,3.77
23614,SET 10 CARDS 12 DAYS WRAP  17058,86.58,26,11,0,3.33
84424A,FOUR PICTURE WHITE GLASS FRAME,86.25,23,10,10,3.75
35271S,GOLD PRINT PAPER BAG,85.97,420,20,17,0.2
90012B,BLACK DROP CRYSTAL NECKLACE,85.9,17,6,3,5.05
90162D,ANT SILVER PURPLE BOUDICCA RING,85.55,29,14,7,2.95
84454,WOBBLING METAL CHICKEN EASTER,85.53,93,18,11,0.92
85099c,JUMBO  BAG BAROQUE BLACK WHITE,85.17,17,10,0,5.01
35838B,S/6 SILVER ORNAMENETAL CANDLE,85.0,100,23,21,0.85
90026D,GLASS BEAD HOOP NECKLACE AMETHYST,85.0,10,8,6,8.5
90001D,ANTIQUE OLIVE GREEN FLOWER EARRINGS,84.96,20,11,7,4.25
17027A,INCENSE BAZAAR CANNABIS,84.84,228,2,1,0.37
84251B,"GREETING CARD, STICKY GORDON",84.84,319,61,19,0.27
46775B,BERRIES CHUNKY KNITTED THROW,84.75,5,4,3,16.95
16051,TEATIME PENCIL W STAMP ASST,84.69,941,4,3,0.09
81952B,ROUND BLUE CLOCK WITH SUCKER,84.56,254,20,14,0.33
84450B,YELLOW RABBIT SAT EASTER,84.55,139,35,7,0.61
84251F,"GREETING CARD, RITA",83.97,341,50,26,0.25
90141C,TURQ PENDANT TRIPLE SHELL NECKLACE,83.69,16,13,4,5.23
22016,Dotcomgiftshop Gift Voucher £100.00,83.33,1,1,0,83.33
23442,12 HANGING EGGS HAND PAINTED,83.2,40,7,7,2.08
90176D,DIAMANTE NECKLACE PURPLE,82.81,11,7,6,7.53
84030C,KNITTED RAINBOW HOT WATER BOTTLE,82.78,21,6,4,3.94
90002B,FLOWER BURST SILVER RING ROSE,82.74,22,11,7,3.76
90177E,DROP DIAMANTE EARRINGS GREEN,82.71,28,22,3,2.95
90189A,SILVER 2 STRAND NECKLACE-LEAF CHARM,82.64,11,8,5,7.51
90130A,WHITE STONE/CRYSTAL EARRINGS,82.51,28,16,6,2.95
90069,RUBY GLASS CLUSTER NECKLACE,82.5,11,5,5,7.5
21699,SET 5 MINI CHOCOLATE FRIDGE MAGNETS,82.44,108,3,2,0.76
90183B,AMETHYST DROP EARRINGS W LONG BEADS,81.93,28,24,0,2.93
35610C,WHITE CHRISTMAS FLOCK DROPLET,81.56,94,8,6,0.87
72779,SET/6 BLACK ROSE T-LIGHT CANDLES,81.12,48,15,14,1.69
16201B,PASTEL BLUE PHOTO ALBUM,81.1,34,5,2,2.39
90121B,VINTAGE ROSE BEAD BRACELET BLUE,80.75,19,9,8,4.25
84596I,WRAP SWEETS LIGHT PINK SMALL BOWL,80.62,72,10,9,1.12
17011E,ORIGAMI OPIUM SCENT INCENSE+FLOWER,80.6,124,1,1,0.65
DCGS0069,OOH LA LA DOGS COLLAR,80.31,5,5,0,16.06
35265,COLOURFUL FLOWER FRUIT BOWL,80.0,21,16,14,3.81
84415B,BLUE FLOCK CUSHION COVER,80.0,24,7,3,3.33
90059F,DIAMANTE HAIR GRIP PACK/2 LT ROSE,79.87,48,27,5,1.66
90206A,GOLD DIAMANTE STAR BROOCH,79.6,16,12,5,4.98
90125B,AQUA BERTIE GLASS BEAD BAG CHARM,79.57,44,17,6,1.81
84795E,RIO PINK STRIPE HAMMOCK,79.5,10,5,3,7.95
84548,CROCHET BEAR RED/BLUE  KEYRING,79.2,48,13,11,1.65
90038B,GLASS AND PAINTED BEADS BRACELET OL,79.19,21,13,2,3.77
90064A,WHITE VINTAGE CRYSTAL EARRINGS,79.14,20,12,4,3.96
90039B,FIRE POLISHED GLASS BRACELET MONTAN,78.99,21,11,3,3.76
90064B,BLACK VINTAGE  CRYSTAL EARRINGS,78.75,21,12,8,3.75
35931,PINK STAR CHRISTMAS DECORATION,78.12,156,15,14,0.5
84455,SET OF 3 RABBIT CARROTS EASTER,77.96,85,20,15,0.92
90214H,"LETTER ""H"" BLING KEY RING",77.71,83,53,14,0.94
21450,DISTRESSED CANDLE STICK WHITE,77.35,13,3,3,5.95
90176C,DIAMANTE NECKLACE,77.0,10,6,4,7.7
21595,Dad's Cab Electronic Meter,76.95,9,9,0,8.55
84251C,"GREETING CARD, TWO SISTERS.",76.68,247,53,13,0.31
84425A,WHITE GLASS TV TRIPLE FRAME,76.6,18,9,8,4.26
90100,NECKLACE+BRACELET SET PINK DAISY,76.5,30,12,7,2.55
90214N,"LETTER ""N"" BLING KEY RING",76.4,78,43,11,0.98
90020,FILIGREE DIAMANTE CHAIN,76.23,6,4,2,12.71
35815P,"ACRYLIC JEWEL SNOWFLAKE, PINK",75.88,168,7,7,0.45
90176A,CLASSIC DIAMANTE NECKLACE JET,75.88,10,7,3,7.59
62043B,BLUE CHECK BAG W HANDLE 34X20CM,75.16,54,10,8,1.39
16161E,WRAP BOUDOIR,75.0,750,9,8,0.1
37399,"ASS RETROSPOOF MUGS,SPORTS",75.0,143,6,6,0.52
72802a,ROSE SCENT CANDLE IN JEWELLED BOX,74.97,9,4,0,8.33
72807a,SET/3 ROSE CANDLE IN JEWELLED BOX,74.79,9,6,0,8.31
84757,ENCHANTED GARDEN WROUGHT IRON TABLE,74.75,5,4,4,14.95
21267,VINTAGE PINK TINSEL REEL,74.6,24,10,3,3.11
90012A,MIDNIGHT BLUE DROP CRYSTAL NECKLACE,74.38,13,7,2,5.72
84899E,YELLOW BROWN BEAR FELT PURSE KIT,73.93,53,21,11,1.39
84593,CROCHET ROSE DES CLOTHES HANGER,73.75,25,7,7,2.95
15030,FAN BLACK FRAME,73.66,254,26,23,0.29
90130C,GREEN STONE/CRYSTAL EARRINGS,73.62,25,24,2,2.94
79331,PINK FLOCK GLASS CANDLEHOLDER,73.6,60,9,8,1.23
16151A,FLOWERS HANDBAG blue and orange,72.5,52,5,5,1.39
84447,6 RABBIT CHAIN EASTER,72.42,69,19,7,1.05
90214B,"LETTER ""B"" BLING KEY RING",72.33,75,40,13,0.96
84427B,BLACK GLASS TV DOUBLE P/FRAME 15X10,72.25,17,5,5,4.25
90027D,GLASS BEAD HOOP EARRINGS AMETHYST,72.18,23,16,6,3.14
84746,PINK EASTER HENS+FLOWER,72.06,23,16,6,3.13
90031,BILI NUT AND WOOD NECKLACE,71.9,52,9,5,1.38
90038C,GLASS AND BEADS BRACELET IVORY,71.46,19,9,3,3.76
35937,CERISE+GOLD CHRISTMAS STOCKING DEC,71.44,188,17,16,0.38
17007B,S/3 POT POURI CUSHIONS BLUE COLOURS,71.4,34,6,6,2.1
37509,NEW ENGLAND MUG W GIFT BOX,71.4,28,14,14,2.55
84925C,FAIRY CAKES  WALL THERMOMETER,71.4,28,10,10,2.55
90060D,FIRE POLISHED GLASS NECKL BRONZE,71.4,12,8,6,5.95
84415A,PINK FLOCK SUEDE CUSHION COVER,71.25,27,6,3,2.64
90037B,TINY CRYSTAL BRACELET GREEN,71.17,28,10,5,2.54
90179A,AMBER FINE BEAD NECKLACE W TASSEL,71.0,12,9,5,5.92
16256C,HEARTS PENCIL/RUBBER+5 MINI PENCILS,70.98,169,10,8,0.42
84803B,WHITE ALLIUM  ARTIFICIAL FLOWER,70.98,42,11,10,1.69
84086B,YELLOW/BLUE RETRO RADIO,70.8,24,12,7,2.95
90187B,GREEN DROP EARRINGS W BEAD CLUSTER,70.6,21,15,2,3.36
20958,PORCELAIN HANGING BELL LARGE,70.5,38,10,9,1.86
90202B,WHITE ENAMEL FLOWER HAIR TIE,70.49,24,16,3,2.94
90050,CRACKED GLAZE NECKLACE IVORY,70.16,10,6,2,7.02
90131,PINK/AMETHYST/GOLD NECKLACE,69.62,10,5,4,6.96
gift_0001_80,Dotcomgiftshop Gift Voucher £80.00,69.56,1,1,0,69.56
72140F,HAPPY ANNIVERSARY CANDLE LETTERS,69.18,175,14,14,0.4
90059C,DIAMANTE HAIR GRIP PACK/2 MONTANA,68.18,41,23,6,1.66
71215,METAL BASE FOR CANDLES,68.1,177,12,10,0.38
47420,ASSORTED COLOUR SUCTION CUP HOOK,68.02,358,31,23,0.19
84857A,SILVER MONTE CARLO HANDBAG,68.0,8,3,2,8.5
DCGS0004,HAYNES CAMPER SHOULDER BAG,67.94,4,4,0,16.98
90140,PINK SWEETIE NECKLACE,67.9,9,7,2,7.54
90026B,GLASS BEAD HOOP NECKLACE MONTANA,67.82,8,7,4,8.48
90026C,GLASS BEAD HOOP NECKLACE GREEN,67.82,8,6,5,8.48
20879,TREE OF NOAH FESTIVE SCENTED CANDLE,67.8,57,11,8,1.19
84596e,SMALL LICORICE DES PINK BOWL,67.77,27,17,0,2.51
90002E,FLOWER BURST SILVER RING GREEN,67.77,18,11,7,3.76
84864A,PINK PAISLEY PHOTO ALBUM,67.71,7,4,3,9.67
90078,PINK/WHITE GLASS DEMI CHOKER,67.64,9,5,4,7.52
90024F,NEW BAROQUE B'FLY NECKLACE CRYSTAL,67.61,8,6,2,8.45
47341B,BLUE TABLE RUN FLOWER,67.5,48,14,13,1.41
84926B,SCOTTS ROSES TILE COASTER,67.5,54,10,8,1.25
47504J,ENGLISH ROSE SET/3 GARDEN TOOLS,67.25,5,4,2,13.45
90214P,"LETTER ""P"" BLING KEY RING",66.59,77,33,13,0.86
35819P,"ACRYLIC HANGING JEWEL,PINK",66.55,95,7,7,0.7
90037A,TINY CRYSTAL BRACELET RED,66.31,26,12,4,2.55
40002,WHITE BAMBOO RIBS LAMPSHADE,66.3,78,1,1,0.85
90037C,TINY CRYSTAL BRACELET BLUE,66.08,26,13,4,2.54
85072,OCCASIONS GIFT CARD ASSORTMENT,66.0,120,1,1,0.55
79329,PINK FLOCK GLASS CANDLEHOLDER,65.94,100,7,7,0.66
84340,LARGE FIBRE OPTIC CHRISTMAS TREE,65.76,21,11,5,3.13
79406,FROSTED WHITE BASE,65.62,259,21,14,0.25
90179B,PURPLE FINE BEAD NECKLACE W TASSEL,65.31,11,9,5,5.94
47016,LIGHT DECORATION BATTERY OPERATED,65.1,31,5,4,2.1
84705A,ENGLISH ROSE PHOTO FRAME,65.1,14,7,5,4.65
90141B,IVORY PENDANT TRIPLE SHELL NECKLACE,64.94,13,9,2,5.0
84551,CROCHET DOG KEYRING,64.35,39,8,6,1.65
90046,WHITE WITH METAL BAG CHARM,64.35,13,7,6,4.95
90074,BLACK DIAMOND CLUSTER NECKLACE,64.09,7,6,4,9.16
79534,MULTICOLOUR GLASS PLATE,63.8,116,16,14,0.55
20791,BLUE TILED SET OF 3 DRAWERS,63.75,5,1,1,12.75
85018A,S/6 PAPER BOXES ROMANTIC IMAGES,63.75,15,10,10,4.25
85018B,S/6 PAPER BOXES BLOSSOM IMAGES,63.75,15,10,10,4.25
20905,VINTAGE KEEPSAKE BOX BEAUTY GIRL,63.5,10,4,3,6.35
90205A,LARGE MINT DIAMANTE HAIRSLIDE,63.46,38,22,6,1.67
37491D,PURPLE/BLUE CERAMIC CANDLE HOLDER,63.28,26,13,5,2.43
72709,IVORY SCULPTED RND CANDLE,62.9,74,13,10,0.85
84529B,BLUE KNITTED KID'S RUCKSACK,62.35,13,5,2,4.8
35607B,BLACK FEATHER CHRISTMAS DECORATION,62.3,312,17,15,0.2
47348A,FUSCHIA VOILE POINTY SHOE DEC,62.01,103,16,12,0.6
17136A,BLUE STONES ON WIRE FOR CANDLE,61.78,743,34,28,0.08
20620,RED SPOTTY PASSPORT COVER,61.76,15,14,1,4.12
35817B,"ACRYLIC JEWEL SNOWFLAKE,BLUE",61.3,143,3,2,0.43
35973,GERANIUM FOLKART HEART DECORATION,61.25,49,13,11,1.25
35910B,PINK FLOWERS RABBIT EASTER,61.07,29,8,6,2.11
90214I,"LETTER ""I"" BLING KEY RING",61.0,62,27,10,0.98
84875A,PINK SQUARE COMPACT MIRROR,60.0,16,12,10,3.75
23629,SET 10 CARDS DRESSING UP 17077,59.76,24,10,0,2.49
90021,LASER CUT MULTI STRAND NECKLACE,59.75,5,4,4,11.95
90171,DAISY RING,59.65,47,27,2,1.27
gift_0001_70,Dotcomgiftshop Gift Voucher £70.00,59.57,1,1,0,59.57
44241C,BLUE BUTTERFLY ON SPRING,59.5,70,8,7,0.85
84582,PINK CROCHET CAT WITH SCARF,59.5,14,11,9,4.25
35654,VINTAGE BEAD FILLED PINK CUSHION,59.4,12,5,4,4.95
35001B,HAND OPEN SHAPE BLACK,59.33,17,6,5,3.49
90011B,BLACK CRYSTAL DROP EARRINGS,59.06,20,15,4,2.95
35909A,RABBIT EASTER DECORATION,59.0,20,5,5,2.95
81985A,"ICON ALARM CLOCK,FUSCHIA  PIN UP",58.65,23,7,7,2.55
85023C,PINK LARGE JEWELED PHOTOFRAME,58.65,23,11,10,2.55
90188,DROP EARRINGS W FLOWER & LEAF,58.5,23,20,3,2.54
84226,HEN HOUSE W FAMILY IN BARN & NEST,58.31,77,18,17,0.76
35816B,"ACRYLIC JEWEL ANGEL,BLUE",58.07,139,3,2,0.42
17129C,SKY BLUE COLOUR GLASS GEMS IN BAG,57.98,86,11,7,0.67
35821B,"JEWELLED DECORATION,BLUE",57.0,150,3,3,0.38
72771B,BURG FLOCK GOLD CUP/CANDLE,56.9,117,8,6,0.49
90212C,PURPLE LAS VEGAS BRACELET ROUND,56.25,15,7,5,3.75
47344B,BLUE FLOWER DES PURSE,56.16,54,10,10,1.04
85023A,CRYSTAL LARGE JEWELLED PHOTO FRAME,56.1,22,10,9,2.55
90033,IVORY SHELL HEART EARRINGS,55.88,22,18,2,2.54
85080,PADDED RED HEART DECORATION,55.76,113,22,19,0.49
90182C,BLACK 3 BEAD DROP EARRINGS,55.74,19,13,2,2.93
90177A,CLASSIC DIAMANTE EARRINGS JET,55.69,19,14,2,2.93
90214T,"LETTER ""T"" BLING KEY RING",55.57,57,24,9,0.97
90001B,ANTIQUE MID BLUE FLOWER EARRINGS,55.12,13,10,4,4.24
85151,WELCOME METAL SIGN,55.0,44,8,8,1.25
90135A,ORANGE/FUSCHIA STONES NECKLACE,54.62,11,4,2,4.97
90142D,MOP PENDANT SHELL NECKLACE,54.59,11,5,4,4.96
90043,COPPER AND BRASS BAG CHARM,54.51,10,6,5,5.45
20820,SILVER LOOKING MIRROR,54.45,11,8,6,4.95
20953,PORCELAIN CHERUB BELL LARGE,54.45,33,9,7,1.65
90084,PINK CRYSTAL GUITAR PHONE CHARM,54.4,64,9,8,0.85
46115B,GREEN POP ART MAO CUSHION COVER,54.34,286,22,19,0.19
84559b,3D SHEET OF CAT STICKERS,53.54,32,25,0,1.67
84660b,BLACK STITCHED WALL CLOCK,53.18,7,6,0,7.6
72798C,SET/4 GARDEN ROSE DINNER CANDLE,53.11,28,15,10,1.9
84660a,WHITE STITCHED WALL CLOCK,52.7,7,5,0,7.53
84845C,CARNATION SQUARE HANDY TIN,52.5,42,14,14,1.25
20870,OPULENT VELVET CANDLE IN BOX,52.2,29,7,4,1.8
84292B,BLUE COL METAL FOLDING CHAIR,51.8,8,5,4,6.47
84951b,SET OF 4 BLACK LOVEBIRD COASTERS,51.26,10,5,0,5.13
84845D,GERANIUM SQUARE HANDY TIN,51.25,41,11,11,1.25
35071,ASSORTED SANTA CHRISTMAS DECORATION,51.14,50,7,5,1.02
84402B,PURPLE DRESS JEWELLERY STAND,51.14,62,4,4,0.82
20964,POLYESTER FILLER PAD 60x40cm,51.0,20,6,6,2.55
84612B,SET/4 BLACK  BAROQUE FLOCK COASTER,51.0,20,4,4,2.55
84968b,SET OF 16 VINTAGE IVORY CUTLERY,50.98,2,2,0,25.49
84968f,SET OF 16 VINTAGE SKY BLUE CUTLERY,50.98,2,2,0,25.49
85069,CREAM SWEETHEART DOUBLE SHELF,50.85,3,1,1,16.95
85035b,CHOCOLATE 3 WICK MORRIS BOX CANDLE,50.82,6,6,0,8.47
85124a,PINK JUICY FRUIT PHOTO FRAME,50.6,10,9,0,5.06
90034,WHITE SILVER NECKLACE SHELL GLASS,50.48,5,5,2,10.1
72083A,STRAWBERY SWIRL FLARE CANDLE,50.4,24,7,7,2.1
22657,HEN & 2 CHICKS IN BASKET,50.15,59,7,7,0.85
90141E,ORANGE PENDANT TRIPLE SHELL NECKLAC,50.06,10,5,3,5.01
23603,SET 10 CARD KRAFT REINDEER 17084,49.8,20,14,0,2.49
90052,CRACKED GLAZE NECKLACE BROWN,49.58,7,5,1,7.08
84537B,FAIRY CAKES GIFT BAG,49.14,117,11,10,0.42
72129,COLUMBIAN CANDLE ROUND,49.11,74,18,16,0.66
35603C,SET/16 WHITE SHINY & MATT BAUBLES,48.3,83,24,19,0.58
37491A,YELLOW/PINK CERAMIC CANDLE HOLDER,48.3,18,13,5,2.68
90083,CRYSTAL CZECH CROSS PHONE CHARM,48.08,52,15,6,0.92
84608,ORNATE EDWARDIAN CANDLE HOLDER,47.7,6,4,4,7.95
21347,GOTHIC CARRIAGE LANTERN,47.6,8,4,4,5.95
20895,VINTAGE NOTEBOOK FRENCH LETTER,47.2,16,4,3,2.95
35909B,PINK FLOWERS RABBIT EASTER,47.2,16,6,6,2.95
37462E,"PET MUG, GOLDFISH",47.12,107,28,9,0.44
90067B,BROWN VINTAGE VICTORIAN EARRINGS,47.12,16,6,2,2.95
84227,HEN HOUSE W CHICK IN NEST,47.04,112,13,13,0.42
90181C,BLACK GLASS/SHELL/PEARL NECKLACE,46.93,5,5,0,9.39
84596f,SMALL MARSHMALLOWS PINK BOWL,46.89,19,14,0,2.47
20988,TRELLIS FLOWER CHOPSTICKS SET/5,46.8,24,9,8,1.95
84857B,BLUE MONTE CARLO HANDBAG,46.8,24,1,1,1.95
90001C,ANTIQUE OPAL WHITE FLOWER EARRINGS,46.7,11,10,5,4.25
90001A,ANTIQUE RASPBERRY FLOWER EARRINGS,46.6,11,10,3,4.24
37489A,YELLOW/PINK FLOWER DESIGN BIG MUG,46.56,46,23,21,1.01
16050,TEATIME PENCIL WITH RUBBER,46.45,151,8,4,0.31
47341A,FUSCHIA TABLE RUN FLOWER,46.25,29,7,7,1.59
90128A,PINK LEAVES AND BEADS PHONE CHARM,46.21,31,10,5,1.49
72024U,LILAC VOTIVE CANDLE,46.2,220,11,10,0.21
85081,PADDED HOLLY CHRISTMAS DECORATION,46.17,104,21,20,0.44
85132c,CHARLIE AND LOLA FIGURES TINS,46.1,4,4,0,11.52
84626,CANDY STRIPE ROSE QUILT,45.95,1,1,1,45.95
35611B,BLACK ASSORTED DROPLET DECORATION,45.76,62,3,2,0.74
16161C,WRAP SPEED DEMONS,45.0,450,2,2,0.1
72724,SET/6 CHRISTMAS ICICLE T-LIGHTS,45.0,36,10,9,1.25
23625,SET 6 CARDS SPARKLY REINDEER 17262,44.91,9,4,0,4.99
90059B,DIAMANTE HAIR GRIP PACK/2 BLACK DIA,44.87,27,16,4,1.66
21685,MEDINA STAMPED METAL TRAY,44.85,3,2,2,14.95
90135,ORANGE/WHT/FUSCHIA STONES NECKLACE,44.75,9,3,1,4.97
72796B,S/3 FRENCH VANILLA SQU CANDLE,44.55,27,12,11,1.65
90197D,AMBER GLASS BRACELET HEART CHARMS,44.55,9,4,4,4.95
90011A,MIDNIGHT BLUE CRYSTAL DROP EARRINGS,44.28,15,15,2,2.95
35085E,IVORY ROSE LAMPSHADE,44.25,39,9,7,1.13
84586L,"PINK ROSES/GINGHAM PATCH RABBIT 8""",44.25,15,9,9,2.95
90125E,AMBER BERTIE GLASS BEAD BAG CHARM,44.19,18,17,2,2.46
35815B,"ACRYLIC JEWEL SNOWFLAKE,BLUE",43.94,95,3,2,0.46
17014C,ORIGAMI LAVENDER INCENSE CONES,43.75,97,2,1,0.45
79063C,"RETRO PILL BOX KEY CHAIN,THE KING",43.65,235,14,13,0.19
18097A,PINK TALL PORCELAIN T-LIGHT HOLDER,43.35,17,12,10,2.55
90042B,FRESHWATER PEARL BRACELET PINK,43.35,17,6,4,2.55
35822P,"ACRYLIC BEAD CHAIN, PINK",43.32,114,1,1,0.38
90054,CRACKED GLAZE EARRINGS RED,43.02,17,17,2,2.53
23038,T-LIGHT HOLDER SILVER SAUCER,42.92,44,8,4,0.98
79066k,RETRO MOD TRAY,42.71,26,16,0,1.64
84993a,75 GREEN PETIT FOUR CASES,42.71,51,30,0,0.84
21596,Hypochondriac Pill Stress Ball,42.64,10,9,0,4.26
90024A,NEW BAROQUE B'FLY NECKLACE BLACK,42.5,5,4,4,8.5
90126C,AMBER BERTIE MOBILE PHONE CHARM,42.1,21,5,2,2.0
72771C,BLACK FLOCK GOLD CANDLE,42.08,54,6,4,0.78
20860,GOLD COSMETICS BAG WITH BUTTERFLY,42.0,20,11,10,2.1
15060b,FAIRY CAKE DESIGN UMBRELLA,41.81,5,5,0,8.36
84611B,BLACK NEW BAROQUE FLOCK BOX,41.65,7,4,4,5.95
90060C,FIRE POLISHED GLASS NECKL SILVER,41.65,7,3,3,5.95
90152C,BLUE/NAT SHELL NECKLACE W PENDANT,41.65,7,4,4,5.95
35809a,ENAMEL PINK TEA CONTAINER,41.54,10,10,0,4.15
85184B,SET 4 EASTER DECOUPAGE OVAL BOXES,41.3,14,7,7,2.95
23448,CREAM BUNNY EASTER EGG BASKET,41.25,25,3,3,1.65
37477B,"FLOWER FAIRY MUG+COASTER,LAVENDER",41.25,11,8,6,3.75
90027C,GLASS BEAD HOOP EARRINGS GREEN,41.17,14,12,2,2.94
18096c,WHITE ROUND PORCELAIN TLIGHT HOLDER,41.14,8,6,0,5.14
21119,Glow In The Dark Shot Glasses,41.01,3,3,0,13.67
35644,PAIR PINK/BLACK COATHANGERS,40.95,21,7,6,1.95
44228,CANNABIS LEAF BEAD CURTAIN,40.8,48,3,3,0.85
84798C,WHITE FOXGLOVE ARTIIFCIAL FLOWER,40.8,16,3,3,2.55
47013C,WINE BOTTLE DRESSING DARK BLUE,40.52,147,27,18,0.28
90136,PALE PINK/AMETHYST STONE NECKLACE,40.47,4,3,2,10.12
90152A,SILVER/NAT SHELL NECKLACE W PENDANT,40.34,7,7,4,5.76
20994,JAZZ HEARTS SPIRAL NOTEPAD,39.95,47,12,12,0.85
47013A,WINE BOTTLE DRESSING LT.BLUE,39.87,141,25,21,0.28
37468,HARDMAN MUG 3 ASSORTED,39.81,65,14,11,0.61
79065A,TEATIME ROUND CAKE TINS,39.8,4,1,1,9.95
82545A,COGNAC AUX OEUFS METAL 1 HOOK,38.75,31,11,11,1.25
47567b,TEA TIME KITCHEN APRON,38.72,3,3,0,12.91
35963,FOLKART ZINC CLIP ON ANGEL WINGS,38.38,101,11,10,0.38
90130D,RED STONE/CRYSTAL EARRINGS,38.31,13,8,1,2.95
90027B,GLASS BEAD HOOP EARRINGS MONTANA,38.28,13,10,3,2.94
90183C,BLACK DROP EARRINGS W LONG BEADS,38.12,13,13,2,2.93
47518f,ICON PLACEMAT POP ART ELVIS,37.75,9,9,0,4.19
85115B,S/4 BLACK DISCO PARTITION PANEL,37.62,6,2,1,6.27
90176B,DIAMANTE NECKLACE BLACK,37.62,5,4,2,7.52
90039A,FIRE POLISHED GLASS BRACELET RED,37.61,10,5,2,3.76
35233,PASTA ENAMEL/BRASS CONTAINER,37.5,10,8,8,3.75
37112,YELLOW BIRDS FELT DES FOODCOVER,37.5,10,5,4,3.75
79413,GLASS WINE GLASS DECORATIONS,37.5,30,9,7,1.25
84509b,SET OF 4 FAIRY CAKE PLACEMATS,37.3,5,4,0,7.46
84705F,RED PEONY PHOTO FRAME,37.2,8,5,4,4.65
90126A,PINK BERTIE MOBILE PHONE CHARM,37.14,20,5,3,1.86
84251J,"GREETING CARD, THE BLACK CAT",37.04,74,17,4,0.5
16162M,THE KING GIFT BAG 25x24x12cm,36.96,88,13,10,0.42
72715,SPHERICAL IVORY CANDLE,36.96,88,13,8,0.42
17014E,ORIGAMI OPIUM INCENSE CONES,36.6,95,6,4,0.39
90141D,ROSE PENDANT TRIPLE SHELL NECKLACE,36.33,7,5,1,5.19
90214F,"LETTER ""F"" BLING KEY RING",36.28,44,27,11,0.82
90037D,TINY CRYSTALS BRACELET BLACK,35.87,14,8,1,2.56
37348,SET OF 4 PASTEL STACKING MUGS,35.7,14,7,5,2.55
90060B,FIRE POLISHED GLASS NECKL GOLD,35.7,6,4,4,5.95
90132,LIGHT TOPAZ TEAL/AQUA COL NECKLACE,35.63,7,7,0,5.09
85184c,SET 4 VALENTINE DECOUPAGE HEART BOX,35.35,6,6,0,5.89
90011C,GREEN CRYSTAL DROP EARRINGS,35.33,12,7,1,2.94
90152B,BLUE/GREEN SHELL NECKLACE W PENDANT,35.26,6,5,4,5.88
79063D,"RETRO PILL BOX , REVOLUTIONARY",35.14,189,11,9,0.19
84510e,SET OF 4 GREEN CAROUSEL COASTERS,35.09,14,6,0,2.51
82613b,"METAL SIGN,CUPCAKE SINGLE HOOK",35.04,14,11,0,2.5
84745B,BLUE HANGING GINGHAM EASTER HEN,34.86,83,17,15,0.42
DCGS0058,MISO PRETTY  GUM,34.82,42,30,0,0.83
84868B,BLUE BABY BOY'S MEMORY BOX,34.75,5,4,4,6.95
37482p,CUBIC MUG PINK POLKA DOT,34.7,2,2,0,17.35
84546,CROCHET POODLE KEYRING,34.65,21,3,3,1.65
90081B,LILY BROOCH WHITE/SILVER COLOUR,34.65,7,3,2,4.95
35955,SMALL FOLKART CHRISTMAS TREE DEC,34.62,135,4,4,0.26
44265,M/COLOUR POM-POM CURTAIN,34.0,8,4,4,4.25
90066A,PINK VINTAGE VICTORIAN CHOKER,33.75,5,2,2,6.75
47591b,SCOTTIES CHILDRENS APRON,33.6,8,4,0,4.2
84456,SET OF 3 RABBIT EGG EASTER,33.15,37,16,12,0.9
90076,MONTANA DIAMOND CLUSTER EARRINGS,33.0,12,7,1,2.75
DCGS0003,BOXED GLASS ASHTRAY,32.59,13,13,0,2.51
82613c,"METAL SIGN,CUPCAKE SINGLE HOOK",32.48,13,12,0,2.5
85079,EMBROIDERED REINDEER DECORATION,32.25,23,8,6,1.4
90214O,"LETTER ""O"" BLING KEY RING",31.42,36,18,11,0.87
23632,SET 10 CARDS CHEERFUL ROBIN 17065,31.2,15,10,0,2.08
44091C,MULTICOLOUR CRUSOE CHECK LAMPSHADE,30.66,61,17,10,0.5
21919,Electronic Talking Breath-A-Loser,30.47,6,5,0,5.08
37489B,BLUE/YELLOW FLOWER DESIGN BIG MUG,30.42,38,17,17,0.8
84745A,PINK HANGING GINGHAM EASTER HEN,30.24,72,15,13,0.42
90025F,BAROQUE BUTTERFLY EARRINGS CRYSTAL,30.23,8,8,2,3.78
18010,ASSORTED FRAGRANCE BATH CONFETTI,30.16,64,9,6,0.47
37491B,BLUE/YELLOW CERAMIC CANDLE HOLDER,30.08,14,8,5,2.15
47563B,WAVELINE SURF IRONING BOARD COVER,30.0,8,6,6,3.75
90176E,DIAMANTE NECKLACE GREEN,29.98,4,3,2,7.5
21767,FRENCH STYLE WIRE DOOR CABINET,29.95,1,1,1,29.95
78056,CAMOUFLAGE BACKPACK ON WHEELS,29.85,3,2,1,9.95
22351,DOTCOMGIFTSHOP TEA TOWEL,29.81,15,3,1,1.99
84985a,SET OF 72 GREEN PAPER DOILIES,29.8,10,8,0,2.98
35598A,DUSTY PINK CHRISTMAS TREE 60CM,29.5,10,3,3,2.95
78034B,BLUE NETTING STORAGE HANGER,29.25,15,9,9,1.95
90214V,"LETTER ""V"" BLING KEY RING",28.98,38,24,7,0.76
46776f,WOVEN ROSE GARDEN CUSHION COVER,28.91,7,1,0,4.13
37489D,PINK/GREEN FLOWER DESIGN BIG MUG,28.86,46,20,20,0.63
44089C,LILAC GAUZE BUTTERFLY LAMPSHADE,28.56,68,18,14,0.42
40005B,BLUE ORGANDY ROUND LAMPSHADE W BEA,28.05,33,13,11,0.85
17091F,SANDALWOOD INCENSE IN TIN,27.71,19,8,6,1.46
23613,SET 10 XMAS CARDS & BADGES 17070,27.39,11,6,0,2.49
23637,SET 10 CARDS OUT OF ORDER 17216,27.39,11,9,0,2.49
21097,SET/6 GREEN SPRING  PAPER PLATE,27.2,32,7,5,0.85
84867b,BLUE BABY BOY'S PHOTO ALBUM,27.14,2,1,0,13.57
90187A,BLUE DROP EARRINGS W BEAD CLUSTER,27.04,8,7,1,3.38
23702,High Resolution Image,27.0,4,3,3,6.75
17013F,ORIGAMI SANDLEWOOD INCENSE IN TUBE,26.7,62,5,4,0.43
90027A,GLASS BEAD HOOP EARRINGS BLACK,26.52,9,6,3,2.95
90025E,BAROQUE BUTTERFLY EARRINGS MONTANA,26.5,7,7,3,3.79
84876C,SILVER HEART COMPACT MIRROR,26.25,7,4,4,3.75
23636,SET 10 CARDS WISHING TREE 17116,26.19,9,7,0,2.91
90182A,AMBER 3 BEAD DROP EARRINGS,26.16,9,9,0,2.91
37489C,GREEN/BLUE FLOWER DESIGN BIG MUG,26.06,27,12,10,0.97
85164b,BLACK BAROQUE CUCKOO CLOCK,26.04,1,1,0,26.04
90041,PEARL AND CHERRY QUARTZ BRACLET,25.67,7,6,2,3.67
20954,*USB Office Mirror Ball,25.59,3,3,0,8.53
90142A,GREEN PENDANT SHELL NECKLACE,25.45,5,4,0,5.09
DCGS0070,CAMOUFLAGE DOG COLLAR,25.44,2,2,0,12.72
85035a,GARDENIA 3 WICK MORRIS BOXED CANDLE,25.41,3,3,0,8.47
90214Y,"LETTER ""Y"" BLING KEY RING",25.34,68,10,4,0.37
35597D,PINK/WHITE CHRISTMAS TREE 30CM,25.28,58,7,7,0.44
90055,CRACKED GLAZE EARRINGS BROWN,25.28,10,10,1,2.53
90053,CRACKED GLAZE EARRINGS IVORY,25.23,10,10,0,2.52
72801g,S/4 BURGUNDY WINE DINNER CANDLES,25.1,10,3,0,2.51
84596b,SMALL DOLLY MIX DESIGN ORANGE BOWL,25.1,10,8,0,2.51
90128C,GREEN LEAVES AND BEADS PHONE CHARM,25.04,17,6,3,1.47
23620,SET 10 CARDS PERFECT POST 17090,24.9,10,7,0,2.49
85034a,3 GARDENIA MORRIS BOXED CANDLES,24.87,3,3,0,8.29
84550,CROCHET LILAC/RED BEAR KEYRING,24.75,15,5,4,1.65
35633B,BLUE TINSEL GARLAND,24.7,130,12,12,0.19
35596,WOOD XMAS TREE 9 FIG SHELVES,24.65,29,4,4,0.85
10124A,SPOTS ON RED BOOKCOVER TAPE,24.36,58,18,18,0.42
84450A,PINK RABBIT SITTING EASTER,24.18,52,5,4,0.46
37494a,FAIRY CAKE CERAMIC BUTTER DISH,24.16,4,3,0,6.04
84575B,BROWN DOG CANNISTER W BONE,23.8,4,3,3,5.95
79302m,"ART LIGHTS,FUNK MONKEY",23.77,4,4,0,5.94
90128B,BLUE LEAVES AND BEADS PHONE CHARM,23.76,18,6,5,1.32
17014F,ORIGAMI SANDLEWOOD INCENSE CONES,23.7,61,4,4,0.39
47556b,TEA TIME TEA TOWELS,23.64,4,4,0,5.91
90011E,AMBER CRYSTAL DROP EARRINGS,23.61,8,8,1,2.95
85040b,SET/4 BLUE FLOWER CANDLES IN BOWL,23.52,7,3,0,3.36
47552A,DOTS IRONING BOARD COVER,23.4,12,11,11,1.95
23623,SET 10 CARD CHRISTMAS WELCOME 17112,23.28,8,6,0,2.91
90095,NECKLACE+BRACELET SET PINK BLOSSOM,22.91,8,3,2,2.86
90025C,BAROQUE BUTTERFLY EARRINGS GREEN,22.56,6,6,2,3.76
37477C,"FLOWER FAIRY MUG+COASTER,ROSE",22.5,6,1,1,3.75
85225,BLING KEY RING STAND,22.5,19,11,10,1.18
90189B,GOLD 2 STRAND NECKLACE-LEAF CHARMS,22.5,3,2,2,7.5
23640,SET 10 CARDS SCOTTIE DOG 17211,22.41,9,8,0,2.49
23645,SET 10 CHRISTMAS CARDS HOHOHO 16956,22.41,9,4,0,2.49
35652,VINTAGE BEAD CHAISE LONG JEWEL BOX,21.5,18,2,2,1.19
90214Z,"LETTER ""Z"" BLING KEY RING",21.49,31,18,5,0.69
84387A,BIRD ON BRANCH CANVAS SCREEN,21.45,11,1,1,1.95
21387,IVORY HANGING DECORATION  RABBIT,21.25,25,4,4,0.85
35591T,TURQUOISE CHRISTMAS TREE,21.25,17,9,9,1.25
90128D,PURPLE LEAVES AND BEADS PHONE CHAR,21.24,13,7,2,1.63
21594,Dr. Jam's Arouzer Stress Ball,21.06,5,5,0,4.21
23692,WRAP A PRETTY THANK YOU,21.0,50,2,2,0.42
35603B,S/16 BLACK SHINY/MAT BAUBLES,21.0,50,2,1,0.42
DCGS0072,CAT CAMOUFLAGUE COLLAR,20.68,4,3,0,5.17
46776a,WOVEN BUBBLE GUM CUSHION COVER,20.65,5,1,0,4.13
10002R,ROBOT PENCIL SHARPNER,20.57,4,3,0,5.14
79172D,PURPLE TINT ACRYLIC FLOWER VASE,20.4,24,4,4,0.85
85232a,SET/3 POLKA DOT STACKING TINS,20.34,2,2,0,10.17
84536a,ENGLISH ROSE NOTEBOOK A7 SIZE,19.97,25,12,0,0.8
90082C,DIAMANTE BOW BROOCH WHITE COLOUR,19.93,3,3,1,6.64
23601,SET 10 CARDS SNOWY SNOWDROPS  17100,19.92,8,4,0,2.49
23616,SET 10 CARDS JINGLE BELLS 17217,19.92,8,7,0,2.49
23646,SET 10 CARDS JINGLE BELLS 16957,19.92,8,5,0,2.49
90127A,PINK BEADS+HAND PHONE CHARM,19.92,14,2,1,1.42
84570B,WHITE SATIN DRESS JEWEL STAND,19.8,4,2,2,4.95
37488A,YELLOW PINK FLOWER DESIGN BIG BOWL,19.77,31,5,4,0.64
37487B,YELLOW/ORANGE FLOWER DESIGN PLATE,19.72,68,2,2,0.29
44092C,PURPLE/COPPER HANGING LAMPSHADE,19.55,23,10,6,0.85
20680,PINK FLOWERS CHILDS UMBRELLA,19.5,6,4,4,3.25
79062D,"RETRO TIN ASHTRAY,REVOLUTIONARY",19.4,52,4,4,0.37
81950V,FLOWER PURPLE CLOCK WITH SUCKER,18.8,32,10,10,0.59
84030B,KNITTED POM POM HOT WATER BOTTLE,18.75,5,3,2,3.75
90025D,BAROQUE BUTTERFLY EARRINGS PINK,18.69,5,5,2,3.74
84732B,CUTE BIRD CEATURE SCREEN,18.48,28,6,6,0.66
72796A,S/3 ENGLISH LAVENDER SQU CANDLE,18.15,11,5,5,1.65
84311,CAMOFLAGE CUSHION COVER,18.15,11,1,1,1.65
84986b,SET OF 36 SILVER PAPER DOILIES,17.88,6,5,0,2.98
18097B,BLUE TALL PORCELAIN T-LIGHT HOLDER,17.85,7,3,3,2.55
71050,SMALL SINGLE FLAME CANDLE HOLDER,17.85,51,8,7,0.35
84614C,BLUE BAROQUE FLOCK CANDLE HOLDER,17.85,3,1,1,5.95
72801e,S/4 FESTIVE GREEN DINNER CANDLES,17.57,7,4,0,2.51
90182B,AMETHYST 3 BEAD DROP EARRINGS,17.53,6,6,0,2.92
23627,SET 10 CARDS XMAS GRAPHIC  17218,17.43,7,2,0,2.49
37482b,CUBIC MUG BLUE POLKA DOT,17.35,1,1,0,17.35
DCGS0066N,NAVY CUDDLES DOG HOODIE,17.3,2,2,0,8.65
84796b,BLUE SAVANNAH PICNIC HAMPER FOR 2,17.12,2,2,0,8.56
DCGS0068,DOGS NIGHT COLLAR,17.12,2,2,0,8.56
84993b,75 BLACK PETIT FOUR CASES,16.99,20,13,0,0.85
21120,*Boombox Ipod Classic,16.98,1,1,0,16.98
85035c,ROSE 3 WICK MORRIS BOX CANDLE,16.94,2,2,0,8.47
85036b,CHOCOLATE 1 WICK MORRIS BOX CANDLE,16.94,2,2,0,8.47
72805,VANILLA CANDLE IN EMBOSSED ZINC POT,16.9,10,3,3,1.69
47591c,BLUE FAIRY CAKE CHILD'S APRON,16.84,4,3,0,4.21
21511,VINTAGE COLLAGE  GREETING  CARD,16.8,40,2,1,0.42
44089A,PINK GAUZE BUTTERFLY LAMPSHADE,16.8,40,13,11,0.42
72785A,S/4 CONTEMPORY PINK ROSEBUD CANDLES,16.8,8,4,4,2.1
23644,SET 10 CARDS CHRISTMAS TREE 16955,16.65,5,5,0,3.33
84031a,CHARLIE+LOLA RED HOT WATER BOTTLE,16.63,1,1,0,16.63
84031b,CHARLIE LOLA BLUE HOT WATER BOTTLE,16.63,1,1,0,16.63
85036a,GARDENIA 1 WICK MORRIS BOXED CANDLE,16.58,2,1,0,8.29
85160b,BLACK BIRD GARDEN DESIGN MUG,16.13,1,1,0,16.13
90102,WHITE FRANGIPANI HAIR CLIP,16.11,19,4,3,0.85
62074B,ELEPHANT CLIP W SUCTION CUP,15.96,38,12,8,0.42
84250M,"GREETING CARD, BLACKPOOL ROCK",15.9,28,13,1,0.57
84630,FLOWERS AND BIRDS WALL PLAQUE,15.9,2,1,1,7.95
35932,PINK CHRISTMAS TREE DECORATION,15.63,37,10,10,0.42
84912a,PINK ROSE WASHBAG,15.56,2,1,0,7.78
21560,TOADSTOOL  LUNCHBOX WITH CUTLERY,15.44,4,4,0,3.86
21853,GUMBALL CUSTOM CARS TOP TRUMPS GAME,15.4,3,3,0,5.13
37481,CUBIC MUG TEATIME CAKES,15.3,6,1,1,2.55
84509e,SET OF 4 CAROUSEL PLACEMATS,15.24,2,1,0,7.62
85124c,GREEN JUICY FRUIT PHOTO FRAME,15.18,3,2,0,5.06
17174,ASSTD RASTA KEY-CHAINS,15.12,36,7,7,0.42
m,Manual,15.05,5,4,0,3.01
84206A,3 BLACK CATS W HEARTS BLANK CARD,15.01,79,9,9,0.19
23449,SET OF 6 EASTER RAINBOW CHICKS,15.0,12,1,1,1.25
90068,"RUBY GLASS NECKLACE 42""",15.0,2,2,0,7.5
21475,SWEETHEART CREAM STEEL FOLDIN CHAIR,14.95,1,1,1,14.95
23621,SET 10 CARDS DAVID'S MADONNA 17074,14.94,6,4,0,2.49
84509g,SET OF 4 FAIRY CAKE PLACEMATS,14.92,2,2,0,7.46
35650,VINTAGE BEAD PINK JEWEL STAND,14.85,3,3,3,4.95
84567,FROSTED GLASS WITH SILVER SURROUND,14.85,9,1,1,1.65
90011D,PURPLE CRYSTAL DROP EARRINGS,14.75,5,5,0,2.95
SP1002,KID'S CHALKBOARD/EASEL,14.75,5,2,2,2.95
23634,SET 10 CARDS XMAS CHOIR 17068,14.55,5,5,0,2.91
90077,BLACK DIAMOND CLUSTER EARRINGS,14.4,5,5,1,2.88
10124G,ARMY CAMO BOOKCOVER TAPE,14.28,33,10,9,0.43
21852,EMPIRE TEDDY,13.9,2,2,1,6.95
84868A,PINK BABY GIRL'S MEMORY BOX,13.9,2,2,2,6.95
84406b,CREAM CUPID HEARTS COAT HANGER,13.82,2,2,0,6.91
16245A,PINK MINI STATIONERY SET W CASE,13.75,11,7,7,1.25
35936,CERISE+GOLD CHRISTMAS TREE DEC,13.68,36,9,8,0.38
84814B,RHOMBUS CRYSTAL PERFUME BOTTLE,13.65,7,3,2,1.95
35443,RASTA IN BATH W SPLIFF ASHTRAY,13.6,16,10,9,0.85
79342b,BROWN FLOWER LIGHTS,13.57,1,1,0,13.57
84867a,PINK BABY GIRLS PHOTO ALBUM,13.57,1,1,0,13.57
21525,BEWARE OF THE CAT DOORMAT,13.5,2,2,1,6.75
85039b,S/4 IVORY MINI ROSE CANDLE IN BOWL,13.44,4,1,0,3.36
62097B,BLUE STRIPES SHOULDER BAG,13.37,11,4,3,1.22
23639,SET 10 CARDS MAGICAL TREE 17086,13.32,4,4,0,3.33
23607,SET 10 CARDS HATS & STOCKINGS 17081,13.28,8,7,0,1.66
35004s,SET OF 3 SILVER FLYING DUCKS,13.0,1,1,0,13.0
85159b,"WHITE TEA,COFFEE,SUGAR JARS",13.0,1,1,0,13.0
16192,PINK BALLET OPENING CUBE BOX,12.9,3,1,0,4.3
84989b,75 BLACK FAIRY CAKE CASES,12.8,10,6,0,1.28
84247J,PACK/12 RUSSIAN DOLL CARDS,12.78,10,9,2,1.28
20812,EMBOSSED FLOWER TRELLIS PHOTO FRAME,12.75,5,3,3,2.55
21772,VINTAGE METAL CAKE STAND CREAM,12.75,1,1,1,12.75
44092B,BLUE WHITE PLASTIC RINGS LAMPSHADE,12.75,15,6,4,0.85
72752B,"F.FAIRY,CANDLE IN GLASS,LAVENDER",12.75,3,2,2,4.25
84648,NEW BAROQUE WALL MIRROR,12.75,1,1,1,12.75
85083,KISS REINDEER SCANDINAVIAN STOCKING,12.75,5,2,2,2.55
35004p,SET OF 3 PINK FLYING DUCKS,12.72,1,1,0,12.72
85157,SET OF 2 CHESTS CHOCOLAT AU LAIT,12.72,1,1,0,12.72
DCGS0037,KEY-RING CORKSCREW,12.72,1,1,0,12.72
DCGS0075,CAMOUFLAGUE DOG LEAD,12.72,1,1,0,12.72
35751C,PURPLE CURRENT CANDLE RING,12.61,31,2,2,0.41
35597A,DUSTY PINK CHRISTMAS TREE 30CM,12.5,10,4,4,1.25
35918B,BLUE FLORIBUNDA EGG WARMER,12.5,10,5,5,1.25
51012L,"FEATHER DUSTER, LIGHT PINK",12.5,10,6,5,1.25
23635,SET 10 CARDS CHRISTMAS HOLLY  17259,12.48,3,3,0,4.16
23654,SET 10 CARD SNOWMAN 16965,12.45,5,4,0,2.49
84596g,SMALL CHOCOLATES PINK BOWL,12.4,5,2,0,2.48
90000C,OPAL WHITE/SILVER FLOWER NECKLACE,12.32,2,2,1,6.16
79149B,SILICON STAR BULB  BLUE,12.18,29,12,11,0.42
44242A,LILAC FEATHERS CURTAIN,11.98,14,2,2,0.86
22206,"MUG , DOTCOMGIFTSHOP.COM",11.82,14,10,0,0.84
85185E,DUCK SOCK PUPPET,11.8,4,2,2,2.95
85179a,GREEN BITTY LIGHT CHAIN,11.78,2,2,0,5.89
23605,SET 10 CARDS 12 DAYS OF XMAS 17059,11.64,4,1,0,2.91
23608,SET 10 CARDS RUDOLPHS NOSE 17097,11.64,4,3,0,2.91
90025B,BAROQUE BUTTERFLY EARRINGS RED,11.29,3,3,1,3.76
79070b,ENGLISH ROSE SQUARE CAKE TINS,11.26,1,1,0,11.26
84366,VENDETTA CANVAS PICTURE,11.25,3,3,2,3.75
84743C,ORANGE FELT VASE + FLOWERS,11.25,9,5,5,1.25
17011B,ORIGAMI JASMINE INCENSE+FLOWER,11.1,19,2,2,0.58
47590a,BLUE HAPPY BIRTHDAY BUNTING,11.02,1,1,0,11.02
72785B,S/4 CONTEMPORY RED ROSEBUD CANDLES,10.9,9,3,3,1.21
84732D,CUTE RABBIT CEATURE SCREEN,10.89,15,6,6,0.73
16169A,WRAP CHRISTMAS DECOUPAGE,10.5,25,1,1,0.42
16169G,WRAP ROMANTIC DECOUPAGE,10.5,25,1,1,0.42
17084G,MOON INCENSE,10.5,50,2,2,0.21
21496,WOODLAND CREATURES  WRAP,10.5,25,1,1,0.42
21857,STAR WARS TOP TRUMPS GAME,10.23,2,2,0,5.12
21858,HIGH SCHOOL MUSICAL 3 TOP TRUMPS,10.23,2,2,0,5.12
85124b,BLUE JUICY FRUIT PHOTO FRAME,10.23,2,2,0,5.12
20939,ORANGE CANDLE,10.2,12,1,1,0.85
85232d,SET/3 DECOUPAGE STACKING TINS,10.17,1,1,0,10.17
90214W,"LETTER ""W"" BLING KEY RING",10.17,19,8,3,0.54
84661c,PINK SQUARE TABLE CLOCK,10.12,2,2,0,5.06
84661a,WHITE SQUARE TABLE CLOCK,10.02,2,2,0,5.01
23615,SET 10 CARDS PRINTED GRAPHIC 17219,9.96,4,4,0,2.49
23619,SET 10 CARDS POINSETTIA 17093,9.96,4,2,0,2.49
23624,SET 10 CARD PERFECT NATIVITY 17089,9.96,4,4,0,2.49
23650,SET 10 CARDS FILIGREE BAUBLE 16961,9.96,4,4,0,2.49
84971s,SMALL HEART FLOWERS HOOK,9.96,6,3,0,1.66
85049b,LUSH GREENS RIBBONS,9.94,4,3,0,2.48
85231g,ORANGE SCENTED SET/9 T-LIGHTS,9.78,6,6,0,1.63
81953P,ROUND ARTICULATED PINK CLOCK W/SUCK,9.57,33,6,5,0.29
20822,SILVER WINE GOBLET,9.3,2,1,1,4.65
23441,HAND PAINTED HANGING EASTER EGG,9.24,22,3,3,0.42
72708,SCULPTED ROUND IVORY CANDLE,9.24,44,5,5,0.21
90184c,BLACK CHUNKY BEAD BRACELET W STRAP,9.15,1,1,0,9.15
18098B,BLUE PORCELAIN B'FLY OIL BURNER,8.85,3,3,3,2.95
20882,MODERN CHRISTMAS TREE CANDLE,8.85,3,2,1,2.95
35598C,WHITE CHRISTMAS TREE 60CM,8.85,3,3,3,2.95
62097A,PINK STRIPES SHOULDER BAG,8.85,3,3,1,2.95
71496B,A4 WALL TIDY RED FLOWERS,8.67,15,6,6,0.58
20739,*USB Office Glitter Lamp,8.65,1,1,0,8.65
21406,SPOTTY CAT DOORSTOP,8.65,1,1,0,8.65
90013E,AMBER VINTAGE EARRINGS,8.57,2,2,0,4.29
84572,6 HOOK JEWEL STAND LILAC DRESS,8.49,1,1,1,8.49
90126B,BLUE BERTIE MOBILE PHONE CHARM,8.48,3,3,0,2.83
72803b,OCEAN SCENT CANDLE JEWELLED DRAWER,8.47,1,1,0,8.47
84030b,KNITTED POM POM HOT WATER BOTTLE,8.46,1,1,0,8.46
23612,SET 10 MINICARDS CUTE SNOWMAN 17071,8.3,5,2,0,1.66
84534b,FAIRY CAKE NOTEBOOK A5 SIZE,8.3,5,4,0,1.66
72802c,VANILLA SCENT CANDLE JEWELLED BOX,8.29,1,1,0,8.29
85034b,3 WHITE CHOC MORRIS BOXED CANDLES,8.29,1,1,0,8.29
84029c,BROWN FURRY HOT WATER BOTTLE,7.78,1,1,0,7.78
44091A,BLUE CRUSOE CHECK LAMPSHADE,7.56,18,6,6,0.42
20942,SET/6 GINGERBREAD TREE T-LIGHTS,7.5,6,4,4,1.25
46037A,PINK CANVAS DES CUSHION COVER,7.5,6,2,2,1.25
82011E,"BATHROOM SCALES, FAG BREAK",7.5,2,2,2,3.75
90025A,BAROQUE BUTTERFLY EARRINGS BLACK,7.5,2,2,2,3.75
82613a,"METAL SIGN,CUPCAKE SINGLE HOOK",7.48,3,3,0,2.49
23633,SET 10 CARDS WORLD CHILDREN 17067,7.47,3,3,0,2.49
84201B,HAPPY BIRTHDAY CARD STRIPEY TEDDY,7.41,39,8,6,0.19
90111,BLUE HIBISCUS  HAIR CLIP,7.35,7,6,6,1.05
35001P,HAND OPEN SHAPE PINK,6.98,2,2,2,3.49
85230C,ROSE SCENTED VOTIVE CANDLE,6.96,24,1,1,0.29
85230D,VANILLA SCENTED VOTIVE CANDLE,6.96,24,1,1,0.29
84705b,FAIRY CAKES PHOTO FRAME,6.86,2,2,0,3.43
37484,ENGLISH ROSE TEA FOR ONE GIFT BOX,6.75,1,1,1,6.75
48173A,DOOR MAT BLUE FLOCK,6.75,1,1,1,6.75
23604,SET 10 MINI SANTA & SNOWMAN  17087,6.64,4,2,0,1.66
20678,LARGE BLACK DIAMANTE HAIRSLIDE,6.6,4,1,1,1.65
20858,SILVER PURSE GOLD PINK BUTTERFLY,6.6,4,1,1,1.65
85231b,CINAMMON SET OF 9 T-LIGHTS,6.58,4,4,0,1.65
84536b,FAIRY CAKES NOTEBOOK A7 SIZE,6.48,8,4,0,0.81
20884,MODERN CHRISTMAS TREE CANDLE,6.3,3,3,2,2.1
79140,ASS WINDPROOF MARIJUANA LIGHTERS,6.3,15,2,2,0.42
20673,STRAWBERRIES PRINT BOWL,6.25,5,2,2,1.25
37408,ASSORTED DESIGN GEISHA GIRL MUGS,6.25,5,1,1,1.25
82072,WHITE WOOD SINGLE P/FRAME,6.25,5,3,3,1.25
23610,SET 10 CARDS CHRISTMAS ROBIN 17095,6.24,3,3,0,2.08
79051a,SMOKEY GREY COLOUR D.O.F. GLASS,6.04,1,1,0,6.04
85123b,ZINC HANGING HEART T-LITE HLDR,6.04,1,1,0,6.04
37409,ASSORTED DESIGN FLOWER MUGS,5.95,7,3,3,0.85
72751A,"F.FAIRY S/3 SML CANDLE,LILY/VALLEY",5.95,1,1,1,5.95
72751B,"F.FAIRY S/3 SML CANDLE, LAVENDER",5.95,1,1,1,5.95
72751C,"F.FAIRY S/3 SML CANDLE, ROSE",5.95,1,1,1,5.95
85077,KISSING REINDEER TABLE RUNNER,5.95,1,1,0,5.95
85184d,S/4 BLUE ROUND DECOUPAGE BOXES,5.91,1,1,0,5.91
18098A,PINK PORCELAIN B'FLY OIL BURNER,5.9,2,2,2,2.95
35821P,"JEWELLED DECORATION,PINK",5.9,2,2,2,2.95
35823P,"ACRYLIC BEAD GARLAND,PINK",5.9,2,2,2,2.95
79303A,WHITE ROHMBIC BLOCK TABLE LAMP,5.9,2,1,1,2.95
35051B,PINK BEADED CONE CHRISTMAS,5.88,14,2,2,0.42
85186B,BUNNY BUNCH OF FLOWERS,5.88,14,2,2,0.42
23617,SET 10 CARDS SWIRLY XMAS TREE 17104,5.82,2,1,0,2.91
23638,SET 10 CARDS ROBIN WATERPUMP  17096,5.82,2,2,0,2.91
23652,SET 10 CARD CHRISTMAS STAMPS 16963,5.82,2,1,0,2.91
23630,SET 10 CARDS HANGING BAUBLES 17080,5.48,2,2,1,2.74
35537,CANDLE RING W/CLEAR BEADS,5.46,13,3,3,0.42
21838,DADDY MOUSE RED GINGHAM BOW TIE,5.45,1,1,1,5.45
35751D,PINK CURRENT CANDLE RING,5.32,28,1,1,0.19
16215,FUNKY GIRLZ MAGNETIC TO DO LIST,5.2,8,3,3,0.65
21854,EURO FOOTBALL STARS TOP TRUMPS GAME,5.17,1,1,0,5.17
21860,DR WHO TOP TRUMPS GAME,5.17,1,1,0,5.17
71101A,ANGEL ON KNEES METAL POLE 100CM H,5.1,6,1,1,0.85
71434B,"BLACK RND BULLET""KEEP CLEAN"" BIN",5.1,2,2,1,2.55
90142B,IVORY PENDANT SHELL NECKLACE,5.09,1,1,0,5.09
90142C,ROSE PINK PENDANT SHELL NECKLACE,5.09,1,1,0,5.09
84942,KASHMIR FOLKART HEART DISHES,5.07,3,3,3,1.69
72740B,LARGE WHITE CHOCOLATE CANDLE,5.06,1,1,0,5.06
DCGS0041,HAYNES MINI-COOPER PLAYING CARDS,5.06,1,1,0,5.06
20877,MODERN CHRISTMAS BAUBLE CANDLE,5.04,12,5,3,0.42
84596j,MIXED NUTS LIGHT GREEN BOWL,5.02,2,2,0,2.51
23649,SET 10 CARDS DECK THE HALLS 16960,4.98,2,2,0,2.49
47593b,SCOTTIE DOGS BABY BIB,4.98,6,1,0,0.83
84661b,BLACK SQUARE TABLE CLOCK,4.96,1,1,0,4.96
37451,CERAMIC CAKE TEAPOT WITH CHERRY,4.95,1,1,1,4.95
85043,RED HEART CANDY POP LIGHTS,4.95,1,1,1,4.95
85232C,RUSSIAN FOLKART STACKING TINS,4.95,1,1,1,4.95
84971l,LARGE HEART FLOWERS HOOK,4.92,2,1,0,2.46
85049d,BRIGHT BLUES RIBBONS,4.92,2,2,0,2.46
90214U,"LETTER ""U"" BLING KEY RING",4.73,13,2,2,0.36
45014,FOLDING SHIRT TIDY,4.65,1,1,1,4.65
81953B,ROUND BLUE CLOCK WITH SUCKER,4.64,14,6,5,0.33
79151B,"SILICON CUBE 25W, BLUE",4.62,11,2,2,0.42
37326,FAIRY DESIGN MUGS,4.61,2,2,1,2.3
72529w,WHITE ADVENT CANDLE,4.3,1,1,0,4.3
21409,SPOTTY COCKEREL DOORSTOP,4.25,1,1,1,4.25
72752A,"F.FAIRY,CANDLE IN GLASS,LILY/VALLEY",4.25,1,1,1,4.25
79157B,UBO-LIGHT TRIOBASE BLUE,4.25,5,3,3,0.85
79157V,UBO-LIGHT TRIOBASE PURPLE,4.25,5,3,3,0.85
47594a,CAROUSEL DESIGN WASHBAG,4.21,1,1,0,4.21
84255A,PINK GLASS COCKTAIL LAMP,4.2,2,2,2,2.1
46776b,WOVEN BERRIES CUSHION COVER,4.13,1,1,0,4.13
46776e,WOVEN CANDY CUSHION COVER,4.13,1,1,0,4.13
37432,MUG PINK AND PURPLE ARABIC DESIGN,3.9,6,1,1,0.65
72084B,CHOCOLATE ICE CREAM CANDLE,3.9,2,1,1,1.95
16010,FOLDING CAMPING SCISSOR W/KNIF & S,3.84,32,4,4,0.12
35995,SET/6 BLACK GLITTER REINDEER CANDLE,3.78,5,5,4,0.76
35974,S/6 CHRISTMAS TREE PLACE SETTING,3.75,1,1,1,3.75
37438,FUNKY FLOWER COFFEE POT,3.75,1,1,1,3.75
40046C,PINK BUTTERFLY PAPER LAMPSHADE,3.75,3,3,3,1.25
90004A,JADE GREEN PAIR ENAMEL HAIR SLIDES,3.75,1,1,1,3.75
84731,3 BIRDS CANVAS SCREEN,3.69,3,3,3,1.23
35818C,"ACRYLIC JEWEL ICICLE, CLEAR",3.43,1,1,0,3.43
21081,SET/20 POSIES PAPER NAPKINS,3.4,4,4,4,0.85
84559d,3D SHEET OF SEA WORLD STICKERS,3.38,2,1,0,1.69
23643,SET 10 CARDS CHRISTMAS BAUBLE 16954,3.33,1,1,0,3.33
20683,RAIN GIRL CHILDS UMBRELLA,3.25,1,1,1,3.25
84985b,SET OF 72 BLACK PAPER DOILIES,2.98,1,1,0,2.98
20885,BOX OF 3 PEBBLE CANDLES,2.95,1,1,1,2.95
79301,FEATHER HEART LIGHTS,2.95,1,1,1,2.95
23602,SET 10 CARDS 3 WISE MEN 17107,2.91,1,1,0,2.91
23609,SET 10 CARDS SNOWY ROBIN 17099,2.91,1,1,0,2.91
23628,SET 10 CARDS TRIANGLE ICONS  17220,2.91,1,1,0,2.91
90183c,BLACK DROP EARRINGS W LONG BEADS,2.9,1,1,0,2.9
DCGS0044,HANDZ-OFF CAR FRESHENER,2.57,1,1,0,2.57
20881,MODERN CHRISTMAS TREE CANDLE,2.55,3,2,1,0.85
21036,SET/2 TEA TOWELS MODERN VINTAGE,2.55,1,1,1,2.55
35999,S/6 SCANDINAVIAN HEART T-LIGHT,2.55,1,1,1,2.55
47554,S/3 COLOURS FLOCK TEA TOWELS,2.55,1,1,1,2.55
47556,SET/2 SPOTTY + ROSE TEA TOWELS,2.55,1,1,1,2.55
47569,ENGLISH ROSE DESIGN SHOPPING BAG,2.55,1,1,1,2.55
85171,S/2 HYACINTH BULB CANDLES,2.55,1,1,1,2.55
90091,CRYSTAL DRAGONFLY PHONE CHARM,2.55,3,2,2,0.85
17028J,INCENSE BAZAAR PEACH,2.52,6,1,1,0.42
21008,ETCHED GLASS HEART TREE DECORATION,2.51,1,1,0,2.51
47593a,CAROUSEL DESIGN BABY BIB,2.51,1,1,0,2.51
DCGS0062,ROAD-RAGE CAR FRESHENER,2.51,1,1,0,2.51
21225,POCKET MIRROR BUTTERFLY,2.5,2,2,2,1.25
21290,LARGE SPOTTY CHOCOLATE GIFT BAG,2.5,2,1,0,1.25
90127B,BLUE BEADS+HAND PHONE CHARM,2.5,2,2,2,1.25
84596l,BISCUITS SMALL BOWL LIGHT BLUE,2.46,1,1,0,2.46
85049c,ROMANTIC PINKS RIBBONS,2.46,1,1,0,2.46
84510b,SET OF 4 FAIRY CAKES COASTERS,2.15,1,1,0,2.15
17061,ASSORTED SHAPED STENCIL FOR HENNA,2.08,52,1,1,0.04
35945,GOLD CHRISTMAS STOCKING DECORATION,1.95,1,1,1,1.95
46138D,GREEN CHENILLE SHAGGY C/COVER,1.95,1,1,1,1.95
84814A,HEXAGONAL CRYSTAL PERFUME BOTTLE,1.95,1,1,1,1.95
85192S,HANGING SPRING FLOWER HEART SMALL,1.95,3,2,2,0.65
84201C,HAPPY BIRTHDAY CARD TEDDY/CAKE,1.9,10,3,3,0.19
84206C,CHAMPAGNE TRAY BLANK CARD,1.9,10,4,4,0.19
84206B,CAT WITH SUNGLASSES BLANK CARD,1.71,9,2,2,0.19
20737,RED MINI TAPE MEASURE,1.7,1,1,0,1.7
30086C,ASSORTED FRUIT STRAWS,1.7,1,1,0,1.7
35837,SET OF SIX SILVER+RED FLOCK BAUBLES,1.7,2,1,1,0.85
72754D,F FAIRY POTPOURRI CUSHIONS SUMMER,1.69,1,1,1,1.69
10109,BENDY COLOUR PENCILS,1.68,4,1,1,0.42
85231e,STRAWBERRY SCENTED SET/9 T-LIGHTS,1.66,1,1,0,1.66
21585,SWALLOW SMALL TUBE MATCHES,1.65,1,1,1,1.65
23664,FLOWER SHOP DESIGN MUG,1.65,1,1,1,1.65
72796C,S/3 ROSE GARDEN SCENT SQU CANDLE,1.65,1,1,1,1.65
85024A,CRYSTAL SMALL JEWELLED PHOTOFRAME,1.65,1,1,1,1.65
35980B,RED TOP SCANDINAVIAN HEART,1.52,4,2,2,0.38
35950,FOLKART HEART CHRISTMAS DECORATIONS,1.25,1,1,1,1.25
35976B,WHITE SCANDINAVIAN HEART CHRISTMAS,1.25,1,1,1,1.25
84845A,HOLLYHOCK SQUARE HANDY TIN,1.25,1,1,1,1.25
TEST002,This is a test product.,1.0,1,1,1,1.0
20721,OWLS CHARLOTTE BAG,0.85,1,1,1,0.85
51014c,"FEATHER PEN,COAL BLACK",0.83,1,1,0,0.83
35930,PINK HEART CHRISTMAS DECORATION,0.38,1,1,1,0.38
84205C,HAPPY BIRTHDAY GINGER CAT CARD,0.38,2,1,1,0.19
PADS,PADS TO MATCH ALL CUSHIONS,0.02,17,17,15,0.0
