year_filter,country_filter,customer_type_filter,invoice_month,revenue,quantity,orders
All,All,All,2009-12,822483.95,425461,1682
All,All,All,2010-01,651155.112,390672,1105
All,All,All,2010-02,551504.726,381879,1201
All,All,All,2010-03,830915.261,526026,1681
All,All,All,2010-04,678875.252,366705,1462
All,All,All,2010-05,657705.5,395868,1500
All,All,All,2010-06,749537.31,406820,1645
All,All,All,2010-07,648810.27,337895,1529
All,All,All,2010-08,695251.91,472380,1425
All,All,All,2010-09,921696.991,583864,1839
All,All,All,2010-10,1161902.22,619996,2301
All,All,All,2010-11,1464293.142,725161,2747
All,All,All,2010-12,821452.73,358019,1559
All,All,All,2011-01,689811.61,387099,1086
All,All,All,2011-02,522545.56,282934,1100
All,All,All,2011-03,716215.26,376599,1454
All,All,All,2011-04,536968.491,307953,1246
All,All,All,2011-05,769296.61,395001,1681
All,All,All,2011-06,760547.01,388511,1533
All,All,All,2011-07,718076.121,399693,1475
All,All,All,2011-08,757841.38,421020,1361
All,All,All,2011-09,1056435.192,569573,1837
All,All,All,2011-10,1151263.73,621029,2040
All,All,All,2011-11,1503866.78,751377,2769
All,All,All,2011-12,637808.33,313613,819
All,All,One-time,2009-12,19860.84,10933,84
All,All,One-time,2010-01,9927.16,5087,47
All,All,One-time,2010-02,19579.451,11846,59
All,All,One-time,2010-03,37005.63,15053,79
All,All,One-time,2010-04,21298.071,12584,63
All,All,One-time,2010-05,24946.89,26014,55
All,All,One-time,2010-06,16290.04,10529,65
All,All,One-time,2010-07,9208.51,5692,46
All,All,One-time,2010-08,12576.13,9020,45
All,All,One-time,2010-09,37274.9,102449,72
All,All,One-time,2010-10,44652.32,26160,128
All,All,One-time,2010-11,43186.59,25457,133
All,All,One-time,2010-12,9017.23,4796,34
All,All,One-time,2011-01,14082.76,6804,31
All,All,One-time,2011-02,13650.01,6283,50
All,All,One-time,2011-03,21010.02,11246,66
All,All,One-time,2011-04,12279.66,6364,41
All,All,One-time,2011-05,13303.42,6922,38
All,All,One-time,2011-06,10043.25,6462,41
All,All,One-time,2011-07,10323.61,7827,28
All,All,One-time,2011-08,19320.56,10951,43
All,All,One-time,2011-09,40024.82,24264,85
All,All,One-time,2011-10,47124.69,30002,127
All,All,One-time,2011-11,42855.340000000004,27502,136
All,All,One-time,2011-12,11430.66,7560,27
All,All,Repeat,2009-12,663643.17,387727,1428
All,All,Repeat,2010-01,545875.512,364995,964
All,All,Repeat,2010-02,484979.505,360015,1045
All,All,Repeat,2010-03,659972.841,487047,1445
All,All,Repeat,2010-04,570683.931,338003,1266
All,All,Repeat,2010-05,572886.49,358946,1322
All,All,Repeat,2010-06,620081.09,379343,1432
All,All,Repeat,2010-07,580527.66,318940,1335
All,All,Repeat,2010-08,589648.47,443522,1248
All,All,Repeat,2010-09,791739.051,464704,1617
All,All,Repeat,2010-10,988459.6900000001,570272,2005
All,All,Repeat,2010-11,1123273.432,627611,2454
All,All,Repeat,2010-12,561405.5,306252,1366
All,All,Repeat,2011-01,554018.55,341669,956
All,All,Repeat,2011-02,432434.91,258744,947
All,All,Repeat,2011-03,573071.74,336336,1255
All,All,Repeat,2011-04,456094.67100000003,285002,1108
All,All,Repeat,2011-05,664051.73,365942,1517
All,All,Repeat,2011-06,650002.8,356552,1352
All,All,Repeat,2011-07,588639.291,359533,1303
All,All,Repeat,2011-08,624730.48,386422,1237
All,All,Repeat,2011-09,910665.382,519388,1670
All,All,Repeat,2011-10,988517.76,561541,1802
All,All,Repeat,2011-11,1113350.27,638421,2521
All,All,Repeat,2011-12,505777.78,279218,751
All,All,Unknown,2009-12,138979.94,26801,170
All,All,Unknown,2010-01,95352.44,20590,94
All,All,Unknown,2010-02,46945.77,10018,97
All,All,Unknown,2010-03,133936.79,23926,157
All,All,Unknown,2010-04,86893.25,16118,133
All,All,Unknown,2010-05,59872.12,10908,123
All,All,Unknown,2010-06,113166.18,16948,148
All,All,Unknown,2010-07,59074.1,13263,148
All,All,Unknown,2010-08,93027.31,19838,132
All,All,Unknown,2010-09,92683.04,16711,150
All,All,Unknown,2010-10,128790.20999999999,23564,168
All,All,Unknown,2010-11,297833.12,72093,160
All,All,Unknown,2010-12,251030.0,46971,159
All,All,Unknown,2011-01,121710.3,38626,99
All,All,Unknown,2011-02,76460.64,17907,103
All,All,Unknown,2011-03,122133.5,29017,133
All,All,Unknown,2011-04,68594.16,16587,97
All,All,Unknown,2011-05,91941.45999999999,22137,126
All,All,Unknown,2011-06,100500.95999999999,25497,140
All,All,Unknown,2011-07,119113.22,32333,144
All,All,Unknown,2011-08,113790.34,23647,81
All,All,Unknown,2011-09,105744.99,25921,82
All,All,Unknown,2011-10,115621.28,29486,111
All,All,Unknown,2011-11,347661.17,85454,112
All,All,Unknown,2011-12,120599.89,26835,41
All,Australia,All,2009-12,271.1,160,2
All,Australia,All,2010-02,1029.66,624,3
All,Australia,All,2010-03,429.39,191,2
All,Australia,All,2010-04,630.95,560,2
All,Australia,All,2010-05,2371.15,667,6
All,Australia,All,2010-06,3214.78,2280,3
All,Australia,All,2010-07,686.12,224,3
All,Australia,All,2010-08,176.0,88,1
All,Australia,All,2010-09,785.83,293,2
All,Australia,All,2010-10,2989.15,1881,9
All,Australia,All,2010-11,18245.52,12900,5
All,Australia,All,2010-12,965.35,457,3
All,Australia,All,2011-01,9017.710000000001,5644,9
All,Australia,All,2011-02,14695.42,8680,5
All,Australia,All,2011-03,17223.99,10439,3
All,Australia,All,2011-04,771.6,225,2
All,Australia,All,2011-05,13638.41,8999,4
All,Australia,All,2011-06,25187.77,15981,4
All,Australia,All,2011-07,4964.38,5318,7
All,Australia,All,2011-08,22489.2,12570,2
All,Australia,All,2011-09,5106.7300000000005,4079,8
All,Australia,All,2011-10,17150.53,7401,4
All,Australia,All,2011-11,7242.72,4098,6
All,Austria,All,2009-12,1998.34,564,2
All,Austria,All,2010-02,1118.8600000000001,480,3
All,Austria,All,2010-03,925.13,401,5
All,Austria,All,2010-04,1388.54,798,1
All,Austria,All,2010-05,622.04,655,1
All,Austria,All,2010-06,268.1,281,1
All,Austria,All,2010-08,1043.15,689,1
All,Austria,All,2010-09,1940.17,1217,5
All,Austria,All,2010-10,1236.7,351,4
All,Austria,All,2010-11,2873.3,1261,5
All,Austria,All,2010-12,277.2,51,1
All,Austria,All,2011-02,518.36,342,2
All,Austria,All,2011-03,1708.1200000000001,982,2
All,Austria,All,2011-04,680.78,311,2
All,Austria,All,2011-05,1249.4299999999998,476,2
All,Austria,All,2011-07,1191.95,573,2
All,Austria,All,2011-08,1516.08,790,2
All,Austria,All,2011-10,1043.78,491,1
All,Austria,All,2011-11,1329.78,717,2
All,Austria,All,2011-12,683.2,148,1
All,Bahrain,All,2010-02,439.85,159,1
All,Bahrain,All,2010-03,548.8,98,2
All,Bahrain,All,2010-05,585.96,352,2
All,Bahrain,All,2010-06,463.28,224,1
All,Bahrain,All,2010-10,317.76,192,1
All,Bahrain,All,2010-12,205.74,54,1
All,Bahrain,All,2011-05,548.4,260,2
All,Belgium,All,2009-12,447.6,153,3
All,Belgium,All,2010-01,1634.02,717,4
All,Belgium,All,2010-02,3209.0,704,3
All,Belgium,All,2010-03,884.52,481,3
All,Belgium,All,2010-04,2570.39,1445,4
All,Belgium,All,2010-05,98.15,38,1
All,Belgium,All,2010-06,3800.34,1588,6
All,Belgium,All,2010-07,1914.23,1393,7
All,Belgium,All,2010-08,1713.62,954,3
All,Belgium,All,2010-09,1190.91,651,5
All,Belgium,All,2010-10,1475.72,664,5
All,Belgium,All,2010-11,5252.98,2743,7
All,Belgium,All,2010-12,1809.91,1755,5
All,Belgium,All,2011-01,1200.2,792,3
All,Belgium,All,2011-02,2181.07,1102,8
All,Belgium,All,2011-03,3351.98,1783,9
All,Belgium,All,2011-04,1989.48,1183,6
All,Belgium,All,2011-05,2732.4,1829,9
All,Belgium,All,2011-06,4274.82,2245,11
All,Belgium,All,2011-07,2475.57,1679,5
All,Belgium,All,2011-08,3554.02,2069,9
All,Belgium,All,2011-09,4208.02,1969,7
All,Belgium,All,2011-10,5685.38,3170,11
All,Belgium,All,2011-11,6315.76,2560,11
All,Belgium,All,2011-12,1417.73,1101,4
All,Bermuda,All,2010-03,1253.1399999999999,2798,1
All,Brazil,All,2010-09,268.27,189,1
All,Brazil,All,2011-04,1143.6,356,1
All,Canada,All,2010-10,834.89,671,1
All,Canada,All,2010-11,381.77000000000004,223,1
All,Canada,All,2011-03,140.54,88,1
All,Canada,All,2011-05,534.24,504,1
All,Canada,All,2011-06,1171.46,1092,1
All,Canada,All,2011-07,1768.58,1027,2
All,Canada,All,2011-08,51.56,52,1
All,Channel Islands,All,2009-12,989.18,439,1
All,Channel Islands,All,2010-01,838.75,193,1
All,Channel Islands,All,2010-03,1065.12,996,1
All,Channel Islands,All,2010-04,926.82,367,1
All,Channel Islands,All,2010-05,5378.52,2403,6
All,Channel Islands,All,2010-06,845.0,500,1
All,Channel Islands,All,2010-08,1363.14,662,2
All,Channel Islands,All,2010-09,6156.34,3341,9
All,Channel Islands,All,2010-10,4341.19,1899,4
All,Channel Islands,All,2010-11,2278.73,1111,3
All,Channel Islands,All,2010-12,363.53,80,1
All,Channel Islands,All,2011-01,675.58,259,1
All,Channel Islands,All,2011-02,1784.71,935,1
All,Channel Islands,All,2011-03,3509.33,2104,3
All,Channel Islands,All,2011-04,293.0,97,1
All,Channel Islands,All,2011-05,1207.24,224,2
All,Channel Islands,All,2011-06,2060.0299999999997,836,1
All,Channel Islands,All,2011-08,4886.88,2003,5
All,Channel Islands,All,2011-09,1323.75,764,2
All,Channel Islands,All,2011-10,2623.32,1407,5
All,Channel Islands,All,2011-11,1514.77,716,3
All,Channel Islands,All,2011-12,198.4,60,1
All,Cyprus,All,2009-12,3541.68,1572,4
All,Cyprus,All,2010-01,76.52000000000001,32,1
All,Cyprus,All,2010-02,750.49,294,2
All,Cyprus,All,2010-03,2879.19,1055,5
All,Cyprus,All,2010-04,1151.7,459,2
All,Cyprus,All,2010-05,515.61,144,1
All,Cyprus,All,2010-06,489.8,100,1
All,Cyprus,All,2010-09,993.1800000000001,493,3
All,Cyprus,All,2010-10,551.33,253,1
All,Cyprus,All,2010-11,397.59999999999997,208,1
All,Cyprus,All,2010-12,1587.07,916,1
All,Cyprus,All,2011-01,547.5,144,1
All,Cyprus,All,2011-02,4334.24,2191,6
All,Cyprus,All,2011-03,938.39,1005,1
All,Cyprus,All,2011-06,1109.32,356,1
All,Cyprus,All,2011-09,196.35,33,1
All,Cyprus,All,2011-10,4350.32,1402,4
All,Cyprus,All,2011-11,439.66,293,1
All,Czech Republic,All,2011-02,549.26,346,1
All,Czech Republic,All,2011-10,277.48,325,1
All,Denmark,All,2009-12,1437.66,574,2
All,Denmark,All,2010-01,7870.6,63754,2
All,Denmark,All,2010-02,19809.899999999998,93230,2
All,Denmark,All,2010-03,7595.18,64302,2
All,Denmark,All,2010-04,748.0,576,1
All,Denmark,All,2010-06,2695.51,1887,4
All,Denmark,All,2010-07,591.6600000000001,164,1
All,Denmark,All,2010-08,2643.03,1520,3
All,Denmark,All,2010-09,1725.25,1307,3
All,Denmark,All,2010-10,448.6,169,2
All,Denmark,All,2010-11,4059.96,1753,3
All,Denmark,All,2010-12,1281.5,454,1
All,Denmark,All,2011-02,399.22,224,1
All,Denmark,All,2011-03,3978.99,879,1
All,Denmark,All,2011-05,515.7,368,1
All,Denmark,All,2011-06,3261.15,1544,3
All,Denmark,All,2011-07,376.24,241,1
All,Denmark,All,2011-08,213.15,338,1
All,Denmark,All,2011-09,4570.160000000001,1608,3
All,Denmark,All,2011-10,1490.76,869,3
All,Denmark,All,2011-11,2699.57,1537,2
All,Denmark,All,2011-12,168.9,173,1
All,EIRE,All,2009-12,20099.74,9414,20
All,EIRE,All,2010-01,65258.43,30809,32
All,EIRE,All,2010-02,21538.8,11631,18
All,EIRE,All,2010-03,22989.46,14797,27
All,EIRE,All,2010-04,23904.58,13739,19
All,EIRE,All,2010-05,19104.93,9752,19
All,EIRE,All,2010-06,22934.34,12306,24
All,EIRE,All,2010-07,35722.32,15415,28
All,EIRE,All,2010-08,26005.71,15808,27
All,EIRE,All,2010-09,36958.12,20107,35
All,EIRE,All,2010-10,50079.05,20053,47
All,EIRE,All,2010-11,31031.31,15491,42
All,EIRE,All,2010-12,10033.26,5770,17
All,EIRE,All,2011-01,21904.19,8794,7
All,EIRE,All,2011-02,12203.74,5968,13
All,EIRE,All,2011-03,22197.51,9580,23
All,EIRE,All,2011-04,7570.5,4135,11
All,EIRE,All,2011-05,18003.72,8016,22
All,EIRE,All,2011-06,24863.61,12905,28
All,EIRE,All,2011-07,42738.85,22107,27
All,EIRE,All,2011-08,18344.2,10072,19
All,EIRE,All,2011-09,42923.7,22983,38
All,EIRE,All,2011-10,24302.920000000002,15900,31
All,EIRE,All,2011-11,30713.43,16655,42
All,EIRE,All,2011-12,7340.89,4122,10
All,European Community,All,2011-04,191.4,34,1
All,European Community,All,2011-06,432.05,130,2
All,European Community,All,2011-07,676.8000000000001,335,1
All,Finland,All,2009-12,549.08,134,1
All,Finland,All,2010-01,801.42,263,2
All,Finland,All,2010-04,1255.13,649,3
All,Finland,All,2010-05,837.11,370,1
All,Finland,All,2010-06,534.14,242,1
All,Finland,All,2010-07,956.23,362,2
All,Finland,All,2010-09,864.68,763,2
All,Finland,All,2010-10,1166.69,675,2
All,Finland,All,2010-11,414.98,213,2
All,Finland,All,2010-12,892.8,1254,1
All,Finland,All,2011-01,889.02,765,2
All,Finland,All,2011-02,205.16,141,1
All,Finland,All,2011-03,5936.82,2536,5
All,Finland,All,2011-04,1688.92,818,4
All,Finland,All,2011-06,329.56,157,1
All,Finland,All,2011-07,2996.73,1273,3
All,Finland,All,2011-08,1376.5,693,3
All,Finland,All,2011-09,1105.45,515,4
All,Finland,All,2011-10,2822.12,1115,6
All,Finland,All,2011-11,3070.24,1087,8
All,Finland,All,2011-12,1232.76,350,3
All,France,All,2009-12,6521.69,3688,13
All,France,All,2010-01,8465.63,5313,12
All,France,All,2010-02,9024.16,4996,17
All,France,All,2010-03,8637.79,4541,16
All,France,All,2010-04,7642.9800000000005,4156,11
All,France,All,2010-05,13912.55,8821,16
All,France,All,2010-06,9172.539999999999,5709,23
All,France,All,2010-07,11537.64,4131,18
All,France,All,2010-08,16570.32,89914,10
All,France,All,2010-09,14531.33,6960,26
All,France,All,2010-10,15207.57,9921,28
All,France,All,2010-11,19588.52,11690,40
All,France,All,2010-12,9616.31,4989,21
All,France,All,2011-01,17740.12,9199,29
All,France,All,2011-02,8515.96,5340,21
All,France,All,2011-03,14584.95,8688,25
All,France,All,2011-04,5529.61,2287,14
All,France,All,2011-05,17606.48,9784,39
All,France,All,2011-06,16348.41,9705,31
All,France,All,2011-07,10000.19,5664,22
All,France,All,2011-08,13810.96,7958,28
All,France,All,2011-09,23428.04,13002,45
All,France,All,2011-10,33471.05,13801,35
All,France,All,2011-11,31696.37,17858,64
All,France,All,2011-12,7294.92,3786,18
All,Germany,All,2009-12,9830.27,4774,18
All,Germany,All,2010-01,12562.11,6321,21
All,Germany,All,2010-02,9124.25,4789,27
All,Germany,All,2010-03,16698.08,8883,28
All,Germany,All,2010-04,23683.231,12557,31
All,Germany,All,2010-05,9108.36,4246,17
All,Germany,All,2010-06,15668.43,9314,27
All,Germany,All,2010-07,20274.29,13100,26
All,Germany,All,2010-08,9943.119999999999,5264,24
All,Germany,All,2010-09,17708.68,9243,32
All,Germany,All,2010-10,21499.98,11830,38
All,Germany,All,2010-11,30240.510000000002,15679,43
All,Germany,All,2010-12,15205.74,6865,30
All,Germany,All,2011-01,16880.84,9053,31
All,Germany,All,2011-02,9581.050000000001,4245,19
All,Germany,All,2011-03,14392.69,7739,32
All,Germany,All,2011-04,12315.539999999999,5764,23
All,Germany,All,2011-05,25734.7,12987,42
All,Germany,All,2011-06,13246.35,7438,24
All,Germany,All,2011-07,16440.98,9096,33
All,Germany,All,2011-08,19220.77,9641,39
All,Germany,All,2011-09,18079.47,11153,41
All,Germany,All,2011-10,31628.42,17732,58
All,Germany,All,2011-11,27967.68,13435,68
All,Germany,All,2011-12,7984.17,4006,17
All,Greece,All,2009-12,610.95,441,1
All,Greece,All,2010-01,4798.35,1573,3
All,Greece,All,2010-03,522.73,259,1
All,Greece,All,2010-04,277.93,94,1
All,Greece,All,2010-05,2476.22,806,2
All,Greece,All,2010-06,302.4,120,1
All,Greece,All,2010-08,721.7099999999999,561,1
All,Greece,All,2010-09,780.06,146,1
All,Greece,All,2010-10,3084.02,1753,1
All,Greece,All,2010-11,761.3,414,1
All,Greece,All,2011-01,2661.24,526,1
All,Greece,All,2011-03,387.31,289,1
All,Greece,All,2011-04,609.74,262,1
All,Greece,All,2011-07,421.24,244,1
All,Greece,All,2011-12,680.99,236,1
All,Hong Kong,All,2010-04,2236.61,1367,1
All,Hong Kong,All,2010-05,2396.61,1,1
All,Hong Kong,All,2010-06,1685.6499999999999,939,1
All,Hong Kong,All,2010-08,1883.65,1,1
All,Hong Kong,All,2011-01,2230.96,1061,1
All,Hong Kong,All,2011-03,2583.76,1,1
All,Hong Kong,All,2011-04,1539.6399999999999,732,1
All,Hong Kong,All,2011-05,1966.16,1262,1
All,Hong Kong,All,2011-06,633.96,537,1
All,Hong Kong,All,2011-08,2813.95,736,2
All,Hong Kong,All,2011-09,2653.95,1,1
All,Hong Kong,All,2011-10,734.52,382,2
All,Hong Kong,All,2011-11,326.1,1,1
All,Iceland,All,2010-10,611.53,509,1
All,Iceland,All,2010-12,711.79,319,1
All,Iceland,All,2011-01,475.39,315,1
All,Iceland,All,2011-04,636.25,483,1
All,Iceland,All,2011-06,382.52,196,1
All,Iceland,All,2011-08,584.91,277,1
All,Iceland,All,2011-10,1294.32,676,1
All,Iceland,All,2011-12,224.82,192,1
All,Israel,All,2010-07,1950.98,762,1
All,Israel,All,2010-11,1248.42,370,1
All,Israel,All,2011-01,379.84000000000003,100,1
All,Israel,All,2011-02,779.1,286,1
All,Israel,All,2011-04,110.0,30,1
All,Israel,All,2011-07,1430.75,633,1
All,Israel,All,2011-08,4873.81,3028,1
All,Israel,All,2011-09,423.73,233,1
All,Israel,All,2011-10,132.18,96,2
All,Italy,All,2009-12,422.35,157,1
All,Italy,All,2010-01,39.67,1,1
All,Italy,All,2010-03,734.22,499,2
All,Italy,All,2010-04,1525.85,890,2
All,Italy,All,2010-05,2373.45,1042,4
All,Italy,All,2010-06,267.45,134,2
All,Italy,All,2010-09,1380.56,1074,2
All,Italy,All,2010-10,5208.22,2116,7
All,Italy,All,2010-11,2673.16,1287,6
All,Italy,All,2010-12,811.5,295,2
All,Italy,All,2011-01,2402.51,1121,3
All,Italy,All,2011-02,256.0,111,1
All,Italy,All,2011-03,1806.81,688,4
All,Italy,All,2011-04,737.83,653,2
All,Italy,All,2011-05,587.45,267,1
All,Italy,All,2011-06,202.07,55,2
All,Italy,All,2011-07,147.1,22,1
All,Italy,All,2011-08,1990.95,1147,4
All,Italy,All,2011-09,279.8,48,1
All,Italy,All,2011-10,3489.69,1597,7
All,Italy,All,2011-11,4571.08,2063,9
All,Italy,All,2011-12,200.45000000000002,45,1
All,Japan,All,2010-01,2.95,1,1
All,Japan,All,2010-02,193.72,117,2
All,Japan,All,2010-03,110.4,48,1
All,Japan,All,2010-06,594.68,428,2
All,Japan,All,2010-07,1253.3,726,3
All,Japan,All,2010-09,1895.0,1100,1
All,Japan,All,2010-10,1533.8899999999999,3199,1
All,Japan,All,2010-11,23.6,8,3
All,Japan,All,2010-12,7705.07,4093,3
All,Japan,All,2011-02,5780.8099999999995,2999,2
All,Japan,All,2011-03,48.9,21,3
All,Japan,All,2011-04,6548.5,8058,2
All,Japan,All,2011-05,1351.45,743,1
All,Japan,All,2011-06,1607.04,2256,1
All,Japan,All,2011-07,3854.4,2328,2
All,Japan,All,2011-09,112.07999999999998,144,1
All,Japan,All,2011-10,1948.0400000000002,1124,2
All,Japan,All,2011-11,8460.08,4250,2
All,Korea,All,2010-09,168.69000000000003,102,1
All,Korea,All,2010-11,949.82,598,1
All,Lebanon,All,2010-09,211.7,72,1
All,Lebanon,All,2011-01,1693.88,386,1
All,Lithuania,All,2010-07,1706.23,971,1
All,Lithuania,All,2010-11,1525.39,683,1
All,Lithuania,All,2010-12,1661.06,652,4
All,Malta,All,2010-02,1636.38,606,2
All,Malta,All,2010-08,3737.12,943,2
All,Malta,All,2011-06,863.16,402,2
All,Malta,All,2011-08,1119.0,382,2
All,Malta,All,2011-11,743.4300000000001,186,1
All,Netherlands,All,2009-12,15204.73,10822,6
All,Netherlands,All,2010-01,29230.77,20531,6
All,Netherlands,All,2010-02,17255.39,9883,8
All,Netherlands,All,2010-03,24447.98,16662,15
All,Netherlands,All,2010-04,6888.78,4944,10
All,Netherlands,All,2010-05,22416.53,14910,8
All,Netherlands,All,2010-06,24224.51,15761,8
All,Netherlands,All,2010-07,5532.64,3409,10
All,Netherlands,All,2010-08,25028.69,17667,10
All,Netherlands,All,2010-09,45037.14,29199,19
All,Netherlands,All,2010-10,17265.85,17628,12
All,Netherlands,All,2010-11,36058.74,22102,22
All,Netherlands,All,2010-12,8784.48,6811,3
All,Netherlands,All,2011-01,26611.16,20417,5
All,Netherlands,All,2011-02,23011.91,16387,5
All,Netherlands,All,2011-03,22416.489999999998,14828,8
All,Netherlands,All,2011-04,2976.56,1768,3
All,Netherlands,All,2011-05,29185.88,19936,11
All,Netherlands,All,2011-06,26858.09,19744,11
All,Netherlands,All,2011-07,26.02,10,1
All,Netherlands,All,2011-08,40327.81,29300,7
All,Netherlands,All,2011-09,26937.26,17309,7
All,Netherlands,All,2011-10,40708.65,27230,15
All,Netherlands,All,2011-11,25874.01,18663,15
All,Netherlands,All,2011-12,11728.02,7958,3
All,Nigeria,All,2010-01,27.82,1,1
All,Nigeria,All,2010-08,112.57,102,1
All,Norway,All,2009-12,485.31,182,1
All,Norway,All,2010-03,13916.34,2,2
All,Norway,All,2010-08,152.4,508,1
All,Norway,All,2010-09,973.69,619,1
All,Norway,All,2010-11,4629.32,2974,4
All,Norway,All,2010-12,3787.12,3582,2
All,Norway,All,2011-02,630.9,295,2
All,Norway,All,2011-03,1265.31,156,4
All,Norway,All,2011-06,5886.860000000001,2009,4
All,Norway,All,2011-07,890.0699999999999,586,1
All,Norway,All,2011-08,2025.81,636,2
All,Norway,All,2011-09,8678.94,4655,6
All,Norway,All,2011-10,3687.23,1692,7
All,Norway,All,2011-11,6527.5,3406,5
All,Norway,All,2011-12,2785.7,2319,3
All,Poland,All,2009-12,371.82,266,1
All,Poland,All,2010-03,318.86,194,1
All,Poland,All,2010-06,556.16,282,1
All,Poland,All,2010-07,374.75,143,1
All,Poland,All,2010-08,527.4399999999999,320,1
All,Poland,All,2010-09,349.47,231,2
All,Poland,All,2010-11,821.14,568,2
All,Poland,All,2010-12,248.16,140,1
All,Poland,All,2011-01,613.22,288,1
All,Poland,All,2011-02,604.05,297,2
All,Poland,All,2011-03,317.78,162,1
All,Poland,All,2011-04,705.84,432,1
All,Poland,All,2011-05,1522.37,616,3
All,Poland,All,2011-06,343.65,81,2
All,Poland,All,2011-07,687.3,288,2
All,Poland,All,2011-08,401.8,186,2
All,Poland,All,2011-09,529.25,253,2
All,Poland,All,2011-11,1361.23,941,2
All,Portugal,All,2009-12,2821.58,1575,2
All,Portugal,All,2010-01,117.72,1,1
All,Portugal,All,2010-02,458.83,245,3
All,Portugal,All,2010-03,2519.05,1349,2
All,Portugal,All,2010-04,85.53999999999999,46,1
All,Portugal,All,2010-05,757.2,216,2
All,Portugal,All,2010-06,3668.46,1632,4
All,Portugal,All,2010-07,288.1,72,1
All,Portugal,All,2010-08,463.21999999999997,189,2
All,Portugal,All,2010-09,2964.58,1795,6
All,Portugal,All,2010-10,2978.23,2224,5
All,Portugal,All,2010-11,5477.97,2144,8
All,Portugal,All,2010-12,2439.9700000000003,984,6
All,Portugal,All,2011-01,4055.71,2094,4
All,Portugal,All,2011-02,1213.9,558,2
All,Portugal,All,2011-03,2660.85,1626,5
All,Portugal,All,2011-04,1687.75,951,2
All,Portugal,All,2011-05,4202.2300000000005,315,5
All,Portugal,All,2011-06,884.46,421,3
All,Portugal,All,2011-07,2287.85,1436,3
All,Portugal,All,2011-08,1221.4,1026,1
All,Portugal,All,2011-09,1433.22,899,3
All,Portugal,All,2011-10,6184.22,3279,10
All,Portugal,All,2011-11,2603.3,1073,10
All,Portugal,All,2011-12,2808.19,1569,4
All,RSA,All,2010-02,931.43,591,1
All,RSA,All,2010-10,1435.29,1027,1
All,RSA,All,2010-11,1435.29,1,1
All,RSA,All,2011-10,1002.3100000000001,351,1
All,Saudi Arabia,All,2011-02,145.92,80,1
All,Singapore,All,2010-04,1252.95,509,1
All,Singapore,All,2010-09,2784.82,1244,3
All,Singapore,All,2011-01,2053.07,1091,1
All,Singapore,All,2011-04,8209.58,1389,3
All,Singapore,All,2011-07,3949.32,2160,1
All,Singapore,All,2011-10,7067.32,601,2
All,Spain,All,2009-12,7950.18,3279,5
All,Spain,All,2010-01,4179.59,1193,9
All,Spain,All,2010-02,554.04,279,4
All,Spain,All,2010-03,1671.77,1040,6
All,Spain,All,2010-04,833.98,490,2
All,Spain,All,2010-05,2854.58,1498,5
All,Spain,All,2010-06,2332.2,884,2
All,Spain,All,2010-07,1134.81,806,3
All,Spain,All,2010-08,1299.99,675,5
All,Spain,All,2010-09,3770.45,2325,6
All,Spain,All,2010-10,14066.13,6937,10
All,Spain,All,2010-11,6126.21,2968,7
All,Spain,All,2010-12,1843.73,867,4
All,Spain,All,2011-01,10086.09,3845,8
All,Spain,All,2011-02,2114.5,870,4
All,Spain,All,2011-03,5363.15,2545,8
All,Spain,All,2011-04,1785.65,953,3
All,Spain,All,2011-05,3257.6,1468,4
All,Spain,All,2011-06,3333.21,1538,8
All,Spain,All,2011-07,7620.7699999999995,3435,9
All,Spain,All,2011-08,3342.41,1598,10
All,Spain,All,2011-09,5189.24,2683,8
All,Spain,All,2011-10,8636.94,4352,8
All,Spain,All,2011-11,8669.06,3505,14
All,Spain,All,2011-12,316.21,274,2
All,Sweden,All,2009-12,285.29999999999995,174,1
All,Sweden,All,2010-01,1680.15,1537,3
All,Sweden,All,2010-02,8202.58,8497,7
All,Sweden,All,2010-03,1668.18,686,6
All,Sweden,All,2010-04,17698.12,18648,16
All,Sweden,All,2010-05,3556.76,6084,10
All,Sweden,All,2010-06,914.3000000000001,467,2
All,Sweden,All,2010-07,2590.78,2513,2
All,Sweden,All,2010-08,2702.94,1827,5
All,Sweden,All,2010-09,2899.56,3526,4
All,Sweden,All,2010-10,9369.41,7814,8
All,Sweden,All,2010-11,1933.91,782,5
All,Sweden,All,2010-12,3834.3,3954,2
All,Sweden,All,2011-01,3486.32,3097,2
All,Sweden,All,2011-02,509.5,250,1
All,Sweden,All,2011-03,4720.58,5407,3
All,Sweden,All,2011-04,809.1,310,2
All,Sweden,All,2011-05,2681.98,2833,3
All,Sweden,All,2011-06,832.0,404,3
All,Sweden,All,2011-07,6802.09,6006,3
All,Sweden,All,2011-08,1390.36,1309,5
All,Sweden,All,2011-09,4575.21,4344,3
All,Sweden,All,2011-10,5766.16,6151,3
All,Sweden,All,2011-11,2722.23,1973,5
All,Sweden,All,2011-12,238.0,40,1
All,Switzerland,All,2009-12,589.4,220,1
All,Switzerland,All,2010-02,477.68,306,1
All,Switzerland,All,2010-03,951.62,454,3
All,Switzerland,All,2010-04,1939.76,1201,2
All,Switzerland,All,2010-05,9825.16,5947,6
All,Switzerland,All,2010-06,2362.47,1882,2
All,Switzerland,All,2010-07,743.99,507,5
All,Switzerland,All,2010-08,2053.05,1062,3
All,Switzerland,All,2010-09,2474.44,1356,4
All,Switzerland,All,2010-10,8629.69,4611,6
All,Switzerland,All,2010-11,13570.73,4599,6
All,Switzerland,All,2010-12,1304.92,714,2
All,Switzerland,All,2011-01,4231.23,2993,3
All,Switzerland,All,2011-02,2654.92,1107,5
All,Switzerland,All,2011-03,1870.23,986,3
All,Switzerland,All,2011-04,2076.94,886,4
All,Switzerland,All,2011-05,3610.01,2249,3
All,Switzerland,All,2011-06,7904.15,3970,4
All,Switzerland,All,2011-07,3990.76,1825,6
All,Switzerland,All,2011-08,4969.89,2998,3
All,Switzerland,All,2011-09,8284.86,4255,7
All,Switzerland,All,2011-10,8050.73,4857,8
All,Switzerland,All,2011-11,8118.96,3777,6
All,Thailand,All,2010-06,1956.84,2028,1
All,Thailand,All,2010-07,1113.7,524,1
All,USA,All,2009-12,141.0,1,1
All,USA,All,2010-01,2289.59,1344,5
All,USA,All,2010-05,416.31,413,2
All,USA,All,2010-06,896.0699999999999,551,4
All,USA,All,2010-07,508.1,134,1
All,USA,All,2010-10,132.8,129,1
All,USA,All,2010-11,402.59999999999997,234,1
All,USA,All,2011-04,383.95,137,1
All,USA,All,2011-10,2311.2,1717,2
All,USA,All,2011-12,885.24,604,2
All,United Arab Emirates,All,2009-12,517.7,520,1
All,United Arab Emirates,All,2010-02,2822.0,1723,4
All,United Arab Emirates,All,2010-03,1201.52,1359,1
All,United Arab Emirates,All,2010-08,2047.28,1364,1
All,United Arab Emirates,All,2010-09,383.24,557,2
All,United Arab Emirates,All,2010-10,509.92,351,2
All,United Arab Emirates,All,2010-11,1713.69,465,2
All,United Arab Emirates,All,2011-02,889.24,496,1
All,United Arab Emirates,All,2011-09,1013.04,486,2
All,United Kingdom,All,2009-12,747397.29,386352,1595
All,United Kingdom,All,2010-01,510245.922,256706,998
All,United Kingdom,All,2010-02,452927.706,242725,1093
All,United Kingdom,All,2010-03,718946.791,404931,1549
All,United Kingdom,All,2010-04,581980.891,303057,1350
All,United Kingdom,All,2010-05,558098.3,337503,1390
All,United Kingdom,All,2010-06,649689.86,347281,1523
All,United Kingdom,All,2010-07,557550.52,291263,1413
All,United Kingdom,All,2010-08,594527.35,331867,1320
All,United Kingdom,All,2010-09,770522.681,494698,1661
All,United Kingdom,All,2010-10,996928.61,523139,2104
All,United Kingdom,All,2010-11,1269636.102,621325,2520
All,United Kingdom,All,2010-12,746082.22,312963,1447
All,United Kingdom,All,2011-01,559975.83,315115,971
All,United Kingdom,All,2011-02,428986.62,229684,995
All,United Kingdom,All,2011-03,584810.78,304067,1308
All,United Kingdom,All,2011-04,475677.631,275417,1153
All,United Kingdom,All,2011-05,638104.89,321062,1523
All,United Kingdom,All,2011-06,618345.53,304431,1383
All,United Kingdom,All,2011-07,600919.071,332358,1337
All,United Kingdom,All,2011-08,606784.93,332026,1210
All,United Kingdom,All,2011-09,895098.642,477900,1645
All,United Kingdom,All,2011-10,935404.14,503311,1811
All,United Kingdom,All,2011-11,1319934.07,651942,2490
All,United Kingdom,All,2011-12,591619.74,286630,746
All,Unspecified,All,2010-01,1035.1,382,2
All,Unspecified,All,2010-04,252.51999999999998,153,1
All,Unspecified,All,2010-07,2379.88,1276,2
All,Unspecified,All,2010-09,1978.15,1256,2
All,Unspecified,All,2010-11,540.57,367,4
All,Unspecified,All,2011-04,299.1,282,1
All,Unspecified,All,2011-05,1055.87,803,2
All,Unspecified,All,2011-06,185.78,78,1
All,Unspecified,All,2011-07,1419.11,1049,4
All,Unspecified,All,2011-08,531.03,185,2
All,Unspecified,All,2011-09,284.3,257,1
All,Unspecified,All,2011-11,965.75,641,2
All,West Indies,All,2010-08,536.41,395,1
All,Australia,One-time,2010-02,202.56,132,1
All,Australia,One-time,2010-04,234.75,73,1
All,Australia,One-time,2010-10,696.09,363,3
All,Australia,Repeat,2009-12,271.1,160,2
All,Australia,Repeat,2010-02,827.1,492,2
All,Australia,Repeat,2010-03,429.39,191,2
All,Australia,Repeat,2010-04,396.2,487,1
All,Australia,Repeat,2010-05,2371.15,667,6
All,Australia,Repeat,2010-06,3214.78,2280,3
All,Australia,Repeat,2010-07,686.12,224,3
All,Australia,Repeat,2010-08,176.0,88,1
All,Australia,Repeat,2010-09,785.83,293,2
All,Australia,Repeat,2010-10,2293.06,1518,6
All,Australia,Repeat,2010-11,18245.52,12900,5
All,Australia,Repeat,2010-12,965.35,457,3
All,Australia,Repeat,2011-01,9017.710000000001,5644,9
All,Australia,Repeat,2011-02,14695.42,8680,5
All,Australia,Repeat,2011-03,17223.99,10439,3
All,Australia,Repeat,2011-04,771.6,225,2
All,Australia,Repeat,2011-05,13638.41,8999,4
All,Australia,Repeat,2011-06,25187.77,15981,4
All,Australia,Repeat,2011-07,4964.38,5318,7
All,Australia,Repeat,2011-08,22489.2,12570,2
All,Australia,Repeat,2011-09,5106.7300000000005,4079,8
All,Australia,Repeat,2011-10,17150.53,7401,4
All,Australia,Repeat,2011-11,7242.72,4098,6
All,Austria,One-time,2011-03,1542.08,929,1
All,Austria,One-time,2011-07,707.09,473,1
All,Austria,Repeat,2009-12,1998.34,564,2
All,Austria,Repeat,2010-02,1118.8600000000001,480,3
All,Austria,Repeat,2010-03,925.13,401,5
All,Austria,Repeat,2010-04,1388.54,798,1
All,Austria,Repeat,2010-05,622.04,655,1
All,Austria,Repeat,2010-06,268.1,281,1
All,Austria,Repeat,2010-08,1043.15,689,1
All,Austria,Repeat,2010-09,1940.17,1217,5
All,Austria,Repeat,2010-10,1236.7,351,4
All,Austria,Repeat,2010-11,2873.3,1261,5
All,Austria,Repeat,2010-12,277.2,51,1
All,Austria,Repeat,2011-02,518.36,342,2
All,Austria,Repeat,2011-03,166.04,53,1
All,Austria,Repeat,2011-04,680.78,311,2
All,Austria,Repeat,2011-05,1249.4299999999998,476,2
All,Austria,Repeat,2011-07,484.86,100,1
All,Austria,Repeat,2011-08,1516.08,790,2
All,Austria,Repeat,2011-10,1043.78,491,1
All,Austria,Repeat,2011-11,1329.78,717,2
All,Austria,Repeat,2011-12,683.2,148,1
All,Bahrain,Repeat,2010-05,488.21000000000004,303,1
All,Bahrain,Repeat,2010-10,317.76,192,1
All,Bahrain,Repeat,2011-05,548.4,260,2
All,Bahrain,Unknown,2010-02,439.85,159,1
All,Bahrain,Unknown,2010-03,548.8,98,2
All,Bahrain,Unknown,2010-05,97.75,49,1
All,Bahrain,Unknown,2010-06,463.28,224,1
All,Bahrain,Unknown,2010-12,205.74,54,1
All,Belgium,One-time,2010-09,326.65,170,1
All,Belgium,One-time,2010-10,65.3,35,1
All,Belgium,One-time,2010-11,1938.4,612,1
All,Belgium,One-time,2011-02,84.3,11,1
All,Belgium,One-time,2011-04,476.49,190,1
All,Belgium,One-time,2011-09,549.84,353,1
All,Belgium,Repeat,2009-12,447.6,153,3
All,Belgium,Repeat,2010-01,1634.02,717,4
All,Belgium,Repeat,2010-02,3209.0,704,3
All,Belgium,Repeat,2010-03,884.52,481,3
All,Belgium,Repeat,2010-04,2570.39,1445,4
All,Belgium,Repeat,2010-05,98.15,38,1
All,Belgium,Repeat,2010-06,3800.34,1588,6
All,Belgium,Repeat,2010-07,1914.23,1393,7
All,Belgium,Repeat,2010-08,1713.62,954,3
All,Belgium,Repeat,2010-09,864.26,481,4
All,Belgium,Repeat,2010-10,1410.42,629,4
All,Belgium,Repeat,2010-11,3314.58,2131,6
All,Belgium,Repeat,2010-12,1809.91,1755,5
All,Belgium,Repeat,2011-01,1200.2,792,3
All,Belgium,Repeat,2011-02,2096.77,1091,7
All,Belgium,Repeat,2011-03,3351.98,1783,9
All,Belgium,Repeat,2011-04,1512.99,993,5
All,Belgium,Repeat,2011-05,2732.4,1829,9
All,Belgium,Repeat,2011-06,4274.82,2245,11
All,Belgium,Repeat,2011-07,2475.57,1679,5
All,Belgium,Repeat,2011-08,3554.02,2069,9
All,Belgium,Repeat,2011-09,3658.18,1616,6
All,Belgium,Repeat,2011-10,5685.38,3170,11
All,Belgium,Repeat,2011-11,6315.76,2560,11
All,Belgium,Repeat,2011-12,1417.73,1101,4
All,Bermuda,Unknown,2010-03,1253.1399999999999,2798,1
All,Brazil,One-time,2010-09,268.27,189,1
All,Brazil,One-time,2011-04,1143.6,356,1
All,Canada,One-time,2011-03,140.54,88,1
All,Canada,One-time,2011-05,534.24,504,1
All,Canada,One-time,2011-08,51.56,52,1
All,Canada,Repeat,2010-10,834.89,671,1
All,Canada,Repeat,2010-11,381.77000000000004,223,1
All,Canada,Repeat,2011-06,1171.46,1092,1
All,Canada,Repeat,2011-07,1768.58,1027,2
All,Channel Islands,One-time,2010-09,919.7,645,1
All,Channel Islands,Repeat,2009-12,989.18,439,1
All,Channel Islands,Repeat,2010-01,838.75,193,1
All,Channel Islands,Repeat,2010-03,1065.12,996,1
All,Channel Islands,Repeat,2010-04,926.82,367,1
All,Channel Islands,Repeat,2010-05,5378.52,2403,6
All,Channel Islands,Repeat,2010-06,845.0,500,1
All,Channel Islands,Repeat,2010-08,1363.14,662,2
All,Channel Islands,Repeat,2010-09,5236.64,2696,8
All,Channel Islands,Repeat,2010-10,4341.19,1899,4
All,Channel Islands,Repeat,2010-11,2278.73,1111,3
All,Channel Islands,Repeat,2010-12,363.53,80,1
All,Channel Islands,Repeat,2011-01,675.58,259,1
All,Channel Islands,Repeat,2011-02,1784.71,935,1
All,Channel Islands,Repeat,2011-03,3509.33,2104,3
All,Channel Islands,Repeat,2011-04,293.0,97,1
All,Channel Islands,Repeat,2011-05,1207.24,224,2
All,Channel Islands,Repeat,2011-06,2060.0299999999997,836,1
All,Channel Islands,Repeat,2011-08,4886.88,2003,5
All,Channel Islands,Repeat,2011-09,1323.75,764,2
All,Channel Islands,Repeat,2011-10,2623.32,1407,5
All,Channel Islands,Repeat,2011-11,1514.77,716,3
All,Channel Islands,Repeat,2011-12,198.4,60,1
All,Cyprus,One-time,2010-03,1417.94,626,2
All,Cyprus,One-time,2011-10,600.39,345,1
All,Cyprus,Repeat,2009-12,3541.68,1572,4
All,Cyprus,Repeat,2010-01,76.52000000000001,32,1
All,Cyprus,Repeat,2010-02,750.49,294,2
All,Cyprus,Repeat,2010-03,1461.25,429,3
All,Cyprus,Repeat,2010-04,1151.7,459,2
All,Cyprus,Repeat,2010-05,515.61,144,1
All,Cyprus,Repeat,2010-06,489.8,100,1
All,Cyprus,Repeat,2010-09,993.1800000000001,493,3
All,Cyprus,Repeat,2010-10,551.33,253,1
All,Cyprus,Repeat,2010-11,397.59999999999997,208,1
All,Cyprus,Repeat,2010-12,1587.07,916,1
All,Cyprus,Repeat,2011-01,547.5,144,1
All,Cyprus,Repeat,2011-02,4334.24,2191,6
All,Cyprus,Repeat,2011-03,938.39,1005,1
All,Cyprus,Repeat,2011-06,1109.32,356,1
All,Cyprus,Repeat,2011-09,196.35,33,1
All,Cyprus,Repeat,2011-10,3749.93,1057,3
All,Cyprus,Repeat,2011-11,439.66,293,1
All,Czech Republic,Repeat,2011-02,549.26,346,1
All,Czech Republic,Repeat,2011-10,277.48,325,1
All,Denmark,One-time,2011-12,168.9,173,1
All,Denmark,Repeat,2009-12,1437.66,574,2
All,Denmark,Repeat,2010-01,7870.6,63754,2
All,Denmark,Repeat,2010-02,19809.899999999998,93230,2
All,Denmark,Repeat,2010-03,7595.18,64302,2
All,Denmark,Repeat,2010-04,748.0,576,1
All,Denmark,Repeat,2010-06,2695.51,1887,4
All,Denmark,Repeat,2010-07,591.6600000000001,164,1
All,Denmark,Repeat,2010-08,2643.03,1520,3
All,Denmark,Repeat,2010-09,1725.25,1307,3
All,Denmark,Repeat,2010-10,448.6,169,2
All,Denmark,Repeat,2010-11,4059.96,1753,3
All,Denmark,Repeat,2010-12,1281.5,454,1
All,Denmark,Repeat,2011-02,399.22,224,1
All,Denmark,Repeat,2011-03,3978.99,879,1
All,Denmark,Repeat,2011-05,515.7,368,1
All,Denmark,Repeat,2011-06,3261.15,1544,3
All,Denmark,Repeat,2011-07,376.24,241,1
All,Denmark,Repeat,2011-08,213.15,338,1
All,Denmark,Repeat,2011-09,4570.160000000001,1608,3
All,Denmark,Repeat,2011-10,1490.76,869,3
All,Denmark,Repeat,2011-11,2699.57,1537,2
All,EIRE,One-time,2010-01,107.14,1,1
All,EIRE,Repeat,2009-12,18170.46,8615,16
All,EIRE,Repeat,2010-01,64924.27,30806,29
All,EIRE,Repeat,2010-02,20206.46,11249,17
All,EIRE,Repeat,2010-03,22989.46,14797,27
All,EIRE,Repeat,2010-04,20668.08,11962,16
All,EIRE,Repeat,2010-05,18430.91,9401,18
All,EIRE,Repeat,2010-06,22934.34,12306,24
All,EIRE,Repeat,2010-07,31987.23,13700,22
All,EIRE,Repeat,2010-08,22919.36,14510,23
All,EIRE,Repeat,2010-09,36322.78,19815,34
All,EIRE,Repeat,2010-10,43929.86,17302,43
All,EIRE,Repeat,2010-11,27717.73,13424,37
All,EIRE,Repeat,2010-12,8813.880000000001,5243,15
All,EIRE,Repeat,2011-01,21904.19,8794,7
All,EIRE,Repeat,2011-02,10111.52,4953,9
All,EIRE,Repeat,2011-03,21674.36,9246,22
All,EIRE,Repeat,2011-04,7570.5,4135,11
All,EIRE,Repeat,2011-05,15977.15,7239,18
All,EIRE,Repeat,2011-06,19835.99,12182,24
All,EIRE,Repeat,2011-07,40854.15,21253,22
All,EIRE,Repeat,2011-08,16957.83,9086,17
All,EIRE,Repeat,2011-09,40832.64,22033,36
All,EIRE,Repeat,2011-10,24302.920000000002,15900,31
All,EIRE,Repeat,2011-11,29448.41,16123,39
All,EIRE,Repeat,2011-12,6978.92,3946,9
All,EIRE,Unknown,2009-12,1929.28,799,4
All,EIRE,Unknown,2010-01,227.01999999999998,2,2
All,EIRE,Unknown,2010-02,1332.34,382,1
All,EIRE,Unknown,2010-04,3236.5,1777,3
All,EIRE,Unknown,2010-05,674.02,351,1
All,EIRE,Unknown,2010-07,3735.09,1715,6
All,EIRE,Unknown,2010-08,3086.35,1298,4
All,EIRE,Unknown,2010-09,635.34,292,1
All,EIRE,Unknown,2010-10,6149.1900000000005,2751,4
All,EIRE,Unknown,2010-11,3313.58,2067,5
All,EIRE,Unknown,2010-12,1219.38,527,2
All,EIRE,Unknown,2011-02,2092.2200000000003,1015,4
All,EIRE,Unknown,2011-03,523.15,334,1
All,EIRE,Unknown,2011-05,2026.57,777,4
All,EIRE,Unknown,2011-06,5027.62,723,4
All,EIRE,Unknown,2011-07,1884.7,854,5
All,EIRE,Unknown,2011-08,1386.3700000000001,986,2
All,EIRE,Unknown,2011-09,2091.06,950,2
All,EIRE,Unknown,2011-11,1265.02,532,3
All,EIRE,Unknown,2011-12,361.97,176,1
All,European Community,Repeat,2011-04,191.4,34,1
All,European Community,Repeat,2011-06,432.05,130,2
All,European Community,Repeat,2011-07,676.8000000000001,335,1
All,Finland,One-time,2010-01,63.24,1,1
All,Finland,One-time,2011-07,1710.39,857,1
All,Finland,One-time,2011-10,620.13,395,1
All,Finland,One-time,2011-12,144.0,51,1
All,Finland,Repeat,2009-12,549.08,134,1
All,Finland,Repeat,2010-01,738.1800000000001,262,1
All,Finland,Repeat,2010-04,1255.13,649,3
All,Finland,Repeat,2010-05,837.11,370,1
All,Finland,Repeat,2010-06,534.14,242,1
All,Finland,Repeat,2010-07,956.23,362,2
All,Finland,Repeat,2010-09,864.68,763,2
All,Finland,Repeat,2010-10,1166.69,675,2
All,Finland,Repeat,2010-11,414.98,213,2
All,Finland,Repeat,2010-12,892.8,1254,1
All,Finland,Repeat,2011-01,889.02,765,2
All,Finland,Repeat,2011-02,205.16,141,1
All,Finland,Repeat,2011-03,5936.82,2536,5
All,Finland,Repeat,2011-04,1688.92,818,4
All,Finland,Repeat,2011-06,329.56,157,1
All,Finland,Repeat,2011-07,1286.3400000000001,416,2
All,Finland,Repeat,2011-08,1376.5,693,3
All,Finland,Repeat,2011-09,1105.45,515,4
All,Finland,Repeat,2011-10,2201.99,720,5
All,Finland,Repeat,2011-11,3070.24,1087,8
All,Finland,Repeat,2011-12,1088.76,299,2
All,France,One-time,2010-01,56.73,1,1
All,France,One-time,2010-03,110.95,36,1
All,France,One-time,2010-06,316.48,192,1
All,France,One-time,2010-10,261.35,80,1
All,France,One-time,2010-12,262.69,228,2
All,France,One-time,2011-01,787.38,339,3
All,France,One-time,2011-02,779.9200000000001,311,2
All,France,One-time,2011-03,456.9,133,1
All,France,One-time,2011-04,73.5,23,1
All,France,One-time,2011-05,389.01,106,1
All,France,One-time,2011-06,236.26,111,1
All,France,One-time,2011-08,1065.3,695,2
All,France,One-time,2011-09,678.67,488,2
All,France,One-time,2011-10,580.72,504,2
All,France,One-time,2011-11,1499.99,855,5
All,France,One-time,2011-12,314.44000000000005,254,1
All,France,Repeat,2009-12,6521.69,3688,13
All,France,Repeat,2010-01,8408.9,5312,11
All,France,Repeat,2010-02,9024.16,4996,17
All,France,Repeat,2010-03,8526.84,4505,15
All,France,Repeat,2010-04,7405.18,3985,10
All,France,Repeat,2010-05,13912.55,8821,16
All,France,Repeat,2010-06,8856.06,5517,22
All,France,Repeat,2010-07,11399.15,4034,17
All,France,Repeat,2010-08,16570.32,89914,10
All,France,Repeat,2010-09,14531.33,6960,26
All,France,Repeat,2010-10,14946.22,9841,27
All,France,Repeat,2010-11,18968.74,10977,37
All,France,Repeat,2010-12,9353.62,4761,19
All,France,Repeat,2011-01,16952.74,8860,26
All,France,Repeat,2011-02,7736.04,5029,19
All,France,Repeat,2011-03,14128.05,8555,24
All,France,Repeat,2011-04,5456.11,2264,13
All,France,Repeat,2011-05,17217.47,9678,38
All,France,Repeat,2011-06,15842.71,9467,29
All,France,Repeat,2011-07,10000.19,5664,22
All,France,Repeat,2011-08,12745.66,7263,26
All,France,Repeat,2011-09,22749.37,12514,43
All,France,Repeat,2011-10,32890.33,13297,33
All,France,Repeat,2011-11,29774.76,16498,57
All,France,Repeat,2011-12,6980.48,3532,17
All,France,Unknown,2010-04,237.79999999999998,171,1
All,France,Unknown,2010-07,138.48999999999998,97,1
All,France,Unknown,2010-11,619.78,713,3
All,France,Unknown,2011-06,269.44,127,1
All,France,Unknown,2011-11,421.62,505,2
All,Germany,One-time,2010-03,70.0,48,1
All,Germany,One-time,2010-04,2962.231,1571,2
All,Germany,One-time,2010-05,393.72,302,1
All,Germany,One-time,2010-07,1128.27,505,2
All,Germany,One-time,2010-10,638.11,373,1
All,Germany,One-time,2010-12,155.35,148,1
All,Germany,One-time,2011-01,2169.39,1783,1
All,Germany,One-time,2011-02,238.85,177,1
All,Germany,One-time,2011-03,315.6,76,1
All,Germany,One-time,2011-04,180.1,69,1
All,Germany,One-time,2011-07,599.68,309,1
All,Germany,One-time,2011-08,1089.18,651,1
All,Germany,One-time,2011-09,1055.69,527,2
All,Germany,One-time,2011-10,197.71,161,1
All,Germany,One-time,2011-11,2171.45,821,4
All,Germany,One-time,2011-12,848.55,508,1
All,Germany,Repeat,2009-12,9830.27,4774,18
All,Germany,Repeat,2010-01,12562.11,6321,21
All,Germany,Repeat,2010-02,9124.25,4789,27
All,Germany,Repeat,2010-03,16628.08,8835,27
All,Germany,Repeat,2010-04,20721.0,10986,29
All,Germany,Repeat,2010-05,8714.64,3944,16
All,Germany,Repeat,2010-06,15668.43,9314,27
All,Germany,Repeat,2010-07,19146.02,12595,24
All,Germany,Repeat,2010-08,9943.119999999999,5264,24
All,Germany,Repeat,2010-09,17708.68,9243,32
All,Germany,Repeat,2010-10,20861.87,11457,37
All,Germany,Repeat,2010-11,30240.510000000002,15679,43
All,Germany,Repeat,2010-12,15050.39,6717,29
All,Germany,Repeat,2011-01,14711.45,7270,30
All,Germany,Repeat,2011-02,9342.2,4068,18
All,Germany,Repeat,2011-03,14077.09,7663,31
All,Germany,Repeat,2011-04,12135.44,5695,22
All,Germany,Repeat,2011-05,25734.7,12987,42
All,Germany,Repeat,2011-06,13246.35,7438,24
All,Germany,Repeat,2011-07,15841.3,8787,32
All,Germany,Repeat,2011-08,18131.59,8990,38
All,Germany,Repeat,2011-09,17023.78,10626,39
All,Germany,Repeat,2011-10,31430.71,17571,57
All,Germany,Repeat,2011-11,25796.23,12614,64
All,Germany,Repeat,2011-12,7135.62,3498,16
All,Greece,One-time,2010-10,3084.02,1753,1
All,Greece,One-time,2011-12,680.99,236,1
All,Greece,Repeat,2009-12,610.95,441,1
All,Greece,Repeat,2010-01,4798.35,1573,3
All,Greece,Repeat,2010-03,522.73,259,1
All,Greece,Repeat,2010-04,277.93,94,1
All,Greece,Repeat,2010-05,2476.22,806,2
All,Greece,Repeat,2010-06,302.4,120,1
All,Greece,Repeat,2010-08,721.7099999999999,561,1
All,Greece,Repeat,2010-09,780.06,146,1
All,Greece,Repeat,2010-11,761.3,414,1
All,Greece,Repeat,2011-01,2661.24,526,1
All,Greece,Repeat,2011-03,387.31,289,1
All,Greece,Repeat,2011-04,609.74,262,1
All,Greece,Repeat,2011-07,421.24,244,1
All,Hong Kong,Unknown,2010-04,2236.61,1367,1
All,Hong Kong,Unknown,2010-05,2396.61,1,1
All,Hong Kong,Unknown,2010-06,1685.6499999999999,939,1
All,Hong Kong,Unknown,2010-08,1883.65,1,1
All,Hong Kong,Unknown,2011-01,2230.96,1061,1
All,Hong Kong,Unknown,2011-03,2583.76,1,1
All,Hong Kong,Unknown,2011-04,1539.6399999999999,732,1
All,Hong Kong,Unknown,2011-05,1966.16,1262,1
All,Hong Kong,Unknown,2011-06,633.96,537,1
All,Hong Kong,Unknown,2011-08,2813.95,736,2
All,Hong Kong,Unknown,2011-09,2653.95,1,1
All,Hong Kong,Unknown,2011-10,734.52,382,2
All,Hong Kong,Unknown,2011-11,326.1,1,1
All,Iceland,Repeat,2010-10,611.53,509,1
All,Iceland,Repeat,2010-12,711.79,319,1
All,Iceland,Repeat,2011-01,475.39,315,1
All,Iceland,Repeat,2011-04,636.25,483,1
All,Iceland,Repeat,2011-06,382.52,196,1
All,Iceland,Repeat,2011-08,584.91,277,1
All,Iceland,Repeat,2011-10,1294.32,676,1
All,Iceland,Repeat,2011-12,224.82,192,1
All,Israel,One-time,2010-11,1248.42,370,1
All,Israel,One-time,2011-08,4873.81,3028,1
All,Israel,Repeat,2010-07,1950.98,762,1
All,Israel,Repeat,2011-02,779.1,286,1
All,Israel,Repeat,2011-07,1430.75,633,1
All,Israel,Repeat,2011-10,132.18,96,2
All,Israel,Unknown,2011-01,379.84000000000003,100,1
All,Israel,Unknown,2011-04,110.0,30,1
All,Israel,Unknown,2011-09,423.73,233,1
All,Italy,One-time,2010-10,1204.44,437,2
All,Italy,One-time,2010-12,383.7,131,1
All,Italy,One-time,2011-10,1193.32,846,1
All,Italy,One-time,2011-11,177.31,96,1
All,Italy,Repeat,2009-12,422.35,157,1
All,Italy,Repeat,2010-01,39.67,1,1
All,Italy,Repeat,2010-03,734.22,499,2
All,Italy,Repeat,2010-04,1525.85,890,2
All,Italy,Repeat,2010-05,2373.45,1042,4
All,Italy,Repeat,2010-06,267.45,134,2
All,Italy,Repeat,2010-09,1380.56,1074,2
All,Italy,Repeat,2010-10,4003.78,1679,5
All,Italy,Repeat,2010-11,2673.16,1287,6
All,Italy,Repeat,2010-12,427.8,164,1
All,Italy,Repeat,2011-01,2402.51,1121,3
All,Italy,Repeat,2011-02,256.0,111,1
All,Italy,Repeat,2011-03,1806.81,688,4
All,Italy,Repeat,2011-04,737.83,653,2
All,Italy,Repeat,2011-05,587.45,267,1
All,Italy,Repeat,2011-06,202.07,55,2
All,Italy,Repeat,2011-07,147.1,22,1
All,Italy,Repeat,2011-08,1990.95,1147,4
All,Italy,Repeat,2011-09,279.8,48,1
All,Italy,Repeat,2011-10,2296.37,751,6
All,Italy,Repeat,2011-11,4393.77,1967,8
All,Italy,Repeat,2011-12,200.45000000000002,45,1
All,Japan,One-time,2010-06,219.35,137,1
All,Japan,One-time,2011-09,112.07999999999998,144,1
All,Japan,One-time,2011-10,229.64000000000001,164,1
All,Japan,Repeat,2010-01,2.95,1,1
All,Japan,Repeat,2010-02,193.72,117,2
All,Japan,Repeat,2010-03,110.4,48,1
All,Japan,Repeat,2010-06,375.33,291,1
All,Japan,Repeat,2010-07,1253.3,726,3
All,Japan,Repeat,2010-09,1895.0,1100,1
All,Japan,Repeat,2010-10,1533.8899999999999,3199,1
All,Japan,Repeat,2010-11,23.6,8,3
All,Japan,Repeat,2010-12,7705.07,4093,3
All,Japan,Repeat,2011-02,5780.8099999999995,2999,2
All,Japan,Repeat,2011-03,48.9,21,3
All,Japan,Repeat,2011-04,6548.5,8058,2
All,Japan,Repeat,2011-05,1351.45,743,1
All,Japan,Repeat,2011-06,1607.04,2256,1
All,Japan,Repeat,2011-07,3854.4,2328,2
All,Japan,Repeat,2011-10,1718.4,960,1
All,Japan,Repeat,2011-11,8460.08,4250,2
All,Korea,One-time,2010-09,168.69000000000003,102,1
All,Korea,One-time,2010-11,949.82,598,1
All,Lebanon,One-time,2011-01,1693.88,386,1
All,Lebanon,Unknown,2010-09,211.7,72,1
All,Lithuania,Repeat,2010-07,1706.23,971,1
All,Lithuania,Repeat,2010-11,1525.39,683,1
All,Lithuania,Repeat,2010-12,1661.06,652,4
All,Malta,Repeat,2010-02,1636.38,606,2
All,Malta,Repeat,2010-08,3737.12,943,2
All,Malta,Repeat,2011-06,863.16,402,2
All,Malta,Repeat,2011-08,1119.0,382,2
All,Malta,Repeat,2011-11,743.4300000000001,186,1
All,Netherlands,One-time,2010-03,381.0,182,1
All,Netherlands,One-time,2010-04,1065.9,609,2
All,Netherlands,One-time,2010-06,98.7,53,1
All,Netherlands,One-time,2010-09,347.8,198,1
All,Netherlands,One-time,2010-11,1092.81,872,1
All,Netherlands,Repeat,2009-12,15204.73,10822,6
All,Netherlands,Repeat,2010-01,29230.77,20531,6
All,Netherlands,Repeat,2010-02,17255.39,9883,8
All,Netherlands,Repeat,2010-03,24066.98,16480,14
All,Netherlands,Repeat,2010-04,5822.88,4335,8
All,Netherlands,Repeat,2010-05,22416.53,14910,8
All,Netherlands,Repeat,2010-06,24125.81,15708,7
All,Netherlands,Repeat,2010-07,5532.64,3409,10
All,Netherlands,Repeat,2010-08,25028.69,17667,10
All,Netherlands,Repeat,2010-09,44689.34,29001,18
All,Netherlands,Repeat,2010-10,17265.85,17628,12
All,Netherlands,Repeat,2010-11,34965.93,21230,21
All,Netherlands,Repeat,2010-12,8784.48,6811,3
All,Netherlands,Repeat,2011-01,26611.16,20417,5
All,Netherlands,Repeat,2011-02,23011.91,16387,5
All,Netherlands,Repeat,2011-03,22416.489999999998,14828,8
All,Netherlands,Repeat,2011-04,2976.56,1768,3
All,Netherlands,Repeat,2011-05,29185.88,19936,11
All,Netherlands,Repeat,2011-06,26858.09,19744,11
All,Netherlands,Repeat,2011-07,26.02,10,1
All,Netherlands,Repeat,2011-08,40327.81,29300,7
All,Netherlands,Repeat,2011-09,26937.26,17309,7
All,Netherlands,Repeat,2011-10,40708.65,27230,15
All,Netherlands,Repeat,2011-11,25874.01,18663,15
All,Netherlands,Repeat,2011-12,11728.02,7958,3
All,Nigeria,Repeat,2010-01,27.82,1,1
All,Nigeria,Repeat,2010-08,112.57,102,1
All,Norway,One-time,2009-12,485.31,182,1
All,Norway,One-time,2010-11,1993.34,1450,1
All,Norway,One-time,2011-02,334.4,197,1
All,Norway,One-time,2011-09,4875.79,2473,2
All,Norway,One-time,2011-10,256.4,117,1
All,Norway,Repeat,2010-03,13916.34,2,2
All,Norway,Repeat,2010-08,152.4,508,1
All,Norway,Repeat,2010-09,973.69,619,1
All,Norway,Repeat,2010-11,2635.98,1524,3
All,Norway,Repeat,2010-12,3787.12,3582,2
All,Norway,Repeat,2011-02,296.5,98,1
All,Norway,Repeat,2011-03,1265.31,156,4
All,Norway,Repeat,2011-06,5886.860000000001,2009,4
All,Norway,Repeat,2011-07,890.0699999999999,586,1
All,Norway,Repeat,2011-08,2025.81,636,2
All,Norway,Repeat,2011-09,3803.15,2182,4
All,Norway,Repeat,2011-10,3430.83,1575,6
All,Norway,Repeat,2011-11,6527.5,3406,5
All,Norway,Repeat,2011-12,2785.7,2319,3
All,Poland,One-time,2011-08,401.8,186,2
All,Poland,Repeat,2009-12,371.82,266,1
All,Poland,Repeat,2010-03,318.86,194,1
All,Poland,Repeat,2010-06,556.16,282,1
All,Poland,Repeat,2010-07,374.75,143,1
All,Poland,Repeat,2010-08,527.4399999999999,320,1
All,Poland,Repeat,2010-09,349.47,231,2
All,Poland,Repeat,2010-11,821.14,568,2
All,Poland,Repeat,2010-12,248.16,140,1
All,Poland,Repeat,2011-01,613.22,288,1
All,Poland,Repeat,2011-02,604.05,297,2
All,Poland,Repeat,2011-03,317.78,162,1
All,Poland,Repeat,2011-04,705.84,432,1
All,Poland,Repeat,2011-05,1522.37,616,3
All,Poland,Repeat,2011-06,343.65,81,2
All,Poland,Repeat,2011-07,687.3,288,2
All,Poland,Repeat,2011-09,529.25,253,2
All,Poland,Repeat,2011-11,1361.23,941,2
All,Portugal,One-time,2010-01,117.72,1,1
All,Portugal,One-time,2010-02,55.5,46,1
All,Portugal,One-time,2010-05,124.25,109,1
All,Portugal,One-time,2010-08,282.3,104,1
All,Portugal,One-time,2011-10,892.47,556,1
All,Portugal,One-time,2011-11,430.48,68,1
All,Portugal,Repeat,2009-12,2821.58,1575,2
All,Portugal,Repeat,2010-02,403.33,199,2
All,Portugal,Repeat,2010-03,2519.05,1349,2
All,Portugal,Repeat,2010-04,85.53999999999999,46,1
All,Portugal,Repeat,2010-05,632.95,107,1
All,Portugal,Repeat,2010-06,3668.46,1632,4
All,Portugal,Repeat,2010-07,288.1,72,1
All,Portugal,Repeat,2010-08,180.92,85,1
All,Portugal,Repeat,2010-09,2964.58,1795,6
All,Portugal,Repeat,2010-10,2978.23,2224,5
All,Portugal,Repeat,2010-11,5056.43,1984,7
All,Portugal,Repeat,2010-12,2439.9700000000003,984,6
All,Portugal,Repeat,2011-01,4055.71,2094,4
All,Portugal,Repeat,2011-02,1213.9,558,2
All,Portugal,Repeat,2011-03,2660.85,1626,5
All,Portugal,Repeat,2011-04,1687.75,951,2
All,Portugal,Repeat,2011-05,4202.2300000000005,315,5
All,Portugal,Repeat,2011-06,884.46,421,3
All,Portugal,Repeat,2011-07,2287.85,1436,3
All,Portugal,Repeat,2011-08,1221.4,1026,1
All,Portugal,Repeat,2011-09,1433.22,899,3
All,Portugal,Repeat,2011-10,4984.54,2587,8
All,Portugal,Repeat,2011-11,2172.82,1005,9
All,Portugal,Repeat,2011-12,2808.19,1569,4
All,Portugal,Unknown,2010-11,421.54,160,1
All,Portugal,Unknown,2011-10,307.21,136,1
All,RSA,One-time,2010-02,931.43,591,1
All,RSA,One-time,2011-10,1002.3100000000001,351,1
All,RSA,Unknown,2010-10,1435.29,1027,1
All,RSA,Unknown,2010-11,1435.29,1,1
All,Saudi Arabia,One-time,2011-02,145.92,80,1
All,Singapore,Repeat,2010-04,1252.95,509,1
All,Singapore,Repeat,2010-09,2784.82,1244,3
All,Singapore,Repeat,2011-01,2053.07,1091,1
All,Singapore,Repeat,2011-04,8209.58,1389,3
All,Singapore,Repeat,2011-07,3949.32,2160,1
All,Singapore,Repeat,2011-10,7067.32,601,2
All,Spain,One-time,2010-01,227.75,3,3
All,Spain,One-time,2010-04,454.36,258,1
All,Spain,One-time,2010-05,1126.0,561,1
All,Spain,One-time,2010-09,1448.75,928,2
All,Spain,One-time,2010-12,168.0,100,1
All,Spain,One-time,2011-04,1079.4,530,1
All,Spain,One-time,2011-06,95.19999999999999,49,1
All,Spain,One-time,2011-09,964.8299999999999,569,1
All,Spain,One-time,2011-10,449.45,243,1
All,Spain,One-time,2011-11,372.7,136,1
All,Spain,One-time,2011-12,172.06,182,1
All,Spain,Repeat,2009-12,7950.18,3279,5
All,Spain,Repeat,2010-01,3951.84,1190,6
All,Spain,Repeat,2010-02,554.04,279,4
All,Spain,Repeat,2010-03,1671.77,1040,6
All,Spain,Repeat,2010-04,379.62,232,1
All,Spain,Repeat,2010-05,1728.58,937,4
All,Spain,Repeat,2010-06,2332.2,884,2
All,Spain,Repeat,2010-07,1134.81,806,3
All,Spain,Repeat,2010-08,1299.99,675,5
All,Spain,Repeat,2010-09,2321.7,1397,4
All,Spain,Repeat,2010-10,14066.13,6937,10
All,Spain,Repeat,2010-11,6126.21,2968,7
All,Spain,Repeat,2010-12,1675.73,767,3
All,Spain,Repeat,2011-01,10086.09,3845,8
All,Spain,Repeat,2011-02,2114.5,870,4
All,Spain,Repeat,2011-03,5363.15,2545,8
All,Spain,Repeat,2011-04,706.25,423,2
All,Spain,Repeat,2011-05,3257.6,1468,4
All,Spain,Repeat,2011-06,3238.01,1489,7
All,Spain,Repeat,2011-07,7620.7699999999995,3435,9
All,Spain,Repeat,2011-08,3342.41,1598,10
All,Spain,Repeat,2011-09,4224.41,2114,7
All,Spain,Repeat,2011-10,8187.49,4109,7
All,Spain,Repeat,2011-11,8296.36,3369,13
All,Spain,Repeat,2011-12,144.15,92,1
All,Sweden,One-time,2009-12,285.29999999999995,174,1
All,Sweden,One-time,2010-03,357.4,130,1
All,Sweden,One-time,2010-06,708.1,414,1
All,Sweden,One-time,2010-07,1071.82,505,1
All,Sweden,One-time,2010-09,162.0,216,1
All,Sweden,One-time,2010-10,1770.22,972,2
All,Sweden,One-time,2010-11,330.35,145,1
All,Sweden,One-time,2011-08,529.26,264,2
All,Sweden,Repeat,2010-01,1680.15,1537,3
All,Sweden,Repeat,2010-02,8202.58,8497,7
All,Sweden,Repeat,2010-03,956.78,418,4
All,Sweden,Repeat,2010-04,17698.12,18648,16
All,Sweden,Repeat,2010-05,3556.76,6084,10
All,Sweden,Repeat,2010-06,206.20000000000002,53,1
All,Sweden,Repeat,2010-07,1518.96,2008,1
All,Sweden,Repeat,2010-08,2702.94,1827,5
All,Sweden,Repeat,2010-09,2737.56,3310,3
All,Sweden,Repeat,2010-10,7599.19,6842,6
All,Sweden,Repeat,2010-11,1603.56,637,4
All,Sweden,Repeat,2010-12,3834.3,3954,2
All,Sweden,Repeat,2011-01,3486.32,3097,2
All,Sweden,Repeat,2011-02,509.5,250,1
All,Sweden,Repeat,2011-03,4720.58,5407,3
All,Sweden,Repeat,2011-04,809.1,310,2
All,Sweden,Repeat,2011-05,2681.98,2833,3
All,Sweden,Repeat,2011-06,832.0,404,3
All,Sweden,Repeat,2011-07,6802.09,6006,3
All,Sweden,Repeat,2011-08,861.1,1045,3
All,Sweden,Repeat,2011-09,4575.21,4344,3
All,Sweden,Repeat,2011-10,5766.16,6151,3
All,Sweden,Repeat,2011-11,2722.23,1973,5
All,Sweden,Repeat,2011-12,238.0,40,1
All,Sweden,Unknown,2010-03,354.0,138,1
All,Switzerland,One-time,2011-10,1635.66,1394,1
All,Switzerland,Repeat,2009-12,589.4,220,1
All,Switzerland,Repeat,2010-02,477.68,306,1
All,Switzerland,Repeat,2010-03,951.62,454,3
All,Switzerland,Repeat,2010-04,1939.76,1201,2
All,Switzerland,Repeat,2010-05,9825.16,5947,6
All,Switzerland,Repeat,2010-06,2362.47,1882,2
All,Switzerland,Repeat,2010-07,743.99,507,5
All,Switzerland,Repeat,2010-08,2053.05,1062,3
All,Switzerland,Repeat,2010-09,2474.44,1356,4
All,Switzerland,Repeat,2010-10,8629.69,4611,6
All,Switzerland,Repeat,2010-11,13570.73,4599,6
All,Switzerland,Repeat,2010-12,1304.92,714,2
All,Switzerland,Repeat,2011-01,4231.23,2993,3
All,Switzerland,Repeat,2011-02,2654.92,1107,5
All,Switzerland,Repeat,2011-03,1870.23,986,3
All,Switzerland,Repeat,2011-04,2076.94,886,4
All,Switzerland,Repeat,2011-05,3610.01,2249,3
All,Switzerland,Repeat,2011-06,7904.15,3970,4
All,Switzerland,Repeat,2011-07,3762.65,1615,5
All,Switzerland,Repeat,2011-08,4969.89,2998,3
All,Switzerland,Repeat,2011-09,8284.86,4255,7
All,Switzerland,Repeat,2011-10,6019.53,3138,5
All,Switzerland,Repeat,2011-11,8118.96,3777,6
All,Switzerland,Unknown,2011-07,228.10999999999999,210,1
All,Switzerland,Unknown,2011-10,395.54,325,2
All,Thailand,Repeat,2010-06,1956.84,2028,1
All,Thailand,Repeat,2010-07,1113.7,524,1
All,USA,One-time,2009-12,141.0,1,1
All,USA,One-time,2010-10,132.8,129,1
All,USA,One-time,2011-10,1579.51,1228,1
All,USA,One-time,2011-12,269.96,196,1
All,USA,Repeat,2010-01,2289.59,1344,5
All,USA,Repeat,2010-05,416.31,413,2
All,USA,Repeat,2010-06,896.0699999999999,551,4
All,USA,Repeat,2010-07,508.1,134,1
All,USA,Repeat,2010-11,402.59999999999997,234,1
All,USA,Repeat,2011-04,383.95,137,1
All,USA,Repeat,2011-10,731.69,489,1
All,USA,Repeat,2011-12,615.28,408,1
All,United Arab Emirates,One-time,2009-12,517.7,520,1
All,United Arab Emirates,One-time,2010-03,1201.52,1359,1
All,United Arab Emirates,Repeat,2010-02,1310.3000000000002,798,1
All,United Arab Emirates,Repeat,2010-08,2047.28,1364,1
All,United Arab Emirates,Repeat,2010-10,509.92,351,2
All,United Arab Emirates,Repeat,2010-11,1713.69,465,2
All,United Arab Emirates,Repeat,2011-02,889.24,496,1
All,United Arab Emirates,Repeat,2011-09,1013.04,486,2
All,United Arab Emirates,Unknown,2010-02,1511.7,925,3
All,United Arab Emirates,Unknown,2010-09,383.24,557,2
All,United Kingdom,One-time,2009-12,18431.53,10056,80
All,United Kingdom,One-time,2010-01,9142.63,4985,39
All,United Kingdom,One-time,2010-02,18389.961,11077,56
All,United Kingdom,One-time,2010-03,33466.82,12672,72
All,United Kingdom,One-time,2010-04,16580.83,10073,57
All,United Kingdom,One-time,2010-05,23302.92,25042,52
All,United Kingdom,One-time,2010-06,14947.41,9733,61
All,United Kingdom,One-time,2010-07,7008.42,4682,43
All,United Kingdom,One-time,2010-08,11757.42,8521,43
All,United Kingdom,One-time,2010-09,33633.04,100001,64
All,United Kingdom,One-time,2010-10,36799.99,22018,116
All,United Kingdom,One-time,2010-11,35332.52,21149,126
All,United Kingdom,One-time,2010-12,8047.49,4189,29
All,United Kingdom,One-time,2011-01,9432.11,4296,26
All,United Kingdom,One-time,2011-02,12066.62,5507,44
All,United Kingdom,One-time,2011-03,18554.9,10020,62
All,United Kingdom,One-time,2011-04,9326.57,5196,36
All,United Kingdom,One-time,2011-05,12380.17,6312,36
All,United Kingdom,One-time,2011-06,9711.79,6302,39
All,United Kingdom,One-time,2011-07,7306.45,6188,25
All,United Kingdom,One-time,2011-08,11309.65,6075,34
All,United Kingdom,One-time,2011-09,31787.92,19710,76
All,United Kingdom,One-time,2011-10,37886.98,23698,114
All,United Kingdom,One-time,2011-11,38203.41,25526,124
All,United Kingdom,One-time,2011-12,8831.76,5960,20
All,United Kingdom,Repeat,2009-12,591915.1,350294,1349
All,United Kingdom,Repeat,2010-01,405977.872,231133,867
All,United Kingdom,Repeat,2010-02,390875.865,223096,945
All,United Kingdom,Repeat,2010-03,553699.121,371367,1324
All,United Kingdom,Repeat,2010-04,484217.721,280181,1165
All,United Kingdom,Repeat,2010-05,478091.64,301954,1218
All,United Kingdom,Repeat,2010-06,523725.2,321763,1316
All,United Kingdom,Repeat,2010-07,495341.58,275130,1229
All,United Kingdom,Repeat,2010-08,494712.62,304807,1150
All,United Kingdom,Repeat,2010-09,645436.881,378907,1451
All,United Kingdom,Repeat,2010-10,838922.89,481335,1825
All,United Kingdom,Repeat,2010-11,942500.292,531130,2247
All,United Kingdom,Repeat,2010-12,488429.85,262384,1262
All,United Kingdom,Repeat,2011-01,431444.22,273354,848
All,United Kingdom,Repeat,2011-02,342551.58,207285,852
All,United Kingdom,Repeat,2011-03,447229.29,265365,1115
All,United Kingdom,Repeat,2011-04,399406.541,254396,1022
All,United Kingdom,Repeat,2011-05,537979.18,294801,1367
All,United Kingdom,Repeat,2011-06,514063.8,274019,1210
All,United Kingdom,Repeat,2011-07,477239.141,295364,1175
All,United Kingdom,Repeat,2011-08,485885.26,304026,1099
All,United Kingdom,Repeat,2011-09,763018.772,433710,1492
All,United Kingdom,Repeat,2011-10,783333.15,450970,1591
All,United Kingdom,Repeat,2011-11,937047.98,542641,2262
All,United Kingdom,Repeat,2011-12,462550.06,254011,686
All,United Kingdom,Unknown,2009-12,137050.66,26002,166
All,United Kingdom,Unknown,2010-01,95125.42,20588,92
All,United Kingdom,Unknown,2010-02,43661.88,8552,92
All,United Kingdom,Unknown,2010-03,131780.85,20892,153
All,United Kingdom,Unknown,2010-04,81182.34,12803,128
All,United Kingdom,Unknown,2010-05,56703.74,10507,120
All,United Kingdom,Unknown,2010-06,111017.25,15785,146
All,United Kingdom,Unknown,2010-07,55200.52,11451,141
All,United Kingdom,Unknown,2010-08,88057.31,18539,127
All,United Kingdom,Unknown,2010-09,91452.76,15790,146
All,United Kingdom,Unknown,2010-10,121205.73,19786,163
All,United Kingdom,Unknown,2010-11,291803.29,69046,147
All,United Kingdom,Unknown,2010-12,249604.88,46390,156
All,United Kingdom,Unknown,2011-01,119099.5,37465,97
All,United Kingdom,Unknown,2011-02,74368.42,16892,99
All,United Kingdom,Unknown,2011-03,119026.59,28682,131
All,United Kingdom,Unknown,2011-04,66944.52,15825,95
All,United Kingdom,Unknown,2011-05,87745.54,19949,120
All,United Kingdom,Unknown,2011-06,94569.94,24110,134
All,United Kingdom,Unknown,2011-07,116373.48,30806,137
All,United Kingdom,Unknown,2011-08,109590.02,21925,77
All,United Kingdom,Unknown,2011-09,100291.95,24480,77
All,United Kingdom,Unknown,2011-10,114184.01,28643,106
All,United Kingdom,Unknown,2011-11,344682.68,83775,104
All,United Kingdom,Unknown,2011-12,120237.92,26659,40
All,Unspecified,One-time,2010-01,211.95,95,1
All,Unspecified,One-time,2010-11,300.93,261,1
All,Unspecified,Repeat,2010-01,823.15,287,1
All,Unspecified,Repeat,2010-04,252.51999999999998,153,1
All,Unspecified,Repeat,2010-07,2379.88,1276,2
All,Unspecified,Repeat,2010-09,1978.15,1256,2
All,Unspecified,Repeat,2011-04,299.1,282,1
All,Unspecified,Repeat,2011-05,852.68,654,1
All,Unspecified,Repeat,2011-06,185.78,78,1
All,Unspecified,Repeat,2011-07,792.18,586,3
All,Unspecified,Repeat,2011-08,531.03,185,2
All,Unspecified,Unknown,2010-11,239.64,106,3
All,Unspecified,Unknown,2011-05,203.19,149,1
All,Unspecified,Unknown,2011-07,626.93,463,1
All,Unspecified,Unknown,2011-09,284.3,257,1
All,Unspecified,Unknown,2011-11,965.75,641,2
All,West Indies,One-time,2010-08,536.41,395,1
2009,All,All,2009-12,822483.95,425461,1682
2010,All,All,2010-01,651155.112,390672,1105
2010,All,All,2010-02,551504.726,381879,1201
2010,All,All,2010-03,830915.261,526026,1681
2010,All,All,2010-04,678875.252,366705,1462
2010,All,All,2010-05,657705.5,395868,1500
2010,All,All,2010-06,749537.31,406820,1645
2010,All,All,2010-07,648810.27,337895,1529
2010,All,All,2010-08,695251.91,472380,1425
2010,All,All,2010-09,921696.991,583864,1839
2010,All,All,2010-10,1161902.22,619996,2301
2010,All,All,2010-11,1464293.142,725161,2747
2010,All,All,2010-12,821452.73,358019,1559
2011,All,All,2011-01,689811.61,387099,1086
2011,All,All,2011-02,522545.56,282934,1100
2011,All,All,2011-03,716215.26,376599,1454
2011,All,All,2011-04,536968.491,307953,1246
2011,All,All,2011-05,769296.61,395001,1681
2011,All,All,2011-06,760547.01,388511,1533
2011,All,All,2011-07,718076.121,399693,1475
2011,All,All,2011-08,757841.38,421020,1361
2011,All,All,2011-09,1056435.192,569573,1837
2011,All,All,2011-10,1151263.73,621029,2040
2011,All,All,2011-11,1503866.78,751377,2769
2011,All,All,2011-12,637808.33,313613,819
2009,All,One-time,2009-12,19860.84,10933,84
2009,All,Repeat,2009-12,663643.17,387727,1428
2009,All,Unknown,2009-12,138979.94,26801,170
2010,All,One-time,2010-01,9927.16,5087,47
2010,All,One-time,2010-02,19579.451,11846,59
2010,All,One-time,2010-03,37005.63,15053,79
2010,All,One-time,2010-04,21298.071,12584,63
2010,All,One-time,2010-05,24946.89,26014,55
2010,All,One-time,2010-06,16290.04,10529,65
2010,All,One-time,2010-07,9208.51,5692,46
2010,All,One-time,2010-08,12576.13,9020,45
2010,All,One-time,2010-09,37274.9,102449,72
2010,All,One-time,2010-10,44652.32,26160,128
2010,All,One-time,2010-11,43186.59,25457,133
2010,All,One-time,2010-12,9017.23,4796,34
2010,All,Repeat,2010-01,545875.512,364995,964
2010,All,Repeat,2010-02,484979.505,360015,1045
2010,All,Repeat,2010-03,659972.841,487047,1445
2010,All,Repeat,2010-04,570683.931,338003,1266
2010,All,Repeat,2010-05,572886.49,358946,1322
2010,All,Repeat,2010-06,620081.09,379343,1432
2010,All,Repeat,2010-07,580527.66,318940,1335
2010,All,Repeat,2010-08,589648.47,443522,1248
2010,All,Repeat,2010-09,791739.051,464704,1617
2010,All,Repeat,2010-10,988459.6900000001,570272,2005
2010,All,Repeat,2010-11,1123273.432,627611,2454
2010,All,Repeat,2010-12,561405.5,306252,1366
2010,All,Unknown,2010-01,95352.44,20590,94
2010,All,Unknown,2010-02,46945.77,10018,97
2010,All,Unknown,2010-03,133936.79,23926,157
2010,All,Unknown,2010-04,86893.25,16118,133
2010,All,Unknown,2010-05,59872.12,10908,123
2010,All,Unknown,2010-06,113166.18,16948,148
2010,All,Unknown,2010-07,59074.1,13263,148
2010,All,Unknown,2010-08,93027.31,19838,132
2010,All,Unknown,2010-09,92683.04,16711,150
2010,All,Unknown,2010-10,128790.20999999999,23564,168
2010,All,Unknown,2010-11,297833.12,72093,160
2010,All,Unknown,2010-12,251030.0,46971,159
2011,All,One-time,2011-01,14082.76,6804,31
2011,All,One-time,2011-02,13650.01,6283,50
2011,All,One-time,2011-03,21010.02,11246,66
2011,All,One-time,2011-04,12279.66,6364,41
2011,All,One-time,2011-05,13303.42,6922,38
2011,All,One-time,2011-06,10043.25,6462,41
2011,All,One-time,2011-07,10323.61,7827,28
2011,All,One-time,2011-08,19320.56,10951,43
2011,All,One-time,2011-09,40024.82,24264,85
2011,All,One-time,2011-10,47124.69,30002,127
2011,All,One-time,2011-11,42855.340000000004,27502,136
2011,All,One-time,2011-12,11430.66,7560,27
2011,All,Repeat,2011-01,554018.55,341669,956
2011,All,Repeat,2011-02,432434.91,258744,947
2011,All,Repeat,2011-03,573071.74,336336,1255
2011,All,Repeat,2011-04,456094.67100000003,285002,1108
2011,All,Repeat,2011-05,664051.73,365942,1517
2011,All,Repeat,2011-06,650002.8,356552,1352
2011,All,Repeat,2011-07,588639.291,359533,1303
2011,All,Repeat,2011-08,624730.48,386422,1237
2011,All,Repeat,2011-09,910665.382,519388,1670
2011,All,Repeat,2011-10,988517.76,561541,1802
2011,All,Repeat,2011-11,1113350.27,638421,2521
2011,All,Repeat,2011-12,505777.78,279218,751
2011,All,Unknown,2011-01,121710.3,38626,99
2011,All,Unknown,2011-02,76460.64,17907,103
2011,All,Unknown,2011-03,122133.5,29017,133
2011,All,Unknown,2011-04,68594.16,16587,97
2011,All,Unknown,2011-05,91941.45999999999,22137,126
2011,All,Unknown,2011-06,100500.95999999999,25497,140
2011,All,Unknown,2011-07,119113.22,32333,144
2011,All,Unknown,2011-08,113790.34,23647,81
2011,All,Unknown,2011-09,105744.99,25921,82
2011,All,Unknown,2011-10,115621.28,29486,111
2011,All,Unknown,2011-11,347661.17,85454,112
2011,All,Unknown,2011-12,120599.89,26835,41
2009,Australia,All,2009-12,271.1,160,2
2009,Austria,All,2009-12,1998.34,564,2
2009,Belgium,All,2009-12,447.6,153,3
2009,Channel Islands,All,2009-12,989.18,439,1
2009,Cyprus,All,2009-12,3541.68,1572,4
2009,Denmark,All,2009-12,1437.66,574,2
2009,EIRE,All,2009-12,20099.74,9414,20
2009,Finland,All,2009-12,549.08,134,1
2009,France,All,2009-12,6521.69,3688,13
2009,Germany,All,2009-12,9830.27,4774,18
2009,Greece,All,2009-12,610.95,441,1
2009,Italy,All,2009-12,422.35,157,1
2009,Netherlands,All,2009-12,15204.73,10822,6
2009,Norway,All,2009-12,485.31,182,1
2009,Poland,All,2009-12,371.82,266,1
2009,Portugal,All,2009-12,2821.58,1575,2
2009,Spain,All,2009-12,7950.18,3279,5
2009,Sweden,All,2009-12,285.29999999999995,174,1
2009,Switzerland,All,2009-12,589.4,220,1
2009,USA,All,2009-12,141.0,1,1
2009,United Arab Emirates,All,2009-12,517.7,520,1
2009,United Kingdom,All,2009-12,747397.29,386352,1595
2010,Australia,All,2010-02,1029.66,624,3
2010,Australia,All,2010-03,429.39,191,2
2010,Australia,All,2010-04,630.95,560,2
2010,Australia,All,2010-05,2371.15,667,6
2010,Australia,All,2010-06,3214.78,2280,3
2010,Australia,All,2010-07,686.12,224,3
2010,Australia,All,2010-08,176.0,88,1
2010,Australia,All,2010-09,785.83,293,2
2010,Australia,All,2010-10,2989.15,1881,9
2010,Australia,All,2010-11,18245.52,12900,5
2010,Australia,All,2010-12,965.35,457,3
2010,Austria,All,2010-02,1118.8600000000001,480,3
2010,Austria,All,2010-03,925.13,401,5
2010,Austria,All,2010-04,1388.54,798,1
2010,Austria,All,2010-05,622.04,655,1
2010,Austria,All,2010-06,268.1,281,1
2010,Austria,All,2010-08,1043.15,689,1
2010,Austria,All,2010-09,1940.17,1217,5
2010,Austria,All,2010-10,1236.7,351,4
2010,Austria,All,2010-11,2873.3,1261,5
2010,Austria,All,2010-12,277.2,51,1
2010,Bahrain,All,2010-02,439.85,159,1
2010,Bahrain,All,2010-03,548.8,98,2
2010,Bahrain,All,2010-05,585.96,352,2
2010,Bahrain,All,2010-06,463.28,224,1
2010,Bahrain,All,2010-10,317.76,192,1
2010,Bahrain,All,2010-12,205.74,54,1
2010,Belgium,All,2010-01,1634.02,717,4
2010,Belgium,All,2010-02,3209.0,704,3
2010,Belgium,All,2010-03,884.52,481,3
2010,Belgium,All,2010-04,2570.39,1445,4
2010,Belgium,All,2010-05,98.15,38,1
2010,Belgium,All,2010-06,3800.34,1588,6
2010,Belgium,All,2010-07,1914.23,1393,7
2010,Belgium,All,2010-08,1713.62,954,3
2010,Belgium,All,2010-09,1190.91,651,5
2010,Belgium,All,2010-10,1475.72,664,5
2010,Belgium,All,2010-11,5252.98,2743,7
2010,Belgium,All,2010-12,1809.91,1755,5
2010,Bermuda,All,2010-03,1253.1399999999999,2798,1
2010,Brazil,All,2010-09,268.27,189,1
2010,Canada,All,2010-10,834.89,671,1
2010,Canada,All,2010-11,381.77000000000004,223,1
2010,Channel Islands,All,2010-01,838.75,193,1
2010,Channel Islands,All,2010-03,1065.12,996,1
2010,Channel Islands,All,2010-04,926.82,367,1
2010,Channel Islands,All,2010-05,5378.52,2403,6
2010,Channel Islands,All,2010-06,845.0,500,1
2010,Channel Islands,All,2010-08,1363.14,662,2
2010,Channel Islands,All,2010-09,6156.34,3341,9
2010,Channel Islands,All,2010-10,4341.19,1899,4
2010,Channel Islands,All,2010-11,2278.73,1111,3
2010,Channel Islands,All,2010-12,363.53,80,1
2010,Cyprus,All,2010-01,76.52000000000001,32,1
2010,Cyprus,All,2010-02,750.49,294,2
2010,Cyprus,All,2010-03,2879.19,1055,5
2010,Cyprus,All,2010-04,1151.7,459,2
2010,Cyprus,All,2010-05,515.61,144,1
2010,Cyprus,All,2010-06,489.8,100,1
2010,Cyprus,All,2010-09,993.1800000000001,493,3
2010,Cyprus,All,2010-10,551.33,253,1
2010,Cyprus,All,2010-11,397.59999999999997,208,1
2010,Cyprus,All,2010-12,1587.07,916,1
2010,Denmark,All,2010-01,7870.6,63754,2
2010,Denmark,All,2010-02,19809.899999999998,93230,2
2010,Denmark,All,2010-03,7595.18,64302,2
2010,Denmark,All,2010-04,748.0,576,1
2010,Denmark,All,2010-06,2695.51,1887,4
2010,Denmark,All,2010-07,591.6600000000001,164,1
2010,Denmark,All,2010-08,2643.03,1520,3
2010,Denmark,All,2010-09,1725.25,1307,3
2010,Denmark,All,2010-10,448.6,169,2
2010,Denmark,All,2010-11,4059.96,1753,3
2010,Denmark,All,2010-12,1281.5,454,1
2010,EIRE,All,2010-01,65258.43,30809,32
2010,EIRE,All,2010-02,21538.8,11631,18
2010,EIRE,All,2010-03,22989.46,14797,27
2010,EIRE,All,2010-04,23904.58,13739,19
2010,EIRE,All,2010-05,19104.93,9752,19
2010,EIRE,All,2010-06,22934.34,12306,24
2010,EIRE,All,2010-07,35722.32,15415,28
2010,EIRE,All,2010-08,26005.71,15808,27
2010,EIRE,All,2010-09,36958.12,20107,35
2010,EIRE,All,2010-10,50079.05,20053,47
2010,EIRE,All,2010-11,31031.31,15491,42
2010,EIRE,All,2010-12,10033.26,5770,17
2010,Finland,All,2010-01,801.42,263,2
2010,Finland,All,2010-04,1255.13,649,3
2010,Finland,All,2010-05,837.11,370,1
2010,Finland,All,2010-06,534.14,242,1
2010,Finland,All,2010-07,956.23,362,2
2010,Finland,All,2010-09,864.68,763,2
2010,Finland,All,2010-10,1166.69,675,2
2010,Finland,All,2010-11,414.98,213,2
2010,Finland,All,2010-12,892.8,1254,1
2010,France,All,2010-01,8465.63,5313,12
2010,France,All,2010-02,9024.16,4996,17
2010,France,All,2010-03,8637.79,4541,16
2010,France,All,2010-04,7642.9800000000005,4156,11
2010,France,All,2010-05,13912.55,8821,16
2010,France,All,2010-06,9172.539999999999,5709,23
2010,France,All,2010-07,11537.64,4131,18
2010,France,All,2010-08,16570.32,89914,10
2010,France,All,2010-09,14531.33,6960,26
2010,France,All,2010-10,15207.57,9921,28
2010,France,All,2010-11,19588.52,11690,40
2010,France,All,2010-12,9616.31,4989,21
2010,Germany,All,2010-01,12562.11,6321,21
2010,Germany,All,2010-02,9124.25,4789,27
2010,Germany,All,2010-03,16698.08,8883,28
2010,Germany,All,2010-04,23683.231,12557,31
2010,Germany,All,2010-05,9108.36,4246,17
2010,Germany,All,2010-06,15668.43,9314,27
2010,Germany,All,2010-07,20274.29,13100,26
2010,Germany,All,2010-08,9943.119999999999,5264,24
2010,Germany,All,2010-09,17708.68,9243,32
2010,Germany,All,2010-10,21499.98,11830,38
2010,Germany,All,2010-11,30240.510000000002,15679,43
2010,Germany,All,2010-12,15205.74,6865,30
2010,Greece,All,2010-01,4798.35,1573,3
2010,Greece,All,2010-03,522.73,259,1
2010,Greece,All,2010-04,277.93,94,1
2010,Greece,All,2010-05,2476.22,806,2
2010,Greece,All,2010-06,302.4,120,1
2010,Greece,All,2010-08,721.7099999999999,561,1
2010,Greece,All,2010-09,780.06,146,1
2010,Greece,All,2010-10,3084.02,1753,1
2010,Greece,All,2010-11,761.3,414,1
2010,Hong Kong,All,2010-04,2236.61,1367,1
2010,Hong Kong,All,2010-05,2396.61,1,1
2010,Hong Kong,All,2010-06,1685.6499999999999,939,1
2010,Hong Kong,All,2010-08,1883.65,1,1
2010,Iceland,All,2010-10,611.53,509,1
2010,Iceland,All,2010-12,711.79,319,1
2010,Israel,All,2010-07,1950.98,762,1
2010,Israel,All,2010-11,1248.42,370,1
2010,Italy,All,2010-01,39.67,1,1
2010,Italy,All,2010-03,734.22,499,2
2010,Italy,All,2010-04,1525.85,890,2
2010,Italy,All,2010-05,2373.45,1042,4
2010,Italy,All,2010-06,267.45,134,2
2010,Italy,All,2010-09,1380.56,1074,2
2010,Italy,All,2010-10,5208.22,2116,7
2010,Italy,All,2010-11,2673.16,1287,6
2010,Italy,All,2010-12,811.5,295,2
2010,Japan,All,2010-01,2.95,1,1
2010,Japan,All,2010-02,193.72,117,2
2010,Japan,All,2010-03,110.4,48,1
2010,Japan,All,2010-06,594.68,428,2
2010,Japan,All,2010-07,1253.3,726,3
2010,Japan,All,2010-09,1895.0,1100,1
2010,Japan,All,2010-10,1533.8899999999999,3199,1
2010,Japan,All,2010-11,23.6,8,3
2010,Japan,All,2010-12,7705.07,4093,3
2010,Korea,All,2010-09,168.69000000000003,102,1
2010,Korea,All,2010-11,949.82,598,1
2010,Lebanon,All,2010-09,211.7,72,1
2010,Lithuania,All,2010-07,1706.23,971,1
2010,Lithuania,All,2010-11,1525.39,683,1
2010,Lithuania,All,2010-12,1661.06,652,4
2010,Malta,All,2010-02,1636.38,606,2
2010,Malta,All,2010-08,3737.12,943,2
2010,Netherlands,All,2010-01,29230.77,20531,6
2010,Netherlands,All,2010-02,17255.39,9883,8
2010,Netherlands,All,2010-03,24447.98,16662,15
2010,Netherlands,All,2010-04,6888.78,4944,10
2010,Netherlands,All,2010-05,22416.53,14910,8
2010,Netherlands,All,2010-06,24224.51,15761,8
2010,Netherlands,All,2010-07,5532.64,3409,10
2010,Netherlands,All,2010-08,25028.69,17667,10
2010,Netherlands,All,2010-09,45037.14,29199,19
2010,Netherlands,All,2010-10,17265.85,17628,12
2010,Netherlands,All,2010-11,36058.74,22102,22
2010,Netherlands,All,2010-12,8784.48,6811,3
2010,Nigeria,All,2010-01,27.82,1,1
2010,Nigeria,All,2010-08,112.57,102,1
2010,Norway,All,2010-03,13916.34,2,2
2010,Norway,All,2010-08,152.4,508,1
2010,Norway,All,2010-09,973.69,619,1
2010,Norway,All,2010-11,4629.32,2974,4
2010,Norway,All,2010-12,3787.12,3582,2
2010,Poland,All,2010-03,318.86,194,1
2010,Poland,All,2010-06,556.16,282,1
2010,Poland,All,2010-07,374.75,143,1
2010,Poland,All,2010-08,527.4399999999999,320,1
2010,Poland,All,2010-09,349.47,231,2
2010,Poland,All,2010-11,821.14,568,2
2010,Poland,All,2010-12,248.16,140,1
2010,Portugal,All,2010-01,117.72,1,1
2010,Portugal,All,2010-02,458.83,245,3
2010,Portugal,All,2010-03,2519.05,1349,2
2010,Portugal,All,2010-04,85.53999999999999,46,1
2010,Portugal,All,2010-05,757.2,216,2
2010,Portugal,All,2010-06,3668.46,1632,4
2010,Portugal,All,2010-07,288.1,72,1
2010,Portugal,All,2010-08,463.21999999999997,189,2
2010,Portugal,All,2010-09,2964.58,1795,6
2010,Portugal,All,2010-10,2978.23,2224,5
2010,Portugal,All,2010-11,5477.97,2144,8
2010,Portugal,All,2010-12,2439.9700000000003,984,6
2010,RSA,All,2010-02,931.43,591,1
2010,RSA,All,2010-10,1435.29,1027,1
2010,RSA,All,2010-11,1435.29,1,1
2010,Singapore,All,2010-04,1252.95,509,1
2010,Singapore,All,2010-09,2784.82,1244,3
2010,Spain,All,2010-01,4179.59,1193,9
2010,Spain,All,2010-02,554.04,279,4
2010,Spain,All,2010-03,1671.77,1040,6
2010,Spain,All,2010-04,833.98,490,2
2010,Spain,All,2010-05,2854.58,1498,5
2010,Spain,All,2010-06,2332.2,884,2
2010,Spain,All,2010-07,1134.81,806,3
2010,Spain,All,2010-08,1299.99,675,5
2010,Spain,All,2010-09,3770.45,2325,6
2010,Spain,All,2010-10,14066.13,6937,10
2010,Spain,All,2010-11,6126.21,2968,7
2010,Spain,All,2010-12,1843.73,867,4
2010,Sweden,All,2010-01,1680.15,1537,3
2010,Sweden,All,2010-02,8202.58,8497,7
2010,Sweden,All,2010-03,1668.18,686,6
2010,Sweden,All,2010-04,17698.12,18648,16
2010,Sweden,All,2010-05,3556.76,6084,10
2010,Sweden,All,2010-06,914.3000000000001,467,2
2010,Sweden,All,2010-07,2590.78,2513,2
2010,Sweden,All,2010-08,2702.94,1827,5
2010,Sweden,All,2010-09,2899.56,3526,4
2010,Sweden,All,2010-10,9369.41,7814,8
2010,Sweden,All,2010-11,1933.91,782,5
2010,Sweden,All,2010-12,3834.3,3954,2
2010,Switzerland,All,2010-02,477.68,306,1
2010,Switzerland,All,2010-03,951.62,454,3
2010,Switzerland,All,2010-04,1939.76,1201,2
2010,Switzerland,All,2010-05,9825.16,5947,6
2010,Switzerland,All,2010-06,2362.47,1882,2
2010,Switzerland,All,2010-07,743.99,507,5
2010,Switzerland,All,2010-08,2053.05,1062,3
2010,Switzerland,All,2010-09,2474.44,1356,4
2010,Switzerland,All,2010-10,8629.69,4611,6
2010,Switzerland,All,2010-11,13570.73,4599,6
2010,Switzerland,All,2010-12,1304.92,714,2
2010,Thailand,All,2010-06,1956.84,2028,1
2010,Thailand,All,2010-07,1113.7,524,1
2010,USA,All,2010-01,2289.59,1344,5
2010,USA,All,2010-05,416.31,413,2
2010,USA,All,2010-06,896.0699999999999,551,4
2010,USA,All,2010-07,508.1,134,1
2010,USA,All,2010-10,132.8,129,1
2010,USA,All,2010-11,402.59999999999997,234,1
2010,United Arab Emirates,All,2010-02,2822.0,1723,4
2010,United Arab Emirates,All,2010-03,1201.52,1359,1
2010,United Arab Emirates,All,2010-08,2047.28,1364,1
2010,United Arab Emirates,All,2010-09,383.24,557,2
2010,United Arab Emirates,All,2010-10,509.92,351,2
2010,United Arab Emirates,All,2010-11,1713.69,465,2
2010,United Kingdom,All,2010-01,510245.922,256706,998
2010,United Kingdom,All,2010-02,452927.706,242725,1093
2010,United Kingdom,All,2010-03,718946.791,404931,1549
2010,United Kingdom,All,2010-04,581980.891,303057,1350
2010,United Kingdom,All,2010-05,558098.3,337503,1390
2010,United Kingdom,All,2010-06,649689.86,347281,1523
2010,United Kingdom,All,2010-07,557550.52,291263,1413
2010,United Kingdom,All,2010-08,594527.35,331867,1320
2010,United Kingdom,All,2010-09,770522.681,494698,1661
2010,United Kingdom,All,2010-10,996928.61,523139,2104
2010,United Kingdom,All,2010-11,1269636.102,621325,2520
2010,United Kingdom,All,2010-12,746082.22,312963,1447
2010,Unspecified,All,2010-01,1035.1,382,2
2010,Unspecified,All,2010-04,252.51999999999998,153,1
2010,Unspecified,All,2010-07,2379.88,1276,2
2010,Unspecified,All,2010-09,1978.15,1256,2
2010,Unspecified,All,2010-11,540.57,367,4
2010,West Indies,All,2010-08,536.41,395,1
2011,Australia,All,2011-01,9017.710000000001,5644,9
2011,Australia,All,2011-02,14695.42,8680,5
2011,Australia,All,2011-03,17223.99,10439,3
2011,Australia,All,2011-04,771.6,225,2
2011,Australia,All,2011-05,13638.41,8999,4
2011,Australia,All,2011-06,25187.77,15981,4
2011,Australia,All,2011-07,4964.38,5318,7
2011,Australia,All,2011-08,22489.2,12570,2
2011,Australia,All,2011-09,5106.7300000000005,4079,8
2011,Australia,All,2011-10,17150.53,7401,4
2011,Australia,All,2011-11,7242.72,4098,6
2011,Austria,All,2011-02,518.36,342,2
2011,Austria,All,2011-03,1708.1200000000001,982,2
2011,Austria,All,2011-04,680.78,311,2
2011,Austria,All,2011-05,1249.4299999999998,476,2
2011,Austria,All,2011-07,1191.95,573,2
2011,Austria,All,2011-08,1516.08,790,2
2011,Austria,All,2011-10,1043.78,491,1
2011,Austria,All,2011-11,1329.78,717,2
2011,Austria,All,2011-12,683.2,148,1
2011,Bahrain,All,2011-05,548.4,260,2
2011,Belgium,All,2011-01,1200.2,792,3
2011,Belgium,All,2011-02,2181.07,1102,8
2011,Belgium,All,2011-03,3351.98,1783,9
2011,Belgium,All,2011-04,1989.48,1183,6
2011,Belgium,All,2011-05,2732.4,1829,9
2011,Belgium,All,2011-06,4274.82,2245,11
2011,Belgium,All,2011-07,2475.57,1679,5
2011,Belgium,All,2011-08,3554.02,2069,9
2011,Belgium,All,2011-09,4208.02,1969,7
2011,Belgium,All,2011-10,5685.38,3170,11
2011,Belgium,All,2011-11,6315.76,2560,11
2011,Belgium,All,2011-12,1417.73,1101,4
2011,Brazil,All,2011-04,1143.6,356,1
2011,Canada,All,2011-03,140.54,88,1
2011,Canada,All,2011-05,534.24,504,1
2011,Canada,All,2011-06,1171.46,1092,1
2011,Canada,All,2011-07,1768.58,1027,2
2011,Canada,All,2011-08,51.56,52,1
2011,Channel Islands,All,2011-01,675.58,259,1
2011,Channel Islands,All,2011-02,1784.71,935,1
2011,Channel Islands,All,2011-03,3509.33,2104,3
2011,Channel Islands,All,2011-04,293.0,97,1
2011,Channel Islands,All,2011-05,1207.24,224,2
2011,Channel Islands,All,2011-06,2060.0299999999997,836,1
2011,Channel Islands,All,2011-08,4886.88,2003,5
2011,Channel Islands,All,2011-09,1323.75,764,2
2011,Channel Islands,All,2011-10,2623.32,1407,5
2011,Channel Islands,All,2011-11,1514.77,716,3
2011,Channel Islands,All,2011-12,198.4,60,1
2011,Cyprus,All,2011-01,547.5,144,1
2011,Cyprus,All,2011-02,4334.24,2191,6
2011,Cyprus,All,2011-03,938.39,1005,1
2011,Cyprus,All,2011-06,1109.32,356,1
2011,Cyprus,All,2011-09,196.35,33,1
2011,Cyprus,All,2011-10,4350.32,1402,4
2011,Cyprus,All,2011-11,439.66,293,1
2011,Czech Republic,All,2011-02,549.26,346,1
2011,Czech Republic,All,2011-10,277.48,325,1
2011,Denmark,All,2011-02,399.22,224,1
2011,Denmark,All,2011-03,3978.99,879,1
2011,Denmark,All,2011-05,515.7,368,1
2011,Denmark,All,2011-06,3261.15,1544,3
2011,Denmark,All,2011-07,376.24,241,1
2011,Denmark,All,2011-08,213.15,338,1
2011,Denmark,All,2011-09,4570.160000000001,1608,3
2011,Denmark,All,2011-10,1490.76,869,3
2011,Denmark,All,2011-11,2699.57,1537,2
2011,Denmark,All,2011-12,168.9,173,1
2011,EIRE,All,2011-01,21904.19,8794,7
2011,EIRE,All,2011-02,12203.74,5968,13
2011,EIRE,All,2011-03,22197.51,9580,23
2011,EIRE,All,2011-04,7570.5,4135,11
2011,EIRE,All,2011-05,18003.72,8016,22
2011,EIRE,All,2011-06,24863.61,12905,28
2011,EIRE,All,2011-07,42738.85,22107,27
2011,EIRE,All,2011-08,18344.2,10072,19
2011,EIRE,All,2011-09,42923.7,22983,38
2011,EIRE,All,2011-10,24302.920000000002,15900,31
2011,EIRE,All,2011-11,30713.43,16655,42
2011,EIRE,All,2011-12,7340.89,4122,10
2011,European Community,All,2011-04,191.4,34,1
2011,European Community,All,2011-06,432.05,130,2
2011,European Community,All,2011-07,676.8000000000001,335,1
2011,Finland,All,2011-01,889.02,765,2
2011,Finland,All,2011-02,205.16,141,1
2011,Finland,All,2011-03,5936.82,2536,5
2011,Finland,All,2011-04,1688.92,818,4
2011,Finland,All,2011-06,329.56,157,1
2011,Finland,All,2011-07,2996.73,1273,3
2011,Finland,All,2011-08,1376.5,693,3
2011,Finland,All,2011-09,1105.45,515,4
2011,Finland,All,2011-10,2822.12,1115,6
2011,Finland,All,2011-11,3070.24,1087,8
2011,Finland,All,2011-12,1232.76,350,3
2011,France,All,2011-01,17740.12,9199,29
2011,France,All,2011-02,8515.96,5340,21
2011,France,All,2011-03,14584.95,8688,25
2011,France,All,2011-04,5529.61,2287,14
2011,France,All,2011-05,17606.48,9784,39
2011,France,All,2011-06,16348.41,9705,31
2011,France,All,2011-07,10000.19,5664,22
2011,France,All,2011-08,13810.96,7958,28
2011,France,All,2011-09,23428.04,13002,45
2011,France,All,2011-10,33471.05,13801,35
2011,France,All,2011-11,31696.37,17858,64
2011,France,All,2011-12,7294.92,3786,18
2011,Germany,All,2011-01,16880.84,9053,31
2011,Germany,All,2011-02,9581.050000000001,4245,19
2011,Germany,All,2011-03,14392.69,7739,32
2011,Germany,All,2011-04,12315.539999999999,5764,23
2011,Germany,All,2011-05,25734.7,12987,42
2011,Germany,All,2011-06,13246.35,7438,24
2011,Germany,All,2011-07,16440.98,9096,33
2011,Germany,All,2011-08,19220.77,9641,39
2011,Germany,All,2011-09,18079.47,11153,41
2011,Germany,All,2011-10,31628.42,17732,58
2011,Germany,All,2011-11,27967.68,13435,68
2011,Germany,All,2011-12,7984.17,4006,17
2011,Greece,All,2011-01,2661.24,526,1
2011,Greece,All,2011-03,387.31,289,1
2011,Greece,All,2011-04,609.74,262,1
2011,Greece,All,2011-07,421.24,244,1
2011,Greece,All,2011-12,680.99,236,1
2011,Hong Kong,All,2011-01,2230.96,1061,1
2011,Hong Kong,All,2011-03,2583.76,1,1
2011,Hong Kong,All,2011-04,1539.6399999999999,732,1
2011,Hong Kong,All,2011-05,1966.16,1262,1
2011,Hong Kong,All,2011-06,633.96,537,1
2011,Hong Kong,All,2011-08,2813.95,736,2
2011,Hong Kong,All,2011-09,2653.95,1,1
2011,Hong Kong,All,2011-10,734.52,382,2
2011,Hong Kong,All,2011-11,326.1,1,1
2011,Iceland,All,2011-01,475.39,315,1
2011,Iceland,All,2011-04,636.25,483,1
2011,Iceland,All,2011-06,382.52,196,1
2011,Iceland,All,2011-08,584.91,277,1
2011,Iceland,All,2011-10,1294.32,676,1
2011,Iceland,All,2011-12,224.82,192,1
2011,Israel,All,2011-01,379.84000000000003,100,1
2011,Israel,All,2011-02,779.1,286,1
2011,Israel,All,2011-04,110.0,30,1
2011,Israel,All,2011-07,1430.75,633,1
2011,Israel,All,2011-08,4873.81,3028,1
2011,Israel,All,2011-09,423.73,233,1
2011,Israel,All,2011-10,132.18,96,2
2011,Italy,All,2011-01,2402.51,1121,3
2011,Italy,All,2011-02,256.0,111,1
2011,Italy,All,2011-03,1806.81,688,4
2011,Italy,All,2011-04,737.83,653,2
2011,Italy,All,2011-05,587.45,267,1
2011,Italy,All,2011-06,202.07,55,2
2011,Italy,All,2011-07,147.1,22,1
2011,Italy,All,2011-08,1990.95,1147,4
2011,Italy,All,2011-09,279.8,48,1
2011,Italy,All,2011-10,3489.69,1597,7
2011,Italy,All,2011-11,4571.08,2063,9
2011,Italy,All,2011-12,200.45000000000002,45,1
2011,Japan,All,2011-02,5780.8099999999995,2999,2
2011,Japan,All,2011-03,48.9,21,3
2011,Japan,All,2011-04,6548.5,8058,2
2011,Japan,All,2011-05,1351.45,743,1
2011,Japan,All,2011-06,1607.04,2256,1
2011,Japan,All,2011-07,3854.4,2328,2
2011,Japan,All,2011-09,112.07999999999998,144,1
2011,Japan,All,2011-10,1948.0400000000002,1124,2
2011,Japan,All,2011-11,8460.08,4250,2
2011,Lebanon,All,2011-01,1693.88,386,1
2011,Malta,All,2011-06,863.16,402,2
2011,Malta,All,2011-08,1119.0,382,2
2011,Malta,All,2011-11,743.4300000000001,186,1
2011,Netherlands,All,2011-01,26611.16,20417,5
2011,Netherlands,All,2011-02,23011.91,16387,5
2011,Netherlands,All,2011-03,22416.489999999998,14828,8
2011,Netherlands,All,2011-04,2976.56,1768,3
2011,Netherlands,All,2011-05,29185.88,19936,11
2011,Netherlands,All,2011-06,26858.09,19744,11
2011,Netherlands,All,2011-07,26.02,10,1
2011,Netherlands,All,2011-08,40327.81,29300,7
2011,Netherlands,All,2011-09,26937.26,17309,7
2011,Netherlands,All,2011-10,40708.65,27230,15
2011,Netherlands,All,2011-11,25874.01,18663,15
2011,Netherlands,All,2011-12,11728.02,7958,3
2011,Norway,All,2011-02,630.9,295,2
2011,Norway,All,2011-03,1265.31,156,4
2011,Norway,All,2011-06,5886.860000000001,2009,4
2011,Norway,All,2011-07,890.0699999999999,586,1
2011,Norway,All,2011-08,2025.81,636,2
2011,Norway,All,2011-09,8678.94,4655,6
2011,Norway,All,2011-10,3687.23,1692,7
2011,Norway,All,2011-11,6527.5,3406,5
2011,Norway,All,2011-12,2785.7,2319,3
2011,Poland,All,2011-01,613.22,288,1
2011,Poland,All,2011-02,604.05,297,2
2011,Poland,All,2011-03,317.78,162,1
2011,Poland,All,2011-04,705.84,432,1
2011,Poland,All,2011-05,1522.37,616,3
2011,Poland,All,2011-06,343.65,81,2
2011,Poland,All,2011-07,687.3,288,2
2011,Poland,All,2011-08,401.8,186,2
2011,Poland,All,2011-09,529.25,253,2
2011,Poland,All,2011-11,1361.23,941,2
2011,Portugal,All,2011-01,4055.71,2094,4
2011,Portugal,All,2011-02,1213.9,558,2
2011,Portugal,All,2011-03,2660.85,1626,5
2011,Portugal,All,2011-04,1687.75,951,2
2011,Portugal,All,2011-05,4202.2300000000005,315,5
2011,Portugal,All,2011-06,884.46,421,3
2011,Portugal,All,2011-07,2287.85,1436,3
2011,Portugal,All,2011-08,1221.4,1026,1
2011,Portugal,All,2011-09,1433.22,899,3
2011,Portugal,All,2011-10,6184.22,3279,10
2011,Portugal,All,2011-11,2603.3,1073,10
2011,Portugal,All,2011-12,2808.19,1569,4
2011,RSA,All,2011-10,1002.3100000000001,351,1
2011,Saudi Arabia,All,2011-02,145.92,80,1
2011,Singapore,All,2011-01,2053.07,1091,1
2011,Singapore,All,2011-04,8209.58,1389,3
2011,Singapore,All,2011-07,3949.32,2160,1
2011,Singapore,All,2011-10,7067.32,601,2
2011,Spain,All,2011-01,10086.09,3845,8
2011,Spain,All,2011-02,2114.5,870,4
2011,Spain,All,2011-03,5363.15,2545,8
2011,Spain,All,2011-04,1785.65,953,3
2011,Spain,All,2011-05,3257.6,1468,4
2011,Spain,All,2011-06,3333.21,1538,8
2011,Spain,All,2011-07,7620.7699999999995,3435,9
2011,Spain,All,2011-08,3342.41,1598,10
2011,Spain,All,2011-09,5189.24,2683,8
2011,Spain,All,2011-10,8636.94,4352,8
2011,Spain,All,2011-11,8669.06,3505,14
2011,Spain,All,2011-12,316.21,274,2
2011,Sweden,All,2011-01,3486.32,3097,2
2011,Sweden,All,2011-02,509.5,250,1
2011,Sweden,All,2011-03,4720.58,5407,3
2011,Sweden,All,2011-04,809.1,310,2
2011,Sweden,All,2011-05,2681.98,2833,3
2011,Sweden,All,2011-06,832.0,404,3
2011,Sweden,All,2011-07,6802.09,6006,3
2011,Sweden,All,2011-08,1390.36,1309,5
2011,Sweden,All,2011-09,4575.21,4344,3
2011,Sweden,All,2011-10,5766.16,6151,3
2011,Sweden,All,2011-11,2722.23,1973,5
2011,Sweden,All,2011-12,238.0,40,1
2011,Switzerland,All,2011-01,4231.23,2993,3
2011,Switzerland,All,2011-02,2654.92,1107,5
2011,Switzerland,All,2011-03,1870.23,986,3
2011,Switzerland,All,2011-04,2076.94,886,4
2011,Switzerland,All,2011-05,3610.01,2249,3
2011,Switzerland,All,2011-06,7904.15,3970,4
2011,Switzerland,All,2011-07,3990.76,1825,6
2011,Switzerland,All,2011-08,4969.89,2998,3
2011,Switzerland,All,2011-09,8284.86,4255,7
2011,Switzerland,All,2011-10,8050.73,4857,8
2011,Switzerland,All,2011-11,8118.96,3777,6
2011,USA,All,2011-04,383.95,137,1
2011,USA,All,2011-10,2311.2,1717,2
2011,USA,All,2011-12,885.24,604,2
2011,United Arab Emirates,All,2011-02,889.24,496,1
2011,United Arab Emirates,All,2011-09,1013.04,486,2
2011,United Kingdom,All,2011-01,559975.83,315115,971
2011,United Kingdom,All,2011-02,428986.62,229684,995
2011,United Kingdom,All,2011-03,584810.78,304067,1308
2011,United Kingdom,All,2011-04,475677.631,275417,1153
2011,United Kingdom,All,2011-05,638104.89,321062,1523
2011,United Kingdom,All,2011-06,618345.53,304431,1383
2011,United Kingdom,All,2011-07,600919.071,332358,1337
2011,United Kingdom,All,2011-08,606784.93,332026,1210
2011,United Kingdom,All,2011-09,895098.642,477900,1645
2011,United Kingdom,All,2011-10,935404.14,503311,1811
2011,United Kingdom,All,2011-11,1319934.07,651942,2490
2011,United Kingdom,All,2011-12,591619.74,286630,746
2011,Unspecified,All,2011-04,299.1,282,1
2011,Unspecified,All,2011-05,1055.87,803,2
2011,Unspecified,All,2011-06,185.78,78,1
2011,Unspecified,All,2011-07,1419.11,1049,4
2011,Unspecified,All,2011-08,531.03,185,2
2011,Unspecified,All,2011-09,284.3,257,1
2011,Unspecified,All,2011-11,965.75,641,2
2009,Australia,Repeat,2009-12,271.1,160,2
2009,Austria,Repeat,2009-12,1998.34,564,2
2009,Belgium,Repeat,2009-12,447.6,153,3
2009,Channel Islands,Repeat,2009-12,989.18,439,1
2009,Cyprus,Repeat,2009-12,3541.68,1572,4
2009,Denmark,Repeat,2009-12,1437.66,574,2
2009,EIRE,Repeat,2009-12,18170.46,8615,16
2009,EIRE,Unknown,2009-12,1929.28,799,4
2009,Finland,Repeat,2009-12,549.08,134,1
2009,France,Repeat,2009-12,6521.69,3688,13
2009,Germany,Repeat,2009-12,9830.27,4774,18
2009,Greece,Repeat,2009-12,610.95,441,1
2009,Italy,Repeat,2009-12,422.35,157,1
2009,Netherlands,Repeat,2009-12,15204.73,10822,6
2009,Norway,One-time,2009-12,485.31,182,1
2009,Poland,Repeat,2009-12,371.82,266,1
2009,Portugal,Repeat,2009-12,2821.58,1575,2
2009,Spain,Repeat,2009-12,7950.18,3279,5
2009,Sweden,One-time,2009-12,285.29999999999995,174,1
2009,Switzerland,Repeat,2009-12,589.4,220,1
2009,USA,One-time,2009-12,141.0,1,1
2009,United Arab Emirates,One-time,2009-12,517.7,520,1
2009,United Kingdom,One-time,2009-12,18431.53,10056,80
2009,United Kingdom,Repeat,2009-12,591915.1,350294,1349
2009,United Kingdom,Unknown,2009-12,137050.66,26002,166
2010,Australia,One-time,2010-02,202.56,132,1
2010,Australia,One-time,2010-04,234.75,73,1
2010,Australia,One-time,2010-10,696.09,363,3
2010,Australia,Repeat,2010-02,827.1,492,2
2010,Australia,Repeat,2010-03,429.39,191,2
2010,Australia,Repeat,2010-04,396.2,487,1
2010,Australia,Repeat,2010-05,2371.15,667,6
2010,Australia,Repeat,2010-06,3214.78,2280,3
2010,Australia,Repeat,2010-07,686.12,224,3
2010,Australia,Repeat,2010-08,176.0,88,1
2010,Australia,Repeat,2010-09,785.83,293,2
2010,Australia,Repeat,2010-10,2293.06,1518,6
2010,Australia,Repeat,2010-11,18245.52,12900,5
2010,Australia,Repeat,2010-12,965.35,457,3
2010,Austria,Repeat,2010-02,1118.8600000000001,480,3
2010,Austria,Repeat,2010-03,925.13,401,5
2010,Austria,Repeat,2010-04,1388.54,798,1
2010,Austria,Repeat,2010-05,622.04,655,1
2010,Austria,Repeat,2010-06,268.1,281,1
2010,Austria,Repeat,2010-08,1043.15,689,1
2010,Austria,Repeat,2010-09,1940.17,1217,5
2010,Austria,Repeat,2010-10,1236.7,351,4
2010,Austria,Repeat,2010-11,2873.3,1261,5
2010,Austria,Repeat,2010-12,277.2,51,1
2010,Bahrain,Repeat,2010-05,488.21000000000004,303,1
2010,Bahrain,Repeat,2010-10,317.76,192,1
2010,Bahrain,Unknown,2010-02,439.85,159,1
2010,Bahrain,Unknown,2010-03,548.8,98,2
2010,Bahrain,Unknown,2010-05,97.75,49,1
2010,Bahrain,Unknown,2010-06,463.28,224,1
2010,Bahrain,Unknown,2010-12,205.74,54,1
2010,Belgium,One-time,2010-09,326.65,170,1
2010,Belgium,One-time,2010-10,65.3,35,1
2010,Belgium,One-time,2010-11,1938.4,612,1
2010,Belgium,Repeat,2010-01,1634.02,717,4
2010,Belgium,Repeat,2010-02,3209.0,704,3
2010,Belgium,Repeat,2010-03,884.52,481,3
2010,Belgium,Repeat,2010-04,2570.39,1445,4
2010,Belgium,Repeat,2010-05,98.15,38,1
2010,Belgium,Repeat,2010-06,3800.34,1588,6
2010,Belgium,Repeat,2010-07,1914.23,1393,7
2010,Belgium,Repeat,2010-08,1713.62,954,3
2010,Belgium,Repeat,2010-09,864.26,481,4
2010,Belgium,Repeat,2010-10,1410.42,629,4
2010,Belgium,Repeat,2010-11,3314.58,2131,6
2010,Belgium,Repeat,2010-12,1809.91,1755,5
2010,Bermuda,Unknown,2010-03,1253.1399999999999,2798,1
2010,Brazil,One-time,2010-09,268.27,189,1
2010,Canada,Repeat,2010-10,834.89,671,1
2010,Canada,Repeat,2010-11,381.77000000000004,223,1
2010,Channel Islands,One-time,2010-09,919.7,645,1
2010,Channel Islands,Repeat,2010-01,838.75,193,1
2010,Channel Islands,Repeat,2010-03,1065.12,996,1
2010,Channel Islands,Repeat,2010-04,926.82,367,1
2010,Channel Islands,Repeat,2010-05,5378.52,2403,6
2010,Channel Islands,Repeat,2010-06,845.0,500,1
2010,Channel Islands,Repeat,2010-08,1363.14,662,2
2010,Channel Islands,Repeat,2010-09,5236.64,2696,8
2010,Channel Islands,Repeat,2010-10,4341.19,1899,4
2010,Channel Islands,Repeat,2010-11,2278.73,1111,3
2010,Channel Islands,Repeat,2010-12,363.53,80,1
2010,Cyprus,One-time,2010-03,1417.94,626,2
2010,Cyprus,Repeat,2010-01,76.52000000000001,32,1
2010,Cyprus,Repeat,2010-02,750.49,294,2
2010,Cyprus,Repeat,2010-03,1461.25,429,3
2010,Cyprus,Repeat,2010-04,1151.7,459,2
2010,Cyprus,Repeat,2010-05,515.61,144,1
2010,Cyprus,Repeat,2010-06,489.8,100,1
2010,Cyprus,Repeat,2010-09,993.1800000000001,493,3
2010,Cyprus,Repeat,2010-10,551.33,253,1
2010,Cyprus,Repeat,2010-11,397.59999999999997,208,1
2010,Cyprus,Repeat,2010-12,1587.07,916,1
2010,Denmark,Repeat,2010-01,7870.6,63754,2
2010,Denmark,Repeat,2010-02,19809.899999999998,93230,2
2010,Denmark,Repeat,2010-03,7595.18,64302,2
2010,Denmark,Repeat,2010-04,748.0,576,1
2010,Denmark,Repeat,2010-06,2695.51,1887,4
2010,Denmark,Repeat,2010-07,591.6600000000001,164,1
2010,Denmark,Repeat,2010-08,2643.03,1520,3
2010,Denmark,Repeat,2010-09,1725.25,1307,3
2010,Denmark,Repeat,2010-10,448.6,169,2
2010,Denmark,Repeat,2010-11,4059.96,1753,3
2010,Denmark,Repeat,2010-12,1281.5,454,1
2010,EIRE,One-time,2010-01,107.14,1,1
2010,EIRE,Repeat,2010-01,64924.27,30806,29
2010,EIRE,Repeat,2010-02,20206.46,11249,17
2010,EIRE,Repeat,2010-03,22989.46,14797,27
2010,EIRE,Repeat,2010-04,20668.08,11962,16
2010,EIRE,Repeat,2010-05,18430.91,9401,18
2010,EIRE,Repeat,2010-06,22934.34,12306,24
2010,EIRE,Repeat,2010-07,31987.23,13700,22
2010,EIRE,Repeat,2010-08,22919.36,14510,23
2010,EIRE,Repeat,2010-09,36322.78,19815,34
2010,EIRE,Repeat,2010-10,43929.86,17302,43
2010,EIRE,Repeat,2010-11,27717.73,13424,37
2010,EIRE,Repeat,2010-12,8813.880000000001,5243,15
2010,EIRE,Unknown,2010-01,227.01999999999998,2,2
2010,EIRE,Unknown,2010-02,1332.34,382,1
2010,EIRE,Unknown,2010-04,3236.5,1777,3
2010,EIRE,Unknown,2010-05,674.02,351,1
2010,EIRE,Unknown,2010-07,3735.09,1715,6
2010,EIRE,Unknown,2010-08,3086.35,1298,4
2010,EIRE,Unknown,2010-09,635.34,292,1
2010,EIRE,Unknown,2010-10,6149.1900000000005,2751,4
2010,EIRE,Unknown,2010-11,3313.58,2067,5
2010,EIRE,Unknown,2010-12,1219.38,527,2
2010,Finland,One-time,2010-01,63.24,1,1
2010,Finland,Repeat,2010-01,738.1800000000001,262,1
2010,Finland,Repeat,2010-04,1255.13,649,3
2010,Finland,Repeat,2010-05,837.11,370,1
2010,Finland,Repeat,2010-06,534.14,242,1
2010,Finland,Repeat,2010-07,956.23,362,2
2010,Finland,Repeat,2010-09,864.68,763,2
2010,Finland,Repeat,2010-10,1166.69,675,2
2010,Finland,Repeat,2010-11,414.98,213,2
2010,Finland,Repeat,2010-12,892.8,1254,1
2010,France,One-time,2010-01,56.73,1,1
2010,France,One-time,2010-03,110.95,36,1
2010,France,One-time,2010-06,316.48,192,1
2010,France,One-time,2010-10,261.35,80,1
2010,France,One-time,2010-12,262.69,228,2
2010,France,Repeat,2010-01,8408.9,5312,11
2010,France,Repeat,2010-02,9024.16,4996,17
2010,France,Repeat,2010-03,8526.84,4505,15
2010,France,Repeat,2010-04,7405.18,3985,10
2010,France,Repeat,2010-05,13912.55,8821,16
2010,France,Repeat,2010-06,8856.06,5517,22
2010,France,Repeat,2010-07,11399.15,4034,17
2010,France,Repeat,2010-08,16570.32,89914,10
2010,France,Repeat,2010-09,14531.33,6960,26
2010,France,Repeat,2010-10,14946.22,9841,27
2010,France,Repeat,2010-11,18968.74,10977,37
2010,France,Repeat,2010-12,9353.62,4761,19
2010,France,Unknown,2010-04,237.79999999999998,171,1
2010,France,Unknown,2010-07,138.48999999999998,97,1
2010,France,Unknown,2010-11,619.78,713,3
2010,Germany,One-time,2010-03,70.0,48,1
2010,Germany,One-time,2010-04,2962.231,1571,2
2010,Germany,One-time,2010-05,393.72,302,1
2010,Germany,One-time,2010-07,1128.27,505,2
2010,Germany,One-time,2010-10,638.11,373,1
2010,Germany,One-time,2010-12,155.35,148,1
2010,Germany,Repeat,2010-01,12562.11,6321,21
2010,Germany,Repeat,2010-02,9124.25,4789,27
2010,Germany,Repeat,2010-03,16628.08,8835,27
2010,Germany,Repeat,2010-04,20721.0,10986,29
2010,Germany,Repeat,2010-05,8714.64,3944,16
2010,Germany,Repeat,2010-06,15668.43,9314,27
2010,Germany,Repeat,2010-07,19146.02,12595,24
2010,Germany,Repeat,2010-08,9943.119999999999,5264,24
2010,Germany,Repeat,2010-09,17708.68,9243,32
2010,Germany,Repeat,2010-10,20861.87,11457,37
2010,Germany,Repeat,2010-11,30240.510000000002,15679,43
2010,Germany,Repeat,2010-12,15050.39,6717,29
2010,Greece,One-time,2010-10,3084.02,1753,1
2010,Greece,Repeat,2010-01,4798.35,1573,3
2010,Greece,Repeat,2010-03,522.73,259,1
2010,Greece,Repeat,2010-04,277.93,94,1
2010,Greece,Repeat,2010-05,2476.22,806,2
2010,Greece,Repeat,2010-06,302.4,120,1
2010,Greece,Repeat,2010-08,721.7099999999999,561,1
2010,Greece,Repeat,2010-09,780.06,146,1
2010,Greece,Repeat,2010-11,761.3,414,1
2010,Hong Kong,Unknown,2010-04,2236.61,1367,1
2010,Hong Kong,Unknown,2010-05,2396.61,1,1
2010,Hong Kong,Unknown,2010-06,1685.6499999999999,939,1
2010,Hong Kong,Unknown,2010-08,1883.65,1,1
2010,Iceland,Repeat,2010-10,611.53,509,1
2010,Iceland,Repeat,2010-12,711.79,319,1
2010,Israel,One-time,2010-11,1248.42,370,1
2010,Israel,Repeat,2010-07,1950.98,762,1
2010,Italy,One-time,2010-10,1204.44,437,2
2010,Italy,One-time,2010-12,383.7,131,1
2010,Italy,Repeat,2010-01,39.67,1,1
2010,Italy,Repeat,2010-03,734.22,499,2
2010,Italy,Repeat,2010-04,1525.85,890,2
2010,Italy,Repeat,2010-05,2373.45,1042,4
2010,Italy,Repeat,2010-06,267.45,134,2
2010,Italy,Repeat,2010-09,1380.56,1074,2
2010,Italy,Repeat,2010-10,4003.78,1679,5
2010,Italy,Repeat,2010-11,2673.16,1287,6
2010,Italy,Repeat,2010-12,427.8,164,1
2010,Japan,One-time,2010-06,219.35,137,1
2010,Japan,Repeat,2010-01,2.95,1,1
2010,Japan,Repeat,2010-02,193.72,117,2
2010,Japan,Repeat,2010-03,110.4,48,1
2010,Japan,Repeat,2010-06,375.33,291,1
2010,Japan,Repeat,2010-07,1253.3,726,3
2010,Japan,Repeat,2010-09,1895.0,1100,1
2010,Japan,Repeat,2010-10,1533.8899999999999,3199,1
2010,Japan,Repeat,2010-11,23.6,8,3
2010,Japan,Repeat,2010-12,7705.07,4093,3
2010,Korea,One-time,2010-09,168.69000000000003,102,1
2010,Korea,One-time,2010-11,949.82,598,1
2010,Lebanon,Unknown,2010-09,211.7,72,1
2010,Lithuania,Repeat,2010-07,1706.23,971,1
2010,Lithuania,Repeat,2010-11,1525.39,683,1
2010,Lithuania,Repeat,2010-12,1661.06,652,4
2010,Malta,Repeat,2010-02,1636.38,606,2
2010,Malta,Repeat,2010-08,3737.12,943,2
2010,Netherlands,One-time,2010-03,381.0,182,1
2010,Netherlands,One-time,2010-04,1065.9,609,2
2010,Netherlands,One-time,2010-06,98.7,53,1
2010,Netherlands,One-time,2010-09,347.8,198,1
2010,Netherlands,One-time,2010-11,1092.81,872,1
2010,Netherlands,Repeat,2010-01,29230.77,20531,6
2010,Netherlands,Repeat,2010-02,17255.39,9883,8
2010,Netherlands,Repeat,2010-03,24066.98,16480,14
2010,Netherlands,Repeat,2010-04,5822.88,4335,8
2010,Netherlands,Repeat,2010-05,22416.53,14910,8
2010,Netherlands,Repeat,2010-06,24125.81,15708,7
2010,Netherlands,Repeat,2010-07,5532.64,3409,10
2010,Netherlands,Repeat,2010-08,25028.69,17667,10
2010,Netherlands,Repeat,2010-09,44689.34,29001,18
2010,Netherlands,Repeat,2010-10,17265.85,17628,12
2010,Netherlands,Repeat,2010-11,34965.93,21230,21
2010,Netherlands,Repeat,2010-12,8784.48,6811,3
2010,Nigeria,Repeat,2010-01,27.82,1,1
2010,Nigeria,Repeat,2010-08,112.57,102,1
2010,Norway,One-time,2010-11,1993.34,1450,1
2010,Norway,Repeat,2010-03,13916.34,2,2
2010,Norway,Repeat,2010-08,152.4,508,1
2010,Norway,Repeat,2010-09,973.69,619,1
2010,Norway,Repeat,2010-11,2635.98,1524,3
2010,Norway,Repeat,2010-12,3787.12,3582,2
2010,Poland,Repeat,2010-03,318.86,194,1
2010,Poland,Repeat,2010-06,556.16,282,1
2010,Poland,Repeat,2010-07,374.75,143,1
2010,Poland,Repeat,2010-08,527.4399999999999,320,1
2010,Poland,Repeat,2010-09,349.47,231,2
2010,Poland,Repeat,2010-11,821.14,568,2
2010,Poland,Repeat,2010-12,248.16,140,1
2010,Portugal,One-time,2010-01,117.72,1,1
2010,Portugal,One-time,2010-02,55.5,46,1
2010,Portugal,One-time,2010-05,124.25,109,1
2010,Portugal,One-time,2010-08,282.3,104,1
2010,Portugal,Repeat,2010-02,403.33,199,2
2010,Portugal,Repeat,2010-03,2519.05,1349,2
2010,Portugal,Repeat,2010-04,85.53999999999999,46,1
2010,Portugal,Repeat,2010-05,632.95,107,1
2010,Portugal,Repeat,2010-06,3668.46,1632,4
2010,Portugal,Repeat,2010-07,288.1,72,1
2010,Portugal,Repeat,2010-08,180.92,85,1
2010,Portugal,Repeat,2010-09,2964.58,1795,6
2010,Portugal,Repeat,2010-10,2978.23,2224,5
2010,Portugal,Repeat,2010-11,5056.43,1984,7
2010,Portugal,Repeat,2010-12,2439.9700000000003,984,6
2010,Portugal,Unknown,2010-11,421.54,160,1
2010,RSA,One-time,2010-02,931.43,591,1
2010,RSA,Unknown,2010-10,1435.29,1027,1
2010,RSA,Unknown,2010-11,1435.29,1,1
2010,Singapore,Repeat,2010-04,1252.95,509,1
2010,Singapore,Repeat,2010-09,2784.82,1244,3
2010,Spain,One-time,2010-01,227.75,3,3
2010,Spain,One-time,2010-04,454.36,258,1
2010,Spain,One-time,2010-05,1126.0,561,1
2010,Spain,One-time,2010-09,1448.75,928,2
2010,Spain,One-time,2010-12,168.0,100,1
2010,Spain,Repeat,2010-01,3951.84,1190,6
2010,Spain,Repeat,2010-02,554.04,279,4
2010,Spain,Repeat,2010-03,1671.77,1040,6
2010,Spain,Repeat,2010-04,379.62,232,1
2010,Spain,Repeat,2010-05,1728.58,937,4
2010,Spain,Repeat,2010-06,2332.2,884,2
2010,Spain,Repeat,2010-07,1134.81,806,3
2010,Spain,Repeat,2010-08,1299.99,675,5
2010,Spain,Repeat,2010-09,2321.7,1397,4
2010,Spain,Repeat,2010-10,14066.13,6937,10
2010,Spain,Repeat,2010-11,6126.21,2968,7
2010,Spain,Repeat,2010-12,1675.73,767,3
2010,Sweden,One-time,2010-03,357.4,130,1
2010,Sweden,One-time,2010-06,708.1,414,1
2010,Sweden,One-time,2010-07,1071.82,505,1
2010,Sweden,One-time,2010-09,162.0,216,1
2010,Sweden,One-time,2010-10,1770.22,972,2
2010,Sweden,One-time,2010-11,330.35,145,1
2010,Sweden,Repeat,2010-01,1680.15,1537,3
2010,Sweden,Repeat,2010-02,8202.58,8497,7
2010,Sweden,Repeat,2010-03,956.78,418,4
2010,Sweden,Repeat,2010-04,17698.12,18648,16
2010,Sweden,Repeat,2010-05,3556.76,6084,10
2010,Sweden,Repeat,2010-06,206.20000000000002,53,1
2010,Sweden,Repeat,2010-07,1518.96,2008,1
2010,Sweden,Repeat,2010-08,2702.94,1827,5
2010,Sweden,Repeat,2010-09,2737.56,3310,3
2010,Sweden,Repeat,2010-10,7599.19,6842,6
2010,Sweden,Repeat,2010-11,1603.56,637,4
2010,Sweden,Repeat,2010-12,3834.3,3954,2
2010,Sweden,Unknown,2010-03,354.0,138,1
2010,Switzerland,Repeat,2010-02,477.68,306,1
2010,Switzerland,Repeat,2010-03,951.62,454,3
2010,Switzerland,Repeat,2010-04,1939.76,1201,2
2010,Switzerland,Repeat,2010-05,9825.16,5947,6
2010,Switzerland,Repeat,2010-06,2362.47,1882,2
2010,Switzerland,Repeat,2010-07,743.99,507,5
2010,Switzerland,Repeat,2010-08,2053.05,1062,3
2010,Switzerland,Repeat,2010-09,2474.44,1356,4
2010,Switzerland,Repeat,2010-10,8629.69,4611,6
2010,Switzerland,Repeat,2010-11,13570.73,4599,6
2010,Switzerland,Repeat,2010-12,1304.92,714,2
2010,Thailand,Repeat,2010-06,1956.84,2028,1
2010,Thailand,Repeat,2010-07,1113.7,524,1
2010,USA,One-time,2010-10,132.8,129,1
2010,USA,Repeat,2010-01,2289.59,1344,5
2010,USA,Repeat,2010-05,416.31,413,2
2010,USA,Repeat,2010-06,896.0699999999999,551,4
2010,USA,Repeat,2010-07,508.1,134,1
2010,USA,Repeat,2010-11,402.59999999999997,234,1
2010,United Arab Emirates,One-time,2010-03,1201.52,1359,1
2010,United Arab Emirates,Repeat,2010-02,1310.3000000000002,798,1
2010,United Arab Emirates,Repeat,2010-08,2047.28,1364,1
2010,United Arab Emirates,Repeat,2010-10,509.92,351,2
2010,United Arab Emirates,Repeat,2010-11,1713.69,465,2
2010,United Arab Emirates,Unknown,2010-02,1511.7,925,3
2010,United Arab Emirates,Unknown,2010-09,383.24,557,2
2010,United Kingdom,One-time,2010-01,9142.63,4985,39
2010,United Kingdom,One-time,2010-02,18389.961,11077,56
2010,United Kingdom,One-time,2010-03,33466.82,12672,72
2010,United Kingdom,One-time,2010-04,16580.83,10073,57
2010,United Kingdom,One-time,2010-05,23302.92,25042,52
2010,United Kingdom,One-time,2010-06,14947.41,9733,61
2010,United Kingdom,One-time,2010-07,7008.42,4682,43
2010,United Kingdom,One-time,2010-08,11757.42,8521,43
2010,United Kingdom,One-time,2010-09,33633.04,100001,64
2010,United Kingdom,One-time,2010-10,36799.99,22018,116
2010,United Kingdom,One-time,2010-11,35332.52,21149,126
2010,United Kingdom,One-time,2010-12,8047.49,4189,29
2010,United Kingdom,Repeat,2010-01,405977.872,231133,867
2010,United Kingdom,Repeat,2010-02,390875.865,223096,945
2010,United Kingdom,Repeat,2010-03,553699.121,371367,1324
2010,United Kingdom,Repeat,2010-04,484217.721,280181,1165
2010,United Kingdom,Repeat,2010-05,478091.64,301954,1218
2010,United Kingdom,Repeat,2010-06,523725.2,321763,1316
2010,United Kingdom,Repeat,2010-07,495341.58,275130,1229
2010,United Kingdom,Repeat,2010-08,494712.62,304807,1150
2010,United Kingdom,Repeat,2010-09,645436.881,378907,1451
2010,United Kingdom,Repeat,2010-10,838922.89,481335,1825
2010,United Kingdom,Repeat,2010-11,942500.292,531130,2247
2010,United Kingdom,Repeat,2010-12,488429.85,262384,1262
2010,United Kingdom,Unknown,2010-01,95125.42,20588,92
2010,United Kingdom,Unknown,2010-02,43661.88,8552,92
2010,United Kingdom,Unknown,2010-03,131780.85,20892,153
2010,United Kingdom,Unknown,2010-04,81182.34,12803,128
2010,United Kingdom,Unknown,2010-05,56703.74,10507,120
2010,United Kingdom,Unknown,2010-06,111017.25,15785,146
2010,United Kingdom,Unknown,2010-07,55200.52,11451,141
2010,United Kingdom,Unknown,2010-08,88057.31,18539,127
2010,United Kingdom,Unknown,2010-09,91452.76,15790,146
2010,United Kingdom,Unknown,2010-10,121205.73,19786,163
2010,United Kingdom,Unknown,2010-11,291803.29,69046,147
2010,United Kingdom,Unknown,2010-12,249604.88,46390,156
2010,Unspecified,One-time,2010-01,211.95,95,1
2010,Unspecified,One-time,2010-11,300.93,261,1
2010,Unspecified,Repeat,2010-01,823.15,287,1
2010,Unspecified,Repeat,2010-04,252.51999999999998,153,1
2010,Unspecified,Repeat,2010-07,2379.88,1276,2
2010,Unspecified,Repeat,2010-09,1978.15,1256,2
2010,Unspecified,Unknown,2010-11,239.64,106,3
2010,West Indies,One-time,2010-08,536.41,395,1
2011,Australia,Repeat,2011-01,9017.710000000001,5644,9
2011,Australia,Repeat,2011-02,14695.42,8680,5
2011,Australia,Repeat,2011-03,17223.99,10439,3
2011,Australia,Repeat,2011-04,771.6,225,2
2011,Australia,Repeat,2011-05,13638.41,8999,4
2011,Australia,Repeat,2011-06,25187.77,15981,4
2011,Australia,Repeat,2011-07,4964.38,5318,7
2011,Australia,Repeat,2011-08,22489.2,12570,2
2011,Australia,Repeat,2011-09,5106.7300000000005,4079,8
2011,Australia,Repeat,2011-10,17150.53,7401,4
2011,Australia,Repeat,2011-11,7242.72,4098,6
2011,Austria,One-time,2011-03,1542.08,929,1
2011,Austria,One-time,2011-07,707.09,473,1
2011,Austria,Repeat,2011-02,518.36,342,2
2011,Austria,Repeat,2011-03,166.04,53,1
2011,Austria,Repeat,2011-04,680.78,311,2
2011,Austria,Repeat,2011-05,1249.4299999999998,476,2
2011,Austria,Repeat,2011-07,484.86,100,1
2011,Austria,Repeat,2011-08,1516.08,790,2
2011,Austria,Repeat,2011-10,1043.78,491,1
2011,Austria,Repeat,2011-11,1329.78,717,2
2011,Austria,Repeat,2011-12,683.2,148,1
2011,Bahrain,Repeat,2011-05,548.4,260,2
2011,Belgium,One-time,2011-02,84.3,11,1
2011,Belgium,One-time,2011-04,476.49,190,1
2011,Belgium,One-time,2011-09,549.84,353,1
2011,Belgium,Repeat,2011-01,1200.2,792,3
2011,Belgium,Repeat,2011-02,2096.77,1091,7
2011,Belgium,Repeat,2011-03,3351.98,1783,9
2011,Belgium,Repeat,2011-04,1512.99,993,5
2011,Belgium,Repeat,2011-05,2732.4,1829,9
2011,Belgium,Repeat,2011-06,4274.82,2245,11
2011,Belgium,Repeat,2011-07,2475.57,1679,5
2011,Belgium,Repeat,2011-08,3554.02,2069,9
2011,Belgium,Repeat,2011-09,3658.18,1616,6
2011,Belgium,Repeat,2011-10,5685.38,3170,11
2011,Belgium,Repeat,2011-11,6315.76,2560,11
2011,Belgium,Repeat,2011-12,1417.73,1101,4
2011,Brazil,One-time,2011-04,1143.6,356,1
2011,Canada,One-time,2011-03,140.54,88,1
2011,Canada,One-time,2011-05,534.24,504,1
2011,Canada,One-time,2011-08,51.56,52,1
2011,Canada,Repeat,2011-06,1171.46,1092,1
2011,Canada,Repeat,2011-07,1768.58,1027,2
2011,Channel Islands,Repeat,2011-01,675.58,259,1
2011,Channel Islands,Repeat,2011-02,1784.71,935,1
2011,Channel Islands,Repeat,2011-03,3509.33,2104,3
2011,Channel Islands,Repeat,2011-04,293.0,97,1
2011,Channel Islands,Repeat,2011-05,1207.24,224,2
2011,Channel Islands,Repeat,2011-06,2060.0299999999997,836,1
2011,Channel Islands,Repeat,2011-08,4886.88,2003,5
2011,Channel Islands,Repeat,2011-09,1323.75,764,2
2011,Channel Islands,Repeat,2011-10,2623.32,1407,5
2011,Channel Islands,Repeat,2011-11,1514.77,716,3
2011,Channel Islands,Repeat,2011-12,198.4,60,1
2011,Cyprus,One-time,2011-10,600.39,345,1
2011,Cyprus,Repeat,2011-01,547.5,144,1
2011,Cyprus,Repeat,2011-02,4334.24,2191,6
2011,Cyprus,Repeat,2011-03,938.39,1005,1
2011,Cyprus,Repeat,2011-06,1109.32,356,1
2011,Cyprus,Repeat,2011-09,196.35,33,1
2011,Cyprus,Repeat,2011-10,3749.93,1057,3
2011,Cyprus,Repeat,2011-11,439.66,293,1
2011,Czech Republic,Repeat,2011-02,549.26,346,1
2011,Czech Republic,Repeat,2011-10,277.48,325,1
2011,Denmark,One-time,2011-12,168.9,173,1
2011,Denmark,Repeat,2011-02,399.22,224,1
2011,Denmark,Repeat,2011-03,3978.99,879,1
2011,Denmark,Repeat,2011-05,515.7,368,1
2011,Denmark,Repeat,2011-06,3261.15,1544,3
2011,Denmark,Repeat,2011-07,376.24,241,1
2011,Denmark,Repeat,2011-08,213.15,338,1
2011,Denmark,Repeat,2011-09,4570.160000000001,1608,3
2011,Denmark,Repeat,2011-10,1490.76,869,3
2011,Denmark,Repeat,2011-11,2699.57,1537,2
2011,EIRE,Repeat,2011-01,21904.19,8794,7
2011,EIRE,Repeat,2011-02,10111.52,4953,9
2011,EIRE,Repeat,2011-03,21674.36,9246,22
2011,EIRE,Repeat,2011-04,7570.5,4135,11
2011,EIRE,Repeat,2011-05,15977.15,7239,18
2011,EIRE,Repeat,2011-06,19835.99,12182,24
2011,EIRE,Repeat,2011-07,40854.15,21253,22
2011,EIRE,Repeat,2011-08,16957.83,9086,17
2011,EIRE,Repeat,2011-09,40832.64,22033,36
2011,EIRE,Repeat,2011-10,24302.920000000002,15900,31
2011,EIRE,Repeat,2011-11,29448.41,16123,39
2011,EIRE,Repeat,2011-12,6978.92,3946,9
2011,EIRE,Unknown,2011-02,2092.2200000000003,1015,4
2011,EIRE,Unknown,2011-03,523.15,334,1
2011,EIRE,Unknown,2011-05,2026.57,777,4
2011,EIRE,Unknown,2011-06,5027.62,723,4
2011,EIRE,Unknown,2011-07,1884.7,854,5
2011,EIRE,Unknown,2011-08,1386.3700000000001,986,2
2011,EIRE,Unknown,2011-09,2091.06,950,2
2011,EIRE,Unknown,2011-11,1265.02,532,3
2011,EIRE,Unknown,2011-12,361.97,176,1
2011,European Community,Repeat,2011-04,191.4,34,1
2011,European Community,Repeat,2011-06,432.05,130,2
2011,European Community,Repeat,2011-07,676.8000000000001,335,1
2011,Finland,One-time,2011-07,1710.39,857,1
2011,Finland,One-time,2011-10,620.13,395,1
2011,Finland,One-time,2011-12,144.0,51,1
2011,Finland,Repeat,2011-01,889.02,765,2
2011,Finland,Repeat,2011-02,205.16,141,1
2011,Finland,Repeat,2011-03,5936.82,2536,5
2011,Finland,Repeat,2011-04,1688.92,818,4
2011,Finland,Repeat,2011-06,329.56,157,1
2011,Finland,Repeat,2011-07,1286.3400000000001,416,2
2011,Finland,Repeat,2011-08,1376.5,693,3
2011,Finland,Repeat,2011-09,1105.45,515,4
2011,Finland,Repeat,2011-10,2201.99,720,5
2011,Finland,Repeat,2011-11,3070.24,1087,8
2011,Finland,Repeat,2011-12,1088.76,299,2
2011,France,One-time,2011-01,787.38,339,3
2011,France,One-time,2011-02,779.9200000000001,311,2
2011,France,One-time,2011-03,456.9,133,1
2011,France,One-time,2011-04,73.5,23,1
2011,France,One-time,2011-05,389.01,106,1
2011,France,One-time,2011-06,236.26,111,1
2011,France,One-time,2011-08,1065.3,695,2
2011,France,One-time,2011-09,678.67,488,2
2011,France,One-time,2011-10,580.72,504,2
2011,France,One-time,2011-11,1499.99,855,5
2011,France,One-time,2011-12,314.44000000000005,254,1
2011,France,Repeat,2011-01,16952.74,8860,26
2011,France,Repeat,2011-02,7736.04,5029,19
2011,France,Repeat,2011-03,14128.05,8555,24
2011,France,Repeat,2011-04,5456.11,2264,13
2011,France,Repeat,2011-05,17217.47,9678,38
2011,France,Repeat,2011-06,15842.71,9467,29
2011,France,Repeat,2011-07,10000.19,5664,22
2011,France,Repeat,2011-08,12745.66,7263,26
2011,France,Repeat,2011-09,22749.37,12514,43
2011,France,Repeat,2011-10,32890.33,13297,33
2011,France,Repeat,2011-11,29774.76,16498,57
2011,France,Repeat,2011-12,6980.48,3532,17
2011,France,Unknown,2011-06,269.44,127,1
2011,France,Unknown,2011-11,421.62,505,2
2011,Germany,One-time,2011-01,2169.39,1783,1
2011,Germany,One-time,2011-02,238.85,177,1
2011,Germany,One-time,2011-03,315.6,76,1
2011,Germany,One-time,2011-04,180.1,69,1
2011,Germany,One-time,2011-07,599.68,309,1
2011,Germany,One-time,2011-08,1089.18,651,1
2011,Germany,One-time,2011-09,1055.69,527,2
2011,Germany,One-time,2011-10,197.71,161,1
2011,Germany,One-time,2011-11,2171.45,821,4
2011,Germany,One-time,2011-12,848.55,508,1
2011,Germany,Repeat,2011-01,14711.45,7270,30
2011,Germany,Repeat,2011-02,9342.2,4068,18
2011,Germany,Repeat,2011-03,14077.09,7663,31
2011,Germany,Repeat,2011-04,12135.44,5695,22
2011,Germany,Repeat,2011-05,25734.7,12987,42
2011,Germany,Repeat,2011-06,13246.35,7438,24
2011,Germany,Repeat,2011-07,15841.3,8787,32
2011,Germany,Repeat,2011-08,18131.59,8990,38
2011,Germany,Repeat,2011-09,17023.78,10626,39
2011,Germany,Repeat,2011-10,31430.71,17571,57
2011,Germany,Repeat,2011-11,25796.23,12614,64
2011,Germany,Repeat,2011-12,7135.62,3498,16
2011,Greece,One-time,2011-12,680.99,236,1
2011,Greece,Repeat,2011-01,2661.24,526,1
2011,Greece,Repeat,2011-03,387.31,289,1
2011,Greece,Repeat,2011-04,609.74,262,1
2011,Greece,Repeat,2011-07,421.24,244,1
2011,Hong Kong,Unknown,2011-01,2230.96,1061,1
2011,Hong Kong,Unknown,2011-03,2583.76,1,1
2011,Hong Kong,Unknown,2011-04,1539.6399999999999,732,1
2011,Hong Kong,Unknown,2011-05,1966.16,1262,1
2011,Hong Kong,Unknown,2011-06,633.96,537,1
2011,Hong Kong,Unknown,2011-08,2813.95,736,2
2011,Hong Kong,Unknown,2011-09,2653.95,1,1
2011,Hong Kong,Unknown,2011-10,734.52,382,2
2011,Hong Kong,Unknown,2011-11,326.1,1,1
2011,Iceland,Repeat,2011-01,475.39,315,1
2011,Iceland,Repeat,2011-04,636.25,483,1
2011,Iceland,Repeat,2011-06,382.52,196,1
2011,Iceland,Repeat,2011-08,584.91,277,1
2011,Iceland,Repeat,2011-10,1294.32,676,1
2011,Iceland,Repeat,2011-12,224.82,192,1
2011,Israel,One-time,2011-08,4873.81,3028,1
2011,Israel,Repeat,2011-02,779.1,286,1
2011,Israel,Repeat,2011-07,1430.75,633,1
2011,Israel,Repeat,2011-10,132.18,96,2
2011,Israel,Unknown,2011-01,379.84000000000003,100,1
2011,Israel,Unknown,2011-04,110.0,30,1
2011,Israel,Unknown,2011-09,423.73,233,1
2011,Italy,One-time,2011-10,1193.32,846,1
2011,Italy,One-time,2011-11,177.31,96,1
2011,Italy,Repeat,2011-01,2402.51,1121,3
2011,Italy,Repeat,2011-02,256.0,111,1
2011,Italy,Repeat,2011-03,1806.81,688,4
2011,Italy,Repeat,2011-04,737.83,653,2
2011,Italy,Repeat,2011-05,587.45,267,1
2011,Italy,Repeat,2011-06,202.07,55,2
2011,Italy,Repeat,2011-07,147.1,22,1
2011,Italy,Repeat,2011-08,1990.95,1147,4
2011,Italy,Repeat,2011-09,279.8,48,1
2011,Italy,Repeat,2011-10,2296.37,751,6
2011,Italy,Repeat,2011-11,4393.77,1967,8
2011,Italy,Repeat,2011-12,200.45000000000002,45,1
2011,Japan,One-time,2011-09,112.07999999999998,144,1
2011,Japan,One-time,2011-10,229.64000000000001,164,1
2011,Japan,Repeat,2011-02,5780.8099999999995,2999,2
2011,Japan,Repeat,2011-03,48.9,21,3
2011,Japan,Repeat,2011-04,6548.5,8058,2
2011,Japan,Repeat,2011-05,1351.45,743,1
2011,Japan,Repeat,2011-06,1607.04,2256,1
2011,Japan,Repeat,2011-07,3854.4,2328,2
2011,Japan,Repeat,2011-10,1718.4,960,1
2011,Japan,Repeat,2011-11,8460.08,4250,2
2011,Lebanon,One-time,2011-01,1693.88,386,1
2011,Malta,Repeat,2011-06,863.16,402,2
2011,Malta,Repeat,2011-08,1119.0,382,2
2011,Malta,Repeat,2011-11,743.4300000000001,186,1
2011,Netherlands,Repeat,2011-01,26611.16,20417,5
2011,Netherlands,Repeat,2011-02,23011.91,16387,5
2011,Netherlands,Repeat,2011-03,22416.489999999998,14828,8
2011,Netherlands,Repeat,2011-04,2976.56,1768,3
2011,Netherlands,Repeat,2011-05,29185.88,19936,11
2011,Netherlands,Repeat,2011-06,26858.09,19744,11
2011,Netherlands,Repeat,2011-07,26.02,10,1
2011,Netherlands,Repeat,2011-08,40327.81,29300,7
2011,Netherlands,Repeat,2011-09,26937.26,17309,7
2011,Netherlands,Repeat,2011-10,40708.65,27230,15
2011,Netherlands,Repeat,2011-11,25874.01,18663,15
2011,Netherlands,Repeat,2011-12,11728.02,7958,3
2011,Norway,One-time,2011-02,334.4,197,1
2011,Norway,One-time,2011-09,4875.79,2473,2
2011,Norway,One-time,2011-10,256.4,117,1
2011,Norway,Repeat,2011-02,296.5,98,1
2011,Norway,Repeat,2011-03,1265.31,156,4
2011,Norway,Repeat,2011-06,5886.860000000001,2009,4
2011,Norway,Repeat,2011-07,890.0699999999999,586,1
2011,Norway,Repeat,2011-08,2025.81,636,2
2011,Norway,Repeat,2011-09,3803.15,2182,4
2011,Norway,Repeat,2011-10,3430.83,1575,6
2011,Norway,Repeat,2011-11,6527.5,3406,5
2011,Norway,Repeat,2011-12,2785.7,2319,3
2011,Poland,One-time,2011-08,401.8,186,2
2011,Poland,Repeat,2011-01,613.22,288,1
2011,Poland,Repeat,2011-02,604.05,297,2
2011,Poland,Repeat,2011-03,317.78,162,1
2011,Poland,Repeat,2011-04,705.84,432,1
2011,Poland,Repeat,2011-05,1522.37,616,3
2011,Poland,Repeat,2011-06,343.65,81,2
2011,Poland,Repeat,2011-07,687.3,288,2
2011,Poland,Repeat,2011-09,529.25,253,2
2011,Poland,Repeat,2011-11,1361.23,941,2
2011,Portugal,One-time,2011-10,892.47,556,1
2011,Portugal,One-time,2011-11,430.48,68,1
2011,Portugal,Repeat,2011-01,4055.71,2094,4
2011,Portugal,Repeat,2011-02,1213.9,558,2
2011,Portugal,Repeat,2011-03,2660.85,1626,5
2011,Portugal,Repeat,2011-04,1687.75,951,2
2011,Portugal,Repeat,2011-05,4202.2300000000005,315,5
2011,Portugal,Repeat,2011-06,884.46,421,3
2011,Portugal,Repeat,2011-07,2287.85,1436,3
2011,Portugal,Repeat,2011-08,1221.4,1026,1
2011,Portugal,Repeat,2011-09,1433.22,899,3
2011,Portugal,Repeat,2011-10,4984.54,2587,8
2011,Portugal,Repeat,2011-11,2172.82,1005,9
2011,Portugal,Repeat,2011-12,2808.19,1569,4
2011,Portugal,Unknown,2011-10,307.21,136,1
2011,RSA,One-time,2011-10,1002.3100000000001,351,1
2011,Saudi Arabia,One-time,2011-02,145.92,80,1
2011,Singapore,Repeat,2011-01,2053.07,1091,1
2011,Singapore,Repeat,2011-04,8209.58,1389,3
2011,Singapore,Repeat,2011-07,3949.32,2160,1
2011,Singapore,Repeat,2011-10,7067.32,601,2
2011,Spain,One-time,2011-04,1079.4,530,1
2011,Spain,One-time,2011-06,95.19999999999999,49,1
2011,Spain,One-time,2011-09,964.8299999999999,569,1
2011,Spain,One-time,2011-10,449.45,243,1
2011,Spain,One-time,2011-11,372.7,136,1
2011,Spain,One-time,2011-12,172.06,182,1
2011,Spain,Repeat,2011-01,10086.09,3845,8
2011,Spain,Repeat,2011-02,2114.5,870,4
2011,Spain,Repeat,2011-03,5363.15,2545,8
2011,Spain,Repeat,2011-04,706.25,423,2
2011,Spain,Repeat,2011-05,3257.6,1468,4
2011,Spain,Repeat,2011-06,3238.01,1489,7
2011,Spain,Repeat,2011-07,7620.7699999999995,3435,9
2011,Spain,Repeat,2011-08,3342.41,1598,10
2011,Spain,Repeat,2011-09,4224.41,2114,7
2011,Spain,Repeat,2011-10,8187.49,4109,7
2011,Spain,Repeat,2011-11,8296.36,3369,13
2011,Spain,Repeat,2011-12,144.15,92,1
2011,Sweden,One-time,2011-08,529.26,264,2
2011,Sweden,Repeat,2011-01,3486.32,3097,2
2011,Sweden,Repeat,2011-02,509.5,250,1
2011,Sweden,Repeat,2011-03,4720.58,5407,3
2011,Sweden,Repeat,2011-04,809.1,310,2
2011,Sweden,Repeat,2011-05,2681.98,2833,3
2011,Sweden,Repeat,2011-06,832.0,404,3
2011,Sweden,Repeat,2011-07,6802.09,6006,3
2011,Sweden,Repeat,2011-08,861.1,1045,3
2011,Sweden,Repeat,2011-09,4575.21,4344,3
2011,Sweden,Repeat,2011-10,5766.16,6151,3
2011,Sweden,Repeat,2011-11,2722.23,1973,5
2011,Sweden,Repeat,2011-12,238.0,40,1
2011,Switzerland,One-time,2011-10,1635.66,1394,1
2011,Switzerland,Repeat,2011-01,4231.23,2993,3
2011,Switzerland,Repeat,2011-02,2654.92,1107,5
2011,Switzerland,Repeat,2011-03,1870.23,986,3
2011,Switzerland,Repeat,2011-04,2076.94,886,4
2011,Switzerland,Repeat,2011-05,3610.01,2249,3
2011,Switzerland,Repeat,2011-06,7904.15,3970,4
2011,Switzerland,Repeat,2011-07,3762.65,1615,5
2011,Switzerland,Repeat,2011-08,4969.89,2998,3
2011,Switzerland,Repeat,2011-09,8284.86,4255,7
2011,Switzerland,Repeat,2011-10,6019.53,3138,5
2011,Switzerland,Repeat,2011-11,8118.96,3777,6
2011,Switzerland,Unknown,2011-07,228.10999999999999,210,1
2011,Switzerland,Unknown,2011-10,395.54,325,2
2011,USA,One-time,2011-10,1579.51,1228,1
2011,USA,One-time,2011-12,269.96,196,1
2011,USA,Repeat,2011-04,383.95,137,1
2011,USA,Repeat,2011-10,731.69,489,1
2011,USA,Repeat,2011-12,615.28,408,1
2011,United Arab Emirates,Repeat,2011-02,889.24,496,1
2011,United Arab Emirates,Repeat,2011-09,1013.04,486,2
2011,United Kingdom,One-time,2011-01,9432.11,4296,26
2011,United Kingdom,One-time,2011-02,12066.62,5507,44
2011,United Kingdom,One-time,2011-03,18554.9,10020,62
2011,United Kingdom,One-time,2011-04,9326.57,5196,36
2011,United Kingdom,One-time,2011-05,12380.17,6312,36
2011,United Kingdom,One-time,2011-06,9711.79,6302,39
2011,United Kingdom,One-time,2011-07,7306.45,6188,25
2011,United Kingdom,One-time,2011-08,11309.65,6075,34
2011,United Kingdom,One-time,2011-09,31787.92,19710,76
2011,United Kingdom,One-time,2011-10,37886.98,23698,114
2011,United Kingdom,One-time,2011-11,38203.41,25526,124
2011,United Kingdom,One-time,2011-12,8831.76,5960,20
2011,United Kingdom,Repeat,2011-01,431444.22,273354,848
2011,United Kingdom,Repeat,2011-02,342551.58,207285,852
2011,United Kingdom,Repeat,2011-03,447229.29,265365,1115
2011,United Kingdom,Repeat,2011-04,399406.541,254396,1022
2011,United Kingdom,Repeat,2011-05,537979.18,294801,1367
2011,United Kingdom,Repeat,2011-06,514063.8,274019,1210
2011,United Kingdom,Repeat,2011-07,477239.141,295364,1175
2011,United Kingdom,Repeat,2011-08,485885.26,304026,1099
2011,United Kingdom,Repeat,2011-09,763018.772,433710,1492
2011,United Kingdom,Repeat,2011-10,783333.15,450970,1591
2011,United Kingdom,Repeat,2011-11,937047.98,542641,2262
2011,United Kingdom,Repeat,2011-12,462550.06,254011,686
2011,United Kingdom,Unknown,2011-01,119099.5,37465,97
2011,United Kingdom,Unknown,2011-02,74368.42,16892,99
2011,United Kingdom,Unknown,2011-03,119026.59,28682,131
2011,United Kingdom,Unknown,2011-04,66944.52,15825,95
2011,United Kingdom,Unknown,2011-05,87745.54,19949,120
2011,United Kingdom,Unknown,2011-06,94569.94,24110,134
2011,United Kingdom,Unknown,2011-07,116373.48,30806,137
2011,United Kingdom,Unknown,2011-08,109590.02,21925,77
2011,United Kingdom,Unknown,2011-09,100291.95,24480,77
2011,United Kingdom,Unknown,2011-10,114184.01,28643,106
2011,United Kingdom,Unknown,2011-11,344682.68,83775,104
2011,United Kingdom,Unknown,2011-12,120237.92,26659,40
2011,Unspecified,Repeat,2011-04,299.1,282,1
2011,Unspecified,Repeat,2011-05,852.68,654,1
2011,Unspecified,Repeat,2011-06,185.78,78,1
2011,Unspecified,Repeat,2011-07,792.18,586,3
2011,Unspecified,Repeat,2011-08,531.03,185,2
2011,Unspecified,Unknown,2011-05,203.19,149,1
2011,Unspecified,Unknown,2011-07,626.93,463,1
2011,Unspecified,Unknown,2011-09,284.3,257,1
2011,Unspecified,Unknown,2011-11,965.75,641,2
