year_filter,country_filter,customer_type_filter,rank,stock_code,description,revenue,quantity,orders
All,All,All,1,M,Manual,339226.24,9629,784
All,All,All,2,22423,REGENCY CAKESTAND 3 TIER,330590.32,26478,3918
All,All,All,3,DOT,DOTCOM POSTAGE,309854.11,1415,1415
All,All,All,4,85123A,WHITE HANGING HEART T-LIGHT HOLDER,257724.71,94203,5365
All,All,All,5,85099B,RED RETROSPOT JUMBO BAG,180569.34,96757,3989
All,All,All,6,23843,"PAPER CRAFT , LITTLE BIRDIE",168469.6,80995,1
All,All,All,7,47566,PARTY BUNTING,148318.28,28200,2674
All,All,All,8,84879,ASSORTED COLOUR BIRD ORNAMENT,129324.49,80082,2807
All,All,All,9,POST,POSTAGE,125682.42,5363,1851
All,All,All,10,22086,PAPER CHAIN KIT 50'S CHRISTMAS,117760.29000000001,35084,2018
All,All,One-time,1,M,Manual,15740.539999999999,222,41
All,All,One-time,2,22423,REGENCY CAKESTAND 3 TIER,7701.75,669,116
All,All,One-time,3,POST,POSTAGE,6382.0,247,87
All,All,One-time,4,22413,METAL SIGN TAKE IT OR LEAVE IT,4144.2,1500,27
All,All,One-time,5,85123A,WHITE HANGING HEART T-LIGHT HOLDER,3510.4000000000005,1216,174
All,All,One-time,6,85099B,RED RETROSPOT JUMBO BAG,2836.12,1527,86
All,All,One-time,7,21621,VINTAGE UNION JACK BUNTING,2751.0,336,47
All,All,One-time,8,22138,BAKING SET 9 PIECE RETROSPOT,2505.75,513,143
All,All,One-time,9,84879,ASSORTED COLOUR BIRD ORNAMENT,2114.19,1251,95
All,All,One-time,10,84509F,SET OF 4 NEW ENGLAND PLACEMATS,2005.5,2666,3
All,All,Repeat,1,22423,REGENCY CAKESTAND 3 TIER,269954.5,23455,3201
All,All,Repeat,2,85123A,WHITE HANGING HEART T-LIGHT HOLDER,243692.96,90598,4721
All,All,Repeat,3,23843,"PAPER CRAFT , LITTLE BIRDIE",168469.6,80995,1
All,All,Repeat,4,85099B,RED RETROSPOT JUMBO BAG,165084.52,91909,3174
All,All,Repeat,5,M,Manual,136037.13,9162,579
All,All,Repeat,6,84879,ASSORTED COLOUR BIRD ORNAMENT,122237.67,76983,2557
All,All,Repeat,7,POST,POSTAGE,118266.04,4988,1716
All,All,Repeat,8,47566,PARTY BUNTING,101423.83,23075,2000
All,All,Repeat,9,23166,MEDIUM CERAMIC TOP STORAGE JAR,81119.39,77662,181
All,All,Repeat,10,22086,PAPER CHAIN KIT 50'S CHRISTMAS,74638.83,27667,1616
All,All,Unknown,1,DOT,DOTCOM POSTAGE,297947.75,1399,1399
All,All,Unknown,2,M,Manual,187448.57,245,164
All,All,Unknown,3,22423,REGENCY CAKESTAND 3 TIER,52934.07,2354,601
All,All,Unknown,4,47566,PARTY BUNTING,45034.9,4740,597
All,All,Unknown,5,22086,PAPER CHAIN KIT 50'S CHRISTMAS,41162.11,6704,327
All,All,Unknown,6,22355,CHARLOTTE BAG SUKI DESIGN,29875.21,12473,551
All,All,Unknown,7,22114,HOT WATER BOTTLE TEA AND SYMPATHY,24709.52,2829,285
All,All,Unknown,8,22197,SMALL POPCORN HOLDER,21252.46,11555,570
All,All,Unknown,9,AMAZONFEE,AMAZON FEE,20467.8,3,3
All,All,Unknown,10,23084,RABBIT NIGHT LIGHT,15618.79,3586,193
All,Australia,All,1,23084,RABBIT NIGHT LIGHT,3375.84,1884,6
All,Australia,All,2,22423,REGENCY CAKESTAND 3 TIER,2930.7,266,9
All,Australia,All,3,21731,RED TOADSTOOL LED NIGHT LIGHT,2464.2,1668,13
All,Australia,All,4,22630,DOLLY GIRL LUNCH BOX,2182.2,1316,8
All,Australia,All,5,21217,RED SPOTTY ROUND CAKE TINS,2110.25,235,5
All,Australia,All,6,22722,SET OF 6 SPICE TINS PANTRY DESIGN,2082.0,600,6
All,Australia,All,7,22629,SPACEBOY LUNCH BOX,1994.3999999999999,1200,9
All,Australia,All,8,22720,SET OF 3 CAKE TINS PANTRY DESIGN,1983.2,464,9
All,Australia,All,9,21915,RED  HARMONICA IN BOX,1840.8000000000002,1728,9
All,Australia,All,10,22969,HOMEMADE JAM SCENTED CANDLES,1772.4,1368,6
All,Austria,All,1,POST,POSTAGE,3056.0,77,32
All,Austria,All,2,15056N,EDWARDIAN PARASOL NATURAL,654.0,120,4
All,Austria,All,3,15056BL,EDWARDIAN PARASOL BLACK,582.6,108,4
All,Austria,All,4,20679,EDWARDIAN PARASOL RED,582.6,108,4
All,Austria,All,5,15056P,EDWARDIAN PARASOL PINK,464.1,78,4
All,Austria,All,6,22582,PACK OF 6 SWEETIE GIFT BOXES,302.40000000000003,144,1
All,Austria,All,7,22584,PACK OF 6 PANNETONE GIFT BOXES,302.40000000000003,144,1
All,Austria,All,8,22326,ROUND SNACK BOXES SET OF4 WOODLAND,283.20000000000005,96,8
All,Austria,All,9,M,Manual,260.0,2,2
All,Austria,All,10,22139,RETROSPOT TEA SET CERAMIC 11 PC,235.65,51,5
All,Bahrain,All,1,72802B,OCEAN SCENT CANDLE IN JEWELLED BOX,231.24,60,2
All,Bahrain,All,2,18097C,WHITE TALL PORCELAIN T-LIGHT HOLDER,202.5,102,2
All,Bahrain,All,3,20748,KENSINGTON COFFEE SET,127.5,10,2
All,Bahrain,All,4,23076,ICE CREAM SUNDAE LIP GLOSS,120.0,96,1
All,Bahrain,All,5,20747,PICCADILLY TEA SET,119.6,8,1
All,Bahrain,All,6,72807B,SET/3 OCEAN SCENT CANDLE JEWEL BOX,102.0,24,3
All,Bahrain,All,7,22649,STRAWBERRY FAIRY CAKE TEAPOT,79.2,16,2
All,Bahrain,All,8,35001G,HAND OPEN SHAPE GOLD,76.5,18,2
All,Bahrain,All,9,23077,DOUGHNUT LIP GLOSS,75.0,60,1
All,Bahrain,All,10,72807C,SET/3 VANILLA SCENTED CANDLE IN BOX,68.0,16,2
All,Belgium,All,1,POST,POSTAGE,6886.0,420,143
All,Belgium,All,2,M,Manual,1508.65,1,1
All,Belgium,All,3,22326,ROUND SNACK BOXES SET OF4 WOODLAND,1429.2,504,49
All,Belgium,All,4,22630,DOLLY GIRL LUNCH BOX,1077.0,572,34
All,Belgium,All,5,22629,SPACEBOY LUNCH BOX,1053.6,560,35
All,Belgium,All,6,22423,REGENCY CAKESTAND 3 TIER,675.75,53,18
All,Belgium,All,7,22328,ROUND SNACK BOXES SET OF 4 FRUITS,671.1000000000001,234,27
All,Belgium,All,8,21731,RED TOADSTOOL LED NIGHT LIGHT,594.0,360,19
All,Belgium,All,9,22846,BREAD BIN DINER STYLE RED,548.1999999999999,36,9
All,Belgium,All,10,22551,PLASTERS IN TIN SPACEBOY,494.99999999999994,300,24
All,Bermuda,All,1,84568,GIRLS ALPHABET IRON ON PATCHES,241.92,1152,1
All,Bermuda,All,2,84598,BOYS ALPHABET IRON ON PATCHES,241.92,1152,1
All,Bermuda,All,3,22236,CAKE STAND 3 TIER MAGIC GARDEN,76.5,6,1
All,Bermuda,All,4,84997B,RED 3 PIECE MINI DOTS CUTLERY SET,45.0,12,1
All,Bermuda,All,5,84997C,BLUE 3 PIECE MINI DOTS CUTLERY SET,45.0,12,1
All,Bermuda,All,6,47591D,PINK FAIRY CAKE CHILD'S APRON,31.2,16,1
All,Bermuda,All,7,21561,DINOSAUR LUNCHBOX WITH CUTLERY,30.599999999999998,12,1
All,Bermuda,All,8,22353,LUNCHBOX WITH CUTLERY FAIRY CAKES,30.599999999999998,12,1
All,Bermuda,All,9,21913,VINTAGE SEASIDE JIGSAW PUZZLES,30.0,8,1
All,Bermuda,All,10,22617,BAKING SET SPACEBOY DESIGN,29.700000000000003,6,1
All,Brazil,All,1,22423,REGENCY CAKESTAND 3 TIER,175.2,16,1
All,Brazil,All,2,22722,SET OF 6 SPICE TINS PANTRY DESIGN,82.80000000000001,24,1
All,Brazil,All,3,21430,SET/3 RED GINGHAM ROSE STORAGE BOX,81.36,24,1
All,Brazil,All,4,22366,DOORMAT AIRMAIL,67.5,10,1
All,Brazil,All,5,22697,GREEN REGENCY TEACUP AND SAUCER,61.199999999999996,24,1
All,Brazil,All,6,22698,PINK REGENCY TEACUP AND SAUCER,61.199999999999996,24,1
All,Brazil,All,7,22699,ROSES REGENCY TEACUP AND SAUCER,61.199999999999996,24,1
All,Brazil,All,8,21770,OPEN CLOSED METAL SIGN,49.5,10,1
All,Brazil,All,9,22630,DOLLY GIRL LUNCH BOX,48.75,25,2
All,Brazil,All,10,21906,PHARMACIE FIRST AID TIN,40.5,6,1
All,Canada,All,1,POST,POSTAGE,550.94,1,1
All,Canada,All,2,37370,RETRO COFFEE MUGS ASSORTED,534.24,504,1
All,Canada,All,3,20727,LUNCH BAG  BLACK SKULL.,82.5,50,1
All,Canada,All,4,21558,SKULL LUNCH BOX WITH CUTLERY,61.199999999999996,24,2
All,Canada,All,5,84077,WORLD WAR 2 GLIDERS ASSTD DESIGNS,60.48,288,1
All,Canada,All,6,21871,SAVE THE PLANET MUG,60.0,48,2
All,Canada,All,7,22382,LUNCH BAG SPACEBOY DESIGN,49.5,30,1
All,Canada,All,8,22383,LUNCH BAG SUKI DESIGN,49.5,30,1
All,Canada,All,9,22617,BAKING SET SPACEBOY DESIGN,44.550000000000004,9,2
All,Canada,All,10,22649,STRAWBERRY FAIRY CAKE TEAPOT,39.6,8,1
All,Channel Islands,All,1,51008,AFGHAN SLIPPER SOCK PAIR,1770.0,600,4
All,Channel Islands,All,2,85099B,RED RETROSPOT JUMBO BAG,994.7,570,10
All,Channel Islands,All,3,22386,JUMBO BAG PINK WITH WHITE SPOTS,911.5,530,6
All,Channel Islands,All,4,22423,REGENCY CAKESTAND 3 TIER,785.55,65,12
All,Channel Islands,All,5,85099C,JUMBO  BAG BAROQUE BLACK WHITE,729.6,420,4
All,Channel Islands,All,6,21928,JUMBO BAG SCANDINAVIAN PAISLEY,596.4,350,7
All,Channel Islands,All,7,21929,JUMBO BAG PINK VINTAGE PAISLEY,431.4,250,7
All,Channel Islands,All,8,22720,SET OF 3 CAKE TINS PANTRY DESIGN,408.0,96,1
All,Channel Islands,All,9,23199,JUMBO BAG APPLES,399.6,220,3
All,Channel Islands,All,10,21843,RETRO SPOT CAKE STAND,382.2,36,9
All,Cyprus,All,1,22423,REGENCY CAKESTAND 3 TIER,949.65,79,12
All,Cyprus,All,2,85123A,WHITE HANGING HEART T-LIGHT HOLDER,781.65,291,12
All,Cyprus,All,3,22827,RUSTIC  SEVENTEEN DRAWER SIDEBOARD,580.0,4,2
All,Cyprus,All,4,15056N,EDWARDIAN PARASOL NATURAL,410.54999999999995,69,3
All,Cyprus,All,5,M,Manual,320.69,1,1
All,Cyprus,All,6,84879,ASSORTED COLOUR BIRD ORNAMENT,283.91999999999996,168,5
All,Cyprus,All,7,47480,HANGING PHOTO CLIP ROPE LADDER,278.4,192,1
All,Cyprus,All,8,21340,CLASSIC METAL BIRDCAGE PLANT HOLDER,277.04999999999995,27,3
All,Cyprus,All,9,21733,RED HANGING HEART T-LIGHT HOLDER,272.35,101,6
All,Cyprus,All,10,22655,VINTAGE RED KITCHEN CABINET,250.0,2,2
All,Czech Republic,All,1,22326,ROUND SNACK BOXES SET OF4 WOODLAND,70.80000000000001,24,1
All,Czech Republic,All,2,84347,ROTATING SILVER ANGELS T-LIGHT HLDR,61.199999999999996,24,1
All,Czech Republic,All,3,22231,JIGSAW TREE WITH BIRDHOUSE,52.199999999999996,36,1
All,Czech Republic,All,4,21428,SET3 BOOK BOX GREEN GINGHAM FLOWER,51.0,12,1
All,Czech Republic,All,5,47594B,SCOTTIES DESIGN WASHBAG,46.8,24,1
All,Czech Republic,All,6,22930,BAKING MOULD HEART MILK CHOCOLATE,45.9,18,1
All,Czech Republic,All,7,POST,POSTAGE,40.0,1,1
All,Czech Republic,All,8,23271,CHRISTMAS TABLE SILVER CANDLE SPIKE,39.839999999999996,48,1
All,Czech Republic,All,9,22505,MEMO BOARD COTTAGE DESIGN,39.6,8,1
All,Czech Republic,All,10,85206A,CREAM FELT EASTER EGG BASKET,39.599999999999994,24,1
All,Denmark,All,1,85220,SMALL FAIRY CAKE FRIDGE MAGNETS,6467.599999999999,11960,2
All,Denmark,All,2,37410,BLACK AND WHITE PAISLEY FLOWER MUG,2516.4,25164,2
All,Denmark,All,3,21091,SET/6 WOODLAND PAPER PLATES,1296.0,12960,1
All,Denmark,All,4,21099,SET/6 STRAWBERRY PAPER CUPS,1296.0,12960,1
All,Denmark,All,5,21085,SET/6 WOODLAND PAPER CUPS,1274.4,12744,1
All,Denmark,All,6,21092,SET/6 STRAWBERRY PAPER PLATES,1248.0,12480,1
All,Denmark,All,7,POST,POSTAGE,1158.0,65,22
All,Denmark,All,8,84347,ROTATING SILVER ANGELS T-LIGHT HLDR,1008.0,480,1
All,Denmark,All,9,47503E,ASS FLORAL PRINT SCISSORS,1004.4,6696,1
All,Denmark,All,10,85198,ASSORTED FARMYARD ANIMALS IN BUCKET,993.5999999999999,3312,1
All,EIRE,All,1,M,Manual,23859.78,28,27
All,EIRE,All,2,22423,REGENCY CAKESTAND 3 TIER,15497.25,1351,142
All,EIRE,All,3,C2,CARRIAGE,9855.0,199,199
All,EIRE,All,4,20914,SET/5 RED SPOTTY LID GLASS BOWLS,7745.5,2938,56
All,EIRE,All,5,21843,RETRO SPOT CAKE STAND,6272.249999999999,575,52
All,EIRE,All,6,85123A,WHITE HANGING HEART T-LIGHT HOLDER,5631.45,2095,87
All,EIRE,All,7,21166,COOK WITH WINE METAL SIGN,5542.64,3098,47
All,EIRE,All,8,21181,PLEASE ONE PERSON METAL SIGN,5043.6,2676,39
All,EIRE,All,9,21523,FANCY FONT HOME SWEET HOME DOORMAT,4574.4,692,47
All,EIRE,All,10,20685,RED SPOTTY COIR DOORMAT,4490.42,696,27
All,European Community,All,1,POST,POSTAGE,141.0,9,3
All,European Community,All,2,22842,BISCUIT TIN VINTAGE RED,54.0,8,2
All,European Community,All,3,22843,BISCUIT TIN VINTAGE GREEN,54.0,8,2
All,European Community,All,4,22314,OFFICE MUG WARMER CHOC+BLUE,53.10000000000001,18,2
All,European Community,All,5,72807C,SET/3 VANILLA SCENTED CANDLE IN BOX,51.0,12,1
All,European Community,All,6,85036B,CHOCOLATE 1 WICK MORRIS BOX CANDLE,51.0,12,1
All,European Community,All,7,22312,OFFICE MUG WARMER POLKADOT,35.400000000000006,12,2
All,European Community,All,8,22452,MEASURING TAPE BABUSHKA PINK,35.400000000000006,12,2
All,European Community,All,9,22453,MEASURING TAPE BABUSHKA BLUE,35.400000000000006,12,2
All,European Community,All,10,85035C,ROSE 3 WICK MORRIS BOX CANDLE,34.0,8,1
All,Finland,All,1,POST,POSTAGE,4131.0,107,45
All,Finland,All,2,84997D,PINK 3 PIECE POLKADOT CUTLERY SET,2618.94,714,15
All,Finland,All,3,84997C,CHILDRENS CUTLERY POLKADOT BLUE,1772.4,456,14
All,Finland,All,4,84997A,GREEN 3 PIECE POLKADOT CUTLERY SET,1189.6,304,10
All,Finland,All,5,M,Manual,551.2,2,1
All,Finland,All,6,23084,RABBIT NIGHT LIGHT,282.72,156,4
All,Finland,All,7,23077,DOUGHNUT LIP GLOSS,250.0,200,2
All,Finland,All,8,23078,ICE CREAM PEN LIP GLOSS,240.0,192,2
All,Finland,All,9,20750,RED/WHITE DOT MINI CASES,222.6,28,7
All,Finland,All,10,21731,RED TOADSTOOL LED NIGHT LIGHT,217.79999999999995,132,8
All,France,All,1,POST,POSTAGE,24400.0,1304,466
All,France,All,2,M,Manual,14513.070000000002,9,8
All,France,All,3,23084,RABBIT NIGHT LIGHT,7277.2,4024,74
All,France,All,4,21731,RED TOADSTOOL LED NIGHT LIGHT,4407.15,2671,132
All,France,All,5,22326,ROUND SNACK BOXES SET OF4 WOODLAND,3643.1500000000005,1261,109
All,France,All,6,22423,REGENCY CAKESTAND 3 TIER,3492.6,292,63
All,France,All,7,20750,RED/WHITE DOT MINI CASES,3303.3,430,108
All,France,All,8,84879,ASSORTED COLOUR BIRD ORNAMENT,3295.88,2132,32
All,France,All,9,22556,PLASTERS IN TIN CIRCUS PARADE,3152.0999999999995,1922,104
All,France,All,10,22090,PAPER BUNTING RETROSPOT,2936.65,1087,62
All,Germany,All,1,POST,POSTAGE,38529.2,2051,630
All,Germany,All,2,22423,REGENCY CAKESTAND 3 TIER,13548.9,1214,94
All,Germany,All,3,22326,ROUND SNACK BOXES SET OF4 WOODLAND,7690.300000000001,2698,208
All,Germany,All,4,22328,ROUND SNACK BOXES SET OF 4 FRUITS,4573.75,1609,136
All,Germany,All,5,M,Manual,3071.27,11,9
All,Germany,All,6,21731,RED TOADSTOOL LED NIGHT LIGHT,2963.3999999999996,1796,105
All,Germany,All,7,22467,GUMBALL COAT RACK,2469.9,1066,62
All,Germany,All,8,22554,PLASTERS IN TIN WOODLAND ANIMALS,2461.7999999999997,1492,107
All,Germany,All,9,22352,LUNCHBOX WITH CUTLERY RETROSPOT,2392.2,1044,62
All,Germany,All,10,22077,6 RIBBONS RUSTIC CHARM,2382.7499999999995,1383,84
All,Greece,All,1,48188,DOORMAT WELCOME PUPPIES,487.38,74,6
All,Greece,All,2,21524,SPOTTY  HOME SWEET HOME DOORMAT,464.4,72,5
All,Greece,All,3,48129,DOORMAT TOPIARY,412.9,62,4
All,Greece,All,4,85123A,WHITE HANGING HEART T-LIGHT HOLDER,408.0,160,3
All,Greece,All,5,POST,POSTAGE,385.0,8,4
All,Greece,All,6,22366,DOORMAT AIRMAIL,329.5,50,3
All,Greece,All,7,48187,DOORMAT NEW ENGLAND,276.98,42,3
All,Greece,All,8,48111,DOORMAT 3 SMILEY CATS,236.36,36,6
All,Greece,All,9,20747,PICCADILLY TEA SET,229.5,18,1
All,Greece,All,10,21615,4 LAVENDER BOTANICAL DINNER CANDLES,216.0,96,2
All,Hong Kong,All,1,M,Manual,9844.07,5,5
All,Hong Kong,All,2,84997D,PINK 3 PIECE POLKADOT CUTLERY SET,732.48,192,5
All,Hong Kong,All,3,84997B,RED 3 PIECE RETROSPOT CUTLERY SET,699.28,184,4
All,Hong Kong,All,4,22326,ROUND SNACK BOXES SET OF4 WOODLAND,525.0,204,5
All,Hong Kong,All,5,84997C,CHILDRENS CUTLERY POLKADOT BLUE,466.88,128,4
All,Hong Kong,All,6,22452,MEASURING TAPE RUSSIAN DOLL PINK,318.6,108,6
All,Hong Kong,All,7,20749,ASSORTED COLOUR MINI CASES,267.0,36,4
All,Hong Kong,All,8,22139,RETROSPOT TEA SET CERAMIC 11 PC,235.65,51,5
All,Hong Kong,All,9,22328,ROUND SNACK BOXES SET OF 4 FRUITS,228.6,84,3
All,Hong Kong,All,10,20675,BLUE SPOTTY BOWL,226.32,192,5
All,Iceland,All,1,84558A,3D DOG PICTURE PLAYING CARDS,389.40000000000003,132,6
All,Iceland,All,2,23076,ICE CREAM SUNDAE LIP GLOSS,249.60000000000002,240,1
All,Iceland,All,3,22423,REGENCY CAKESTAND 3 TIER,229.5,18,5
All,Iceland,All,4,23084,RABBIT NIGHT LIGHT,153.84,84,3
All,Iceland,All,5,22727,ALARM CLOCK BAKELIKE RED,135.0,36,5
All,Iceland,All,6,22371,AIRLINE BAG VINTAGE TOKYO 78,132.4,32,4
All,Iceland,All,7,22375,AIRLINE BAG VINTAGE JET SET BROWN,119.0,28,6
All,Iceland,All,8,21731,RED TOADSTOOL LED NIGHT LIGHT,118.79999999999998,72,5
All,Iceland,All,9,23316,RED REFECTORY CLOCK,97.80000000000001,12,1
All,Iceland,All,10,22699,ROSES REGENCY TEACUP AND SAUCER,88.5,30,3
All,Israel,All,1,22423,REGENCY CAKESTAND 3 TIER,726.3,66,4
All,Israel,All,2,22326,ROUND SNACK BOXES SET OF4 WOODLAND,280.2,108,3
All,Israel,All,3,22192,BLUE DINER WALL CLOCK,275.40000000000003,36,3
All,Israel,All,4,23240,SET OF 4 KNICK KNACK TINS DOILY,254.70000000000002,66,4
All,Israel,All,5,48187,DOORMAT NEW ENGLAND,202.5,30,1
All,Israel,All,6,22191,IVORY DINER WALL CLOCK,200.60000000000002,26,2
All,Israel,All,7,21361,LOVE LARGE WOOD LETTERS,197.1,18,1
All,Israel,All,8,23236,STORAGE TIN VINTAGE DOILY,159.98000000000002,62,3
All,Israel,All,9,21578,WOODLAND DESIGN  COTTON TOTE BAG,153.0,68,2
All,Israel,All,10,20749,ASSORTED COLOUR MINI CASES,152.39999999999998,24,2
All,Italy,All,1,POST,POSTAGE,3131.0,76,30
All,Italy,All,2,22847,BREAD BIN DINER STYLE IVORY,400.7,26,8
All,Italy,All,3,22139,RETROSPOT TEA SET CERAMIC 11 PC,316.8,64,10
All,Italy,All,4,51014A,"FEATHER PEN,HOT PINK",300.96,432,4
All,Italy,All,5,10002,INFLATABLE POLITICAL GLOBE,267.0,360,3
All,Italy,All,6,22326,ROUND SNACK BOXES SET OF4 WOODLAND,265.50000000000006,90,11
All,Italy,All,7,22720,SET OF 3 CAKE TINS PANTRY DESIGN,252.45000000000002,51,9
All,Italy,All,8,22960,JAM MAKING SET WITH JARS,217.5,54,7
All,Italy,All,9,22844,VINTAGE CREAM DOG FOOD CONTAINER,210.8,26,6
All,Italy,All,10,85123A,WHITE HANGING HEART T-LIGHT HOLDER,203.55,69,7
All,Japan,All,1,23084,RABBIT NIGHT LIGHT,6100.32,3408,4
All,Japan,All,2,22328,ROUND SNACK BOXES SET OF 4 FRUITS,3838.6499999999996,1503,6
All,Japan,All,3,21218,RED SPOTTY BISCUIT TIN,858.0,264,5
All,Japan,All,4,20750,RED RETROSPOT MINI CASES,761.9999999999999,120,3
All,Japan,All,5,21217,RED RETROSPOT ROUND CAKE TINS,751.8,84,3
All,Japan,All,6,47566,PARTY BUNTING,675.5,170,3
All,Japan,All,7,22491,PACK OF 12 COLOURED PENCILS,622.0799999999999,864,2
All,Japan,All,8,21216,"SET 3 RETROSPOT TEA,COFFEE,SUGAR",612.0,144,4
All,Japan,All,9,22489,PACK OF 12 TRADITIONAL CRAYONS,547.62,1489,6
All,Japan,All,10,23238,SET OF 4 KNICK KNACK TINS LONDON,540.0,144,2
All,Korea,All,1,21201,TROPICAL  HONEYCOMB PAPER GARLAND,100.80000000000001,48,1
All,Korea,All,2,84347,ROTATING SILVER ANGELS T-LIGHT HLDR,61.199999999999996,24,1
All,Korea,All,3,85174,S/4 CACTI CANDLES,59.400000000000006,12,2
All,Korea,All,4,22812,PACK 3 BOXES CHRISTMAS PANNETONE,46.8,24,1
All,Korea,All,5,47590A,BLUE HAPPY BIRTHDAY BUNTING,32.7,6,1
All,Korea,All,6,47590B,PINK HAPPY BIRTHDAY BUNTING,32.7,6,1
All,Korea,All,7,21369,MIRRORED WALL ART SPLODGES,30.0,24,1
All,Korea,All,8,21374,MIRRORED WALL ART SKULLS,30.0,24,1
All,Korea,All,9,22492,MINI PAINT SET VINTAGE,23.400000000000002,36,1
All,Korea,All,10,21467,CHERRY CROCHET FOOD COVER,22.5,6,1
All,Lebanon,All,1,22423,REGENCY CAKESTAND 3 TIER,153.0,12,1
All,Lebanon,All,2,22606,WOODEN SKITTLES GARDEN SET,102.0,8,1
All,Lebanon,All,3,85066,CREAM SWEETHEART MINI CHEST,102.0,8,1
All,Lebanon,All,4,21906,PHARMACIE FIRST AID TIN,81.0,12,1
All,Lebanon,All,5,22842,BISCUIT TIN VINTAGE RED,71.4,12,1
All,Lebanon,All,6,47566,PARTY BUNTING,69.75,15,1
All,Lebanon,All,7,21781,MA CAMPAGNE CUTLERY BOX,59.8,4,1
All,Lebanon,All,8,22846,BREAD BIN DINER STYLE RED,59.8,4,1
All,Lebanon,All,9,22720,SET OF 3 CAKE TINS PANTRY DESIGN,59.400000000000006,12,1
All,Lebanon,All,10,22168,ORGANISER WOOD ANTIQUE WHITE,51.0,6,1
All,Lithuania,All,1,22750,FELTCRAFT PRINCESS LOLA DOLL,180.0,48,3
All,Lithuania,All,2,20967,GREY FLORAL FELTCRAFT SHOULDER BAG,165.0,44,3
All,Lithuania,All,3,22751,FELTCRAFT PRINCESS OLIVIA DOLL,165.0,44,3
All,Lithuania,All,4,15056BL,EDWARDIAN PARASOL BLACK,160.65,27,3
All,Lithuania,All,5,15056N,EDWARDIAN PARASOL NATURAL,160.65,27,3
All,Lithuania,All,6,20679,EDWARDIAN PARASOL RED,160.65,27,3
All,Lithuania,All,7,22271,FELTCRAFT DOLL ROSIE,157.8,60,2
All,Lithuania,All,8,22568,FELTCRAFT CUSHION OWL,141.36,40,3
All,Lithuania,All,9,22569,FELTCRAFT CUSHION BUTTERFLY,135.0,36,3
All,Lithuania,All,10,22306,SILVER MUG BONE CHINA TREE OF LIFE,118.8,72,2
All,Malta,All,1,M,Manual,2686.75,2,2
All,Malta,All,2,POST,POSTAGE,655.0,12,3
All,Malta,All,3,72741,GRAND CHOCOLATECANDLE,207.45,153,4
All,Malta,All,4,22423,REGENCY CAKESTAND 3 TIER,153.0,12,2
All,Malta,All,5,85178,VICTORIAN SEWING KIT,122.39999999999999,144,1
All,Malta,All,6,23173,REGENCY TEAPOT ROSES,79.6,8,1
All,Malta,All,7,22635,CHILDS BREAKFAST SET DOLLY GIRL,59.699999999999996,6,2
All,Malta,All,8,22796,PHOTO FRAME 3 CLASSIC HANGING,59.699999999999996,6,2
All,Malta,All,9,22697,GREEN REGENCY TEACUP AND SAUCER,53.10000000000001,18,2
All,Malta,All,10,22698,PINK REGENCY TEACUP AND SAUCER,53.10000000000001,18,2
All,Netherlands,All,1,22326,ROUND SNACK BOXES SET OF4 WOODLAND,13315.1,5210,45
All,Netherlands,All,2,85123A,WHITE HANGING HEART T-LIGHT HOLDER,10932.5,4270,28
All,Netherlands,All,3,22630,DOLLY GIRL LUNCH BOX,10797.9,6522,41
All,Netherlands,All,4,22629,SPACEBOY LUNCH BOX,10696.199999999999,6460,47
All,Netherlands,All,5,23084,RABBIT NIGHT LIGHT,9568.48,4801,7
All,Netherlands,All,6,21731,RED TOADSTOOL LED NIGHT LIGHT,8973.3,6154,36
All,Netherlands,All,7,22328,ROUND SNACK BOXES SET OF 4 FRUITS,7560.799999999999,2960,33
All,Netherlands,All,8,85099B,RED RETROSPOT JUMBO BAG,7545.0,4460,29
All,Netherlands,All,9,22423,REGENCY CAKESTAND 3 TIER,6871.049999999999,627,19
All,Netherlands,All,10,22243,"HOOK, 5 HANGER ,MAGIC TOADSTOOL RED",6782.25,4669,26
All,Nigeria,All,1,ADJUST,Adjustment by john on 26/01/2010 17,27.82,1,1
All,Nigeria,All,2,84991,60 TEATIME FAIRY CAKE CASES,13.200000000000001,24,1
All,Nigeria,All,3,16156S,WRAP PINK FAIRY CAKES,10.5,25,1
All,Nigeria,All,4,22047,EMPIRE GIFT WRAP,10.5,25,1
All,Nigeria,All,5,22618,COOKING SET RETROSPOT,9.95,1,1
All,Nigeria,All,6,20749,ASSORTED COLOUR MINI CASES,7.95,1,1
All,Nigeria,All,7,20750,RED/WHITE DOT MINI CASES,7.95,1,1
All,Nigeria,All,8,47567B,TEA TIME KITCHEN APRON,5.95,1,1
All,Nigeria,All,9,22582,PACK OF 6 SWEETIE GIFT BOXES,5.1,2,1
All,Nigeria,All,10,22584,PACK OF 6 PANNETONE GIFT BOXES,5.1,2,1
All,Norway,All,1,M,Manual,14756.64,5,3
All,Norway,All,2,POST,POSTAGE,2990.5,60,21
All,Norway,All,3,22693,GROW A FLYTRAP OR SUNFLOWER IN TIN,538.8000000000001,504,4
All,Norway,All,4,22635,CHILDS BREAKFAST SET DOLLY GIRL,527.4,60,8
All,Norway,All,5,22634,CHILDS BREAKFAST SET SPACEBOY,487.6,56,6
All,Norway,All,6,22720,SET OF 3 CAKE TINS PANTRY DESIGN,441.6,96,13
All,Norway,All,7,84050,PINK HEART SHAPE EGG FRYING PAN,411.9,302,9
All,Norway,All,8,22197,SMALL POPCORN HOLDER,379.2,492,7
All,Norway,All,9,22423,REGENCY CAKESTAND 3 TIER,369.75,29,11
All,Norway,All,10,23243,SET OF TEA COFFEE SUGAR TINS PANTRY,337.20000000000005,72,7
All,Poland,All,1,POST,POSTAGE,440.0,11,6
All,Poland,All,2,21232,STRAWBERRY CERAMIC TRINKET POT,316.32,264,10
All,Poland,All,3,37448,CERAMIC CAKE DESIGN SPOTTED MUG,245.16,180,6
All,Poland,All,4,22059,CERAMIC STRWBERRY DESIGN MUG,203.04,144,6
All,Poland,All,5,22666,RECIPE BOX PANTRY YELLOW DESIGN,202.8,72,6
All,Poland,All,6,22722,SET OF 6 SPICE TINS PANTRY DESIGN,177.60000000000002,48,6
All,Poland,All,7,22624,IVORY KITCHEN SCALES,170.0,20,8
All,Poland,All,8,37450,CERAMIC CAKE BOWL + HANGING CAKES,169.8,60,7
All,Poland,All,9,22720,SET OF 3 CAKE TINS PANTRY DESIGN,161.4,36,4
All,Poland,All,10,22961,JAM MAKING SET PRINTED,156.6,108,4
All,Portugal,All,1,POST,POSTAGE,4603.6,175,53
All,Portugal,All,2,M,Manual,4223.9400000000005,8,7
All,Portugal,All,3,20725,LUNCH BAG RED SPOTTY,763.75,475,23
All,Portugal,All,4,22139,RETROSPOT TEA SET CERAMIC 11 PC,728.7,154,21
All,Portugal,All,5,22411,JUMBO SHOPPER VINTAGE RED PAISLEY,660.4,330,17
All,Portugal,All,6,22423,REGENCY CAKESTAND 3 TIER,618.15,53,7
All,Portugal,All,7,21928,JUMBO BAG SCANDINAVIAN PAISLEY,578.5,290,18
All,Portugal,All,8,85099B,JUMBO BAG RED WHITE SPOTTY,517.4,260,15
All,Portugal,All,9,20728,LUNCH BAG CARS BLUE,513.15,311,18
All,Portugal,All,10,22275,WEEKEND BAG VINTAGE ROSE PAISLEY,510.00000000000006,66,5
All,RSA,All,1,M,Manual,1435.29,1,1
All,RSA,All,2,21243,PINK  SPOTTY PLATE,166.24,112,3
All,RSA,All,3,21244,BLUE POLKADOT PLATE,148.72,88,2
All,RSA,All,4,22384,LUNCH BAG PINK POLKADOT,132.0,80,2
All,RSA,All,5,21242,RED SPOTTY PLATE,121.67999999999999,72,3
All,RSA,All,6,20677,PINK POLKADOT BOWL,116.32000000000001,104,2
All,RSA,All,7,20725,LUNCH BAG RED RETROSPOT,99.0,60,2
All,RSA,All,8,20728,LUNCH BAG CARS BLUE,99.0,60,1
All,RSA,All,9,20675,BLUE POLKADOT BOWL,86.32000000000001,80,1
All,RSA,All,10,20676,RED RETROSPOT BOWL,80.0,64,2
All,Saudi Arabia,All,1,22553,PLASTERS IN TIN SKULLS,19.799999999999997,12,1
All,Saudi Arabia,All,2,22555,PLASTERS IN TIN STRONGMAN,19.799999999999997,12,1
All,Saudi Arabia,All,3,22556,PLASTERS IN TIN CIRCUS PARADE,19.799999999999997,12,1
All,Saudi Arabia,All,4,22361,GLASS JAR DAISY FRESH COTTON WOOL,17.700000000000003,6,1
All,Saudi Arabia,All,5,22362,GLASS JAR PEACOCK BATH SALTS,17.700000000000003,6,1
All,Saudi Arabia,All,6,22363,GLASS JAR MARMALADE,17.700000000000003,6,1
All,Saudi Arabia,All,7,22969,HOMEMADE JAM SCENTED CANDLES,17.4,12,1
All,Saudi Arabia,All,8,20781,GOLD EAR MUFF HEADPHONES,10.98,2,1
All,Saudi Arabia,All,9,22915,ASSORTED BOTTLE TOP  MAGNETS,5.04,12,1
All,Singapore,All,1,M,Manual,12158.9,7,3
All,Singapore,All,2,22423,REGENCY CAKESTAND 3 TIER,927.0,84,3
All,Singapore,All,3,85123A,WHITE HANGING HEART T-LIGHT HOLDER,379.5,146,4
All,Singapore,All,4,48138,DOORMAT UNION FLAG,370.76,54,4
All,Singapore,All,5,22655,VINTAGE RED KITCHEN CABINET,250.0,2,1
All,Singapore,All,6,21936,RED RETROSPOT PICNIC BAG,245.5,90,3
All,Singapore,All,7,22197,SMALL POPCORN HOLDER,226.2,312,4
All,Singapore,All,8,20685,DOORMAT RED SPOT,220.78,32,4
All,Singapore,All,9,72741,GRAND CHOCOLATECANDLE,180.0,144,2
All,Singapore,All,10,22339,CHRISTMAS TREE PAINTED ZINC,176.64000000000001,384,2
All,Spain,All,1,POST,POSTAGE,8927.0,306,97
All,Spain,All,2,84997D,PINK 3 PIECE POLKADOT CUTLERY SET,6154.47,1737,9
All,Spain,All,3,84997C,CHILDRENS CUTLERY POLKADOT BLUE,5867.87,1661,8
All,Spain,All,4,22341,LOVE GARLAND PAINTED ZINC,2620.7999999999997,1728,3
All,Spain,All,5,22423,REGENCY CAKESTAND 3 TIER,2520.75,209,30
All,Spain,All,6,21380,WOODEN HAPPY BIRTHDAY GARLAND,2371.5,882,6
All,Spain,All,7,22670,FRENCH WC SIGN BLUE METAL,2016.1200000000001,1788,8
All,Spain,All,8,84997B,RED 3 PIECE RETROSPOT CUTLERY SET,1777.0,508,6
All,Spain,All,9,84879,ASSORTED COLOUR BIRD ORNAMENT,1628.4099999999999,1009,24
All,Spain,All,10,M,Manual,1410.99,2,2
All,Sweden,All,1,POST,POSTAGE,3771.0,93,48
All,Sweden,All,2,22492,MINI PAINT SET VINTAGE,2761.2000000000003,4248,12
All,Sweden,All,3,85232B,SET/3 RUSSIAN DOLL STACKING TINS,2643.3,534,6
All,Sweden,All,4,21210,SET OF 72 RETROSPOT PAPER  DOILIES,2279.3999999999996,1572,9
All,Sweden,All,5,22383,LUNCH BAG SUKI  DESIGN,1885.0,1300,10
All,Sweden,All,6,M,Manual,1779.68,3,3
All,Sweden,All,7,22720,SET OF 3 CAKE TINS PANTRY DESIGN,1767.15,357,7
All,Sweden,All,8,21212,PACK OF 72 RETROSPOT CAKE CASES,1437.6,2784,14
All,Sweden,All,9,84991,60 TEATIME FAIRY CAKE CASES,1398.0,3024,14
All,Sweden,All,10,21915,RED  HARMONICA IN BOX,1281.6,1080,8
All,Switzerland,All,1,POST,POSTAGE,6661.0,150,54
All,Switzerland,All,2,22326,ROUND SNACK BOXES SET OF4 WOODLAND,1986.6,732,28
All,Switzerland,All,3,22554,PLASTERS IN TIN WOODLAND ANIMALS,1354.35,879,26
All,Switzerland,All,4,22551,PLASTERS IN TIN SPACEBOY,1051.1999999999998,672,25
All,Switzerland,All,5,20685,DOORMAT RED SPOT,968.74,138,17
All,Switzerland,All,6,22423,REGENCY CAKESTAND 3 TIER,936.9,78,13
All,Switzerland,All,7,22632,HAND WARMER RED RETROSPOT,886.8000000000001,468,8
All,Switzerland,All,8,47566,PARTY BUNTING,760.7,186,7
All,Switzerland,All,9,21524,DOORMAT SPOTTY HOME SWEET HOME,653.84,92,12
All,Switzerland,All,10,22556,PLASTERS IN TIN CIRCUS PARADE,634.1999999999999,396,16
All,Thailand,All,1,22497,SET OF 2 TINS VINTAGE BATHROOM,360.0,96,1
All,Thailand,All,2,21429,RED GINGHAM ROSE JEWELLERY BOX,278.4,192,1
All,Thailand,All,3,21431,GREEN GINGHAM FLOWER JEWELLERY BOX,278.4,192,1
All,Thailand,All,4,22495,SET OF 2 ROUND TINS CAMEMBERT,275.4,108,1
All,Thailand,All,5,21700,BIG DOUGHNUT FRIDGE MAGNETS,172.79999999999998,240,1
All,Thailand,All,6,85216,ASSORTED CAKES FRIDGE MAGNETS,127.2,240,1
All,Thailand,All,7,85017A,ENVELOPE 50 ROMANTIC IMAGES,120.96,288,1
All,Thailand,All,8,85017B,ENVELOPE 50 BLOSSOM IMAGES,120.96,288,1
All,Thailand,All,9,85017C,ENVELOPE 50 CURIOUS IMAGES,120.96,288,1
All,Thailand,All,10,22494,EMERGENCY FIRST AID TIN,101.76,96,1
All,USA,All,1,21355,TOAST ITS - I LOVE YOU,452.40000000000003,408,2
All,USA,All,2,POST,POSTAGE,446.0,4,4
All,USA,All,3,22423,REGENCY CAKESTAND 3 TIER,204.0,16,4
All,USA,All,4,21122,SET/10 PINK SPOTTY PARTY CANDLES,190.0,152,6
All,USA,All,5,21124,SET/10 BLUE SPOTTY PARTY CANDLES,187.5,150,6
All,USA,All,6,23328,SET 6 SCHOOL MILK BOTTLES IN CRATE,162.72,48,2
All,USA,All,7,21121,SET/10 RED SPOTTY PARTY CANDLES,150.0,120,4
All,USA,All,8,21123,SET/10 IVORY SPOTTY PARTY CANDLES,150.0,120,4
All,USA,All,9,84997D,PINK 3 PIECE MINI DOTS CUTLERY SET,145.7,38,3
All,USA,All,10,21210,SET OF 72 RETROSPOT PAPER  DOILIES,140.64999999999998,97,6
All,United Arab Emirates,All,1,M,Manual,756.9,2,2
All,United Arab Emirates,All,2,22423,REGENCY CAKESTAND 3 TIER,242.25,19,2
All,United Arab Emirates,All,3,21700,BIG DOUGHNUT FRIDGE MAGNETS,163.2,192,3
All,United Arab Emirates,All,4,84823,DANISH ROSE FOLDING CHAIR,159.8,4,1
All,United Arab Emirates,All,5,21098,CHRISTMAS TOILET ROLL,152.64000000000001,144,2
All,United Arab Emirates,All,6,47590B,PINK HAPPY BIRTHDAY BUNTING,130.8,24,2
All,United Arab Emirates,All,7,85150,LADIES & GENTLEMEN METAL SIGN,122.39999999999999,48,2
All,United Arab Emirates,All,8,22065,CHRISTMAS PUDDING TRINKET POT,120.0,96,2
All,United Arab Emirates,All,9,22200,FRYING PAN PINK POLKADOT,110.5,26,4
All,United Arab Emirates,All,10,85215,ASSORTED CHEESE FRIDGE MAGNETS,109.20000000000002,168,3
All,United Kingdom,All,1,DOT,DOTCOM POSTAGE,309854.11,1415,1415
All,United Kingdom,All,2,22423,REGENCY CAKESTAND 3 TIER,277783.12,21854,3440
All,United Kingdom,All,3,M,Manual,244464.44,9528,695
All,United Kingdom,All,4,85123A,WHITE HANGING HEART T-LIGHT HOLDER,237531.21,86529,5161
All,United Kingdom,All,5,23843,"PAPER CRAFT , LITTLE BIRDIE",168469.6,80995,1
All,United Kingdom,All,6,85099B,RED RETROSPOT JUMBO BAG,164083.28,87594,3712
All,United Kingdom,All,7,47566,PARTY BUNTING,139425.83000000002,26145,2534
All,United Kingdom,All,8,84879,ASSORTED COLOUR BIRD ORNAMENT,120182.05,74286,2647
All,United Kingdom,All,9,22086,PAPER CHAIN KIT 50'S CHRISTMAS,114709.34,33963,1961
All,United Kingdom,All,10,23166,MEDIUM CERAMIC TOP STORAGE JAR,80575.63,77036,225
All,Unspecified,All,1,21108,FAIRY CAKE FLANNEL ASSORTED COLOUR,209.1,82,4
All,Unspecified,All,2,37495,FAIRY CAKE BIRTHDAY CANDLE SET,180.0,48,2
All,Unspecified,All,3,21110,LARGE CAKE TOWEL PINK SPOTS,162.0,24,2
All,Unspecified,All,4,37503,TEA TIME CAKE STAND IN GIFT BOX,150.5,14,3
All,Unspecified,All,5,37449,CERAMIC CAKE STAND + HANGING CAKES,136.0,16,2
All,Unspecified,All,6,22353,LUNCH BOX WITH CUTLERY FAIRY CAKES,122.39999999999999,48,2
All,Unspecified,All,7,22138,BAKING SET 9 PIECE RETROSPOT,118.80000000000001,24,4
All,Unspecified,All,8,21843,RETRO SPOT CAKE STAND,109.49999999999999,10,4
All,Unspecified,All,9,84050,PINK HEART SHAPE EGG FRYING PAN,90.74999999999999,55,4
All,Unspecified,All,10,22107,PIZZA PLATE IN BOX,90.0,24,2
All,West Indies,All,1,20886,BOX OF 9 PEBBLE CANDLES,46.8,24,1
All,West Indies,All,2,22444,GROW YOUR OWN PLANT IN A CAN,30.0,24,1
All,West Indies,All,3,72802A,ROSE SCENT CANDLE IN JEWELLED BOX,25.5,6,1
All,West Indies,All,4,72802B,OCEAN SCENT CANDLE IN JEWELLED BOX,25.5,6,1
All,West Indies,All,5,35651,VINTAGE BEAD PINK SCARF,23.85,3,1
All,West Indies,All,6,22158,3 HEARTS HANGING DECORATION RUSTIC,23.6,8,1
All,West Indies,All,7,21730,GLASS STAR FROSTED T-LIGHT HOLDER,19.8,4,1
All,West Indies,All,8,21645,ASSORTED TUTTI FRUTTI ROUND BOX,19.799999999999997,12,1
All,West Indies,All,9,85040B,SET/4 BLUE FLOWER CANDLES IN BOWL,19.799999999999997,12,1
All,West Indies,All,10,22411,JUMBO SHOPPER VINTAGE RED PAISLEY,19.5,10,1
All,Australia,One-time,1,22175,PINK OWL SOFT TOY,70.80000000000001,24,1
All,Australia,One-time,2,22176,BLUE OWL SOFT TOY,70.80000000000001,24,1
All,Australia,One-time,3,22622,BOX OF VINTAGE ALPHABET BLOCKS,59.699999999999996,6,1
All,Australia,One-time,4,21790,VINTAGE SNAP CARDS,40.8,48,3
All,Australia,One-time,5,22946,WOODEN ADVENT CALENDAR CREAM,33.9,2,1
All,Australia,One-time,6,22474,SPACEBOY TV DINNER TRAY,29.700000000000003,6,1
All,Australia,One-time,7,20692,FLORAL ELEPHANT SOFT TOY,25.5,6,1
All,Australia,One-time,8,20695,FLORAL BLUE MONSTER,25.5,6,1
All,Australia,One-time,9,21903,MAN FLU METAL SIGN,25.200000000000003,12,1
All,Australia,One-time,10,21908,CHOCOLATE THIS WAY METAL SIGN,25.200000000000003,12,1
All,Australia,Repeat,1,23084,RABBIT NIGHT LIGHT,3375.84,1884,6
All,Australia,Repeat,2,22423,REGENCY CAKESTAND 3 TIER,2930.7,266,9
All,Australia,Repeat,3,21731,RED TOADSTOOL LED NIGHT LIGHT,2464.2,1668,13
All,Australia,Repeat,4,22630,DOLLY GIRL LUNCH BOX,2182.2,1316,8
All,Australia,Repeat,5,21217,RED SPOTTY ROUND CAKE TINS,2110.25,235,5
All,Australia,Repeat,6,22722,SET OF 6 SPICE TINS PANTRY DESIGN,2082.0,600,6
All,Australia,Repeat,7,22720,SET OF 3 CAKE TINS PANTRY DESIGN,1983.2,464,9
All,Australia,Repeat,8,22629,SPACEBOY LUNCH BOX,1971.0,1188,8
All,Australia,Repeat,9,21915,RED  HARMONICA IN BOX,1840.8000000000002,1728,9
All,Australia,Repeat,10,22969,HOMEMADE JAM SCENTED CANDLES,1772.4,1368,6
All,Austria,One-time,1,POST,POSTAGE,360.0,9,1
All,Austria,One-time,2,22582,PACK OF 6 SWEETIE GIFT BOXES,302.40000000000003,144,1
All,Austria,One-time,3,22584,PACK OF 6 PANNETONE GIFT BOXES,302.40000000000003,144,1
All,Austria,One-time,4,22139,RETROSPOT TEA SET CERAMIC 11 PC,116.85,27,2
All,Austria,One-time,5,21918,SET 12 KIDS COLOUR  CHALK STICKS,103.67999999999999,288,1
All,Austria,One-time,6,22546,MINI JIGSAW PURDEY,86.39999999999999,240,1
All,Austria,One-time,7,22846,BREAD BIN DINER STYLE RED,59.8,4,1
All,Austria,One-time,8,22849,BREAD BIN DINER STYLE MINT,59.8,4,1
All,Austria,One-time,9,22357,KINGS CHOICE BISCUIT TIN,45.0,12,1
All,Austria,One-time,10,22960,JAM MAKING SET WITH JARS,45.0,12,1
All,Austria,Repeat,1,POST,POSTAGE,2696.0,68,31
All,Austria,Repeat,2,15056N,EDWARDIAN PARASOL NATURAL,654.0,120,4
All,Austria,Repeat,3,15056BL,EDWARDIAN PARASOL BLACK,582.6,108,4
All,Austria,Repeat,4,20679,EDWARDIAN PARASOL RED,582.6,108,4
All,Austria,Repeat,5,15056P,EDWARDIAN PARASOL PINK,464.1,78,4
All,Austria,Repeat,6,22326,ROUND SNACK BOXES SET OF4 WOODLAND,283.20000000000005,96,8
All,Austria,Repeat,7,M,Manual,260.0,2,2
All,Austria,Repeat,8,84879,ASSORTED COLOUR BIRD ORNAMENT,229.84,136,5
All,Austria,Repeat,9,84997D,PINK 3 PIECE MINI DOTS CUTLERY SET,218.0,56,5
All,Austria,Repeat,10,22328,ROUND SNACK BOXES SET OF 4 FRUITS,212.40000000000003,72,7
All,Bahrain,Repeat,1,23076,ICE CREAM SUNDAE LIP GLOSS,120.0,96,1
All,Bahrain,Repeat,2,22649,STRAWBERRY FAIRY CAKE TEAPOT,79.2,16,2
All,Bahrain,Repeat,3,23077,DOUGHNUT LIP GLOSS,75.0,60,1
All,Bahrain,Repeat,4,22890,NOVELTY BISCUITS CAKE STAND 3 TIER,59.699999999999996,6,2
All,Bahrain,Repeat,5,84797A,PINK HAWAIIAN PICNIC HAMPER FOR 4,59.400000000000006,12,1
All,Bahrain,Repeat,6,84797B,BLUE SAVANNAH PICNIC HAMPER FOR 4,59.400000000000006,12,1
All,Bahrain,Repeat,7,37449,CERAMIC CAKE STAND + HANGING CAKES,39.8,4,2
All,Bahrain,Repeat,8,22422,TOOTHPASTE TUBE PEN,39.0,60,2
All,Bahrain,Repeat,9,37450,CERAMIC CAKE BOWL + HANGING CAKES,35.400000000000006,12,2
All,Bahrain,Repeat,10,20818,GOLD TEDDY BEAR,30.0,24,1
All,Bahrain,Unknown,1,72802B,OCEAN SCENT CANDLE IN JEWELLED BOX,205.74,54,1
All,Bahrain,Unknown,2,18097C,WHITE TALL PORCELAIN T-LIGHT HOLDER,202.5,102,2
All,Bahrain,Unknown,3,20748,KENSINGTON COFFEE SET,127.5,10,2
All,Bahrain,Unknown,4,20747,PICCADILLY TEA SET,119.6,8,1
All,Bahrain,Unknown,5,72807B,SET/3 OCEAN SCENT CANDLE JEWEL BOX,102.0,24,3
All,Bahrain,Unknown,6,35001G,HAND OPEN SHAPE GOLD,76.5,18,2
All,Bahrain,Unknown,7,72807C,SET/3 VANILLA SCENTED CANDLE IN BOX,68.0,16,2
All,Bahrain,Unknown,8,37476,CONDIMENT TRAY 4 BOWLS AND 4 SPOONS,50.94,6,1
All,Bahrain,Unknown,9,20910,VINTAGE PHOTO ALBUM PARIS DAYS,38.099999999999994,6,2
All,Bahrain,Unknown,10,37502,TEA TIME MUG IN GIFT BOX,35.400000000000006,12,1
All,Belgium,One-time,1,POST,POSTAGE,420.0,28,6
All,Belgium,One-time,2,21217,RED RETROSPOT ROUND CAKE TINS,79.6,8,2
All,Belgium,One-time,3,22326,ROUND SNACK BOXES SET OF4 WOODLAND,70.80000000000001,24,3
All,Belgium,One-time,4,22328,ROUND SNACK BOXES SET OF 4 FRUITS,70.80000000000001,24,3
All,Belgium,One-time,5,22629,SPACEBOY LUNCH BOX,70.19999999999999,36,3
All,Belgium,One-time,6,22630,DOLLY GIRL LUNCH BOX,70.19999999999999,36,2
All,Belgium,One-time,7,21523,DOORMAT FANCY FONT HOME SWEET HOME,67.5,10,1
All,Belgium,One-time,8,48111,DOORMAT 3 SMILEY CATS,67.5,10,1
All,Belgium,One-time,9,48138,DOORMAT UNION FLAG,67.5,10,1
All,Belgium,One-time,10,48188,DOORMAT WELCOME PUPPIES,67.5,10,1
All,Belgium,Repeat,1,POST,POSTAGE,6466.0,392,137
All,Belgium,Repeat,2,M,Manual,1508.65,1,1
All,Belgium,Repeat,3,22326,ROUND SNACK BOXES SET OF4 WOODLAND,1358.4,480,46
All,Belgium,Repeat,4,22630,DOLLY GIRL LUNCH BOX,1006.8,536,32
All,Belgium,Repeat,5,22629,SPACEBOY LUNCH BOX,983.4,524,32
All,Belgium,Repeat,6,22423,REGENCY CAKESTAND 3 TIER,650.25,51,17
All,Belgium,Repeat,7,22328,ROUND SNACK BOXES SET OF 4 FRUITS,600.3000000000001,210,24
All,Belgium,Repeat,8,21731,RED TOADSTOOL LED NIGHT LIGHT,594.0,360,19
All,Belgium,Repeat,9,22846,BREAD BIN DINER STYLE RED,488.4,32,8
All,Belgium,Repeat,10,22504,CABIN BAG VINTAGE RETROSPOT,487.4,20,7
All,Bermuda,Unknown,1,84568,GIRLS ALPHABET IRON ON PATCHES,241.92,1152,1
All,Bermuda,Unknown,2,84598,BOYS ALPHABET IRON ON PATCHES,241.92,1152,1
All,Bermuda,Unknown,3,22236,CAKE STAND 3 TIER MAGIC GARDEN,76.5,6,1
All,Bermuda,Unknown,4,84997B,RED 3 PIECE MINI DOTS CUTLERY SET,45.0,12,1
All,Bermuda,Unknown,5,84997C,BLUE 3 PIECE MINI DOTS CUTLERY SET,45.0,12,1
All,Bermuda,Unknown,6,47591D,PINK FAIRY CAKE CHILD'S APRON,31.2,16,1
All,Bermuda,Unknown,7,21561,DINOSAUR LUNCHBOX WITH CUTLERY,30.599999999999998,12,1
All,Bermuda,Unknown,8,22353,LUNCHBOX WITH CUTLERY FAIRY CAKES,30.599999999999998,12,1
All,Bermuda,Unknown,9,21913,VINTAGE SEASIDE JIGSAW PUZZLES,30.0,8,1
All,Bermuda,Unknown,10,22617,BAKING SET SPACEBOY DESIGN,29.700000000000003,6,1
All,Brazil,One-time,1,22423,REGENCY CAKESTAND 3 TIER,175.2,16,1
All,Brazil,One-time,2,22722,SET OF 6 SPICE TINS PANTRY DESIGN,82.80000000000001,24,1
All,Brazil,One-time,3,21430,SET/3 RED GINGHAM ROSE STORAGE BOX,81.36,24,1
All,Brazil,One-time,4,22366,DOORMAT AIRMAIL,67.5,10,1
All,Brazil,One-time,5,22697,GREEN REGENCY TEACUP AND SAUCER,61.199999999999996,24,1
All,Brazil,One-time,6,22698,PINK REGENCY TEACUP AND SAUCER,61.199999999999996,24,1
All,Brazil,One-time,7,22699,ROSES REGENCY TEACUP AND SAUCER,61.199999999999996,24,1
All,Brazil,One-time,8,21770,OPEN CLOSED METAL SIGN,49.5,10,1
All,Brazil,One-time,9,22630,DOLLY GIRL LUNCH BOX,48.75,25,2
All,Brazil,One-time,10,21906,PHARMACIE FIRST AID TIN,40.5,6,1
All,Canada,One-time,1,37370,RETRO COFFEE MUGS ASSORTED,534.24,504,1
All,Canada,One-time,2,20886,BOX OF 9 PEBBLE CANDLES,23.4,12,1
All,Canada,One-time,3,21622,VINTAGE UNION JACK CUSHION COVER,19.8,4,1
All,Canada,One-time,4,21132,SILVER STANDING GNOME,17.0,4,1
All,Canada,One-time,5,21993,FLORAL FOLK STATIONERY SET,15.0,12,1
All,Canada,One-time,6,21136,PAINTED METAL PEARS ASSORTED,13.52,8,1
All,Canada,One-time,7,84879,ASSORTED COLOUR BIRD ORNAMENT,13.52,8,1
All,Canada,One-time,8,23293,SET OF 12 FAIRY CAKE BAKING CASES,13.28,16,1
All,Canada,One-time,9,85116,BLACK CANDELABRA T-LIGHT HOLDER,12.600000000000001,6,1
All,Canada,One-time,10,84755,COLOUR GLASS T-LIGHT HOLDER HANGING,10.4,16,1
All,Canada,Repeat,1,POST,POSTAGE,550.94,1,1
All,Canada,Repeat,2,20727,LUNCH BAG  BLACK SKULL.,82.5,50,1
All,Canada,Repeat,3,21558,SKULL LUNCH BOX WITH CUTLERY,61.199999999999996,24,2
All,Canada,Repeat,4,84077,WORLD WAR 2 GLIDERS ASSTD DESIGNS,60.48,288,1
All,Canada,Repeat,5,21871,SAVE THE PLANET MUG,60.0,48,2
All,Canada,Repeat,6,22382,LUNCH BAG SPACEBOY DESIGN,49.5,30,1
All,Canada,Repeat,7,22383,LUNCH BAG SUKI DESIGN,49.5,30,1
All,Canada,Repeat,8,22617,BAKING SET SPACEBOY DESIGN,44.550000000000004,9,2
All,Canada,Repeat,9,22649,STRAWBERRY FAIRY CAKE TEAPOT,39.6,8,1
All,Canada,Repeat,10,22551,PLASTERS IN TIN SPACEBOY,39.599999999999994,24,2
All,Channel Islands,One-time,1,22584,PACK OF 6 PANNETONE GIFT BOXES,61.199999999999996,24,1
All,Channel Islands,One-time,2,22812,PACK 3 BOXES CHRISTMAS PANNETONE,46.8,24,1
All,Channel Islands,One-time,3,22813,PACK 3 BOXES BIRD PANNETONE,46.8,24,1
All,Channel Islands,One-time,4,21430,SET/3 RED GINGHAM ROSE STORAGE BOX,45.0,12,1
All,Channel Islands,One-time,5,22741,FUNKY DIVA PEN,40.8,48,1
All,Channel Islands,One-time,6,22906,12 MESSAGE CARDS WITH ENVELOPES,39.599999999999994,24,1
All,Channel Islands,One-time,7,20914,SET/5 RED SPOTTY LID GLASS BOWLS,35.400000000000006,12,1
All,Channel Islands,One-time,8,22303,COFFEE MUG APPLES DESIGN,30.599999999999998,12,1
All,Channel Islands,One-time,9,22734,SET OF 6 RIBBONS VINTAGE CHRISTMAS,30.599999999999998,12,1
All,Channel Islands,One-time,10,22332,SKULLS PARTY BAG + STICKER SET,26.4,16,1
All,Channel Islands,Repeat,1,51008,AFGHAN SLIPPER SOCK PAIR,1770.0,600,4
All,Channel Islands,Repeat,2,85099B,RED RETROSPOT JUMBO BAG,994.7,570,10
All,Channel Islands,Repeat,3,22386,JUMBO BAG PINK WITH WHITE SPOTS,892.0,520,5
All,Channel Islands,Repeat,4,22423,REGENCY CAKESTAND 3 TIER,785.55,65,12
All,Channel Islands,Repeat,5,85099C,JUMBO  BAG BAROQUE BLACK WHITE,729.6,420,4
All,Channel Islands,Repeat,6,21928,JUMBO BAG SCANDINAVIAN PAISLEY,596.4,350,7
All,Channel Islands,Repeat,7,21929,JUMBO BAG PINK VINTAGE PAISLEY,431.4,250,7
All,Channel Islands,Repeat,8,22720,SET OF 3 CAKE TINS PANTRY DESIGN,408.0,96,1
All,Channel Islands,Repeat,9,23199,JUMBO BAG APPLES,399.6,220,3
All,Channel Islands,Repeat,10,21843,RETRO SPOT CAKE STAND,382.2,36,9
All,Cyprus,One-time,1,84879,ASSORTED COLOUR BIRD ORNAMENT,175.76,104,1
All,Cyprus,One-time,2,21135,VICTORIAN  METAL POSTCARD SPRING,162.24,96,1
All,Cyprus,One-time,3,21136,PAINTED METAL PEARS ASSORTED,162.24,96,1
All,Cyprus,One-time,4,22061,LARGE CAKE STAND  HANGING STRAWBERY,119.39999999999999,12,2
All,Cyprus,One-time,5,37503,TEA TIME CAKE STAND IN GIFT BOX,119.39999999999999,12,1
All,Cyprus,One-time,6,21667,GLASS CAKE COVER AND PLATE,89.69999999999999,6,1
All,Cyprus,One-time,7,37449,CERAMIC CAKE STAND + HANGING CAKES,87.9,10,2
All,Cyprus,One-time,8,22198,"POPCORN HOLDER , LARGE",72.5,50,1
All,Cyprus,One-time,9,47556B,TEA TIME TEA TOWELS,70.80000000000001,24,1
All,Cyprus,One-time,10,48187,DOOR MAT NEW ENGLAND,63.5,10,1
All,Cyprus,Repeat,1,22423,REGENCY CAKESTAND 3 TIER,936.9,78,11
All,Cyprus,Repeat,2,85123A,WHITE HANGING HEART T-LIGHT HOLDER,781.65,291,12
All,Cyprus,Repeat,3,22827,RUSTIC  SEVENTEEN DRAWER SIDEBOARD,580.0,4,2
All,Cyprus,Repeat,4,15056N,EDWARDIAN PARASOL NATURAL,410.54999999999995,69,3
All,Cyprus,Repeat,5,M,Manual,320.69,1,1
All,Cyprus,Repeat,6,47480,HANGING PHOTO CLIP ROPE LADDER,278.4,192,1
All,Cyprus,Repeat,7,21340,CLASSIC METAL BIRDCAGE PLANT HOLDER,277.04999999999995,27,3
All,Cyprus,Repeat,8,21733,RED HANGING HEART T-LIGHT HOLDER,272.35,101,6
All,Cyprus,Repeat,9,22655,VINTAGE RED KITCHEN CABINET,250.0,2,2
All,Cyprus,Repeat,10,22656,VINTAGE BLUE KITCHEN CABINET,250.0,2,2
All,Czech Republic,Repeat,1,22326,ROUND SNACK BOXES SET OF4 WOODLAND,70.80000000000001,24,1
All,Czech Republic,Repeat,2,84347,ROTATING SILVER ANGELS T-LIGHT HLDR,61.199999999999996,24,1
All,Czech Republic,Repeat,3,22231,JIGSAW TREE WITH BIRDHOUSE,52.199999999999996,36,1
All,Czech Republic,Repeat,4,21428,SET3 BOOK BOX GREEN GINGHAM FLOWER,51.0,12,1
All,Czech Republic,Repeat,5,47594B,SCOTTIES DESIGN WASHBAG,46.8,24,1
All,Czech Republic,Repeat,6,22930,BAKING MOULD HEART MILK CHOCOLATE,45.9,18,1
All,Czech Republic,Repeat,7,POST,POSTAGE,40.0,1,1
All,Czech Republic,Repeat,8,23271,CHRISTMAS TABLE SILVER CANDLE SPIKE,39.839999999999996,48,1
All,Czech Republic,Repeat,9,22505,MEMO BOARD COTTAGE DESIGN,39.6,8,1
All,Czech Republic,Repeat,10,85206A,CREAM FELT EASTER EGG BASKET,39.599999999999994,24,1
All,Denmark,One-time,1,22629,SPACEBOY LUNCH BOX,23.4,12,1
All,Denmark,One-time,2,22630,DOLLY GIRL LUNCH BOX,23.4,12,1
All,Denmark,One-time,3,22631,CIRCUS PARADE LUNCH BOX,23.4,12,1
All,Denmark,One-time,4,POST,POSTAGE,18.0,1,1
All,Denmark,One-time,5,21576,LETS GO SHOPPING COTTON TOTE BAG,13.5,6,1
All,Denmark,One-time,6,21579,LOLITA  DESIGN  COTTON TOTE BAG,13.5,6,1
All,Denmark,One-time,7,16237,SLEEPING CAT ERASERS,12.6,60,1
All,Denmark,One-time,8,22045,SPACEBOY GIFT WRAP,10.5,25,1
All,Denmark,One-time,9,22708,WRAP DOLLY GIRL,10.5,25,1
All,Denmark,One-time,10,85227,SET OF 6 3D KIT CARDS FOR KIDS,10.2,12,1
All,Denmark,Repeat,1,85220,SMALL FAIRY CAKE FRIDGE MAGNETS,6467.599999999999,11960,2
All,Denmark,Repeat,2,37410,BLACK AND WHITE PAISLEY FLOWER MUG,2516.4,25164,2
All,Denmark,Repeat,3,21091,SET/6 WOODLAND PAPER PLATES,1296.0,12960,1
All,Denmark,Repeat,4,21099,SET/6 STRAWBERRY PAPER CUPS,1296.0,12960,1
All,Denmark,Repeat,5,21085,SET/6 WOODLAND PAPER CUPS,1274.4,12744,1
All,Denmark,Repeat,6,21092,SET/6 STRAWBERRY PAPER PLATES,1248.0,12480,1
All,Denmark,Repeat,7,POST,POSTAGE,1140.0,64,21
All,Denmark,Repeat,8,84347,ROTATING SILVER ANGELS T-LIGHT HLDR,1008.0,480,1
All,Denmark,Repeat,9,47503E,ASS FLORAL PRINT SCISSORS,1004.4,6696,1
All,Denmark,Repeat,10,85198,ASSORTED FARMYARD ANIMALS IN BUCKET,993.5999999999999,3312,1
All,EIRE,One-time,1,ADJUST,Adjustment by john on 26/01/2010 16,107.14,1,1
All,EIRE,Repeat,1,M,Manual,19558.11,24,24
All,EIRE,Repeat,2,22423,REGENCY CAKESTAND 3 TIER,14636.85,1279,127
All,EIRE,Repeat,3,C2,CARRIAGE,8975.0,180,180
All,EIRE,Repeat,4,20914,SET/5 RED SPOTTY LID GLASS BOWLS,7710.099999999999,2926,54
All,EIRE,Repeat,5,21843,RETRO SPOT CAKE STAND,6075.15,557,48
All,EIRE,Repeat,6,21166,COOK WITH WINE METAL SIGN,5495.84,3074,45
All,EIRE,Repeat,7,21181,PLEASE ONE PERSON METAL SIGN,4968.000000000001,2640,36
All,EIRE,Repeat,8,85123A,WHITE HANGING HEART T-LIGHT HOLDER,4728.900000000001,1750,73
All,EIRE,Repeat,9,21523,FANCY FONT HOME SWEET HOME DOORMAT,4439.4,672,45
All,EIRE,Repeat,10,20685,RED SPOTTY COIR DOORMAT,4422.92,686,26
All,EIRE,Unknown,1,M,Manual,4301.67,4,3
All,EIRE,Unknown,2,85123A,WHITE HANGING HEART T-LIGHT HOLDER,902.55,345,14
All,EIRE,Unknown,3,C2,CARRIAGE,880.0,19,19
All,EIRE,Unknown,4,22423,REGENCY CAKESTAND 3 TIER,860.4,72,15
All,EIRE,Unknown,5,22625,RED KITCHEN SCALES,520.2,66,8
All,EIRE,Unknown,6,22847,BREAD BIN DINER STYLE IVORY,486.4,32,9
All,EIRE,Unknown,7,48187,DOORMAT NEW ENGLAND,467.8,70,10
All,EIRE,Unknown,8,22624,IVORY KITCHEN SCALES,462.40000000000003,58,9
All,EIRE,Unknown,9,84978,HANGING HEART JAR T-LIGHT HOLDER,350.28000000000003,324,10
All,EIRE,Unknown,10,15056N,EDWARDIAN PARASOL NATURAL,345.1,58,7
All,European Community,Repeat,1,POST,POSTAGE,141.0,9,3
All,European Community,Repeat,2,22842,BISCUIT TIN VINTAGE RED,54.0,8,2
All,European Community,Repeat,3,22843,BISCUIT TIN VINTAGE GREEN,54.0,8,2
All,European Community,Repeat,4,22314,OFFICE MUG WARMER CHOC+BLUE,53.10000000000001,18,2
All,European Community,Repeat,5,72807C,SET/3 VANILLA SCENTED CANDLE IN BOX,51.0,12,1
All,European Community,Repeat,6,85036B,CHOCOLATE 1 WICK MORRIS BOX CANDLE,51.0,12,1
All,European Community,Repeat,7,22312,OFFICE MUG WARMER POLKADOT,35.400000000000006,12,2
All,European Community,Repeat,8,22452,MEASURING TAPE BABUSHKA PINK,35.400000000000006,12,2
All,European Community,Repeat,9,22453,MEASURING TAPE BABUSHKA BLUE,35.400000000000006,12,2
All,European Community,Repeat,10,85035C,ROSE 3 WICK MORRIS BOX CANDLE,34.0,8,1
All,Finland,One-time,1,POST,POSTAGE,520.0,13,3
All,Finland,One-time,2,20750,RED RETROSPOT MINI CASES,95.4,12,2
All,Finland,One-time,3,22138,BAKING SET 9 PIECE RETROSPOT,74.25,15,2
All,Finland,One-time,4,22498,WOODEN REGATTA BUNTING,71.4,12,1
All,Finland,One-time,5,ADJUST,Adjustment by john on 26/01/2010 16,63.24,1,1
All,Finland,One-time,6,21430,SET/3 RED GINGHAM ROSE STORAGE BOX,60.0,16,2
All,Finland,One-time,7,22326,ROUND SNACK BOXES SET OF4 WOODLAND,53.1,18,1
All,Finland,One-time,8,47590A,BLUE HAPPY BIRTHDAY BUNTING,49.050000000000004,9,1
All,Finland,One-time,9,47590B,PINK HAPPY BIRTHDAY BUNTING,49.050000000000004,9,1
All,Finland,One-time,10,20749,ASSORTED COLOUR MINI CASES,47.7,6,1
All,Finland,Repeat,1,POST,POSTAGE,3611.0,94,42
All,Finland,Repeat,2,84997D,PINK 3 PIECE POLKADOT CUTLERY SET,2618.94,714,15
All,Finland,Repeat,3,84997C,CHILDRENS CUTLERY POLKADOT BLUE,1772.4,456,14
All,Finland,Repeat,4,84997A,GREEN 3 PIECE POLKADOT CUTLERY SET,1189.6,304,10
All,Finland,Repeat,5,M,Manual,551.2,2,1
All,Finland,Repeat,6,23084,RABBIT NIGHT LIGHT,282.72,156,4
All,Finland,Repeat,7,23077,DOUGHNUT LIP GLOSS,250.0,200,2
All,Finland,Repeat,8,23078,ICE CREAM PEN LIP GLOSS,240.0,192,2
All,Finland,Repeat,9,21731,RED TOADSTOOL LED NIGHT LIGHT,217.79999999999995,132,8
All,Finland,Repeat,10,85099B,RED RETROSPOT JUMBO BAG,202.8,100,9
All,France,One-time,1,POST,POSTAGE,720.0,40,19
All,France,One-time,2,22752,SET 7 BABUSHKA NESTING BOXES,128.8,28,2
All,France,One-time,3,20750,RED/WHITE DOT MINI CASES,111.30000000000001,14,6
All,France,One-time,4,22554,PLASTERS IN TIN WOODLAND ANIMALS,98.99999999999999,60,5
All,France,One-time,5,22606,WOODEN SKITTLES GARDEN SET,82.9,6,2
All,France,One-time,6,20979,36 PENCILS TUBE RED RETROSPOT,80.0,64,3
All,France,One-time,7,22607,WOODEN ROUNDERS GARDEN SET,77.95,9,2
All,France,One-time,8,21212,PACK OF 72 RETROSPOT CAKE CASES,76.8,168,3
All,France,One-time,9,22139,RETROSPOT TEA SET CERAMIC 11 PC,74.25,15,3
All,France,One-time,10,47566B,TEA TIME PARTY BUNTING,72.75,15,2
All,France,Repeat,1,POST,POSTAGE,23680.0,1264,447
All,France,Repeat,2,M,Manual,14513.070000000002,9,8
All,France,Repeat,3,23084,RABBIT NIGHT LIGHT,7209.28,3988,72
All,France,Repeat,4,21731,RED TOADSTOOL LED NIGHT LIGHT,4288.349999999999,2599,128
All,France,Repeat,5,22326,ROUND SNACK BOXES SET OF4 WOODLAND,3607.7500000000005,1249,107
All,France,Repeat,6,22423,REGENCY CAKESTAND 3 TIER,3479.85,291,62
All,France,Repeat,7,84879,ASSORTED COLOUR BIRD ORNAMENT,3295.88,2132,32
All,France,Repeat,8,20750,RED/WHITE DOT MINI CASES,3192.0,416,102
All,France,Repeat,9,22556,PLASTERS IN TIN CIRCUS PARADE,3112.4999999999995,1898,102
All,France,Repeat,10,22090,PAPER BUNTING RETROSPOT,2898.3,1074,59
All,France,Unknown,1,84836,ZINC METAL HEART DECORATION,165.0,132,4
All,France,Unknown,2,22893,MINI CAKE STAND T-LIGHT HOLDER,110.88,264,2
All,France,Unknown,3,21731,RED TOADSTOOL LED NIGHT LIGHT,98.99999999999999,60,3
All,France,Unknown,4,22778,GLASS CLOCHE SMALL,63.2,16,2
All,France,Unknown,5,21135,VICTORIAN  METAL POSTCARD SPRING,54.08,32,3
All,France,Unknown,6,21262,WHITE GOOSE FEATHER CHRISTMAS TREE,52.35000000000001,13,2
All,France,Unknown,7,21264,WHITE GOOSE FEATHER TREE 60CM,46.8,24,1
All,France,Unknown,8,22575,METAL MERRY CHRISTMAS WREATH,46.8,24,2
All,France,Unknown,9,23084,RABBIT NIGHT LIGHT,42.96,24,1
All,France,Unknown,10,22597,CHRISTMAS MUSICAL ZINC HEART,40.8,48,3
All,Germany,One-time,1,POST,POSTAGE,1080.0,60,19
All,Germany,One-time,2,22423,REGENCY CAKESTAND 3 TIER,625.9499999999999,57,2
All,Germany,One-time,3,21621,VINTAGE UNION JACK BUNTING,204.0,24,1
All,Germany,One-time,4,22084,PAPER CHAIN KIT EMPIRE,204.0,80,1
All,Germany,One-time,5,21590,KINGS CHOICE CIGAR BOX MATCHES,152.64000000000001,144,1
All,Germany,One-time,6,21878,PACK OF 6 SANDCASTLE FLAGS ASSORTED,144.0,200,1
All,Germany,One-time,7,21622,VINTAGE UNION JACK CUSHION COVER,118.80000000000001,24,1
All,Germany,One-time,8,21586,KINGS CHOICE GIANT TUBE MATCHES,100.80000000000001,48,1
All,Germany,One-time,9,21615,4 LAVENDER BOTANICAL DINNER CANDLES,90.0,24,1
All,Germany,One-time,10,21620,S/4 ROSE    BOTANICAL  CANDLE,90.0,24,1
All,Germany,Repeat,1,POST,POSTAGE,37449.2,1991,611
All,Germany,Repeat,2,22423,REGENCY CAKESTAND 3 TIER,12922.949999999999,1157,92
All,Germany,Repeat,3,22326,ROUND SNACK BOXES SET OF4 WOODLAND,7637.200000000001,2680,205
All,Germany,Repeat,4,22328,ROUND SNACK BOXES SET OF 4 FRUITS,4556.05,1603,135
All,Germany,Repeat,5,M,Manual,3071.27,11,9
All,Germany,Repeat,6,21731,RED TOADSTOOL LED NIGHT LIGHT,2943.5999999999995,1784,104
All,Germany,Repeat,7,22467,GUMBALL COAT RACK,2469.9,1066,62
All,Germany,Repeat,8,22554,PLASTERS IN TIN WOODLAND ANIMALS,2441.9999999999995,1480,106
All,Germany,Repeat,9,22629,SPACEBOY LUNCH BOX,2368.7999999999997,1264,69
All,Germany,Repeat,10,22352,LUNCHBOX WITH CUTLERY RETROSPOT,2361.6,1032,60
All,Greece,One-time,1,POST,POSTAGE,135.0,3,1
All,Greece,One-time,2,21314,SMALL GLASS HEART TRINKET POT,88.80000000000001,48,1
All,Greece,One-time,3,22649,STRAWBERRY FAIRY CAKE TEAPOT,39.6,8,1
All,Greece,One-time,4,22423,REGENCY CAKESTAND 3 TIER,38.25,3,1
All,Greece,One-time,5,85065,CREAM SWEETHEART TRAYS,38.25,3,1
All,Greece,One-time,6,35832,WOOLLY HAT SOCK GLOVE ADVENT STRING,35.400000000000006,12,1
All,Greece,One-time,7,22941,CHRISTMAS LIGHTS 10 REINDEER,34.0,4,1
All,Greece,One-time,8,21390,FILIGRIS HEART WITH BUTTERFLY,30.0,24,1
All,Greece,One-time,9,22294,HEART FILIGREE DOVE  SMALL,30.0,24,1
All,Greece,One-time,10,21812,GARLAND WITH HEARTS AND BELLS,29.700000000000003,6,1
All,Greece,Repeat,1,48188,DOORMAT WELCOME PUPPIES,487.38,74,6
All,Greece,Repeat,2,21524,SPOTTY  HOME SWEET HOME DOORMAT,464.4,72,5
All,Greece,Repeat,3,48129,DOORMAT TOPIARY,412.9,62,4
All,Greece,Repeat,4,85123A,WHITE HANGING HEART T-LIGHT HOLDER,408.0,160,3
All,Greece,Repeat,5,22366,DOORMAT AIRMAIL,329.5,50,3
All,Greece,Repeat,6,48187,DOORMAT NEW ENGLAND,276.98,42,3
All,Greece,Repeat,7,POST,POSTAGE,250.0,5,3
All,Greece,Repeat,8,48111,DOORMAT 3 SMILEY CATS,236.36,36,6
All,Greece,Repeat,9,20747,PICCADILLY TEA SET,229.5,18,1
All,Greece,Repeat,10,21615,4 LAVENDER BOTANICAL DINNER CANDLES,216.0,96,2
All,Hong Kong,Unknown,1,M,Manual,9844.07,5,5
All,Hong Kong,Unknown,2,84997D,PINK 3 PIECE POLKADOT CUTLERY SET,732.48,192,5
All,Hong Kong,Unknown,3,84997B,RED 3 PIECE RETROSPOT CUTLERY SET,699.28,184,4
All,Hong Kong,Unknown,4,22326,ROUND SNACK BOXES SET OF4 WOODLAND,525.0,204,5
All,Hong Kong,Unknown,5,84997C,CHILDRENS CUTLERY POLKADOT BLUE,466.88,128,4
All,Hong Kong,Unknown,6,22452,MEASURING TAPE RUSSIAN DOLL PINK,318.6,108,6
All,Hong Kong,Unknown,7,20749,ASSORTED COLOUR MINI CASES,267.0,36,4
All,Hong Kong,Unknown,8,22139,RETROSPOT TEA SET CERAMIC 11 PC,235.65,51,5
All,Hong Kong,Unknown,9,22328,ROUND SNACK BOXES SET OF 4 FRUITS,228.6,84,3
All,Hong Kong,Unknown,10,20675,BLUE SPOTTY BOWL,226.32,192,5
All,Iceland,Repeat,1,84558A,3D DOG PICTURE PLAYING CARDS,389.40000000000003,132,6
All,Iceland,Repeat,2,23076,ICE CREAM SUNDAE LIP GLOSS,249.60000000000002,240,1
All,Iceland,Repeat,3,22423,REGENCY CAKESTAND 3 TIER,229.5,18,5
All,Iceland,Repeat,4,23084,RABBIT NIGHT LIGHT,153.84,84,3
All,Iceland,Repeat,5,22727,ALARM CLOCK BAKELIKE RED,135.0,36,5
All,Iceland,Repeat,6,22371,AIRLINE BAG VINTAGE TOKYO 78,132.4,32,4
All,Iceland,Repeat,7,22375,AIRLINE BAG VINTAGE JET SET BROWN,119.0,28,6
All,Iceland,Repeat,8,21731,RED TOADSTOOL LED NIGHT LIGHT,118.79999999999998,72,5
All,Iceland,Repeat,9,23316,RED REFECTORY CLOCK,97.80000000000001,12,1
All,Iceland,Repeat,10,22699,ROSES REGENCY TEACUP AND SAUCER,88.5,30,3
All,Israel,One-time,1,48187,DOORMAT NEW ENGLAND,202.5,30,1
All,Israel,One-time,2,22191,IVORY DINER WALL CLOCK,183.60000000000002,24,1
All,Israel,One-time,3,22474,SPACEBOY TV DINNER TRAY,136.0,32,1
All,Israel,One-time,4,21578,WOODLAND DESIGN  COTTON TOTE BAG,135.0,60,1
All,Israel,One-time,5,22929,SCHOOL DESK AND CHAIR,130.0,2,1
All,Israel,One-time,6,22823,CHEST NATURAL WOOD 20 DRAWERS,125.0,1,1
All,Israel,One-time,7,22326,ROUND SNACK BOXES SET OF4 WOODLAND,122.39999999999999,48,1
All,Israel,One-time,8,22083,PAPER CHAIN KIT RETROSPOT,106.2,36,1
All,Israel,One-time,9,21246,RED RETROSPOT BIG BOWL,102.0,24,1
All,Israel,One-time,10,22762,CUPBOARD 3 DRAWER MA CAMPAGNE,102.0,8,1
All,Israel,Repeat,1,22423,REGENCY CAKESTAND 3 TIER,700.8,64,3
All,Israel,Repeat,2,21361,LOVE LARGE WOOD LETTERS,197.1,18,1
All,Israel,Repeat,3,23240,SET OF 4 KNICK KNACK TINS DOILY,184.15,49,2
All,Israel,Repeat,4,22192,BLUE DINER WALL CLOCK,183.60000000000002,24,2
All,Israel,Repeat,5,22326,ROUND SNACK BOXES SET OF4 WOODLAND,157.8,60,2
All,Israel,Repeat,6,22427,ENAMEL FLOWER JUG CREAM,130.8,24,1
All,Israel,Repeat,7,23236,DOILEY STORAGE TIN,119.52000000000001,48,1
All,Israel,Repeat,8,21217,RED SPOTTY ROUND CAKE TINS,107.39999999999999,12,1
All,Israel,Repeat,9,85232B,SET/3 RUSSIAN DOLL STACKING TINS,102.0,24,1
All,Israel,Repeat,10,85232D,SET/3 DECOUPAGE STACKING TINS,102.0,24,1
All,Israel,Unknown,1,22270,HAPPY EASTER HANGING DECORATION,75.0,20,1
All,Israel,Unknown,2,22468,BABUSHKA LIGHTS STRING OF 10,67.5,10,1
All,Israel,Unknown,3,47566,PARTY BUNTING,46.5,10,1
All,Israel,Unknown,4,22668,PINK BABY BUNTING,44.25,15,1
All,Israel,Unknown,5,22449,SILK PURSE BABUSHKA PINK,40.2,12,1
All,Israel,Unknown,6,22723,SET OF 6 HERB TINS SKETCHBOOK,31.6,8,1
All,Israel,Unknown,7,22781,GUMBALL MAGAZINE RACK,30.6,4,1
All,Israel,Unknown,8,23433,HANGING QUILTED PATCHWORK APPLES,29.88,36,1
All,Israel,Unknown,9,21246,RED RETROSPOT BIG BOWL,29.700000000000003,6,1
All,Israel,Unknown,10,22721,SET OF 3 CAKE TINS SKETCHBOOK,29.700000000000003,6,1
All,Italy,One-time,1,POST,POSTAGE,341.0,11,4
All,Italy,One-time,2,23445,ICE CREAM BUBBLES,144.0,200,1
All,Italy,One-time,3,22556,PLASTERS IN TIN CIRCUS PARADE,59.39999999999999,36,3
All,Italy,One-time,4,22636,CHILDS BREAKFAST SET CIRCUS PARADE,51.0,6,2
All,Italy,One-time,5,84997C,BLUE 3 PIECE POLKADOT CUTLERY SET,45.0,12,1
All,Italy,One-time,6,84997D,PINK 3 PIECE POLKADOT CUTLERY SET,45.0,12,1
All,Italy,One-time,7,22551,PLASTERS IN TIN SPACEBOY,39.599999999999994,24,2
All,Italy,One-time,8,22553,PLASTERS IN TIN SKULLS,39.599999999999994,24,2
All,Italy,One-time,9,22555,PLASTERS IN TIN STRONGMAN,39.599999999999994,24,1
All,Italy,One-time,10,21688,SILVER PLATE CANDLE BOWL SMALL,35.400000000000006,12,1
All,Italy,Repeat,1,POST,POSTAGE,2790.0,65,26
All,Italy,Repeat,2,22847,BREAD BIN DINER STYLE IVORY,400.7,26,8
All,Italy,Repeat,3,22139,RETROSPOT TEA SET CERAMIC 11 PC,301.95000000000005,61,9
All,Italy,Repeat,4,51014A,"FEATHER PEN,HOT PINK",300.96,432,4
All,Italy,Repeat,5,10002,INFLATABLE POLITICAL GLOBE,267.0,360,3
All,Italy,Repeat,6,22326,ROUND SNACK BOXES SET OF4 WOODLAND,247.80000000000004,84,10
All,Italy,Repeat,7,22720,SET OF 3 CAKE TINS PANTRY DESIGN,237.60000000000002,48,8
All,Italy,Repeat,8,22844,VINTAGE CREAM DOG FOOD CONTAINER,210.8,26,6
All,Italy,Repeat,9,85123A,WHITE HANGING HEART T-LIGHT HOLDER,203.55,69,7
All,Italy,Repeat,10,22960,JAM MAKING SET WITH JARS,192.0,48,6
All,Japan,One-time,1,21787,RAIN PONCHO RETROSPOT,61.199999999999996,72,1
All,Japan,One-time,2,22722,SET OF 6 SPICE TINS PANTRY DESIGN,31.6,8,1
All,Japan,One-time,3,22078,RIBBON REEL LACE DESIGN,21.0,10,1
All,Japan,One-time,4,21788,KIDS RAIN MAC BLUE,20.4,24,1
All,Japan,One-time,5,21789,KIDS RAIN MAC PINK,20.4,24,1
All,Japan,One-time,6,22074,6 RIBBONS SHIMMERING PINKS,19.799999999999997,12,1
All,Japan,One-time,7,22077,6 RIBBONS RUSTIC CHARM,19.799999999999997,12,1
All,Japan,One-time,8,22895,SET OF 2 TEA TOWELS APPLE AND PEARS,19.5,6,1
All,Japan,One-time,9,22989,SET 2 PANTRY DESIGN TEA TOWELS,19.5,6,1
All,Japan,One-time,10,22326,ROUND SNACK BOXES SET OF4 WOODLAND,17.700000000000003,6,1
All,Japan,Repeat,1,23084,RABBIT NIGHT LIGHT,6100.32,3408,4
All,Japan,Repeat,2,22328,ROUND SNACK BOXES SET OF 4 FRUITS,3820.95,1497,5
All,Japan,Repeat,3,21218,RED SPOTTY BISCUIT TIN,858.0,264,5
All,Japan,Repeat,4,20750,RED RETROSPOT MINI CASES,761.9999999999999,120,3
All,Japan,Repeat,5,21217,RED RETROSPOT ROUND CAKE TINS,751.8,84,3
All,Japan,Repeat,6,47566,PARTY BUNTING,675.5,170,3
All,Japan,Repeat,7,22491,PACK OF 12 COLOURED PENCILS,622.0799999999999,864,2
All,Japan,Repeat,8,21216,"SET 3 RETROSPOT TEA,COFFEE,SUGAR",612.0,144,4
All,Japan,Repeat,9,22489,PACK OF 12 TRADITIONAL CRAYONS,547.62,1489,6
All,Japan,Repeat,10,23238,SET OF 4 KNICK KNACK TINS LONDON,540.0,144,2
All,Korea,One-time,1,21201,TROPICAL  HONEYCOMB PAPER GARLAND,100.80000000000001,48,1
All,Korea,One-time,2,84347,ROTATING SILVER ANGELS T-LIGHT HLDR,61.199999999999996,24,1
All,Korea,One-time,3,85174,S/4 CACTI CANDLES,59.400000000000006,12,2
All,Korea,One-time,4,22812,PACK 3 BOXES CHRISTMAS PANNETONE,46.8,24,1
All,Korea,One-time,5,47590A,BLUE HAPPY BIRTHDAY BUNTING,32.7,6,1
All,Korea,One-time,6,47590B,PINK HAPPY BIRTHDAY BUNTING,32.7,6,1
All,Korea,One-time,7,21369,MIRRORED WALL ART SPLODGES,30.0,24,1
All,Korea,One-time,8,21374,MIRRORED WALL ART SKULLS,30.0,24,1
All,Korea,One-time,9,22492,MINI PAINT SET VINTAGE,23.400000000000002,36,1
All,Korea,One-time,10,21467,CHERRY CROCHET FOOD COVER,22.5,6,1
All,Lebanon,One-time,1,22423,REGENCY CAKESTAND 3 TIER,153.0,12,1
All,Lebanon,One-time,2,22606,WOODEN SKITTLES GARDEN SET,102.0,8,1
All,Lebanon,One-time,3,85066,CREAM SWEETHEART MINI CHEST,102.0,8,1
All,Lebanon,One-time,4,21906,PHARMACIE FIRST AID TIN,81.0,12,1
All,Lebanon,One-time,5,22842,BISCUIT TIN VINTAGE RED,71.4,12,1
All,Lebanon,One-time,6,47566,PARTY BUNTING,69.75,15,1
All,Lebanon,One-time,7,21781,MA CAMPAGNE CUTLERY BOX,59.8,4,1
All,Lebanon,One-time,8,22846,BREAD BIN DINER STYLE RED,59.8,4,1
All,Lebanon,One-time,9,22720,SET OF 3 CAKE TINS PANTRY DESIGN,59.400000000000006,12,1
All,Lebanon,One-time,10,22168,ORGANISER WOOD ANTIQUE WHITE,51.0,6,1
All,Lebanon,Unknown,1,84078A,SET/4 WHITE RETRO STORAGE CUBES,39.95,1,1
All,Lebanon,Unknown,2,22553,PLASTERS IN TIN SKULLS,19.799999999999997,12,1
All,Lebanon,Unknown,3,22557,PLASTERS IN TIN VINTAGE PAISLEY,19.799999999999997,12,1
All,Lebanon,Unknown,4,22327,ROUND SNACK BOXES SET OF 4 SKULLS,17.700000000000003,6,1
All,Lebanon,Unknown,5,20727,LUNCH BAG  BLACK SKULL.,16.5,10,1
All,Lebanon,Unknown,6,22384,LUNCH BAG PINK RETROSPOT,16.5,10,1
All,Lebanon,Unknown,7,20749,ASSORTED COLOUR MINI CASES,15.9,2,1
All,Lebanon,Unknown,8,22139,RETRO SPOT TEA SET CERAMIC 11 PC,14.850000000000001,3,1
All,Lebanon,Unknown,9,22473,TV DINNER TRAY VINTAGE PAISLEY,14.850000000000001,3,1
All,Lebanon,Unknown,10,22475,SKULL DESIGN TV DINNER TRAY,14.850000000000001,3,1
All,Lithuania,Repeat,1,22750,FELTCRAFT PRINCESS LOLA DOLL,180.0,48,3
All,Lithuania,Repeat,2,20967,GREY FLORAL FELTCRAFT SHOULDER BAG,165.0,44,3
All,Lithuania,Repeat,3,22751,FELTCRAFT PRINCESS OLIVIA DOLL,165.0,44,3
All,Lithuania,Repeat,4,15056BL,EDWARDIAN PARASOL BLACK,160.65,27,3
All,Lithuania,Repeat,5,15056N,EDWARDIAN PARASOL NATURAL,160.65,27,3
All,Lithuania,Repeat,6,20679,EDWARDIAN PARASOL RED,160.65,27,3
All,Lithuania,Repeat,7,22271,FELTCRAFT DOLL ROSIE,157.8,60,2
All,Lithuania,Repeat,8,22568,FELTCRAFT CUSHION OWL,141.36,40,3
All,Lithuania,Repeat,9,22569,FELTCRAFT CUSHION BUTTERFLY,135.0,36,3
All,Lithuania,Repeat,10,22306,SILVER MUG BONE CHINA TREE OF LIFE,118.8,72,2
All,Malta,Repeat,1,M,Manual,2686.75,2,2
All,Malta,Repeat,2,POST,POSTAGE,655.0,12,3
All,Malta,Repeat,3,72741,GRAND CHOCOLATECANDLE,207.45,153,4
All,Malta,Repeat,4,22423,REGENCY CAKESTAND 3 TIER,153.0,12,2
All,Malta,Repeat,5,85178,VICTORIAN SEWING KIT,122.39999999999999,144,1
All,Malta,Repeat,6,23173,REGENCY TEAPOT ROSES,79.6,8,1
All,Malta,Repeat,7,22635,CHILDS BREAKFAST SET DOLLY GIRL,59.699999999999996,6,2
All,Malta,Repeat,8,22796,PHOTO FRAME 3 CLASSIC HANGING,59.699999999999996,6,2
All,Malta,Repeat,9,22697,GREEN REGENCY TEACUP AND SAUCER,53.10000000000001,18,2
All,Malta,Repeat,10,22698,PINK REGENCY TEACUP AND SAUCER,53.10000000000001,18,2
All,Netherlands,One-time,1,POST,POSTAGE,225.0,15,6
All,Netherlands,One-time,2,21731,RED TOADSTOOL LED NIGHT LIGHT,118.79999999999998,72,2
All,Netherlands,One-time,3,21914,BLUE HARMONICA IN BOX,75.0,60,2
All,Netherlands,One-time,4,21915,RED  HARMONICA IN BOX,75.0,60,2
All,Netherlands,One-time,5,22087,PAPER BUNTING WHITE LACE,70.80000000000001,24,1
All,Netherlands,One-time,6,22088,PAPER BUNTING COLOURED LACE,70.80000000000001,24,1
All,Netherlands,One-time,7,22089,PAPER BUNTING VINTAGE PAISLEY,70.80000000000001,24,1
All,Netherlands,One-time,8,22090,PAPER BUNTING RETRO SPOTS,70.80000000000001,24,1
All,Netherlands,One-time,9,20711,JUMBO BAG TOYS,58.5,30,1
All,Netherlands,One-time,10,21929,JUMBO BAG PINK VINTAGE PAISLEY,58.5,30,1
All,Netherlands,Repeat,1,22326,ROUND SNACK BOXES SET OF4 WOODLAND,13315.1,5210,45
All,Netherlands,Repeat,2,85123A,WHITE HANGING HEART T-LIGHT HOLDER,10914.8,4264,27
All,Netherlands,Repeat,3,22630,DOLLY GIRL LUNCH BOX,10774.5,6510,40
All,Netherlands,Repeat,4,22629,SPACEBOY LUNCH BOX,10696.199999999999,6460,47
All,Netherlands,Repeat,5,23084,RABBIT NIGHT LIGHT,9568.48,4801,7
All,Netherlands,Repeat,6,21731,RED TOADSTOOL LED NIGHT LIGHT,8854.5,6082,34
All,Netherlands,Repeat,7,22328,ROUND SNACK BOXES SET OF 4 FRUITS,7560.799999999999,2960,33
All,Netherlands,Repeat,8,85099B,RED RETROSPOT JUMBO BAG,7486.5,4430,28
All,Netherlands,Repeat,9,22423,REGENCY CAKESTAND 3 TIER,6871.049999999999,627,19
All,Netherlands,Repeat,10,22243,"HOOK, 5 HANGER ,MAGIC TOADSTOOL RED",6782.25,4669,26
All,Nigeria,Repeat,1,ADJUST,Adjustment by john on 26/01/2010 17,27.82,1,1
All,Nigeria,Repeat,2,84991,60 TEATIME FAIRY CAKE CASES,13.200000000000001,24,1
All,Nigeria,Repeat,3,16156S,WRAP PINK FAIRY CAKES,10.5,25,1
All,Nigeria,Repeat,4,22047,EMPIRE GIFT WRAP,10.5,25,1
All,Nigeria,Repeat,5,22618,COOKING SET RETROSPOT,9.95,1,1
All,Nigeria,Repeat,6,20749,ASSORTED COLOUR MINI CASES,7.95,1,1
All,Nigeria,Repeat,7,20750,RED/WHITE DOT MINI CASES,7.95,1,1
All,Nigeria,Repeat,8,47567B,TEA TIME KITCHEN APRON,5.95,1,1
All,Nigeria,Repeat,9,22582,PACK OF 6 SWEETIE GIFT BOXES,5.1,2,1
All,Nigeria,Repeat,10,22584,PACK OF 6 PANNETONE GIFT BOXES,5.1,2,1
All,Norway,One-time,1,22946,WOODEN ADVENT CALENDAR CREAM,306.0,24,1
All,Norway,One-time,2,POST,POSTAGE,280.0,7,4
All,Norway,One-time,3,84997A,CHILDRENS CUTLERY POLKADOT GREEN,270.0,72,1
All,Norway,One-time,4,84997B,CHILDRENS CUTLERY RETROSPOT RED,270.0,72,1
All,Norway,One-time,5,84997C,CHILDRENS CUTLERY POLKADOT BLUE,270.0,72,1
All,Norway,One-time,6,84997D,CHILDRENS CUTLERY POLKADOT PINK,270.0,72,1
All,Norway,One-time,7,22634,CHILDS BREAKFAST SET SPACEBOY,204.0,24,1
All,Norway,One-time,8,22635,CHILDS BREAKFAST SET DOLLY GIRL,204.0,24,1
All,Norway,One-time,9,85099B,JUMBO BAG RED RETROSPOT,179.0,100,1
All,Norway,One-time,10,22568,FELTCRAFT CUSHION OWL,162.72,48,1
All,Norway,Repeat,1,M,Manual,14756.64,5,3
All,Norway,Repeat,2,POST,POSTAGE,2710.5,53,17
All,Norway,Repeat,3,22693,GROW A FLYTRAP OR SUNFLOWER IN TIN,538.8000000000001,504,4
All,Norway,Repeat,4,22720,SET OF 3 CAKE TINS PANTRY DESIGN,411.90000000000003,90,12
All,Norway,Repeat,5,84050,PINK HEART SHAPE EGG FRYING PAN,411.9,302,9
All,Norway,Repeat,6,22197,SMALL POPCORN HOLDER,379.2,492,7
All,Norway,Repeat,7,22423,REGENCY CAKESTAND 3 TIER,369.75,29,11
All,Norway,Repeat,8,82600,NO SINGING METAL SIGN,328.80000000000007,168,6
All,Norway,Repeat,9,22635,CHILDS BREAKFAST SET DOLLY GIRL,323.4,36,7
All,Norway,Repeat,10,22847,BREAD BIN DINER STYLE IVORY,315.0,20,6
All,Poland,One-time,1,23084,RABBIT NIGHT LIGHT,85.92,48,1
All,Poland,One-time,2,84279P,CHERRY BLOSSOM  DECORATIVE FLASK,40.68,12,1
All,Poland,One-time,3,POST,POSTAGE,40.0,1,1
All,Poland,One-time,4,23238,SET OF 4 KNICK KNACK TINS LONDON,24.900000000000002,6,1
All,Poland,One-time,5,23240,SET OF 4 KNICK KNACK TINS DOILEY,24.900000000000002,6,1
All,Poland,One-time,6,22622,BOX OF VINTAGE ALPHABET BLOCKS,23.9,2,1
All,Poland,One-time,7,22620,4 TRADITIONAL SPINNING TOPS,17.4,12,1
All,Poland,One-time,8,22624,IVORY KITCHEN SCALES,17.0,2,1
All,Poland,One-time,9,22627,MINT KITCHEN SCALES,17.0,2,1
All,Poland,One-time,10,23052,RECYCLED ACAPULCO MAT TURQUOISE,16.5,2,1
All,Poland,Repeat,1,POST,POSTAGE,400.0,10,5
All,Poland,Repeat,2,21232,STRAWBERRY CERAMIC TRINKET POT,316.32,264,10
All,Poland,Repeat,3,37448,CERAMIC CAKE DESIGN SPOTTED MUG,245.16,180,6
All,Poland,Repeat,4,22059,CERAMIC STRWBERRY DESIGN MUG,203.04,144,6
All,Poland,Repeat,5,22666,RECIPE BOX PANTRY YELLOW DESIGN,202.8,72,6
All,Poland,Repeat,6,22722,SET OF 6 SPICE TINS PANTRY DESIGN,177.60000000000002,48,6
All,Poland,Repeat,7,37450,CERAMIC CAKE BOWL + HANGING CAKES,169.8,60,7
All,Poland,Repeat,8,22720,SET OF 3 CAKE TINS PANTRY DESIGN,161.4,36,4
All,Poland,Repeat,9,22961,JAM MAKING SET PRINTED,156.6,108,4
All,Poland,Repeat,10,22624,IVORY KITCHEN SCALES,153.0,18,7
All,Portugal,One-time,1,POST,POSTAGE,336.0,12,4
All,Portugal,One-time,2,ADJUST,Adjustment by john on 26/01/2010 16,117.72,1,1
All,Portugal,One-time,3,21655,HANGING RIDGE GLASS T-LIGHT HOLDER,87.0,60,1
All,Portugal,One-time,4,22423,REGENCY CAKESTAND 3 TIER,51.0,4,1
All,Portugal,One-time,5,22947,WOODEN ADVENT CALENDAR RED,47.7,6,1
All,Portugal,One-time,6,22220,CAKE STAND LOVEBIRD 2 TIER WHITE,39.8,4,2
All,Portugal,One-time,7,21633,SUNFLOWER DECORATIVE PARASOL,38.25,3,1
All,Portugal,One-time,8,21210,SET OF 72 RETROSPOT PAPER  DOILIES,34.8,24,2
All,Portugal,One-time,9,84806B,WHITE CANDYSTUFT ARTIFICIAL FLOWER,34.8,24,1
All,Portugal,One-time,10,22138,BAKING SET 9 PIECE RETROSPOT,34.650000000000006,7,2
All,Portugal,Repeat,1,POST,POSTAGE,4267.6,163,49
All,Portugal,Repeat,2,M,Manual,4223.9400000000005,8,7
All,Portugal,Repeat,3,20725,LUNCH BAG RED SPOTTY,747.25,465,22
All,Portugal,Repeat,4,22139,RETROSPOT TEA SET CERAMIC 11 PC,713.85,151,20
All,Portugal,Repeat,5,22411,JUMBO SHOPPER VINTAGE RED PAISLEY,660.4,330,17
All,Portugal,Repeat,6,21928,JUMBO BAG SCANDINAVIAN PAISLEY,578.5,290,18
All,Portugal,Repeat,7,22423,REGENCY CAKESTAND 3 TIER,567.15,49,6
All,Portugal,Repeat,8,85099B,JUMBO BAG RED WHITE SPOTTY,517.4,260,15
All,Portugal,Repeat,9,20728,LUNCH BAG CARS BLUE,513.15,311,18
All,Portugal,Repeat,10,22275,WEEKEND BAG VINTAGE ROSE PAISLEY,510.00000000000006,66,5
All,Portugal,Unknown,1,20914,SET/5 RED RETROSPOT LID GLASS BOWLS,32.45,11,2
All,Portugal,Unknown,2,22111,SCOTTIE DOG HOT WATER BOTTLE,29.700000000000003,6,1
All,Portugal,Unknown,3,22070,SMALL RED RETROSPOT MUG IN BOX,26.25,7,2
All,Portugal,Unknown,4,85014A,BLACK/BLUE POLKADOT UMBRELLA,23.8,4,1
All,Portugal,Unknown,5,85014B,RED RETROSPOT UMBRELLA,23.8,4,1
All,Portugal,Unknown,6,22968,ROSE COTTAGE KEEPSAKE BOX,19.9,2,1
All,Portugal,Unknown,7,23048,SET OF 10 LANTERNS FAIRY LIGHT STAR,16.6,4,1
All,Portugal,Unknown,8,20749,ASSORTED COLOUR MINI CASES,15.9,2,1
All,Portugal,Unknown,9,22071,SMALL WHITE RETROSPOT MUG IN BOX,15.0,4,2
All,Portugal,Unknown,10,22721,SET OF 3 CAKE TINS SKETCHBOOK,14.850000000000001,3,1
All,RSA,One-time,1,21340,CLASSIC METAL BIRDCAGE PLANT HOLDER,38.25,3,1
All,RSA,One-time,2,47590B,PINK HAPPY BIRTHDAY BUNTING,32.7,6,2
All,RSA,One-time,3,21889,WOODEN BOX OF DOMINOES,30.0,24,2
All,RSA,One-time,4,22605,WOODEN CROQUET GARDEN SET,29.9,2,1
All,RSA,One-time,5,23298,SPOTTY BUNTING,29.700000000000003,6,1
All,RSA,One-time,6,21242,RED SPOTTY PLATE,27.04,16,2
All,RSA,One-time,7,21243,PINK  SPOTTY PLATE,27.04,16,2
All,RSA,One-time,8,22423,REGENCY CAKESTAND 3 TIER,25.5,2,1
All,RSA,One-time,9,22526,WHEELBARROW FOR CHILDREN,25.5,2,1
All,RSA,One-time,10,22960,JAM MAKING SET WITH JARS,25.5,6,1
All,RSA,Unknown,1,M,Manual,1435.29,1,1
All,RSA,Unknown,2,21243,PINK  POLKADOT PLATE,139.2,96,1
All,RSA,Unknown,3,21244,BLUE POLKADOT PLATE,135.2,80,1
All,RSA,Unknown,4,22384,LUNCH BAG PINK POLKADOT,115.5,70,1
All,RSA,Unknown,5,20677,PINK POLKADOT BOWL,106.32000000000001,96,1
All,RSA,Unknown,6,20728,LUNCH BAG CARS BLUE,99.0,60,1
All,RSA,Unknown,7,21242,RED RETROSPOT PLATE,94.64,56,1
All,RSA,Unknown,8,20675,BLUE POLKADOT BOWL,86.32000000000001,80,1
All,RSA,Unknown,9,20725,LUNCH BAG RED RETROSPOT,82.5,50,1
All,RSA,Unknown,10,20676,RED RETROSPOT BOWL,70.0,56,1
All,Saudi Arabia,One-time,1,22553,PLASTERS IN TIN SKULLS,19.799999999999997,12,1
All,Saudi Arabia,One-time,2,22555,PLASTERS IN TIN STRONGMAN,19.799999999999997,12,1
All,Saudi Arabia,One-time,3,22556,PLASTERS IN TIN CIRCUS PARADE,19.799999999999997,12,1
All,Saudi Arabia,One-time,4,22361,GLASS JAR DAISY FRESH COTTON WOOL,17.700000000000003,6,1
All,Saudi Arabia,One-time,5,22362,GLASS JAR PEACOCK BATH SALTS,17.700000000000003,6,1
All,Saudi Arabia,One-time,6,22363,GLASS JAR MARMALADE,17.700000000000003,6,1
All,Saudi Arabia,One-time,7,22969,HOMEMADE JAM SCENTED CANDLES,17.4,12,1
All,Saudi Arabia,One-time,8,20781,GOLD EAR MUFF HEADPHONES,10.98,2,1
All,Saudi Arabia,One-time,9,22915,ASSORTED BOTTLE TOP  MAGNETS,5.04,12,1
All,Singapore,Repeat,1,M,Manual,12158.9,7,3
All,Singapore,Repeat,2,22423,REGENCY CAKESTAND 3 TIER,927.0,84,3
All,Singapore,Repeat,3,85123A,WHITE HANGING HEART T-LIGHT HOLDER,379.5,146,4
All,Singapore,Repeat,4,48138,DOORMAT UNION FLAG,370.76,54,4
All,Singapore,Repeat,5,22655,VINTAGE RED KITCHEN CABINET,250.0,2,1
All,Singapore,Repeat,6,21936,RED RETROSPOT PICNIC BAG,245.5,90,3
All,Singapore,Repeat,7,22197,SMALL POPCORN HOLDER,226.2,312,4
All,Singapore,Repeat,8,20685,DOORMAT RED SPOT,220.78,32,4
All,Singapore,Repeat,9,72741,GRAND CHOCOLATECANDLE,180.0,144,2
All,Singapore,Repeat,10,22339,CHRISTMAS TREE PAINTED ZINC,176.64000000000001,384,2
All,Spain,One-time,1,84760L,LARGE HANGING GLASS+ZINC LANTERN,896.0,560,1
All,Spain,One-time,2,POST,POSTAGE,846.0,23,9
All,Spain,One-time,3,ADJUST,Adjustment by john on 26/01/2010 17,227.75,3,3
All,Spain,One-time,4,84988,SET OF 72 PINK HEART PAPER DOILIES,87.0,60,5
All,Spain,One-time,5,20719,WOODLAND CHARLOTTE BAG,72.0,100,1
All,Spain,One-time,6,22630,DOLLY GIRL LUNCH BOX,70.19999999999999,36,3
All,Spain,One-time,7,22929,SCHOOL DESK AND CHAIR,65.0,1,1
All,Spain,One-time,8,21122,SET/10 PINK SPOTTY PARTY CANDLES,60.0,48,2
All,Spain,One-time,9,21123,SET/10 IVORY SPOTTY PARTY CANDLES,60.0,48,2
All,Spain,One-time,10,21124,SET/10 BLUE SPOTTY PARTY CANDLES,60.0,48,2
All,Spain,Repeat,1,POST,POSTAGE,8081.0,283,88
All,Spain,Repeat,2,84997D,PINK 3 PIECE POLKADOT CUTLERY SET,6137.87,1733,8
All,Spain,Repeat,3,84997C,CHILDRENS CUTLERY POLKADOT BLUE,5867.87,1661,8
All,Spain,Repeat,4,22341,LOVE GARLAND PAINTED ZINC,2620.7999999999997,1728,3
All,Spain,Repeat,5,22423,REGENCY CAKESTAND 3 TIER,2482.5,206,29
All,Spain,Repeat,6,21380,WOODEN HAPPY BIRTHDAY GARLAND,2353.8,876,5
All,Spain,Repeat,7,22670,FRENCH WC SIGN BLUE METAL,2016.1200000000001,1788,8
All,Spain,Repeat,8,84997B,RED 3 PIECE RETROSPOT CUTLERY SET,1777.0,508,6
All,Spain,Repeat,9,84879,ASSORTED COLOUR BIRD ORNAMENT,1614.8899999999999,1001,23
All,Spain,Repeat,10,M,Manual,1410.99,2,2
All,Sweden,One-time,1,POST,POSTAGE,720.0,18,7
All,Sweden,One-time,2,21731,RED TOADSTOOL LED NIGHT LIGHT,268.2,180,4
All,Sweden,One-time,3,20750,RED/WHITE DOT MINI CASES,92.1,14,2
All,Sweden,One-time,4,84078A,SET/4 WHITE RETRO STORAGE CUBES,79.9,2,1
All,Sweden,One-time,5,21252,SET OF MEADOW  FLOWER STICKERS,76.5,30,1
All,Sweden,One-time,6,22090,PAPER BUNTING RETRO SPOTS,70.80000000000001,24,2
All,Sweden,One-time,7,22273,FELTCRAFT DOLL MOLLY,70.80000000000001,24,3
All,Sweden,One-time,8,35832,WOOLLY HAT SOCK GLOVE ADVENT STRING,70.80000000000001,24,2
All,Sweden,One-time,9,21888,BINGO SET,60.0,16,3
All,Sweden,One-time,10,22560,TRADITIONAL MODELLING CLAY,60.0,48,2
All,Sweden,Repeat,1,POST,POSTAGE,2971.0,73,40
All,Sweden,Repeat,2,22492,MINI PAINT SET VINTAGE,2714.4,4176,10
All,Sweden,Repeat,3,85232B,SET/3 RUSSIAN DOLL STACKING TINS,2628.45,531,5
All,Sweden,Repeat,4,21210,SET OF 72 RETROSPOT PAPER  DOILIES,2244.6,1548,7
All,Sweden,Repeat,5,22383,LUNCH BAG SUKI  DESIGN,1885.0,1300,10
All,Sweden,Repeat,6,M,Manual,1779.68,3,3
All,Sweden,Repeat,7,22720,SET OF 3 CAKE TINS PANTRY DESIGN,1767.15,357,7
All,Sweden,Repeat,8,21212,PACK OF 72 RETROSPOT CAKE CASES,1411.2,2736,12
All,Sweden,Repeat,9,84991,60 TEATIME FAIRY CAKE CASES,1398.0,3024,14
All,Sweden,Repeat,10,21915,RED  HARMONICA IN BOX,1281.6,1080,8
All,Sweden,Unknown,1,POST,POSTAGE,80.0,2,1
All,Sweden,Unknown,2,84968B,S/16 VINTAGE IVORY CUTLERY,25.5,2,1
All,Sweden,Unknown,3,84997B,RED 3 PIECE MINI DOTS CUTLERY SET,22.5,6,1
All,Sweden,Unknown,4,84997C,BLUE 3 PIECE MINI DOTS CUTLERY SET,22.5,6,1
All,Sweden,Unknown,5,22243,"HOOK, 5 HANGER ,MAGIC TOADSTOOL RED",19.799999999999997,12,1
All,Sweden,Unknown,6,22320,BIRDS MOBILE VINTAGE DESIGN,17.85,3,1
All,Sweden,Unknown,7,22326,ROUND SNACK BOXES SET OF4 WOODLAND,17.700000000000003,6,1
All,Sweden,Unknown,8,22192,BLUE DINER WALL CLOCK,17.0,2,1
All,Sweden,Unknown,9,22275,WEEKEND BAG VINTAGE ROSE PAISLEY,17.0,2,1
All,Sweden,Unknown,10,22467,GUMBALL COAT RACK,15.299999999999999,6,1
All,Switzerland,One-time,1,POST,POSTAGE,200.0,5,1
All,Switzerland,One-time,2,20750,RED RETROSPOT MINI CASES,76.19999999999999,12,1
All,Switzerland,One-time,3,20749,ASSORTED COLOUR MINI CASES,47.7,6,1
All,Switzerland,One-time,4,21668,RED STRIPE CERAMIC DRAWER KNOB,34.8,24,1
All,Switzerland,One-time,5,21669,BLUE STRIPE CERAMIC DRAWER KNOB,34.8,24,1
All,Switzerland,One-time,6,21670,BLUE SPOT CERAMIC DRAWER KNOB,34.8,24,1
All,Switzerland,One-time,7,21671,RED SPOT CERAMIC DRAWER KNOB,34.8,24,1
All,Switzerland,One-time,8,21672,WHITE SPOT RED CERAMIC DRAWER KNOB,34.8,24,1
All,Switzerland,One-time,9,21673,WHITE SPOT BLUE CERAMIC DRAWER KNOB,34.8,24,1
All,Switzerland,One-time,10,22969,HOMEMADE JAM SCENTED CANDLES,34.8,24,1
All,Switzerland,Repeat,1,POST,POSTAGE,6461.0,145,53
All,Switzerland,Repeat,2,22326,ROUND SNACK BOXES SET OF4 WOODLAND,1968.9,726,27
All,Switzerland,Repeat,3,22554,PLASTERS IN TIN WOODLAND ANIMALS,1349.3999999999999,876,25
All,Switzerland,Repeat,4,22551,PLASTERS IN TIN SPACEBOY,1031.3999999999999,660,24
All,Switzerland,Repeat,5,20685,DOORMAT RED SPOT,968.74,138,17
All,Switzerland,Repeat,6,22423,REGENCY CAKESTAND 3 TIER,936.9,78,13
All,Switzerland,Repeat,7,22632,HAND WARMER RED RETROSPOT,886.8000000000001,468,8
All,Switzerland,Repeat,8,47566,PARTY BUNTING,760.7,186,7
All,Switzerland,Repeat,9,21524,DOORMAT SPOTTY HOME SWEET HOME,653.84,92,12
All,Switzerland,Repeat,10,22556,PLASTERS IN TIN CIRCUS PARADE,634.1999999999999,396,16
All,Switzerland,Unknown,1,23275,SET OF 3 HANGING OWLS OLLIE BEAK,31.25,25,1
All,Switzerland,Unknown,2,21154,RED RETROSPOT OVEN GLOVE,30.0,24,1
All,Switzerland,Unknown,3,21136,PAINTED METAL PEARS ASSORTED,25.35,15,2
All,Switzerland,Unknown,4,21242,RED RETROSPOT PLATE,20.28,12,1
All,Switzerland,Unknown,5,23090,VINTAGE GLASS T-LIGHT HOLDER,19.919999999999998,24,2
All,Switzerland,Unknown,6,84879,ASSORTED COLOUR BIRD ORNAMENT,18.59,11,2
All,Switzerland,Unknown,7,82486,3 DRAWER ANTIQUE WHITE WOOD CABINET,17.9,2,1
All,Switzerland,Unknown,8,22600,CHRISTMAS RETROSPOT STAR WOOD,17.85,21,1
All,Switzerland,Unknown,9,85123A,WHITE HANGING HEART T-LIGHT HOLDER,17.700000000000003,6,1
All,Switzerland,Unknown,10,22077,6 RIBBONS RUSTIC CHARM,16.95,9,2
All,Thailand,Repeat,1,22497,SET OF 2 TINS VINTAGE BATHROOM,360.0,96,1
All,Thailand,Repeat,2,21429,RED GINGHAM ROSE JEWELLERY BOX,278.4,192,1
All,Thailand,Repeat,3,21431,GREEN GINGHAM FLOWER JEWELLERY BOX,278.4,192,1
All,Thailand,Repeat,4,22495,SET OF 2 ROUND TINS CAMEMBERT,275.4,108,1
All,Thailand,Repeat,5,21700,BIG DOUGHNUT FRIDGE MAGNETS,172.79999999999998,240,1
All,Thailand,Repeat,6,85216,ASSORTED CAKES FRIDGE MAGNETS,127.2,240,1
All,Thailand,Repeat,7,85017A,ENVELOPE 50 ROMANTIC IMAGES,120.96,288,1
All,Thailand,Repeat,8,85017B,ENVELOPE 50 BLOSSOM IMAGES,120.96,288,1
All,Thailand,Repeat,9,85017C,ENVELOPE 50 CURIOUS IMAGES,120.96,288,1
All,Thailand,Repeat,10,22494,EMERGENCY FIRST AID TIN,101.76,96,1
All,USA,One-time,1,POST,POSTAGE,141.0,1,1
All,USA,One-time,2,23158,SET OF 5 LUCKY CAT MAGNETS,74.88,36,1
All,USA,One-time,3,23392,SPACEBOY ROCKET LOLLY MAKERS,49.92,24,1
All,USA,One-time,4,22649,STRAWBERRY FAIRY CAKE TEAPOT,39.6,8,1
All,USA,One-time,5,22736,RIBBON REEL MAKING SNOWMEN,33.0,20,2
All,USA,One-time,6,22738,RIBBON REEL SNOWY VILLAGE,33.0,20,2
All,USA,One-time,7,23209,LUNCH BAG VINTAGE DOILY,33.0,20,1
All,USA,One-time,8,21121,SET/10 RED POLKADOT PARTY CANDLES,30.0,24,1
All,USA,One-time,9,21122,SET/10 PINK POLKADOT PARTY CANDLES,30.0,24,1
All,USA,One-time,10,21123,SET/10 IVORY POLKADOT PARTY CANDLES,30.0,24,1
All,USA,Repeat,1,21355,TOAST ITS - I LOVE YOU,452.40000000000003,408,2
All,USA,Repeat,2,POST,POSTAGE,305.0,3,3
All,USA,Repeat,3,22423,REGENCY CAKESTAND 3 TIER,204.0,16,4
All,USA,Repeat,4,23328,SET 6 SCHOOL MILK BOTTLES IN CRATE,162.72,48,2
All,USA,Repeat,5,21122,SET/10 PINK SPOTTY PARTY CANDLES,160.0,128,5
All,USA,Repeat,6,21124,SET/10 BLUE SPOTTY PARTY CANDLES,157.5,126,5
All,USA,Repeat,7,84997D,PINK 3 PIECE MINI DOTS CUTLERY SET,145.7,38,3
All,USA,Repeat,8,21210,SET OF 72 RETRO SPOT PAPER  DOILIES,123.24999999999999,85,5
All,USA,Repeat,9,21121,SET/10 RED SPOTTY PARTY CANDLES,120.0,96,3
All,USA,Repeat,10,21123,SET/10 IVORY SPOTTY PARTY CANDLES,120.0,96,3
All,United Arab Emirates,One-time,1,85072,OCCASIONS GIFT CARD ASSORTMENT,66.0,120,1
All,United Arab Emirates,One-time,2,84568,GIRLS ALPHABET IRON ON PATCHES,60.48,288,1
All,United Arab Emirates,One-time,3,84598,BOYS ALPHABET IRON ON PATCHES,60.48,288,1
All,United Arab Emirates,One-time,4,84826,ASSTD DESIGN 3D PAPER STICKERS,51.0,60,1
All,United Arab Emirates,One-time,5,21478,SILVER SKULL HOT WATER BOTTLE,45.0,12,1
All,United Arab Emirates,One-time,6,21243,PINK  SPOTTY PLATE,40.56,24,1
All,United Arab Emirates,One-time,7,22093,MOTORING TISSUE BOX,38.160000000000004,36,1
All,United Arab Emirates,One-time,8,20677,PINK SPOTTY BOWL,30.0,24,1
All,United Arab Emirates,One-time,9,84031A,CHARLIE+LOLA RED HOT WATER BOTTLE,27.900000000000002,6,1
All,United Arab Emirates,One-time,10,84031B,CHARLIE LOLA BLUE HOT WATER BOTTLE,27.900000000000002,6,1
All,United Arab Emirates,Repeat,1,M,Manual,253.0,1,1
All,United Arab Emirates,Repeat,2,22423,REGENCY CAKESTAND 3 TIER,242.25,19,2
All,United Arab Emirates,Repeat,3,21700,BIG DOUGHNUT FRIDGE MAGNETS,163.2,192,3
All,United Arab Emirates,Repeat,4,84823,DANISH ROSE FOLDING CHAIR,159.8,4,1
All,United Arab Emirates,Repeat,5,21098,CHRISTMAS TOILET ROLL,152.64000000000001,144,2
All,United Arab Emirates,Repeat,6,47590B,PINK HAPPY BIRTHDAY BUNTING,130.8,24,2
All,United Arab Emirates,Repeat,7,85150,LADIES & GENTLEMEN METAL SIGN,122.39999999999999,48,2
All,United Arab Emirates,Repeat,8,22065,CHRISTMAS PUDDING TRINKET POT,120.0,96,2
All,United Arab Emirates,Repeat,9,22200,FRYING PAN PINK POLKADOT,110.5,26,4
All,United Arab Emirates,Repeat,10,85215,ASSORTED CHEESE FRIDGE MAGNETS,109.20000000000002,168,3
All,United Arab Emirates,Unknown,1,M,Manual,503.9,1,1
All,United Arab Emirates,Unknown,2,22292,"SPRING DEC , HANGING CHICK  YELLOW",69.6,48,2
All,United Arab Emirates,Unknown,3,21390,FILIGRIS HEART WITH BUTTERFLY,60.0,48,2
All,United Arab Emirates,Unknown,4,21746,SMALL RED SPOT  WINDMILL,60.0,48,2
All,United Arab Emirates,Unknown,5,22294,HEART FILIGREE DOVE  SMALL,60.0,48,2
All,United Arab Emirates,Unknown,6,21749,LARGE RED SPOT WINDMILL,50.400000000000006,24,2
All,United Arab Emirates,Unknown,7,22148,EASTER CRAFT 4 CHICKS,46.8,24,2
All,United Arab Emirates,Unknown,8,20981,12 PENCILS TALL TUBE WOODLAND,40.8,48,2
All,United Arab Emirates,Unknown,9,21717,EASTER TIN BUCKET,40.8,16,2
All,United Arab Emirates,Unknown,10,85188B,PINK METAL SWINGING BUNNY,40.8,48,2
All,United Kingdom,One-time,1,M,Manual,15740.539999999999,222,41
All,United Kingdom,One-time,2,22423,REGENCY CAKESTAND 3 TIER,6492.599999999999,564,103
All,United Kingdom,One-time,3,22413,METAL SIGN TAKE IT OR LEAVE IT,4108.8,1488,25
All,United Kingdom,One-time,4,85123A,WHITE HANGING HEART T-LIGHT HOLDER,3410.1000000000004,1182,168
All,United Kingdom,One-time,5,21621,VINTAGE UNION JACK BUNTING,2530.0,310,45
All,United Kingdom,One-time,6,85099B,RED RETROSPOT JUMBO BAG,2417.92,1307,75
All,United Kingdom,One-time,7,22138,BAKING SET 9 PIECE RETROSPOT,2005.8000000000002,412,116
All,United Kingdom,One-time,8,84509F,SET OF 4 NEW ENGLAND PLACEMATS,2005.5,2666,3
All,United Kingdom,One-time,9,22086,PAPER CHAIN KIT 50'S CHRISTMAS,1906.2500000000002,695,72
All,United Kingdom,One-time,10,84879,ASSORTED COLOUR BIRD ORNAMENT,1887.73,1117,90
All,United Kingdom,Repeat,1,85123A,WHITE HANGING HEART T-LIGHT HOLDER,224555.41,83321,4540
All,United Kingdom,Repeat,2,22423,REGENCY CAKESTAND 3 TIER,219369.84999999998,19020,2753
All,United Kingdom,Repeat,3,23843,"PAPER CRAFT , LITTLE BIRDIE",168469.6,80995,1
All,United Kingdom,Repeat,4,85099B,RED RETROSPOT JUMBO BAG,149094.66,83006,2911
All,United Kingdom,Repeat,5,84879,ASSORTED COLOUR BIRD ORNAMENT,113556.59999999999,71460,2414
All,United Kingdom,Repeat,6,47566,PARTY BUNTING,92910.43000000001,21099,1870
All,United Kingdom,Repeat,7,23166,MEDIUM CERAMIC TOP STORAGE JAR,80024.1,76689,161
All,United Kingdom,Repeat,8,22086,PAPER CHAIN KIT 50'S CHRISTMAS,71658.68000000001,26570,1563
All,United Kingdom,Repeat,9,79321,CHILLI LIGHTS,67483.75,14530,876
All,United Kingdom,Repeat,10,21137,BLACK RECORD COVER FRAME,60535.79,17690,489
All,United Kingdom,Unknown,1,DOT,DOTCOM POSTAGE,297947.75,1399,1399
All,United Kingdom,Unknown,2,M,Manual,171363.64,234,154
All,United Kingdom,Unknown,3,22423,REGENCY CAKESTAND 3 TIER,51920.67,2270,584
All,United Kingdom,Unknown,4,47566,PARTY BUNTING,44900.799999999996,4712,593
All,United Kingdom,Unknown,5,22086,PAPER CHAIN KIT 50'S CHRISTMAS,41144.41,6698,326
All,United Kingdom,Unknown,6,22355,CHARLOTTE BAG SUKI DESIGN,29866.71,12463,550
All,United Kingdom,Unknown,7,22114,HOT WATER BOTTLE TEA AND SYMPATHY,24658.170000000002,2816,282
All,United Kingdom,Unknown,8,22197,SMALL POPCORN HOLDER,21219.309999999998,11516,567
All,United Kingdom,Unknown,9,AMAZONFEE,AMAZON FEE,20467.8,3,3
All,United Kingdom,Unknown,10,23084,RABBIT NIGHT LIGHT,15523.83,3537,189
All,Unspecified,One-time,1,22466,FAIRY TALE COTTAGE NIGHTLIGHT,23.4,12,1
All,Unspecified,One-time,2,85123A,WHITE HANGING HEART T-LIGHT HOLDER,20.650000000000002,7,1
All,Unspecified,One-time,3,21833,CAMOUFLAGE LED TORCH,20.28,12,1
All,Unspecified,One-time,4,22973,CHILDREN'S CIRCUS PARADE MUG,19.799999999999997,12,1
All,Unspecified,One-time,5,20886,BOX OF 9 PEBBLE CANDLES,19.5,10,2
All,Unspecified,One-time,6,21844,RED RETROSPOT MUG,17.700000000000003,6,1
All,Unspecified,One-time,7,22665,RECIPE BOX BLUE SKETCHBOOK DESIGN,17.700000000000003,6,1
All,Unspecified,One-time,8,22961,JAM MAKING SET PRINTED,17.4,12,1
All,Unspecified,One-time,9,22441,GROW YOUR OWN BASIL IN ENAMEL MUG,16.8,8,1
All,Unspecified,One-time,10,84824,DANISH ROSE UMBRELLA STAND,15.95,1,1
All,Unspecified,Repeat,1,21108,FAIRY CAKE FLANNEL ASSORTED COLOUR,209.1,82,4
All,Unspecified,Repeat,2,37495,FAIRY CAKE BIRTHDAY CANDLE SET,180.0,48,2
All,Unspecified,Repeat,3,21110,LARGE CAKE TOWEL PINK SPOTS,162.0,24,2
All,Unspecified,Repeat,4,37503,TEA TIME CAKE STAND IN GIFT BOX,150.5,14,3
All,Unspecified,Repeat,5,37449,CERAMIC CAKE STAND + HANGING CAKES,136.0,16,2
All,Unspecified,Repeat,6,22353,LUNCH BOX WITH CUTLERY FAIRY CAKES,122.39999999999999,48,2
All,Unspecified,Repeat,7,21843,RETRO SPOT CAKE STAND,109.49999999999999,10,4
All,Unspecified,Repeat,8,22107,PIZZA PLATE IN BOX,90.0,24,2
All,Unspecified,Repeat,9,22109,FULL ENGLISH BREAKFAST PLATE,90.0,24,2
All,Unspecified,Repeat,10,84509B,SET OF 4 FAIRY CAKE PLACEMATS,90.0,24,2
All,Unspecified,Unknown,1,23076,ICE CREAM SUNDAE LIP GLOSS,60.0,48,2
All,Unspecified,Unknown,2,22138,BAKING SET 9 PIECE RETROSPOT,59.400000000000006,12,3
All,Unspecified,Unknown,3,11001,ASSTD DESIGN RACING CAR PEN,54.08,32,2
All,Unspecified,Unknown,4,22555,PLASTERS IN TIN STRONGMAN,49.49999999999999,30,3
All,Unspecified,Unknown,5,20749,ASSORTED COLOUR MINI CASES,47.7,6,2
All,Unspecified,Unknown,6,20750,RED RETROSPOT MINI CASES,47.7,6,2
All,Unspecified,Unknown,7,23254,CHILDRENS CUTLERY DOLLY GIRL,45.650000000000006,11,3
All,Unspecified,Unknown,8,23256,CHILDRENS CUTLERY SPACEBOY,37.35,9,2
All,Unspecified,Unknown,9,84913B,MINT GREEN ROSE TOWEL,37.2,8,1
All,Unspecified,Unknown,10,22467,GUMBALL COAT RACK,30.599999999999998,12,2
All,West Indies,One-time,1,20886,BOX OF 9 PEBBLE CANDLES,46.8,24,1
All,West Indies,One-time,2,22444,GROW YOUR OWN PLANT IN A CAN,30.0,24,1
All,West Indies,One-time,3,72802A,ROSE SCENT CANDLE IN JEWELLED BOX,25.5,6,1
All,West Indies,One-time,4,72802B,OCEAN SCENT CANDLE IN JEWELLED BOX,25.5,6,1
All,West Indies,One-time,5,35651,VINTAGE BEAD PINK SCARF,23.85,3,1
All,West Indies,One-time,6,22158,3 HEARTS HANGING DECORATION RUSTIC,23.6,8,1
All,West Indies,One-time,7,21730,GLASS STAR FROSTED T-LIGHT HOLDER,19.8,4,1
All,West Indies,One-time,8,21645,ASSORTED TUTTI FRUTTI ROUND BOX,19.799999999999997,12,1
All,West Indies,One-time,9,85040B,SET/4 BLUE FLOWER CANDLES IN BOWL,19.799999999999997,12,1
All,West Indies,One-time,10,22411,JUMBO SHOPPER VINTAGE RED PAISLEY,19.5,10,1
2009,All,All,1,DOT,DOTCOM POSTAGE,18574.58,49,49
2009,All,All,2,85123A,WHITE HANGING HEART T-LIGHT HOLDER,17255.35,6406,304
2009,All,All,3,22086,PAPER CHAIN KIT 50'S CHRISTMAS,10169.36,3362,184
2009,All,All,4,15056BL,EDWARDIAN PARASOL BLACK,8671.75,2188,69
2009,All,All,5,22111,SCOTTIE DOG HOT WATER BOTTLE,8027.76,1561,218
2009,All,All,6,84879,ASSORTED COLOUR BIRD ORNAMENT,7623.93,4642,107
2009,All,All,7,85099B,JUMBO BAG RED WHITE SPOTTY,6701.5,3771,135
2009,All,All,8,79323W,WHITE CHERRY LIGHTS,6408.42,1074,116
2009,All,All,9,22114,HOT WATER BOTTLE TEA AND SYMPATHY,6322.750000000001,1535,197
2009,All,All,10,20679,EDWARDIAN PARASOL RED,6205.2,1683,53
2010,All,All,1,M,Manual,261716.29,2822,505
2010,All,All,2,22423,REGENCY CAKESTAND 3 TIER,184128.53999999998,14704,2102
2010,All,All,3,85123A,WHITE HANGING HEART T-LIGHT HOLDER,146441.97,53908,3086
2010,All,All,4,DOT,DOTCOM POSTAGE,109701.95,714,714
2010,All,All,5,85099B,RED RETROSPOT JUMBO BAG,83727.18,46766,1884
2010,All,All,6,84879,ASSORTED COLOUR BIRD ORNAMENT,66745.29,41441,1346
2010,All,All,7,22086,PAPER CHAIN KIT 50'S CHRISTMAS,51923.44,14847,837
2010,All,All,8,47566,PARTY BUNTING,49488.090000000004,10036,1008
2010,All,All,9,POST,POSTAGE,49067.59,2307,746
2010,All,All,10,84347,ROTATING SILVER ANGELS T-LIGHT HLDR,47252.1,22382,337
2011,All,All,1,DOT,DOTCOM POSTAGE,181577.58,652,652
2011,All,All,2,23843,"PAPER CRAFT , LITTLE BIRDIE",168469.6,80995,1
2011,All,All,3,22423,REGENCY CAKESTAND 3 TIER,146461.78,11774,1816
2011,All,All,4,47566,PARTY BUNTING,98237.49,18046,1637
2011,All,All,5,85123A,WHITE HANGING HEART T-LIGHT HOLDER,94027.39,33889,1975
2011,All,All,6,85099B,JUMBO BAG RED RETROSPOT,90140.66,46220,1970
2011,All,All,7,23166,MEDIUM CERAMIC TOP STORAGE JAR,81700.92000000001,78033,247
2011,All,All,8,M,Manual,75272.56,6783,262
2011,All,All,9,POST,POSTAGE,73689.88,2931,1063
2011,All,All,10,23084,RABBIT NIGHT LIGHT,66870.03,30739,994
2009,All,One-time,1,21217,RED SPOTTY ROUND CAKE TINS,352.04999999999995,39,4
2009,All,One-time,2,22112,CHOCOLATE HOT WATER BOTTLE,336.6,68,10
2009,All,One-time,3,85123A,WHITE HANGING HEART T-LIGHT HOLDER,324.5,110,16
2009,All,One-time,4,POST,POSTAGE,261.0,4,2
2009,All,One-time,5,21731,RED TOADSTOOL LED NIGHT LIGHT,248.39999999999998,168,3
2009,All,One-time,6,85099B,JUMBO BAG RED WHITE SPOTTY,229.35,133,7
2009,All,One-time,7,22114,HOT WATER BOTTLE TEA AND SYMPATHY,197.5,50,11
2009,All,One-time,8,72741,GRAND CHOCOLATECANDLE,194.39999999999998,144,6
2009,All,One-time,9,79323W,WHITE CHERRY LIGHTS,178.05,31,3
2009,All,One-time,10,22111,SCOTTIE DOG HOT WATER BOTTLE,168.3,34,13
2009,All,Repeat,1,85123A,WHITE HANGING HEART T-LIGHT HOLDER,16101.01,6097,259
2009,All,Repeat,2,15056BL,EDWARDIAN PARASOL BLACK,8579.2,2176,63
2009,All,Repeat,3,22086,PAPER CHAIN KIT 50'S CHRISTMAS,7484.5,2896,128
2009,All,Repeat,4,84879,ASSORTED COLOUR BIRD ORNAMENT,7256.68,4612,96
2009,All,Repeat,5,22111,SCOTTIE DOG HOT WATER BOTTLE,6330.45,1379,179
2009,All,Repeat,6,85099B,JUMBO BAG RED WHITE SPOTTY,6283.35,3593,109
2009,All,Repeat,7,20679,EDWARDIAN PARASOL RED,6054.7,1666,44
2009,All,Repeat,8,85014B,RED/WHITE DOTS RUFFLED UMBRELLA,5936.1,1590,87
2009,All,Repeat,9,15056N,EDWARDIAN PARASOL NATURAL,5918.25,1635,45
2009,All,Repeat,10,79323W,WHITE CHERRY LIGHTS,5891.85,1015,96
2009,All,Unknown,1,DOT,DOTCOM POSTAGE,18574.58,49,49
2009,All,Unknown,2,22086,PAPER CHAIN KIT 50'S CHRISTMAS,2608.16,440,52
2009,All,Unknown,3,22111,SCOTTIE DOG HOT WATER BOTTLE,1529.01,148,26
2009,All,Unknown,4,22114,HOT WATER BOTTLE TEA AND SYMPATHY,1211.2,146,32
2009,All,Unknown,5,35400,WOODEN BOX ADVENT CALENDAR,1188.75,69,23
2009,All,Unknown,6,21098,CHRISTMAS TOILET ROLL,896.79,351,16
2009,All,Unknown,7,85123A,WHITE HANGING HEART T-LIGHT HOLDER,829.84,199,29
2009,All,Unknown,8,21232,STRAWBERRY CERAMIC TRINKET BOX,804.27,315,27
2009,All,Unknown,9,22112,CHOCOLATE HOT WATER BOTTLE,766.55,72,29
2009,All,Unknown,10,22138,BAKING SET 9 PIECE RETROSPOT,750.72,79,27
2010,All,One-time,1,M,Manual,13209.529999999999,124,27
2010,All,One-time,2,22423,REGENCY CAKESTAND 3 TIER,4087.6499999999996,359,50
2010,All,One-time,3,POST,POSTAGE,2431.0,97,33
2010,All,One-time,4,85123A,WHITE HANGING HEART T-LIGHT HOLDER,2190.8,760,108
2010,All,One-time,5,84509F,SET OF 4 NEW ENGLAND PLACEMATS,2005.5,2666,3
2010,All,One-time,6,85184D,S/4 BLUE ROUND DECOUPAGE BOXES,1673.77,3943,3
2010,All,One-time,7,79341,WILLOW BRANCH LIGHTS.,1650.6000000000001,300,2
2010,All,One-time,8,21538,DAIRY MAID  PUDDING BOWL,1537.5,1210,5
2010,All,One-time,9,21621,VINTAGE UNION JACK BUNTING,1487.5,175,30
2010,All,One-time,10,21540,DAIRY MAID CERAMIC BUTTER DISH,1432.0,1112,6
2010,All,Repeat,1,22423,REGENCY CAKESTAND 3 TIER,148885.35,12945,1701
2010,All,Repeat,2,85123A,WHITE HANGING HEART T-LIGHT HOLDER,137641.65,51695,2735
2010,All,Repeat,3,M,Manual,83169.94,2508,353
2010,All,Repeat,4,85099B,RED RETROSPOT JUMBO BAG,78994.8,45164,1583
2010,All,Repeat,5,84879,ASSORTED COLOUR BIRD ORNAMENT,63217.65,39957,1226
2010,All,Repeat,6,POST,POSTAGE,45922.08,2114,694
2010,All,Repeat,7,48138,DOORMAT UNION FLAG,40970.25,6303,997
2010,All,Repeat,8,21843,RETRO SPOT CAKE STAND,37891.689999999995,3715,821
2010,All,Repeat,9,84347,ROTATING SILVER ANGELS T-LIGHT HLDR,37687.95,20525,219
2010,All,Repeat,10,47566,PARTY BUNTING,34217.5,8140,673
2010,All,Unknown,1,M,Manual,165336.82,190,125
2010,All,Unknown,2,DOT,DOTCOM POSTAGE,109701.95,714,714
2010,All,Unknown,3,22423,REGENCY CAKESTAND 3 TIER,31155.539999999997,1400,351
2010,All,Unknown,4,22086,PAPER CHAIN KIT 50'S CHRISTMAS,20874.14,3289,126
2010,All,Unknown,5,AMAZONFEE,AMAZON FEE,20248.04,2,2
2010,All,Unknown,6,47566,PARTY BUNTING,14693.990000000002,1772,308
2010,All,Unknown,7,84467,ENGLISH ROSE DESIGN QUILTED THROW,13086.56,510,38
2010,All,Unknown,8,22114,HOT WATER BOTTLE TEA AND SYMPATHY,12166.86,1380,150
2010,All,Unknown,9,20748,KENSINGTON COFFEE SET,10780.98,1236,64
2010,All,Unknown,10,22355,CHARLOTTE BAG SUKI DESIGN,10432.57,4331,258
2011,All,One-time,1,22413,METAL SIGN TAKE IT OR LEAVE IT,3999.65,1451,12
2011,All,One-time,2,POST,POSTAGE,3690.0,146,52
2011,All,One-time,3,22423,REGENCY CAKESTAND 3 TIER,3614.1,310,66
2011,All,One-time,4,M,Manual,2531.01,98,14
2011,All,One-time,5,85099B,JUMBO BAG RED RETROSPOT,1614.97,870,35
2011,All,One-time,6,22617,BAKING SET SPACEBOY DESIGN,1442.7,322,35
2011,All,One-time,7,22138,BAKING SET 9 PIECE RETROSPOT,1418.7,290,82
2011,All,One-time,8,22960,JAM MAKING SET WITH JARS,1322.75,331,45
2011,All,One-time,9,47566,PARTY BUNTING,1259.7,256,49
2011,All,One-time,10,21621,VINTAGE UNION JACK BUNTING,1229.5,157,15
2011,All,Repeat,1,23843,"PAPER CRAFT , LITTLE BIRDIE",168469.6,80995,1
2011,All,Repeat,2,22423,REGENCY CAKESTAND 3 TIER,121069.15,10510,1500
2011,All,Repeat,3,85123A,WHITE HANGING HEART T-LIGHT HOLDER,89950.3,32806,1727
2011,All,Repeat,4,23166,MEDIUM CERAMIC TOP STORAGE JAR,81119.39,77662,181
2011,All,Repeat,5,85099B,JUMBO BAG RED RETROSPOT,79806.37,43152,1482
2011,All,Repeat,6,POST,POSTAGE,69701.96,2755,984
2011,All,Repeat,7,47566,PARTY BUNTING,66732.03,14833,1307
2011,All,Repeat,8,84879,ASSORTED COLOUR BIRD ORNAMENT,51763.34,32414,1235
2011,All,Repeat,9,23084,RABBIT NIGHT LIGHT,50901.880000000005,26975,782
2011,All,Repeat,10,M,Manual,50660.75,6640,217
2011,All,Unknown,1,DOT,DOTCOM POSTAGE,169671.22,636,636
2011,All,Unknown,2,47566,PARTY BUNTING,30245.76,2957,281
2011,All,Unknown,3,M,Manual,22080.8,45,31
2011,All,Unknown,4,22423,REGENCY CAKESTAND 3 TIER,21778.53,954,250
2011,All,Unknown,5,22355,CHARLOTTE BAG SUKI DESIGN,19127.29,7956,267
2011,All,Unknown,6,22086,PAPER CHAIN KIT 50'S CHRISTMAS,17679.81,2975,149
2011,All,Unknown,7,23084,RABBIT NIGHT LIGHT,15618.79,3586,193
2011,All,Unknown,8,22197,SMALL POPCORN HOLDER,13142.619999999999,7110,312
2011,All,Unknown,9,22114,HOT WATER BOTTLE TEA AND SYMPATHY,11331.460000000001,1303,103
2011,All,Unknown,10,B,Adjust bad debt,11062.06,1,1
2009,Australia,All,1,22083,PAPER CHAIN KIT RETRO SPOT,35.400000000000006,12,1
2009,Australia,All,2,22087,PAPER BUNTING WHITE LACE,35.400000000000006,12,1
2009,Australia,All,3,22090,PAPER BUNTING RETRO SPOTS,35.400000000000006,12,1
2009,Australia,All,4,84970S,HANGING HEART ZINC T-LIGHT HOLDER,20.4,24,1
2009,Australia,All,5,21895,POTTING SHED SOW 'N' GROW SET,17.0,4,1
2009,Australia,All,6,22355,"CHARLOTTE BAG , SUKI DESIGN",17.0,20,1
2009,Australia,All,7,20727,LUNCH BAG  BLACK SKULL.,16.5,10,1
2009,Australia,All,8,20728,LUNCH BAG CARS BLUE,16.5,10,1
2009,Australia,All,9,21871,SAVE THE PLANET MUG,15.0,12,1
2009,Australia,All,10,84946,ANTIQUE SILVER TEA GLASS ETCHED,15.0,12,1
2009,Austria,All,1,15056BL,EDWARDIAN PARASOL BLACK,297.0,60,1
2009,Austria,All,2,15056N,EDWARDIAN PARASOL NATURAL,297.0,60,1
2009,Austria,All,3,20679,EDWARDIAN PARASOL RED,297.0,60,1
2009,Austria,All,4,15056P,EDWARDIAN PARASOL PINK,178.5,30,1
2009,Austria,All,5,POST,POSTAGE,80.0,2,1
2009,Austria,All,6,85014B,RED/WHITE DOTS RUFFLED UMBRELLA,71.4,12,1
2009,Austria,All,7,85014D,PINK/BROWN DOTS RUFFLED UMBRELLA,71.4,12,1
2009,Austria,All,8,84997A,GREEN 3 PIECE MINI DOTS CUTLERY SET,45.0,12,1
2009,Austria,All,9,84997B,RED 3 PIECE MINI DOTS CUTLERY SET,45.0,12,1
2009,Austria,All,10,84997C,BLUE 3 PIECE MINI DOTS CUTLERY SET,45.0,12,1
2009,Belgium,All,1,POST,POSTAGE,160.0,3,2
2009,Belgium,All,2,22114,HOT WATER BOTTLE TEA AND SYMPATHY,31.6,8,1
2009,Belgium,All,3,82600,NO SINGING METAL SIGN,25.200000000000003,12,1
2009,Belgium,All,4,22071,SMALL RETRO SPOT MUG IN BOX  WHITE,22.5,6,1
2009,Belgium,All,5,21844,RETRO SPOT MUG,17.700000000000003,6,1
2009,Belgium,All,6,85063,CREAM SWEETHEART MAGAZINE RACK,16.95,1,1
2009,Belgium,All,7,21935,SUKI  SHOULDER BAG,16.5,10,1
2009,Belgium,All,8,21527,RETRO SPOT TRADITIONAL TEAPOT,15.9,2,1
2009,Belgium,All,9,21430,SET/3 RED GINGHAM ROSE STORAGE BOX,15.0,4,1
2009,Belgium,All,10,21672,WHITE SPOT RED CERAMIC DRAWER KNOB,15.0,12,1
2009,Channel Islands,All,1,21621,VINTAGE UNION JACK BUNTING,51.0,6,1
2009,Channel Islands,All,2,21647,ASSORTED TUTTI FRUTTI LARGE PURSE,50.400000000000006,24,1
2009,Channel Islands,All,3,22127,PARTY CONES CARNIVAL ASSORTED,45.0,36,1
2009,Channel Islands,All,4,20685,RED SPOTTY COIR DOORMAT,40.5,6,1
2009,Channel Islands,All,5,22179,SET 10 LIGHTS NIGHT OWL,40.5,6,1
2009,Channel Islands,All,6,22220,CAKE STAND LOVEBIRD 2 TIER WHITE,39.8,4,1
2009,Channel Islands,All,7,85014B,RED/WHITE DOTS RUFFLED UMBRELLA,35.7,6,1
2009,Channel Islands,All,8,22187,GREEN CHRISTMAS TREE CARD HOLDER,34.0,8,1
2009,Channel Islands,All,9,22215,CAKE STAND WHITE TWO TIER LACE,34.0,4,1
2009,Channel Islands,All,10,21588,RETRO SPOT GIANT  TUBE MATCHES,30.599999999999998,12,1
2009,Cyprus,All,1,21300,ANTIQUE EDWARDIAN DRESSER,99.9,2,1
2009,Cyprus,All,2,21764,VINTAGE WOODEN PLATE RACK,79.9,2,1
2009,Cyprus,All,3,21340,CLASSIC METAL BIRDCAGE PLANT HOLDER,79.6,8,1
2009,Cyprus,All,4,22047,EMPIRE GIFT WRAP,68.0,200,1
2009,Cyprus,All,5,22051,BLUE SCANDINAVIAN PAISLEY WRAP,68.0,200,1
2009,Cyprus,All,6,72760B,VINTAGE CREAM 3 BASKET CAKE STAND,59.699999999999996,6,1
2009,Cyprus,All,7,21303,FILIGREE WALL MIRROR  ANTIQUE WHITE,59.0,4,1
2009,Cyprus,All,8,21837,CROSS STITCH ALPHABET CUSHION COVER,53.550000000000004,9,2
2009,Cyprus,All,9,85123A,WHITE HANGING HEART T-LIGHT HOLDER,53.10000000000001,18,2
2009,Cyprus,All,10,84620,BLUE GINGHAM ROSE CUSHION COVER,47.6,8,2
2009,Denmark,All,1,84347,ROTATING SILVER ANGELS T-LIGHT HLDR,1008.0,480,1
2009,Denmark,All,2,79323W,WHITE CHERRY LIGHTS,130.8,24,1
2009,Denmark,All,3,21282,NATURAL BARK CANDLE LARGE,90.0,24,1
2009,Denmark,All,4,79323P,PINK CHERRY LIGHTS,81.0,12,1
2009,Denmark,All,5,POST,POSTAGE,72.0,4,1
2009,Denmark,All,6,21699,SET 5 MINI CHOCOLATE FRIDGE MAGNETS,20.28,12,1
2009,Denmark,All,7,21702,SET 5 MINI GATEAUX  FRIDGE MAGNETS,20.28,12,1
2009,Denmark,All,8,21559,STRAWBERRY LUNCHBOX WITH CUTLERY,15.299999999999999,6,1
2009,EIRE,All,1,M,Manual,803.25,1,1
2009,EIRE,All,2,21164,HOME SWEET HOME METAL SIGN,787.5,306,2
2009,EIRE,All,3,21908,CHOCOLATE THIS WAY METAL SIGN,583.2,312,3
2009,EIRE,All,4,21181,PLEASE ONE PERSON  METAL SIGN,558.0000000000001,300,3
2009,EIRE,All,5,21903,MAN FLU METAL SIGN,545.4000000000001,294,2
2009,EIRE,All,6,37503,TEA TIME CAKE STAND IN GIFT BOX,410.79999999999995,40,7
2009,EIRE,All,7,C2,CARRIAGE,350.0,7,7
2009,EIRE,All,8,85123A,WHITE HANGING HEART T-LIGHT HOLDER,333.3,126,4
2009,EIRE,All,9,82552,WASHROOM METAL SIGN,320.28000000000003,300,2
2009,EIRE,All,10,21216,"SET 3 RED SPOT TIN TEA,COFFEE,SUGAR",306.0,72,1
2009,Finland,All,1,84997D,PINK 3 PIECE MINI DOTS CUTLERY SET,244.08,72,1
2009,Finland,All,2,84997C,BLUE 3 PIECE MINI DOTS CUTLERY SET,135.0,36,1
2009,Finland,All,3,84997A,GREEN 3 PIECE MINI DOTS CUTLERY SET,90.0,24,1
2009,Finland,All,4,POST,POSTAGE,80.0,2,1
2009,France,All,1,POST,POSTAGE,648.0,36,11
2009,France,All,2,21731,RED TOADSTOOL LED NIGHT LIGHT,277.2,168,5
2009,France,All,3,21432,SET OF 3 CASES WOODLAND DESIGN,172.5,30,4
2009,France,All,4,20750,RED/WHITE DOT MINI CASES,171.6,24,4
2009,France,All,5,21017,RED BIRD HOUSE TREE DECORATION,138.24,192,1
2009,France,All,6,15056BL,EDWARDIAN PARASOL BLACK,124.95,21,1
2009,France,All,7,22352,LUNCHBOX WITH CUTLERY RETROSPOT,122.39999999999999,48,5
2009,France,All,8,21559,STRAWBERRY LUNCHBOX WITH CUTLERY,107.1,42,4
2009,France,All,9,21791,VINTAGE HEADS AND TAILS CARD GAME,105.0,84,4
2009,France,All,10,21913,VINTAGE SEASIDE JIGSAW PUZZLES,105.0,28,3
2009,Germany,All,1,POST,POSTAGE,1062.0,48,13
2009,Germany,All,2,21843,RETRO SPOT CAKE STAND,337.34999999999997,33,3
2009,Germany,All,3,21481,FAWN BLUE HOT WATER BOTTLE,233.4,84,5
2009,Germany,All,4,21485,RED SPOT HEART HOT WATER BOTTLE,207.90000000000003,42,5
2009,Germany,All,5,22314,OFFICE MUG WARMER CHOC+BLUE,207.9,42,4
2009,Germany,All,6,21527,RETRO SPOT TRADITIONAL TEAPOT,190.8,24,5
2009,Germany,All,7,21258,VICTORIAN SEWING BOX LARGE,175.2,16,1
2009,Germany,All,8,22313,OFFICE MUG WARMER PINK,158.4,32,3
2009,Germany,All,9,20750,RED/WHITE DOT MINI CASES,155.7,22,2
2009,Germany,All,10,85232B,SET/3 RUSSIAN DOLL STACKING TINS,148.5,30,3
2009,Greece,All,1,22297,HEART IVORY TRELLIS SMALL,30.0,24,1
2009,Greece,All,2,84406B,CREAM CUPID HEARTS COAT HANGER,26.0,8,1
2009,Greece,All,3,85066,CREAM SWEETHEART MINI CHEST,25.5,2,1
2009,Greece,All,4,20751,FUNKY WASHING UP GLOVES ASSORTED,25.200000000000003,12,1
2009,Greece,All,5,21384,IVORY HANGING DECORATION  BUTTERFLY,20.4,24,1
2009,Greece,All,6,22220,CAKE STAND LOVEBIRD 2 TIER WHITE,19.9,2,1
2009,Greece,All,7,72760B,VINTAGE CREAM 3 BASKET CAKE STAND,19.9,2,1
2009,Greece,All,8,22341,LOVE GARLAND PAINTED ZINC,19.799999999999997,12,1
2009,Greece,All,9,22342,HOME GARLAND PAINTED ZINC,19.799999999999997,12,1
2009,Greece,All,10,35824C,"HANGING FLOWERS+MIRROR,CLEAR",17.88,12,1
2009,Italy,All,1,79072,TEATIME CAKE TIN WITH HANDLE,71.6,8,1
2009,Italy,All,2,21125,SET 6 FOOTBALL CELEBRATION CANDLES,30.0,24,1
2009,Italy,All,3,21126,SET OF 6 GIRLS CELEBRATION CANDLES,30.0,24,1
2009,Italy,All,4,22139,RETRO SPOT TEA SET CERAMIC 11 PC,29.700000000000003,6,1
2009,Italy,All,5,22311,OFFICE MUG WARMER BLACK+SILVER,29.700000000000003,6,1
2009,Italy,All,6,22312,OFFICE MUG WARMER POLKADOT,29.700000000000003,6,1
2009,Italy,All,7,22314,OFFICE MUG WARMER CHOC+BLUE,29.700000000000003,6,1
2009,Italy,All,8,21717,EASTER TIN BUCKET,20.4,8,1
2009,Italy,All,9,70007,HI TEC ALPINE HAND WARMER,19.799999999999997,12,1
2009,Italy,All,10,85063,CREAM SWEETHEART MAGAZINE RACK,16.95,1,1
2009,Netherlands,All,1,85123A,WHITE HANGING HEART T-LIGHT HOLDER,1259.4,492,2
2009,Netherlands,All,2,22149,FELTCRAFT 6 FLOWER FRIENDS,588.0,280,2
2009,Netherlands,All,3,84836,ZINC METAL HEART DECORATION,472.92,444,3
2009,Netherlands,All,4,22285,"DECORATION HEN ON NEST, HANGING",417.59999999999997,288,1
2009,Netherlands,All,5,71477,COLOUR GLASS. STAR T-LIGHT HOLDER,396.0,144,1
2009,Netherlands,All,6,35915A,CREAM KNITTED HEN,365.76,288,1
2009,Netherlands,All,7,35915B,BLUE KNITTED HEN,365.76,288,1
2009,Netherlands,All,8,35915C,PEACH KNITTED HEN,365.76,288,1
2009,Netherlands,All,9,22292,"SPRING DEC , HANGING CHICK  YELLOW",360.0,288,1
2009,Netherlands,All,10,21485,RED SPOT HEART HOT WATER BOTTLE,306.0,72,1
2009,Norway,All,1,POST,POSTAGE,120.0,3,1
2009,Norway,All,2,72756,FAIRY CAKE CANDLES,40.23,27,1
2009,Norway,All,3,84617,NEW BAROQUE BLACK BOXES,38.25,3,1
2009,Norway,All,4,84600,NEW BAROQUE JEWELLERY BOX,31.8,4,1
2009,Norway,All,5,84968E,S/16 VINTAGE BLACK CUTLERY,25.5,2,1
2009,Norway,All,6,84707A,SILVER JEWELLED MIRROR TRINKET TRAY,19.9,2,1
2009,Norway,All,7,21930,JUMBO STORAGE BAG SKULLS,19.5,10,1
2009,Norway,All,8,20689,RETRO SISTERS EXPRESSO CUPS,17.85,3,1
2009,Norway,All,9,20914,SET/5 RED SPOTTY LID GLASS BOWLS,17.700000000000003,6,1
2009,Norway,All,10,22194,BLACK DINER WALL CLOCK,17.0,2,1
2009,Poland,All,1,22059,CERAMIC STRWBERRY DESIGN MUG,35.76,24,1
2009,Poland,All,2,37448,CERAMIC CAKE DESIGN SPOTTED MUG,35.76,24,1
2009,Poland,All,3,21232,STRAWBERRY CERAMIC TRINKET BOX,30.0,24,1
2009,Poland,All,4,21700,BIG DOUGHNUT FRIDGE MAGNETS,20.4,24,1
2009,Poland,All,5,22208,WOOD STAMP SET THANK YOU,19.799999999999997,12,1
2009,Poland,All,6,22209,WOOD STAMP SET HAPPY BIRTHDAY,19.799999999999997,12,1
2009,Poland,All,7,22210,WOOD STAMP SET BEST WISHES,19.799999999999997,12,1
2009,Poland,All,8,37494A,FAIRY CAKE CERAMIC BUTTER DISH,17.700000000000003,6,1
2009,Poland,All,9,47556B,TEA TIME TEA TOWELS,17.700000000000003,6,1
2009,Poland,All,10,21428,SET3 BOOK BOX GREEN GINGHAM FLOWER,17.0,4,1
2009,Portugal,All,1,20725,LUNCH BAG RED SPOTTY,161.5,110,2
2009,Portugal,All,2,21430,SET/3 RED GINGHAM ROSE STORAGE BOX,81.36,24,1
2009,Portugal,All,3,84879,ASSORTED COLOUR BIRD ORNAMENT,81.12,48,1
2009,Portugal,All,4,21928,JUMBO BAG SCANDINAVIAN PAISLEY,78.0,40,2
2009,Portugal,All,5,21929,JUMBO BAG PINK VINTAGE PAISLEY,78.0,40,2
2009,Portugal,All,6,20750,RED/WHITE DOT MINI CASES,76.19999999999999,12,1
2009,Portugal,All,7,22139,RETRO SPOT TEA SET CERAMIC 11 PC,74.25,15,2
2009,Portugal,All,8,22356,"CHARLOTTE BAG , PINK/WHITE SPOTS",72.0,100,1
2009,Portugal,All,9,20728,LUNCH BAG CARS BLUE,66.0,40,2
2009,Portugal,All,10,21843,RETRO SPOT CAKE STAND,65.69999999999999,6,1
2009,Spain,All,1,84997C,BLUE 3 PIECE MINI DOTS CUTLERY SET,732.24,216,1
2009,Spain,All,2,84997D,PINK 3 PIECE MINI DOTS CUTLERY SET,732.24,216,1
2009,Spain,All,3,84997B,RED 3 PIECE MINI DOTS CUTLERY SET,488.16,144,1
2009,Spain,All,4,21217,RED SPOTTY ROUND CAKE TINS,214.79999999999998,24,2
2009,Spain,All,5,22214,CANDLE PLATE LACE WHITE,201.60000000000002,96,2
2009,Spain,All,6,POST,POSTAGE,196.0,7,2
2009,Spain,All,7,79072,TEATIME CAKE TIN WITH HANDLE,143.2,16,2
2009,Spain,All,8,21153,RED SPOTTY TABLECLOTH,127.80000000000001,12,2
2009,Spain,All,9,47570,ENGLISH ROSE TABLE CLOTH,127.80000000000001,12,2
2009,Spain,All,10,47570B,TEA TIME TABLE CLOTH,127.80000000000001,12,2
2009,Sweden,All,1,21731,RED TOADSTOOL LED NIGHT LIGHT,208.79999999999998,144,1
2009,Sweden,All,2,21252,SET OF MEADOW  FLOWER STICKERS,76.5,30,1
2009,Switzerland,All,1,POST,POSTAGE,120.0,3,1
2009,Switzerland,All,2,84997B,RED 3 PIECE MINI DOTS CUTLERY SET,90.0,24,1
2009,Switzerland,All,3,84997C,BLUE 3 PIECE MINI DOTS CUTLERY SET,90.0,24,1
2009,Switzerland,All,4,21731,RED TOADSTOOL LED NIGHT LIGHT,59.4,36,1
2009,Switzerland,All,5,85099B,JUMBO BAG RED WHITE SPOTTY,39.0,20,1
2009,Switzerland,All,6,20750,RED/WHITE DOT MINI CASES,31.8,4,1
2009,Switzerland,All,7,21432,SET OF 3 CASES WOODLAND DESIGN,23.8,4,1
2009,Switzerland,All,8,84997D,PINK 3 PIECE MINI DOTS CUTLERY SET,22.5,6,1
2009,Switzerland,All,9,20675,BLUE SPOTTY BOWL,20.0,16,1
2009,Switzerland,All,10,20676,RED SPOTTY BOWL,20.0,16,1
2009,USA,All,1,POST,POSTAGE,141.0,1,1
2009,United Arab Emirates,All,1,85072,OCCASIONS GIFT CARD ASSORTMENT,66.0,120,1
2009,United Arab Emirates,All,2,84826,ASSTD DESIGN 3D PAPER STICKERS,51.0,60,1
2009,United Arab Emirates,All,3,22093,MOTORING TISSUE BOX,38.160000000000004,36,1
2009,United Arab Emirates,All,4,11001,ASSTD DESIGN RACING CAR PEN,27.04,16,1
2009,United Arab Emirates,All,5,84414B,FUSCHIA/GREEN STRIPE WOOLLY BLANKET,18.95,1,1
2009,United Arab Emirates,All,6,16051,TEATIME PENCIL W STAMP ASST,15.12,36,1
2009,United Arab Emirates,All,7,84569A,PACK 3 IRON ON DOG PATCHES,15.0,12,1
2009,United Arab Emirates,All,8,84569B,PACK 3 FIRE ENGINE/CAR PATCHES,15.0,12,1
2009,United Arab Emirates,All,9,84569C,PACK 4 FLOWER/BUTTERFLY PATCHES,15.0,12,1
2009,United Arab Emirates,All,10,84569D,PACK 6 HEART/ICE-CREAM PATCHES,15.0,12,1
2009,United Kingdom,All,1,DOT,DOTCOM POSTAGE,18574.58,49,49
2009,United Kingdom,All,2,85123A,WHITE HANGING HEART T-LIGHT HOLDER,15538.75,5746,294
2009,United Kingdom,All,3,22086,PAPER CHAIN KIT 50'S CHRISTMAS,10151.66,3356,183
2009,United Kingdom,All,4,15056BL,EDWARDIAN PARASOL BLACK,8071.3,2077,63
2009,United Kingdom,All,5,22111,SCOTTIE DOG HOT WATER BOTTLE,7844.610000000001,1524,208
2009,United Kingdom,All,6,84879,ASSORTED COLOUR BIRD ORNAMENT,7394.09,4506,99
2009,United Kingdom,All,7,85099B,JUMBO BAG RED WHITE SPOTTY,6467.5,3651,128
2009,United Kingdom,All,8,79323W,WHITE CHERRY LIGHTS,5989.02,998,113
2009,United Kingdom,All,9,22114,HOT WATER BOTTLE TEA AND SYMPATHY,5975.150000000001,1447,183
2009,United Kingdom,All,10,85014B,RED/WHITE DOTS RUFFLED UMBRELLA,5816.2,1558,92
2010,Australia,All,1,M,Manual,1133.45,5,5
2010,Australia,All,2,22423,REGENCY CAKESTAND 3 TIER,952.5,86,3
2010,Australia,All,3,48138,DOORMAT UNION FLAG,681.7,102,11
2010,Australia,All,4,21217,RED SPOTTY ROUND CAKE TINS,606.65,67,3
2010,Australia,All,5,84997D,PINK 3 PIECE POLKADOT CUTLERY SET,510.66,150,2
2010,Australia,All,6,21035,SET/2 RED RETROSPOT TEA TOWELS,509.99999999999994,200,1
2010,Australia,All,7,22630,DOLLY GIRL LUNCH BOX,492.59999999999997,292,2
2010,Australia,All,8,21731,RED TOADSTOOL LED NIGHT LIGHT,476.99999999999994,324,4
2010,Australia,All,9,22960,JAM MAKING SET WITH JARS,450.0,120,1
2010,Australia,All,10,21121,SET/10 RED SPOTTY PARTY CANDLES,425.28000000000003,384,4
2010,Austria,All,1,POST,POSTAGE,1640.0,41,18
2010,Austria,All,2,M,Manual,260.0,2,2
2010,Austria,All,3,84879,ASSORTED COLOUR BIRD ORNAMENT,189.28,112,3
2010,Austria,All,4,22326,ROUND SNACK BOXES SET OF4 WOODLAND,177.00000000000003,60,4
2010,Austria,All,5,85099B,RED RETROSPOT JUMBO BAG,156.0,80,3
2010,Austria,All,6,15056N,EDWARDIAN PARASOL NATURAL,142.8,24,1
2010,Austria,All,7,15056P,EDWARDIAN PARASOL PINK,142.8,24,1
2010,Austria,All,8,22328,ROUND SNACK BOXES SET OF 4 FRUITS,141.60000000000002,48,3
2010,Austria,All,9,21217,RED SPOTTY ROUND CAKE TINS,127.29999999999998,14,2
2010,Austria,All,10,21124,SET/10 BLUE SPOTTY PARTY CANDLES,120.0,96,4
2010,Bahrain,All,1,72802B,OCEAN SCENT CANDLE IN JEWELLED BOX,205.74,54,1
2010,Bahrain,All,2,18097C,WHITE TALL PORCELAIN T-LIGHT HOLDER,202.5,102,2
2010,Bahrain,All,3,20748,KENSINGTON COFFEE SET,127.5,10,2
2010,Bahrain,All,4,20747,PICCADILLY TEA SET,119.6,8,1
2010,Bahrain,All,5,72807B,SET/3 OCEAN SCENT CANDLE JEWEL BOX,102.0,24,3
2010,Bahrain,All,6,35001G,HAND OPEN SHAPE GOLD,76.5,18,2
2010,Bahrain,All,7,72807C,SET/3 VANILLA SCENTED CANDLE IN BOX,68.0,16,2
2010,Bahrain,All,8,84797A,PINK HAWAIIAN PICNIC HAMPER FOR 4,59.400000000000006,12,1
2010,Bahrain,All,9,84797B,BLUE SAVANNAH PICNIC HAMPER FOR 4,59.400000000000006,12,1
2010,Bahrain,All,10,37476,CONDIMENT TRAY 4 BOWLS AND 4 SPOONS,50.94,6,1
2010,Belgium,All,1,POST,POSTAGE,2667.0,155,50
2010,Belgium,All,2,M,Manual,1508.65,1,1
2010,Belgium,All,3,22630,DOLLY GIRL LUNCH BOX,456.59999999999997,244,12
2010,Belgium,All,4,22629,SPACEBOY LUNCH BOX,433.2,232,13
2010,Belgium,All,5,21731,RED TOADSTOOL LED NIGHT LIGHT,336.59999999999997,204,9
2010,Belgium,All,6,85232B,SET/3 RUSSIAN DOLL STACKING TINS,335.7,78,5
2010,Belgium,All,7,22551,PLASTERS IN TIN SPACEBOY,257.4,156,12
2010,Belgium,All,8,22504,CABIN BAG VINTAGE RETROSPOT,247.84999999999997,11,4
2010,Belgium,All,9,22326,ROUND SNACK BOXES SET OF4 WOODLAND,247.80000000000004,84,11
2010,Belgium,All,10,21217,RED SPOTTY ROUND CAKE TINS,236.75,25,6
2010,Bermuda,All,1,84568,GIRLS ALPHABET IRON ON PATCHES,241.92,1152,1
2010,Bermuda,All,2,84598,BOYS ALPHABET IRON ON PATCHES,241.92,1152,1
2010,Bermuda,All,3,22236,CAKE STAND 3 TIER MAGIC GARDEN,76.5,6,1
2010,Bermuda,All,4,84997B,RED 3 PIECE MINI DOTS CUTLERY SET,45.0,12,1
2010,Bermuda,All,5,84997C,BLUE 3 PIECE MINI DOTS CUTLERY SET,45.0,12,1
2010,Bermuda,All,6,47591D,PINK FAIRY CAKE CHILD'S APRON,31.2,16,1
2010,Bermuda,All,7,21561,DINOSAUR LUNCHBOX WITH CUTLERY,30.599999999999998,12,1
2010,Bermuda,All,8,22353,LUNCHBOX WITH CUTLERY FAIRY CAKES,30.599999999999998,12,1
2010,Bermuda,All,9,21913,VINTAGE SEASIDE JIGSAW PUZZLES,30.0,8,1
2010,Bermuda,All,10,22617,BAKING SET SPACEBOY DESIGN,29.700000000000003,6,1
2010,Brazil,All,1,20839,FRENCH PAISLEY CUSHION COVER,17.700000000000003,6,1
2010,Brazil,All,2,22372,AIRLINE BAG VINTAGE WORLD CHAMPION,17.0,4,1
2010,Brazil,All,3,84620,BLUE GINGHAM ROSE CUSHION COVER,11.9,2,1
2010,Brazil,All,4,84970S,HANGING HEART ZINC T-LIGHT HOLDER,10.2,12,1
2010,Brazil,All,5,84879,ASSORTED COLOUR BIRD ORNAMENT,10.14,6,1
2010,Brazil,All,6,21812,GARLAND WITH HEARTS AND BELLS,9.9,2,1
2010,Brazil,All,7,85062,PEARL CRYSTAL PUMPKIN T-LIGHT HLDR,9.899999999999999,6,1
2010,Brazil,All,8,21324,HANGING MEDINA LANTERN SMALL,8.850000000000001,3,1
2010,Brazil,All,9,22115,METAL SIGN EMPIRE TEA,8.850000000000001,3,1
2010,Brazil,All,10,85123A,WHITE HANGING HEART T-LIGHT HOLDER,8.850000000000001,3,1
2010,Canada,All,1,21584,RETROSPOT SMALL TUBE MATCHES,33.0,20,1
2010,Canada,All,2,21156,RETROSPOT CHILDRENS APRON,31.2,16,1
2010,Canada,All,3,21846,PINK DIAMANTE PEN IN GIFT BOX,30.0,24,1
2010,Canada,All,4,21242,RED RETROSPOT PLATE,27.04,16,1
2010,Canada,All,5,21243,PINK  POLKADOT PLATE,27.04,16,1
2010,Canada,All,6,21244,BLUE POLKADOT PLATE,27.04,16,1
2010,Canada,All,7,21577,SAVE THE PLANET COTTON TOTE BAG,27.0,12,1
2010,Canada,All,8,22632,HAND WARMER RED RETROSPOT,25.200000000000003,12,1
2010,Canada,All,9,21114,LAVENDER SCENTED FABRIC HEART,25.0,20,1
2010,Canada,All,10,22449,SILK PURSE BABUSHKA PINK,20.1,6,1
2010,Channel Islands,All,1,51008,AFGHAN SLIPPER SOCK PAIR,1770.0,600,4
2010,Channel Islands,All,2,22386,JUMBO BAG PINK WITH WHITE SPOTS,553.5,330,5
2010,Channel Islands,All,3,85099B,RED RETROSPOT JUMBO BAG,534.0,320,4
2010,Channel Islands,All,4,21928,JUMBO BAG SCANDINAVIAN PAISLEY,514.5,310,3
2010,Channel Islands,All,5,21929,JUMBO BAG PINK VINTAGE PAISLEY,349.5,210,3
2010,Channel Islands,All,6,22411,JUMBO SHOPPER VINTAGE RED PAISLEY,349.5,210,2
2010,Channel Islands,All,7,85099C,JUMBO  BAG BAROQUE BLACK WHITE,330.0,200,1
2010,Channel Islands,All,8,22828,REGENCY MIRROR WITH SHUTTERS,290.0,2,1
2010,Channel Islands,All,9,22423,REGENCY CAKESTAND 3 TIER,267.75,21,7
2010,Channel Islands,All,10,22734,SET OF 6 RIBBONS VINTAGE CHRISTMAS,244.79999999999998,96,3
2010,Cyprus,All,1,22423,REGENCY CAKESTAND 3 TIER,567.15,49,6
2010,Cyprus,All,2,85123A,WHITE HANGING HEART T-LIGHT HOLDER,505.34999999999997,193,6
2010,Cyprus,All,3,47480,HANGING PHOTO CLIP ROPE LADDER,278.4,192,1
2010,Cyprus,All,4,21733,RED HANGING HEART T-LIGHT HOLDER,236.95,89,4
2010,Cyprus,All,5,84879,ASSORTED COLOUR BIRD ORNAMENT,229.84,136,3
2010,Cyprus,All,6,21135,VICTORIAN  METAL POSTCARD SPRING,162.24,96,1
2010,Cyprus,All,7,21136,PAINTED METAL PEARS ASSORTED,162.24,96,1
2010,Cyprus,All,8,82482,WOODEN PICTURE FRAME WHITE FINISH,161.4,76,2
2010,Cyprus,All,9,21769,VINTAGE POST OFFICE CABINET,159.9,2,2
2010,Cyprus,All,10,21340,CLASSIC METAL BIRDCAGE PLANT HOLDER,159.2,16,1
2010,Denmark,All,1,85220,SMALL FAIRY CAKE FRIDGE MAGNETS,6467.599999999999,11960,2
2010,Denmark,All,2,37410,BLACK AND WHITE PAISLEY FLOWER MUG,2516.4,25164,2
2010,Denmark,All,3,21091,SET/6 WOODLAND PAPER PLATES,1296.0,12960,1
2010,Denmark,All,4,21099,SET/6 STRAWBERRY PAPER CUPS,1296.0,12960,1
2010,Denmark,All,5,21085,SET/6 WOODLAND PAPER CUPS,1274.4,12744,1
2010,Denmark,All,6,21092,SET/6 STRAWBERRY PAPER PLATES,1248.0,12480,1
2010,Denmark,All,7,47503E,ASS FLORAL PRINT SCISSORS,1004.4,6696,1
2010,Denmark,All,8,85198,ASSORTED FARMYARD ANIMALS IN BUCKET,993.5999999999999,3312,1
2010,Denmark,All,9,20993,JAZZ HEARTS MEMO PAD,931.2,9312,1
2010,Denmark,All,10,47503K,ASSORTED FLORAL SECATEURS,864.0,2880,1
2010,EIRE,All,1,M,Manual,16006.869999999999,22,22
2010,EIRE,All,2,22423,REGENCY CAKESTAND 3 TIER,8236.199999999999,716,78
2010,EIRE,All,3,20914,SET/5 RED SPOTTY LID GLASS BOWLS,5112.9,1974,36
2010,EIRE,All,4,C2,CARRIAGE,4615.0,93,93
2010,EIRE,All,5,20685,RED SPOTTY COIR DOORMAT,3458.32,540,19
2010,EIRE,All,6,21181,PLEASE ONE PERSON METAL SIGN,3345.6000000000004,1776,23
2010,EIRE,All,7,21843,RETRO SPOT CAKE STAND,3304.7999999999997,304,37
2010,EIRE,All,8,21166,COOK WITH WINE METAL SIGN,3261.9599999999996,1884,28
2010,EIRE,All,9,48129,DOORMAT TOPIARY,3117.12,488,26
2010,EIRE,All,10,21524,SPOTTY  HOME SWEET HOME DOORMAT,2963.03,463,32
2010,Finland,All,1,POST,POSTAGE,641.0,17,8
2010,Finland,All,2,84997D,PINK 3 PIECE MINI DOTS CUTLERY SET,311.58000000000004,90,4
2010,Finland,All,3,84997C,BLUE 3 PIECE MINI DOTS CUTLERY SET,270.0,72,5
2010,Finland,All,4,84997A,GREEN 3 PIECE MINI DOTS CUTLERY SET,180.0,48,3
2010,Finland,All,5,22946,WOODEN ADVENT CALENDAR CREAM,153.0,12,1
2010,Finland,All,6,21211,SET OF 72 SKULL PAPER  DOILIES,139.2,96,3
2010,Finland,All,7,85014B,RED/WHITE DOTS RUFFLED UMBRELLA,124.95000000000002,21,3
2010,Finland,All,8,22139,RETRO SPOT TEA SET CERAMIC 11 PC,103.95000000000002,21,4
2010,Finland,All,9,21977,PACK OF 60 PINK PAISLEY CAKE CASES,103.2,216,4
2010,Finland,All,10,22952,72 CAKE CASES VINTAGE CHRISTMAS,103.2,216,3
2010,France,All,1,POST,POSTAGE,9216.0,494,171
2010,France,All,2,M,Manual,5020.7,3,3
2010,France,All,3,21731,RED TOADSTOOL LED NIGHT LIGHT,2276.9999999999995,1380,63
2010,France,All,4,22326,ROUND SNACK BOXES SET OF4 WOODLAND,1982.3500000000001,685,51
2010,France,All,5,85184D,S/4 BLUE ROUND DECOUPAGE BOXES,1653.12,3936,1
2010,France,All,6,84879,ASSORTED COLOUR BIRD ORNAMENT,1628.8799999999999,1032,15
2010,France,All,7,20750,RED/WHITE DOT MINI CASES,1627.8,212,55
2010,France,All,8,22090,PAPER BUNTING RETROSPOT,1542.9,582,28
2010,France,All,9,22352,LUNCHBOX WITH CUTLERY RETROSPOT,1476.4499999999998,579,60
2010,France,All,10,22467,GUMBALL COAT RACK,1347.9,626,13
2010,Germany,All,1,POST,POSTAGE,18428.2,998,269
2010,Germany,All,2,22423,REGENCY CAKESTAND 3 TIER,5490.45,495,37
2010,Germany,All,3,22326,ROUND SNACK BOXES SET OF4 WOODLAND,4427.650000000001,1579,104
2010,Germany,All,4,22328,ROUND SNACK BOXES SET OF 4 FRUITS,2679.85,967,68
2010,Germany,All,5,21731,RED TOADSTOOL LED NIGHT LIGHT,1801.7999999999997,1092,62
2010,Germany,All,6,20685,RED SPOTTY COIR DOORMAT,1564.65,239,23
2010,Germany,All,7,85232B,SET/3 RUSSIAN DOLL STACKING TINS,1311.9,282,36
2010,Germany,All,8,22625,RED KITCHEN SCALES,1295.4,162,27
2010,Germany,All,9,22467,GUMBALL COAT RACK,1271.7,558,32
2010,Germany,All,10,20719,WOODLAND CHARLOTTE BAG,1253.0,1520,70
2010,Greece,All,1,85123A,WHITE HANGING HEART T-LIGHT HOLDER,408.0,160,3
2010,Greece,All,2,21524,SPOTTY  HOME SWEET HOME DOORMAT,396.9,62,4
2010,Greece,All,3,48188,DOORMAT WELCOME PUPPIES,352.38,54,5
2010,Greece,All,4,48129,DOORMAT TOPIARY,277.9,42,3
2010,Greece,All,5,22366,DOORMAT AIRMAIL,262.0,40,2
2010,Greece,All,6,20747,PICCADILLY TEA SET,229.5,18,1
2010,Greece,All,7,20748,KENSINGTON COFFEE SET,197.1,18,1
2010,Greece,All,8,21523,FANCY FONT HOME SWEET HOME DOORMAT,186.5,30,2
2010,Greece,All,9,22215,CAKE STAND WHITE TWO TIER LACE,183.60000000000002,24,2
2010,Greece,All,10,21667,GLASS CAKE COVER AND PLATE,179.39999999999998,12,1
2010,Hong Kong,All,1,M,Manual,4280.26,2,2
2010,Hong Kong,All,2,84997B,RED 3 PIECE MINI DOTS CUTLERY SET,244.08,72,1
2010,Hong Kong,All,3,84997C,BLUE 3 PIECE MINI DOTS CUTLERY SET,244.08,72,1
2010,Hong Kong,All,4,84997D,PINK 3 PIECE MINI DOTS CUTLERY SET,244.08,72,1
2010,Hong Kong,All,5,22551,PLASTERS IN TIN SPACEBOY,159.0,108,2
2010,Hong Kong,All,6,22554,PLASTERS IN TIN WOODLAND ANIMALS,159.0,108,2
2010,Hong Kong,All,7,22326,ROUND SNACK BOXES SET OF4 WOODLAND,140.1,54,2
2010,Hong Kong,All,8,21242,RED SPOTTY PLATE,139.2,96,1
2010,Hong Kong,All,9,21243,PINK  SPOTTY PLATE,139.2,96,1
2010,Hong Kong,All,10,21244,BLUE  SPOTTY PLATE,139.2,96,1
2010,Iceland,All,1,84558A,3D DOG PICTURE PLAYING CARDS,88.50000000000001,30,2
2010,Iceland,All,2,20780,BLACK EAR MUFF HEADPHONES,55.800000000000004,12,1
2010,Iceland,All,3,71477,COLOUR GLASS. STAR T-LIGHT HOLDER,39.0,12,1
2010,Iceland,All,4,22423,REGENCY CAKESTAND 3 TIER,38.25,3,1
2010,Iceland,All,5,85167B,BLACK GRAND BAROQUE PHOTO FRAME,37.5,30,1
2010,Iceland,All,6,21064,BOOM BOX SPEAKER BOYS,35.7,6,1
2010,Iceland,All,7,20782,CAMOUFLAGE EAR MUFF HEADPHONES,32.94,6,1
2010,Iceland,All,8,22331,WOODLAND PARTY BAG + STICKER SET,26.4,16,1
2010,Iceland,All,9,84969,BOX OF 6 ASSORTED COLOUR TEASPOONS,25.5,6,1
2010,Iceland,All,10,47599A,PINK PARTY BAGS,25.200000000000003,12,1
2010,Israel,All,1,48187,DOORMAT NEW ENGLAND,202.5,30,1
2010,Israel,All,2,21361,LOVE LARGE WOOD LETTERS,197.1,18,1
2010,Israel,All,3,22191,IVORY DINER WALL CLOCK,183.60000000000002,24,1
2010,Israel,All,4,22423,REGENCY CAKESTAND 3 TIER,175.2,16,1
2010,Israel,All,5,22474,SPACEBOY TV DINNER TRAY,136.0,32,1
2010,Israel,All,6,85232B,SET/3 RUSSIAN DOLL STACKING TINS,131.7,30,2
2010,Israel,All,7,22427,ENAMEL FLOWER JUG CREAM,130.8,24,1
2010,Israel,All,8,21217,RED SPOTTY ROUND CAKE TINS,107.39999999999999,12,1
2010,Israel,All,9,85232D,SET/3 DECOUPAGE STACKING TINS,102.0,24,1
2010,Israel,All,10,22192,BLUE DINER WALL CLOCK,91.80000000000001,12,1
2010,Italy,All,1,POST,POSTAGE,1629.0,36,15
2010,Italy,All,2,10002,INFLATABLE POLITICAL GLOBE,267.0,360,3
2010,Italy,All,3,51014A,"FEATHER PEN,HOT PINK",163.2,192,2
2010,Italy,All,4,22847,BREAD BIN DINER STYLE IVORY,153.5,10,2
2010,Italy,All,5,47567B,TEA TIME KITCHEN APRON,142.8,24,2
2010,Italy,All,6,84078A,SET/4 WHITE RETRO STORAGE CUBES,139.8,4,1
2010,Italy,All,7,37500,TEA TIME TEAPOT IN GIFT BOX,121.78,14,2
2010,Italy,All,8,22070,SMALL RED RETROSPOT MUG IN BOX,112.5,30,4
2010,Italy,All,9,21843,RED RETROSPOT CAKE STAND,109.5,10,3
2010,Italy,All,10,20719,WOODLAND CHARLOTTE BAG,106.0,140,4
2010,Japan,All,1,22328,ROUND SNACK BOXES SET OF 4 FRUITS,3820.95,1497,5
2010,Japan,All,2,21787,RAIN PONCHO RETROSPOT,280.8,432,1
2010,Japan,All,3,22491,PACK OF 12 COLOURED PENCILS,207.35999999999999,288,1
2010,Japan,All,4,85176,SEWING SUSAN 21 NEEDLE SET,194.51999999999998,300,2
2010,Japan,All,5,20725,LUNCH BAG RED SPOTTY,166.45,113,3
2010,Japan,All,6,21936,RED/WHITE SPOT PICNIC BAG,165.85,63,3
2010,Japan,All,7,21937,STRAWBERRY   PICNIC BAG,165.85,63,3
2010,Japan,All,8,21054,NURSE'S BAG SOFT TOY,159.0,20,1
2010,Japan,All,9,21056,DOCTOR'S BAG SOFT TOY,159.0,20,1
2010,Japan,All,10,84988,SET OF 72 PINK HEART PAPER DOILIES,154.8,120,2
2010,Korea,All,1,21201,TROPICAL  HONEYCOMB PAPER GARLAND,100.80000000000001,48,1
2010,Korea,All,2,84347,ROTATING SILVER ANGELS T-LIGHT HLDR,61.199999999999996,24,1
2010,Korea,All,3,85174,S/4 CACTI CANDLES,59.400000000000006,12,2
2010,Korea,All,4,22812,PACK 3 BOXES CHRISTMAS PANNETONE,46.8,24,1
2010,Korea,All,5,47590A,BLUE HAPPY BIRTHDAY BUNTING,32.7,6,1
2010,Korea,All,6,47590B,PINK HAPPY BIRTHDAY BUNTING,32.7,6,1
2010,Korea,All,7,21369,MIRRORED WALL ART SPLODGES,30.0,24,1
2010,Korea,All,8,21374,MIRRORED WALL ART SKULLS,30.0,24,1
2010,Korea,All,9,22492,MINI PAINT SET VINTAGE,23.400000000000002,36,1
2010,Korea,All,10,21467,CHERRY CROCHET FOOD COVER,22.5,6,1
2010,Lebanon,All,1,84078A,SET/4 WHITE RETRO STORAGE CUBES,39.95,1,1
2010,Lebanon,All,2,22553,PLASTERS IN TIN SKULLS,19.799999999999997,12,1
2010,Lebanon,All,3,22557,PLASTERS IN TIN VINTAGE PAISLEY,19.799999999999997,12,1
2010,Lebanon,All,4,22327,ROUND SNACK BOXES SET OF 4 SKULLS,17.700000000000003,6,1
2010,Lebanon,All,5,20727,LUNCH BAG  BLACK SKULL.,16.5,10,1
2010,Lebanon,All,6,22384,LUNCH BAG PINK RETROSPOT,16.5,10,1
2010,Lebanon,All,7,20749,ASSORTED COLOUR MINI CASES,15.9,2,1
2010,Lebanon,All,8,22139,RETRO SPOT TEA SET CERAMIC 11 PC,14.850000000000001,3,1
2010,Lebanon,All,9,22473,TV DINNER TRAY VINTAGE PAISLEY,14.850000000000001,3,1
2010,Lebanon,All,10,22475,SKULL DESIGN TV DINNER TRAY,14.850000000000001,3,1
2010,Lithuania,All,1,22750,FELTCRAFT PRINCESS LOLA DOLL,180.0,48,3
2010,Lithuania,All,2,20967,GREY FLORAL FELTCRAFT SHOULDER BAG,165.0,44,3
2010,Lithuania,All,3,22751,FELTCRAFT PRINCESS OLIVIA DOLL,165.0,44,3
2010,Lithuania,All,4,15056BL,EDWARDIAN PARASOL BLACK,160.65,27,3
2010,Lithuania,All,5,15056N,EDWARDIAN PARASOL NATURAL,160.65,27,3
2010,Lithuania,All,6,20679,EDWARDIAN PARASOL RED,160.65,27,3
2010,Lithuania,All,7,22271,FELTCRAFT DOLL ROSIE,157.8,60,2
2010,Lithuania,All,8,22568,FELTCRAFT CUSHION OWL,141.36,40,3
2010,Lithuania,All,9,22569,FELTCRAFT CUSHION BUTTERFLY,135.0,36,3
2010,Lithuania,All,10,22306,SILVER MUG BONE CHINA TREE OF LIFE,118.8,72,2
2010,Malta,All,1,M,Manual,2686.75,2,2
2010,Malta,All,2,85178,VICTORIAN SEWING KIT,122.39999999999999,144,1
2010,Malta,All,3,72741,GRAND CHOCOLATECANDLE,90.0,72,1
2010,Malta,All,4,22423,REGENCY CAKESTAND 3 TIER,63.75,5,1
2010,Malta,All,5,21790,VINTAGE SNAP CARDS,51.839999999999996,72,1
2010,Malta,All,6,22300,COFFEE MUG DOG + BALL DESIGN,45.9,18,2
2010,Malta,All,7,22301,COFFEE MUG CAT + BIRD DESIGN,45.9,18,2
2010,Malta,All,8,37501,TEA TIME TEA SET IN GIFT BOX,41.7,6,2
2010,Malta,All,9,22649,STRAWBERRY FAIRY CAKE TEAPOT,39.6,8,1
2010,Malta,All,10,22697,GREEN REGENCY TEACUP AND SAUCER,35.400000000000006,12,1
2010,Netherlands,All,1,85123A,WHITE HANGING HEART T-LIGHT HOLDER,8506.1,3326,20
2010,Netherlands,All,2,21731,RED TOADSTOOL LED NIGHT LIGHT,5911.5,4054,23
2010,Netherlands,All,3,22326,ROUND SNACK BOXES SET OF4 WOODLAND,5813.3,2270,21
2010,Netherlands,All,4,85099B,RED RETROSPOT JUMBO BAG,4077.0,2460,15
2010,Netherlands,All,5,22158,3 HEARTS HANGING DECORATION RUSTIC,4044.8,1536,9
2010,Netherlands,All,6,22630,DOLLY GIRL LUNCH BOX,3969.2999999999997,2390,19
2010,Netherlands,All,7,35961,FOLKART ZINC HEART CHRISTMAS DEC,3729.97,5137,18
2010,Netherlands,All,8,22423,REGENCY CAKESTAND 3 TIER,3704.7,338,10
2010,Netherlands,All,9,22243,"HOOK, 5 HANGER ,MAGIC TOADSTOOL RED",3580.6499999999996,2461,18
2010,Netherlands,All,10,22328,ROUND SNACK BOXES SET OF 4 FRUITS,3521.6,1376,16
2010,Nigeria,All,1,ADJUST,Adjustment by john on 26/01/2010 17,27.82,1,1
2010,Nigeria,All,2,84991,60 TEATIME FAIRY CAKE CASES,13.200000000000001,24,1
2010,Nigeria,All,3,16156S,WRAP PINK FAIRY CAKES,10.5,25,1
2010,Nigeria,All,4,22047,EMPIRE GIFT WRAP,10.5,25,1
2010,Nigeria,All,5,22618,COOKING SET RETROSPOT,9.95,1,1
2010,Nigeria,All,6,20749,ASSORTED COLOUR MINI CASES,7.95,1,1
2010,Nigeria,All,7,20750,RED/WHITE DOT MINI CASES,7.95,1,1
2010,Nigeria,All,8,47567B,TEA TIME KITCHEN APRON,5.95,1,1
2010,Nigeria,All,9,22582,PACK OF 6 SWEETIE GIFT BOXES,5.1,2,1
2010,Nigeria,All,10,22584,PACK OF 6 PANNETONE GIFT BOXES,5.1,2,1
2010,Norway,All,1,M,Manual,13916.34,2,2
2010,Norway,All,2,22946,WOODEN ADVENT CALENDAR CREAM,306.0,24,1
2010,Norway,All,3,84050,PINK HEART SHAPE EGG FRYING PAN,262.5,194,5
2010,Norway,All,4,22198,LARGE POPCORN HOLDER,250.7,158,5
2010,Norway,All,5,22557,PLASTERS IN TIN VINTAGE PAISLEY,178.2,108,4
2010,Norway,All,6,22197,SMALL POPCORN HOLDER,163.2,192,4
2010,Norway,All,7,22555,PLASTERS IN TIN STRONGMAN,138.6,84,3
2010,Norway,All,8,22551,PLASTERS IN TIN SPACEBOY,138.59999999999997,84,4
2010,Norway,All,9,22311,OFFICE MUG WARMER BLACK+SILVER,132.29999999999998,50,2
2010,Norway,All,10,22312,OFFICE MUG WARMER POLKADOT,132.29999999999998,50,2
2010,Poland,All,1,21232,STRAWBERRY CERAMIC TRINKET BOX,120.0,96,4
2010,Poland,All,2,21733,RED HANGING HEART T-LIGHT HOLDER,99.3,38,2
2010,Poland,All,3,85027L,FRENCH CHATEAU LARGE PLATTER,93.6,48,2
2010,Poland,All,4,85030,FRENCH CHATEAU OVAL PLATTER,93.6,48,2
2010,Poland,All,5,85028S,FRENCH CHATEAU SMALL FRUITBOWL,90.0,72,2
2010,Poland,All,6,POST,POSTAGE,80.0,2,1
2010,Poland,All,7,85028L,FRENCH CHATEAU LARGE FRUIT BOWL,76.8,48,2
2010,Poland,All,8,22057,CERAMIC PLATE STRAWBERRY DESIGN,71.52,48,3
2010,Poland,All,9,37447,CERAMIC CAKE DESIGN SPOTTED PLATE,71.52,48,4
2010,Poland,All,10,22063,CERAMIC BOWL WITH STRAWBERRY DESIGN,70.80000000000001,24,2
2010,Portugal,All,1,POST,POSTAGE,2431.6,90,28
2010,Portugal,All,2,22275,WEEKEND BAG VINTAGE ROSE PAISLEY,510.00000000000006,66,5
2010,Portugal,All,3,47570B,TEA TIME TABLE CLOTH,467.1,54,2
2010,Portugal,All,4,22411,JUMBO SHOPPER VINTAGE RED PAISLEY,312.0,160,8
2010,Portugal,All,5,47567B,TEA TIME KITCHEN APRON,309.85,63,6
2010,Portugal,All,6,22276,WASH BAG VINTAGE ROSE PAISLEY,306.0,120,8
2010,Portugal,All,7,22423,REGENCY CAKESTAND 3 TIER,289.95,25,2
2010,Portugal,All,8,20725,LUNCH BAG RED SPOTTY,264.0,160,8
2010,Portugal,All,9,85099B,JUMBO BAG RED WHITE SPOTTY,234.0,120,7
2010,Portugal,All,10,20728,LUNCH BAG CARS BLUE,221.1,134,7
2010,RSA,All,1,M,Manual,1435.29,1,1
2010,RSA,All,2,21243,PINK  SPOTTY PLATE,152.72,104,2
2010,RSA,All,3,21244,BLUE POLKADOT PLATE,148.72,88,2
2010,RSA,All,4,22384,LUNCH BAG PINK POLKADOT,115.5,70,1
2010,RSA,All,5,21242,RED SPOTTY PLATE,108.16,64,2
2010,RSA,All,6,20677,PINK POLKADOT BOWL,106.32000000000001,96,1
2010,RSA,All,7,20728,LUNCH BAG CARS BLUE,99.0,60,1
2010,RSA,All,8,20675,BLUE POLKADOT BOWL,86.32000000000001,80,1
2010,RSA,All,9,20725,LUNCH BAG RED RETROSPOT,82.5,50,1
2010,RSA,All,10,21239,PINK  SPOTTY CUP,75.92,104,2
2010,Singapore,All,1,22423,REGENCY CAKESTAND 3 TIER,751.8,68,2
2010,Singapore,All,2,85123A,WHITE HANGING HEART T-LIGHT HOLDER,244.79999999999998,96,2
2010,Singapore,All,3,84762B,PINK PICNIC BARBECUE BUCKET,95.2,16,1
2010,Singapore,All,4,72741,GRAND CHOCOLATECANDLE,90.0,72,1
2010,Singapore,All,5,21733,RED HANGING HEART T-LIGHT HOLDER,82.60000000000001,28,2
2010,Singapore,All,6,22215,CAKE STAND WHITE TWO TIER LACE,68.0,8,1
2010,Singapore,All,7,22642,SET OF 4 NAPKIN CHARMS STARS,67.2,32,1
2010,Singapore,All,8,47590B,PINK HAPPY BIRTHDAY BUNTING,65.4,12,1
2010,Singapore,All,9,21755,LOVE BUILDING BLOCK WORD,53.550000000000004,9,2
2010,Singapore,All,10,22086,PAPER CHAIN KIT 50'S CHRISTMAS,53.1,18,1
2010,Spain,All,1,POST,POSTAGE,3019.0,95,34
2010,Spain,All,2,22341,LOVE GARLAND PAINTED ZINC,2620.7999999999997,1728,3
2010,Spain,All,3,21380,WOODEN HAPPY BIRTHDAY GARLAND,2318.4,864,3
2010,Spain,All,4,22670,FRENCH WC SIGN BLUE METAL,1956.1200000000001,1740,4
2010,Spain,All,5,84997C,BLUE 3 PIECE POLKADOT CUTLERY SET,1464.48,432,2
2010,Spain,All,6,84997D,PINK 3 PIECE POLKADOT CUTLERY SET,1464.48,432,2
2010,Spain,All,7,M,Manual,1410.99,2,2
2010,Spain,All,8,21381,MINI WOODEN HAPPY BIRTHDAY GARLAND,1321.9199999999998,864,3
2010,Spain,All,9,22903,CALENDAR FAMILY FAVOURITES,1288.0,480,3
2010,Spain,All,10,22904,CALENDAR PAPER CUT DESIGN,1288.0,480,3
2010,Sweden,All,1,85232B,SET/3 RUSSIAN DOLL STACKING TINS,2643.3,534,6
2010,Sweden,All,2,POST,POSTAGE,2262.0,53,26
2010,Sweden,All,3,22383,LUNCH BAG SUKI  DESIGN,1885.0,1300,10
2010,Sweden,All,4,M,Manual,1749.68,2,2
2010,Sweden,All,5,21210,SET OF 72 RETROSPOT PAPER  DOILIES,1705.1999999999998,1176,6
2010,Sweden,All,6,84991,60 TEATIME FAIRY CAKE CASES,1165.2,2544,12
2010,Sweden,All,7,22399,MAGNETS PACK OF 4 CHILDHOOD MEMORY,1071.3600000000001,972,7
2010,Sweden,All,8,21212,PACK OF 72 RETROSPOT CAKE CASES,1059.6,2040,11
2010,Sweden,All,9,21577,SAVE THE PLANET COTTON TOTE BAG,1050.0,600,5
2010,Sweden,All,10,21931,JUMBO STORAGE BAG SUKI,990.0,600,5
2010,Switzerland,All,1,POST,POSTAGE,2619.0,47,23
2010,Switzerland,All,2,22326,ROUND SNACK BOXES SET OF4 WOODLAND,774.3,282,12
2010,Switzerland,All,3,20685,DOORMAT RED SPOT,608.74,90,8
2010,Switzerland,All,4,22632,HAND WARMER RED RETROSPOT,481.20000000000005,252,4
2010,Switzerland,All,5,21524,DOORMAT SPOTTY HOME SWEET HOME,461.84000000000003,68,6
2010,Switzerland,All,6,22554,PLASTERS IN TIN WOODLAND ANIMALS,436.2,276,10
2010,Switzerland,All,7,48138,DOORMAT UNION FLAG,430.96000000000004,64,5
2010,Switzerland,All,8,48184,DOORMAT ENGLISH ROSE,397.0,60,2
2010,Switzerland,All,9,47566,PARTY BUNTING,375.0,100,2
2010,Switzerland,All,10,22618,COOKING SET RETROSPOT,362.96,40,6
2010,Thailand,All,1,22497,SET OF 2 TINS VINTAGE BATHROOM,360.0,96,1
2010,Thailand,All,2,21429,RED GINGHAM ROSE JEWELLERY BOX,278.4,192,1
2010,Thailand,All,3,21431,GREEN GINGHAM FLOWER JEWELLERY BOX,278.4,192,1
2010,Thailand,All,4,22495,SET OF 2 ROUND TINS CAMEMBERT,275.4,108,1
2010,Thailand,All,5,21700,BIG DOUGHNUT FRIDGE MAGNETS,172.79999999999998,240,1
2010,Thailand,All,6,85216,ASSORTED CAKES FRIDGE MAGNETS,127.2,240,1
2010,Thailand,All,7,85017A,ENVELOPE 50 ROMANTIC IMAGES,120.96,288,1
2010,Thailand,All,8,85017B,ENVELOPE 50 BLOSSOM IMAGES,120.96,288,1
2010,Thailand,All,9,85017C,ENVELOPE 50 CURIOUS IMAGES,120.96,288,1
2010,Thailand,All,10,22494,EMERGENCY FIRST AID TIN,101.76,96,1
2010,USA,All,1,21355,TOAST ITS - I LOVE YOU,452.40000000000003,408,2
2010,USA,All,2,POST,POSTAGE,305.0,3,3
2010,USA,All,3,21210,SET OF 72 RETRO SPOT PAPER  DOILIES,123.24999999999999,85,5
2010,USA,All,4,84997D,PINK 3 PIECE MINI DOTS CUTLERY SET,112.5,30,2
2010,USA,All,5,21122,SET/10 PINK SPOTTY PARTY CANDLES,100.0,80,4
2010,USA,All,6,37500,TEA TIME TEAPOT IN GIFT BOX,99.49999999999999,10,3
2010,USA,All,7,21124,SET/10 BLUE SPOTTY PARTY CANDLES,97.5,78,4
2010,USA,All,8,21527,RETRO SPOT TRADITIONAL TEAPOT,95.4,12,2
2010,USA,All,9,22423,REGENCY CAKESTAND 3 TIER,89.25,7,2
2010,USA,All,10,84987,SET OF 36 TEATIME PAPER DOILIES,84.1,58,6
2010,United Arab Emirates,All,1,M,Manual,756.9,2,2
2010,United Arab Emirates,All,2,84823,DANISH ROSE FOLDING CHAIR,159.8,4,1
2010,United Arab Emirates,All,3,21098,CHRISTMAS TOILET ROLL,152.64000000000001,144,2
2010,United Arab Emirates,All,4,22065,CHRISTMAS PUDDING TRINKET POT,120.0,96,2
2010,United Arab Emirates,All,5,22733,3D STICKERS TRADITIONAL CHRISTMAS,106.0,100,1
2010,United Arab Emirates,All,6,21700,BIG DOUGHNUT FRIDGE MAGNETS,102.0,120,2
2010,United Arab Emirates,All,7,22138,BAKING SET 9 PIECE RETROSPOT,102.0,24,1
2010,United Arab Emirates,All,8,22294,HEART FILIGREE DOVE  SMALL,90.0,72,3
2010,United Arab Emirates,All,9,22423,REGENCY CAKESTAND 3 TIER,89.25,7,1
2010,United Arab Emirates,All,10,21770,OPEN CLOSED METAL SIGN,89.10000000000001,18,2
2010,United Kingdom,All,1,M,Manual,210577.86,2767,450
2010,United Kingdom,All,2,22423,REGENCY CAKESTAND 3 TIER,161716.59,12735,1911
2010,United Kingdom,All,3,85123A,WHITE HANGING HEART T-LIGHT HOLDER,133431.72,48925,2981
2010,United Kingdom,All,4,DOT,DOTCOM POSTAGE,109701.95,714,714
2010,United Kingdom,All,5,85099B,RED RETROSPOT JUMBO BAG,75168.33,41843,1761
2010,United Kingdom,All,6,84879,ASSORTED COLOUR BIRD ORNAMENT,61886.909999999996,38339,1274
2010,United Kingdom,All,7,22086,PAPER CHAIN KIT 50'S CHRISTMAS,51046.840000000004,14539,814
2010,United Kingdom,All,8,84347,ROTATING SILVER ANGELS T-LIGHT HLDR,46492.2,22084,316
2010,United Kingdom,All,9,47566,PARTY BUNTING,46339.14,9281,957
2010,United Kingdom,All,10,48138,DOORMAT UNION FLAG,41004.85,6233,1061
2010,Unspecified,All,1,21108,FAIRY CAKE FLANNEL ASSORTED COLOUR,206.54999999999998,81,3
2010,Unspecified,All,2,37495,FAIRY CAKE BIRTHDAY CANDLE SET,180.0,48,2
2010,Unspecified,All,3,21110,LARGE CAKE TOWEL PINK SPOTS,162.0,24,2
2010,Unspecified,All,4,37503,TEA TIME CAKE STAND IN GIFT BOX,150.5,14,3
2010,Unspecified,All,5,37449,CERAMIC CAKE STAND + HANGING CAKES,136.0,16,2
2010,Unspecified,All,6,22353,LUNCH BOX WITH CUTLERY FAIRY CAKES,122.39999999999999,48,2
2010,Unspecified,All,7,21843,RETRO SPOT CAKE STAND,98.54999999999998,9,3
2010,Unspecified,All,8,22107,PIZZA PLATE IN BOX,90.0,24,2
2010,Unspecified,All,9,22109,FULL ENGLISH BREAKFAST PLATE,90.0,24,2
2010,Unspecified,All,10,84509B,SET OF 4 FAIRY CAKE PLACEMATS,90.0,24,2
2010,West Indies,All,1,20886,BOX OF 9 PEBBLE CANDLES,46.8,24,1
2010,West Indies,All,2,22444,GROW YOUR OWN PLANT IN A CAN,30.0,24,1
2010,West Indies,All,3,72802A,ROSE SCENT CANDLE IN JEWELLED BOX,25.5,6,1
2010,West Indies,All,4,72802B,OCEAN SCENT CANDLE IN JEWELLED BOX,25.5,6,1
2010,West Indies,All,5,35651,VINTAGE BEAD PINK SCARF,23.85,3,1
2010,West Indies,All,6,22158,3 HEARTS HANGING DECORATION RUSTIC,23.6,8,1
2010,West Indies,All,7,21730,GLASS STAR FROSTED T-LIGHT HOLDER,19.8,4,1
2010,West Indies,All,8,21645,ASSORTED TUTTI FRUTTI ROUND BOX,19.799999999999997,12,1
2010,West Indies,All,9,85040B,SET/4 BLUE FLOWER CANDLES IN BOWL,19.799999999999997,12,1
2010,West Indies,All,10,22411,JUMBO SHOPPER VINTAGE RED PAISLEY,19.5,10,1
2011,Australia,All,1,23084,RABBIT NIGHT LIGHT,3375.84,1884,6
2011,Australia,All,2,22722,SET OF 6 SPICE TINS PANTRY DESIGN,2082.0,600,6
2011,Australia,All,3,21731,RED TOADSTOOL LED NIGHT LIGHT,1987.1999999999998,1344,9
2011,Australia,All,4,22720,SET OF 3 CAKE TINS PANTRY DESIGN,1983.2,464,9
2011,Australia,All,5,22423,REGENCY CAKESTAND 3 TIER,1978.1999999999998,180,6
2011,Australia,All,6,21915,RED  HARMONICA IN BOX,1810.8000000000002,1704,7
2011,Australia,All,7,22630,DOLLY GIRL LUNCH BOX,1689.6,1024,6
2011,Australia,All,8,22492,MINI PAINT SET VINTAGE,1630.8,2952,6
2011,Australia,All,9,22629,SPACEBOY LUNCH BOX,1584.0,960,6
2011,Australia,All,10,21217,RED RETROSPOT ROUND CAKE TINS,1503.6,168,2
2011,Austria,All,1,POST,POSTAGE,1336.0,34,13
2011,Austria,All,2,22582,PACK OF 6 SWEETIE GIFT BOXES,302.40000000000003,144,1
2011,Austria,All,3,22584,PACK OF 6 PANNETONE GIFT BOXES,302.40000000000003,144,1
2011,Austria,All,4,15056BL,EDWARDIAN PARASOL BLACK,214.20000000000002,36,2
2011,Austria,All,5,15056N,EDWARDIAN PARASOL NATURAL,214.20000000000002,36,2
2011,Austria,All,6,20679,EDWARDIAN PARASOL RED,214.20000000000002,36,2
2011,Austria,All,7,22139,RETROSPOT TEA SET CERAMIC 11 PC,205.95000000000002,45,4
2011,Austria,All,8,23008,DOLLY GIRL BABY GIFT SET,191.39999999999998,12,3
2011,Austria,All,9,15056P,EDWARDIAN PARASOL PINK,142.8,24,2
2011,Austria,All,10,22846,BREAD BIN DINER STYLE RED,110.64999999999999,7,3
2011,Bahrain,All,1,23076,ICE CREAM SUNDAE LIP GLOSS,120.0,96,1
2011,Bahrain,All,2,23077,DOUGHNUT LIP GLOSS,75.0,60,1
2011,Bahrain,All,3,22890,NOVELTY BISCUITS CAKE STAND 3 TIER,59.699999999999996,6,2
2011,Bahrain,All,4,22649,STRAWBERRY FAIRY CAKE TEAPOT,39.6,8,1
2011,Bahrain,All,5,22693,GROW A FLYTRAP OR SUNFLOWER IN TIN,30.0,24,1
2011,Bahrain,All,6,22423,REGENCY CAKESTAND 3 TIER,25.5,2,1
2011,Bahrain,All,7,72802A,ROSE SCENT CANDLE IN JEWELLED BOX,25.5,6,1
2011,Bahrain,All,8,72802B,OCEAN SCENT CANDLE IN JEWELLED BOX,25.5,6,1
2011,Bahrain,All,9,72802C,VANILLA SCENT CANDLE JEWELLED BOX,25.5,6,1
2011,Bahrain,All,10,37449,CERAMIC CAKE STAND + HANGING CAKES,19.9,2,1
2011,Belgium,All,1,POST,POSTAGE,4059.0,262,91
2011,Belgium,All,2,22326,ROUND SNACK BOXES SET OF4 WOODLAND,1181.4,420,38
2011,Belgium,All,3,22629,SPACEBOY LUNCH BOX,620.4,328,22
2011,Belgium,All,4,22630,DOLLY GIRL LUNCH BOX,620.4,328,22
2011,Belgium,All,5,22328,ROUND SNACK BOXES SET OF 4 FRUITS,564.9000000000001,198,22
2011,Belgium,All,6,22423,REGENCY CAKESTAND 3 TIER,548.25,43,14
2011,Belgium,All,7,22846,BREAD BIN DINER STYLE RED,488.4,32,8
2011,Belgium,All,8,23084,RABBIT NIGHT LIGHT,345.12,186,10
2011,Belgium,All,9,22727,ALARM CLOCK BAKELIKE RED,345.0,92,13
2011,Belgium,All,10,22726,ALARM CLOCK BAKELIKE GREEN,330.0,88,12
2011,Brazil,All,1,22423,REGENCY CAKESTAND 3 TIER,175.2,16,1
2011,Brazil,All,2,22722,SET OF 6 SPICE TINS PANTRY DESIGN,82.80000000000001,24,1
2011,Brazil,All,3,21430,SET/3 RED GINGHAM ROSE STORAGE BOX,81.36,24,1
2011,Brazil,All,4,22366,DOORMAT AIRMAIL,67.5,10,1
2011,Brazil,All,5,22697,GREEN REGENCY TEACUP AND SAUCER,61.199999999999996,24,1
2011,Brazil,All,6,22698,PINK REGENCY TEACUP AND SAUCER,61.199999999999996,24,1
2011,Brazil,All,7,22699,ROSES REGENCY TEACUP AND SAUCER,61.199999999999996,24,1
2011,Brazil,All,8,21770,OPEN CLOSED METAL SIGN,49.5,10,1
2011,Brazil,All,9,22630,DOLLY GIRL LUNCH BOX,46.8,24,1
2011,Brazil,All,10,21906,PHARMACIE FIRST AID TIN,40.5,6,1
2011,Canada,All,1,POST,POSTAGE,550.94,1,1
2011,Canada,All,2,37370,RETRO COFFEE MUGS ASSORTED,534.24,504,1
2011,Canada,All,3,20727,LUNCH BAG  BLACK SKULL.,82.5,50,1
2011,Canada,All,4,84077,WORLD WAR 2 GLIDERS ASSTD DESIGNS,60.48,288,1
2011,Canada,All,5,22382,LUNCH BAG SPACEBOY DESIGN,49.5,30,1
2011,Canada,All,6,22383,LUNCH BAG SUKI DESIGN,49.5,30,1
2011,Canada,All,7,21558,SKULL LUNCH BOX WITH CUTLERY,45.9,18,1
2011,Canada,All,8,21871,SAVE THE PLANET MUG,45.0,36,1
2011,Canada,All,9,22649,STRAWBERRY FAIRY CAKE TEAPOT,39.6,8,1
2011,Canada,All,10,23190,BUNDLE OF 3 SCHOOL EXERCISE BOOKS,39.599999999999994,24,2
2011,Channel Islands,All,1,22423,REGENCY CAKESTAND 3 TIER,517.8,44,5
2011,Channel Islands,All,2,85099B,JUMBO BAG RED RETROSPOT,460.7,250,6
2011,Channel Islands,All,3,22720,SET OF 3 CAKE TINS PANTRY DESIGN,408.0,96,1
2011,Channel Islands,All,4,23199,JUMBO BAG APPLES,399.6,220,3
2011,Channel Islands,All,5,85099C,JUMBO  BAG BAROQUE BLACK WHITE,399.6,220,3
2011,Channel Islands,All,6,22386,JUMBO BAG PINK POLKADOT,358.0,200,1
2011,Channel Islands,All,7,85123A,WHITE HANGING HEART T-LIGHT HOLDER,318.6,108,4
2011,Channel Islands,All,8,M,Manual,293.0,1,1
2011,Channel Islands,All,9,21785,RAIN PONCHO,264.55,407,1
2011,Channel Islands,All,10,21843,RED RETROSPOT CAKE STAND,250.79999999999998,24,4
2011,Cyprus,All,1,22827,RUSTIC  SEVENTEEN DRAWER SIDEBOARD,580.0,4,2
2011,Cyprus,All,2,15056N,EDWARDIAN PARASOL NATURAL,392.7,66,2
2011,Cyprus,All,3,22423,REGENCY CAKESTAND 3 TIER,382.5,30,6
2011,Cyprus,All,4,M,Manual,320.69,1,1
2011,Cyprus,All,5,22655,VINTAGE RED KITCHEN CABINET,250.0,2,2
2011,Cyprus,All,6,22656,VINTAGE BLUE KITCHEN CABINET,250.0,2,2
2011,Cyprus,All,7,85123A,WHITE HANGING HEART T-LIGHT HOLDER,223.2,80,4
2011,Cyprus,All,8,22826,LOVE SEAT ANTIQUE WHITE METAL,170.0,2,1
2011,Cyprus,All,9,22335,HEART DECORATION PAINTED ZINC,158.4,288,1
2011,Cyprus,All,10,82484,WOOD BLACK BOARD ANT WHITE FINISH,146.1,22,3
2011,Czech Republic,All,1,22326,ROUND SNACK BOXES SET OF4 WOODLAND,70.80000000000001,24,1
2011,Czech Republic,All,2,84347,ROTATING SILVER ANGELS T-LIGHT HLDR,61.199999999999996,24,1
2011,Czech Republic,All,3,22231,JIGSAW TREE WITH BIRDHOUSE,52.199999999999996,36,1
2011,Czech Republic,All,4,21428,SET3 BOOK BOX GREEN GINGHAM FLOWER,51.0,12,1
2011,Czech Republic,All,5,47594B,SCOTTIES DESIGN WASHBAG,46.8,24,1
2011,Czech Republic,All,6,22930,BAKING MOULD HEART MILK CHOCOLATE,45.9,18,1
2011,Czech Republic,All,7,POST,POSTAGE,40.0,1,1
2011,Czech Republic,All,8,23271,CHRISTMAS TABLE SILVER CANDLE SPIKE,39.839999999999996,48,1
2011,Czech Republic,All,9,22505,MEMO BOARD COTTAGE DESIGN,39.6,8,1
2011,Czech Republic,All,10,85206A,CREAM FELT EASTER EGG BASKET,39.599999999999994,24,1
2011,Denmark,All,1,22625,RED KITCHEN SCALES,734.4000000000001,96,2
2011,Denmark,All,2,22624,IVORY KITCHEN SCALES,696.1500000000001,91,2
2011,Denmark,All,3,POST,POSTAGE,600.0,34,12
2011,Denmark,All,4,22467,GUMBALL COAT RACK,575.1,270,4
2011,Denmark,All,5,22179,SET 10 LIGHTS NIGHT OWL,428.40000000000003,72,1
2011,Denmark,All,6,22626,BLACK KITCHEN SCALES,367.20000000000005,48,1
2011,Denmark,All,7,23007,SPACEBOY BABY GIFT SET,358.79999999999995,24,1
2011,Denmark,All,8,23008,DOLLY GIRL BABY GIFT SET,358.79999999999995,24,1
2011,Denmark,All,9,23010,CIRCUS PARADE BABY GIFT SET,358.79999999999995,24,1
2011,Denmark,All,10,21524,DOORMAT SPOTTY HOME SWEET HOME,354.0,50,1
2011,EIRE,All,1,22423,REGENCY CAKESTAND 3 TIER,7261.05,635,64
2011,EIRE,All,2,M,Manual,7049.66,5,4
2011,EIRE,All,3,C2,CARRIAGE,4890.0,99,99
2011,EIRE,All,4,22838,3 TIER CAKE TIN RED AND CREAM,4265.55,333,10
2011,EIRE,All,5,22960,JAM MAKING SET WITH JARS,2976.0,756,31
2011,EIRE,All,6,85123A,WHITE HANGING HEART T-LIGHT HOLDER,2787.0,1044,44
2011,EIRE,All,7,21843,RED RETROSPOT CAKE STAND,2715.5999999999995,248,8
2011,EIRE,All,8,22699,ROSES REGENCY TEACUP AND SAUCER,2585.4,972,47
2011,EIRE,All,9,20914,SET/5 RED SPOTTY LID GLASS BOWLS,2434.0,888,17
2011,EIRE,All,10,21166,COOK WITH WINE METAL SIGN,2280.6800000000003,1214,19
2011,European Community,All,1,POST,POSTAGE,141.0,9,3
2011,European Community,All,2,22842,BISCUIT TIN VINTAGE RED,54.0,8,2
2011,European Community,All,3,22843,BISCUIT TIN VINTAGE GREEN,54.0,8,2
2011,European Community,All,4,22314,OFFICE MUG WARMER CHOC+BLUE,53.10000000000001,18,2
2011,European Community,All,5,72807C,SET/3 VANILLA SCENTED CANDLE IN BOX,51.0,12,1
2011,European Community,All,6,85036B,CHOCOLATE 1 WICK MORRIS BOX CANDLE,51.0,12,1
2011,European Community,All,7,22312,OFFICE MUG WARMER POLKADOT,35.400000000000006,12,2
2011,European Community,All,8,22452,MEASURING TAPE BABUSHKA PINK,35.400000000000006,12,2
2011,European Community,All,9,22453,MEASURING TAPE BABUSHKA BLUE,35.400000000000006,12,2
2011,European Community,All,10,85035C,ROSE 3 WICK MORRIS BOX CANDLE,34.0,8,1
2011,Finland,All,1,POST,POSTAGE,3410.0,88,36
2011,Finland,All,2,84997D,PINK 3 PIECE POLKADOT CUTLERY SET,2063.28,552,10
2011,Finland,All,3,84997C,CHILDRENS CUTLERY POLKADOT BLUE,1367.4,348,8
2011,Finland,All,4,84997A,GREEN 3 PIECE POLKADOT CUTLERY SET,919.6,232,6
2011,Finland,All,5,M,Manual,551.2,2,1
2011,Finland,All,6,23084,RABBIT NIGHT LIGHT,282.72,156,4
2011,Finland,All,7,23077,DOUGHNUT LIP GLOSS,250.0,200,2
2011,Finland,All,8,23078,ICE CREAM PEN LIP GLOSS,240.0,192,2
2011,Finland,All,9,20750,RED RETROSPOT MINI CASES,174.9,22,5
2011,Finland,All,10,23203,JUMBO BAG VINTAGE DOILY,166.4,80,6
2011,France,All,1,POST,POSTAGE,14536.0,774,284
2011,France,All,2,M,Manual,9492.37,6,5
2011,France,All,3,23084,RABBIT NIGHT LIGHT,7277.2,4024,74
2011,France,All,4,22423,REGENCY CAKESTAND 3 TIER,2791.35,237,48
2011,France,All,5,21731,RED TOADSTOOL LED NIGHT LIGHT,1852.9499999999998,1123,64
2011,France,All,6,22556,PLASTERS IN TIN CIRCUS PARADE,1808.9999999999998,1108,64
2011,France,All,7,22554,PLASTERS IN TIN WOODLAND ANIMALS,1767.7499999999998,1083,63
2011,France,All,8,22326,ROUND SNACK BOXES SET OF4 WOODLAND,1660.8000000000002,576,58
2011,France,All,9,84879,ASSORTED COLOUR BIRD ORNAMENT,1639.96,1084,16
2011,France,All,10,22551,PLASTERS IN TIN SPACEBOY,1593.4499999999998,989,52
2011,Germany,All,1,POST,POSTAGE,19039.0,1005,348
2011,Germany,All,2,22423,REGENCY CAKESTAND 3 TIER,8058.449999999999,719,57
2011,Germany,All,3,22326,ROUND SNACK BOXES SET OF4 WOODLAND,3262.6500000000005,1119,104
2011,Germany,All,4,M,Manual,2296.25,8,6
2011,Germany,All,5,22328,ROUND SNACK BOXES SET OF 4 FRUITS,1893.9000000000003,642,68
2011,Germany,All,6,22629,SPACEBOY LUNCH BOX,1561.1999999999998,840,46
2011,Germany,All,7,22554,PLASTERS IN TIN WOODLAND ANIMALS,1313.3999999999999,796,59
2011,Germany,All,8,22467,GUMBALL COAT RACK,1198.2,508,30
2011,Germany,All,9,22556,PLASTERS IN TIN CIRCUS PARADE,1178.1,714,49
2011,Germany,All,10,22077,6 RIBBONS RUSTIC CHARM,1174.9499999999998,651,42
2011,Greece,All,1,POST,POSTAGE,335.0,7,3
2011,Greece,All,2,22423,REGENCY CAKESTAND 3 TIER,175.2,16,1
2011,Greece,All,3,72760B,VINTAGE CREAM 3 BASKET CAKE STAND,135.84,16,1
2011,Greece,All,4,22692,DOORMAT WELCOME TO OUR HOME,135.0,20,1
2011,Greece,All,5,48129,DOORMAT TOPIARY,135.0,20,1
2011,Greece,All,6,48184,DOORMAT ENGLISH ROSE,135.0,20,1
2011,Greece,All,7,48187,DOORMAT NEW ENGLAND,135.0,20,1
2011,Greece,All,8,48188,DOORMAT WELCOME PUPPIES,135.0,20,1
2011,Greece,All,9,22847,BREAD BIN DINER STYLE IVORY,119.6,8,1
2011,Greece,All,10,22720,SET OF 3 CAKE TINS PANTRY DESIGN,102.0,24,1
2011,Hong Kong,All,1,M,Manual,5563.81,3,3
2011,Hong Kong,All,2,84997D,PINK 3 PIECE POLKADOT CUTLERY SET,488.40000000000003,120,4
2011,Hong Kong,All,3,84997B,RED 3 PIECE RETROSPOT CUTLERY SET,455.20000000000005,112,3
2011,Hong Kong,All,4,22326,ROUND SNACK BOXES SET OF4 WOODLAND,384.9,150,3
2011,Hong Kong,All,5,22452,MEASURING TAPE BABUSHKA PINK,247.8,84,5
2011,Hong Kong,All,6,22139,RETROSPOT TEA SET CERAMIC 11 PC,235.65,51,5
2011,Hong Kong,All,7,84997C,CHILDRENS CUTLERY POLKADOT BLUE,222.8,56,3
2011,Hong Kong,All,8,22504,CABIN BAG VINTAGE RETROSPOT,196.3,10,2
2011,Hong Kong,All,9,21843,RED RETROSPOT CAKE STAND,186.14999999999998,17,3
2011,Hong Kong,All,10,POST,POSTAGE,175.0,2,2
2011,Iceland,All,1,84558A,3D DOG PICTURE PLAYING CARDS,300.90000000000003,102,4
2011,Iceland,All,2,23076,ICE CREAM SUNDAE LIP GLOSS,249.60000000000002,240,1
2011,Iceland,All,3,22423,REGENCY CAKESTAND 3 TIER,191.25,15,4
2011,Iceland,All,4,23084,RABBIT NIGHT LIGHT,153.84,84,3
2011,Iceland,All,5,22371,AIRLINE BAG VINTAGE TOKYO 78,132.4,32,4
2011,Iceland,All,6,22727,ALARM CLOCK BAKELIKE RED,120.0,32,4
2011,Iceland,All,7,22375,AIRLINE BAG VINTAGE JET SET BROWN,102.0,24,5
2011,Iceland,All,8,21731,RED TOADSTOOL LED NIGHT LIGHT,98.99999999999999,60,4
2011,Iceland,All,9,23316,RED REFECTORY CLOCK,97.80000000000001,12,1
2011,Iceland,All,10,22699,ROSES REGENCY TEACUP AND SAUCER,70.80000000000001,24,2
2011,Israel,All,1,22423,REGENCY CAKESTAND 3 TIER,551.0999999999999,50,3
2011,Israel,All,2,23240,SET OF 4 KNICK KNACK TINS DOILY,254.70000000000002,66,4
2011,Israel,All,3,22326,ROUND SNACK BOXES SET OF4 WOODLAND,244.79999999999998,96,2
2011,Israel,All,4,22192,BLUE DINER WALL CLOCK,183.60000000000002,24,2
2011,Israel,All,5,23236,STORAGE TIN VINTAGE DOILY,159.98000000000002,62,3
2011,Israel,All,6,21578,WOODLAND DESIGN  COTTON TOTE BAG,135.0,60,1
2011,Israel,All,7,21246,RED RETROSPOT BIG BOWL,131.7,30,2
2011,Israel,All,8,22929,SCHOOL DESK AND CHAIR,130.0,2,1
2011,Israel,All,9,22823,CHEST NATURAL WOOD 20 DRAWERS,125.0,1,1
2011,Israel,All,10,22630,DOLLY GIRL LUNCH BOX,117.0,60,3
2011,Italy,All,1,POST,POSTAGE,1502.0,40,15
2011,Italy,All,2,22847,BREAD BIN DINER STYLE IVORY,247.2,16,6
2011,Italy,All,3,22720,SET OF 3 CAKE TINS PANTRY DESIGN,237.60000000000002,48,8
2011,Italy,All,4,22139,RETROSPOT TEA SET CERAMIC 11 PC,222.75000000000003,45,7
2011,Italy,All,5,22960,JAM MAKING SET WITH JARS,217.5,54,7
2011,Italy,All,6,22326,ROUND SNACK BOXES SET OF4 WOODLAND,177.00000000000003,60,6
2011,Italy,All,7,22844,VINTAGE CREAM DOG FOOD CONTAINER,159.8,20,4
2011,Italy,All,8,85123A,WHITE HANGING HEART T-LIGHT HOLDER,159.3,54,5
2011,Italy,All,9,22939,APRON APPLE DELIGHT,158.4,32,4
2011,Italy,All,10,22120,WELCOME  WOODEN BLOCK LETTERS,149.25,15,2
2011,Japan,All,1,23084,RABBIT NIGHT LIGHT,6100.32,3408,4
2011,Japan,All,2,21218,RED SPOTTY BISCUIT TIN,780.0,240,4
2011,Japan,All,3,20750,RED RETROSPOT MINI CASES,761.9999999999999,120,3
2011,Japan,All,4,21217,RED RETROSPOT ROUND CAKE TINS,751.8,84,3
2011,Japan,All,5,21216,"SET 3 RETROSPOT TEA,COFFEE,SUGAR",612.0,144,4
2011,Japan,All,6,47566,PARTY BUNTING,582.5,150,2
2011,Japan,All,7,23238,SET OF 4 KNICK KNACK TINS LONDON,540.0,144,2
2011,Japan,All,8,22561,WOODEN SCHOOL COLOURING SET,523.65,361,3
2011,Japan,All,9,21439,BASKET OF TOADSTOOLS,465.0,372,4
2011,Japan,All,10,22489,PACK OF 12 TRADITIONAL CRAYONS,443.93999999999994,1201,5
2011,Lebanon,All,1,22423,REGENCY CAKESTAND 3 TIER,153.0,12,1
2011,Lebanon,All,2,22606,WOODEN SKITTLES GARDEN SET,102.0,8,1
2011,Lebanon,All,3,85066,CREAM SWEETHEART MINI CHEST,102.0,8,1
2011,Lebanon,All,4,21906,PHARMACIE FIRST AID TIN,81.0,12,1
2011,Lebanon,All,5,22842,BISCUIT TIN VINTAGE RED,71.4,12,1
2011,Lebanon,All,6,47566,PARTY BUNTING,69.75,15,1
2011,Lebanon,All,7,21781,MA CAMPAGNE CUTLERY BOX,59.8,4,1
2011,Lebanon,All,8,22846,BREAD BIN DINER STYLE RED,59.8,4,1
2011,Lebanon,All,9,22720,SET OF 3 CAKE TINS PANTRY DESIGN,59.400000000000006,12,1
2011,Lebanon,All,10,22168,ORGANISER WOOD ANTIQUE WHITE,51.0,6,1
2011,Malta,All,1,POST,POSTAGE,655.0,12,3
2011,Malta,All,2,72741,GRAND CHOCOLATECANDLE,117.44999999999999,81,3
2011,Malta,All,3,22423,REGENCY CAKESTAND 3 TIER,89.25,7,1
2011,Malta,All,4,23173,REGENCY TEAPOT ROSES,79.6,8,1
2011,Malta,All,5,22796,PHOTO FRAME 3 CLASSIC HANGING,59.699999999999996,6,2
2011,Malta,All,6,22635,CHILDS BREAKFAST SET DOLLY GIRL,39.8,4,1
2011,Malta,All,7,22767,TRIPLE PHOTO FRAME CORNICE,39.8,4,2
2011,Malta,All,8,22768,FAMILY PHOTO FRAME CORNICE,39.8,4,2
2011,Malta,All,9,37449,CERAMIC CAKE STAND + HANGING CAKES,39.8,4,2
2011,Malta,All,10,23245,SET OF 3 REGENCY CAKE TINS,39.6,8,1
2011,Netherlands,All,1,23084,RABBIT NIGHT LIGHT,9568.48,4801,7
2011,Netherlands,All,2,22326,ROUND SNACK BOXES SET OF4 WOODLAND,7501.799999999999,2940,24
2011,Netherlands,All,3,22629,SPACEBOY LUNCH BOX,7274.4,4400,27
2011,Netherlands,All,4,22630,DOLLY GIRL LUNCH BOX,6828.599999999999,4132,22
2011,Netherlands,All,5,22328,ROUND SNACK BOXES SET OF 4 FRUITS,4039.2,1584,17
2011,Netherlands,All,6,85099B,JUMBO BAG RED RETROSPOT,3468.0,2000,14
2011,Netherlands,All,7,22423,REGENCY CAKESTAND 3 TIER,3166.35,289,9
2011,Netherlands,All,8,21731,RED TOADSTOOL LED NIGHT LIGHT,3061.7999999999997,2100,13
2011,Netherlands,All,9,22243,5 HOOK HANGER RED MAGIC TOADSTOOL,2923.2,2016,7
2011,Netherlands,All,10,20712,JUMBO BAG WOODLAND ANIMALS,2629.0,1500,11
2011,Norway,All,1,POST,POSTAGE,2870.5,57,20
2011,Norway,All,2,M,Manual,840.3,3,1
2011,Norway,All,3,22693,GROW A FLYTRAP OR SUNFLOWER IN TIN,538.8000000000001,504,4
2011,Norway,All,4,22635,CHILDS BREAKFAST SET DOLLY GIRL,527.4,60,8
2011,Norway,All,5,22634,CHILDS BREAKFAST SET SPACEBOY,487.6,56,6
2011,Norway,All,6,22720,SET OF 3 CAKE TINS PANTRY DESIGN,441.6,96,13
2011,Norway,All,7,22423,REGENCY CAKESTAND 3 TIER,357.0,28,10
2011,Norway,All,8,23243,SET OF TEA COFFEE SUGAR TINS PANTRY,337.20000000000005,72,7
2011,Norway,All,9,85014A,BLACK/BLUE POLKADOT UMBRELLA,309.0,60,2
2011,Norway,All,10,85014B,RED RETROSPOT UMBRELLA,273.3,54,2
2011,Poland,All,1,POST,POSTAGE,360.0,9,5
2011,Poland,All,2,22722,SET OF 6 SPICE TINS PANTRY DESIGN,177.60000000000002,48,6
2011,Poland,All,3,22666,RECIPE BOX PANTRY YELLOW DESIGN,167.4,60,5
2011,Poland,All,4,21232,STRAWBERRY CERAMIC TRINKET POT,166.32,144,5
2011,Poland,All,5,22720,SET OF 3 CAKE TINS PANTRY DESIGN,161.4,36,4
2011,Poland,All,6,37448,CERAMIC CAKE DESIGN SPOTTED MUG,155.76,120,3
2011,Poland,All,7,22961,JAM MAKING SET PRINTED,139.2,96,3
2011,Poland,All,8,22059,CERAMIC STRAWBERRY DESIGN MUG,131.51999999999998,96,3
2011,Poland,All,9,22173,METAL 4 HOOK HANGER FRENCH CHATEAU,120.72,40,4
2011,Poland,All,10,22061,LARGE CAKE STAND  HANGING STRAWBERY,119.39999999999999,12,4
2011,Portugal,All,1,M,Manual,4223.9400000000005,8,7
2011,Portugal,All,2,POST,POSTAGE,2116.0,83,24
2011,Portugal,All,3,22139,RETROSPOT TEA SET CERAMIC 11 PC,463.35,97,14
2011,Portugal,All,4,22411,JUMBO SHOPPER VINTAGE RED PAISLEY,348.40000000000003,170,9
2011,Portugal,All,5,20725,LUNCH BAG RED RETROSPOT,338.25,205,13
2011,Portugal,All,6,22138,BAKING SET 9 PIECE RETROSPOT,334.65000000000003,71,12
2011,Portugal,All,7,22423,REGENCY CAKESTAND 3 TIER,328.2,28,5
2011,Portugal,All,8,23209,LUNCH BAG VINTAGE DOILY,306.9,186,11
2011,Portugal,All,9,21928,JUMBO BAG SCANDINAVIAN BLUE PAISLEY,286.0,140,9
2011,Portugal,All,10,22383,LUNCH BAG SUKI DESIGN,285.45,173,9
2011,RSA,All,1,21340,CLASSIC METAL BIRDCAGE PLANT HOLDER,38.25,3,1
2011,RSA,All,2,22605,WOODEN CROQUET GARDEN SET,29.9,2,1
2011,RSA,All,3,23298,SPOTTY BUNTING,29.700000000000003,6,1
2011,RSA,All,4,22423,REGENCY CAKESTAND 3 TIER,25.5,2,1
2011,RSA,All,5,22526,WHEELBARROW FOR CHILDREN,25.5,2,1
2011,RSA,All,6,22960,JAM MAKING SET WITH JARS,25.5,6,1
2011,RSA,All,7,85066,CREAM SWEETHEART MINI CHEST,25.5,2,1
2011,RSA,All,8,84375,SET OF 20 KIDS COOKIE CUTTERS,25.200000000000003,12,1
2011,RSA,All,9,23169,CLASSIC GLASS COOKIE JAR,24.900000000000002,6,1
2011,RSA,All,10,23240,SET OF 4 KNICK KNACK TINS DOILY,24.900000000000002,6,1
2011,Saudi Arabia,All,1,22553,PLASTERS IN TIN SKULLS,19.799999999999997,12,1
2011,Saudi Arabia,All,2,22555,PLASTERS IN TIN STRONGMAN,19.799999999999997,12,1
2011,Saudi Arabia,All,3,22556,PLASTERS IN TIN CIRCUS PARADE,19.799999999999997,12,1
2011,Saudi Arabia,All,4,22361,GLASS JAR DAISY FRESH COTTON WOOL,17.700000000000003,6,1
2011,Saudi Arabia,All,5,22362,GLASS JAR PEACOCK BATH SALTS,17.700000000000003,6,1
2011,Saudi Arabia,All,6,22363,GLASS JAR MARMALADE,17.700000000000003,6,1
2011,Saudi Arabia,All,7,22969,HOMEMADE JAM SCENTED CANDLES,17.4,12,1
2011,Saudi Arabia,All,8,20781,GOLD EAR MUFF HEADPHONES,10.98,2,1
2011,Saudi Arabia,All,9,22915,ASSORTED BOTTLE TOP  MAGNETS,5.04,12,1
2011,Singapore,All,1,M,Manual,12158.9,7,3
2011,Singapore,All,2,48138,DOORMAT UNION FLAG,340.8,50,3
2011,Singapore,All,3,22655,VINTAGE RED KITCHEN CABINET,250.0,2,1
2011,Singapore,All,4,22197,SMALL POPCORN HOLDER,216.0,300,3
2011,Singapore,All,5,20685,DOORMAT RED RETROSPOT,205.8,30,3
2011,Singapore,All,6,21936,RED RETROSPOT PICNIC BAG,201.25,75,2
2011,Singapore,All,7,22339,CHRISTMAS TREE PAINTED ZINC,176.64000000000001,384,2
2011,Singapore,All,8,22423,REGENCY CAKESTAND 3 TIER,175.2,16,1
2011,Singapore,All,9,22343,PARTY PIZZA DISH RED RETROSPOT,160.56,240,4
2011,Singapore,All,10,21621,VINTAGE UNION JACK BUNTING,153.0,18,2
2011,Spain,All,1,POST,POSTAGE,5712.0,204,61
2011,Spain,All,2,84997D,PINK 3 PIECE POLKADOT CUTLERY SET,3957.75,1089,6
2011,Spain,All,3,84997C,CHILDRENS CUTLERY POLKADOT BLUE,3671.15,1013,5
2011,Spain,All,4,22423,REGENCY CAKESTAND 3 TIER,1921.5,162,21
2011,Spain,All,5,84997B,RED 3 PIECE RETROSPOT CUTLERY SET,1044.76,292,4
2011,Spain,All,6,84997A,GREEN 3 PIECE POLKADOT CUTLERY SET,774.76,220,3
2011,Spain,All,7,84879,ASSORTED COLOUR BIRD ORNAMENT,704.73,417,12
2011,Spain,All,8,20728,LUNCH BAG CARS BLUE,665.7,458,5
2011,Spain,All,9,22960,JAM MAKING SET WITH JARS,456.25,113,13
2011,Spain,All,10,22384,LUNCH BAG PINK POLKADOT,454.9,306,9
2011,Sweden,All,1,22492,MINI PAINT SET VINTAGE,1895.4,2916,6
2011,Sweden,All,2,22720,SET OF 3 CAKE TINS PANTRY DESIGN,1752.3000000000002,354,6
2011,Sweden,All,3,POST,POSTAGE,1509.0,40,22
2011,Sweden,All,4,23297,SET 40 HEART SHAPE PETIT FOUR CASES,1240.8,752,3
2011,Sweden,All,5,23245,SET OF 3 REGENCY CAKE TINS,1108.8000000000002,224,3
2011,Sweden,All,6,23236,STORAGE TIN VINTAGE DOILY,849.6600000000001,294,4
2011,Sweden,All,7,21889,WOODEN BOX OF DOMINOES,735.0,588,4
2011,Sweden,All,8,22961,JAM MAKING SET PRINTED,713.3999999999999,492,5
2011,Sweden,All,9,22139,RETROSPOT TEA SET CERAMIC 11 PC,594.0,120,4
2011,Sweden,All,10,15036,ASSORTED COLOURS SILK FAN,587.16,804,3
2011,Switzerland,All,1,POST,POSTAGE,3922.0,100,30
2011,Switzerland,All,2,22326,ROUND SNACK BOXES SET OF4 WOODLAND,1212.3,450,16
2011,Switzerland,All,3,22423,REGENCY CAKESTAND 3 TIER,924.15,77,12
2011,Switzerland,All,4,22554,PLASTERS IN TIN WOODLAND ANIMALS,918.1499999999999,603,16
2011,Switzerland,All,5,22551,PLASTERS IN TIN SPACEBOY,713.9999999999999,456,17
2011,Switzerland,All,6,23298,SPOTTY BUNTING,632.8000000000001,144,10
2011,Switzerland,All,7,23199,JUMBO BAG APPLES,503.6,270,7
2011,Switzerland,All,8,23255,CHILDRENS CUTLERY CIRCUS PARADE,485.8,124,5
2011,Switzerland,All,9,23256,CHILDRENS CUTLERY SPACEBOY,477.5,122,11
2011,Switzerland,All,10,22556,PLASTERS IN TIN CIRCUS PARADE,455.99999999999994,288,10
2011,USA,All,1,23328,SET 6 SCHOOL MILK BOTTLES IN CRATE,162.72,48,2
2011,USA,All,2,22423,REGENCY CAKESTAND 3 TIER,114.75,9,2
2011,USA,All,3,21121,SET/10 RED POLKADOT PARTY CANDLES,90.0,72,2
2011,USA,All,4,21122,SET/10 PINK POLKADOT PARTY CANDLES,90.0,72,2
2011,USA,All,5,21123,SET/10 IVORY POLKADOT PARTY CANDLES,90.0,72,2
2011,USA,All,6,21124,SET/10 BLUE POLKADOT PARTY CANDLES,90.0,72,2
2011,USA,All,7,23158,SET OF 5 LUCKY CAT MAGNETS,74.88,36,1
2011,USA,All,8,23366,SET 12 COLOURING PENCILS DOILY,57.2,88,2
2011,USA,All,9,23392,SPACEBOY ROCKET LOLLY MAKERS,49.92,24,1
2011,USA,All,10,20975,12 PENCILS SMALL TUBE RED RETROSPOT,46.800000000000004,72,1
2011,United Arab Emirates,All,1,22423,REGENCY CAKESTAND 3 TIER,153.0,12,1
2011,United Arab Emirates,All,2,23007,SPACEBOY BABY GIFT SET,89.69999999999999,6,1
2011,United Arab Emirates,All,3,23008,DOLLY GIRL BABY GIFT SET,89.69999999999999,6,1
2011,United Arab Emirates,All,4,23009,I LOVE LONDON BABY GIFT SET,89.69999999999999,6,1
2011,United Arab Emirates,All,5,47590B,PINK HAPPY BIRTHDAY BUNTING,65.4,12,1
2011,United Arab Emirates,All,6,21700,BIG DOUGHNUT FRIDGE MAGNETS,61.199999999999996,72,1
2011,United Arab Emirates,All,7,85150,LADIES & GENTLEMEN METAL SIGN,61.199999999999996,24,1
2011,United Arab Emirates,All,8,22139,RETROSPOT TEA SET CERAMIC 11 PC,59.400000000000006,12,1
2011,United Arab Emirates,All,9,85215,ASSORTED CHEESE FRIDGE MAGNETS,46.800000000000004,72,1
2011,United Arab Emirates,All,10,POST,POSTAGE,37.5,1,1
2011,United Kingdom,All,1,DOT,DOTCOM POSTAGE,181577.58,652,652
2011,United Kingdom,All,2,23843,"PAPER CRAFT , LITTLE BIRDIE",168469.6,80995,1
2011,United Kingdom,All,3,22423,REGENCY CAKESTAND 3 TIER,116066.53,9119,1529
2011,United Kingdom,All,4,47566,PARTY BUNTING,92517.24,16751,1549
2011,United Kingdom,All,5,85123A,WHITE HANGING HEART T-LIGHT HOLDER,88560.74,31858,1886
2011,United Kingdom,All,6,85099B,JUMBO BAG RED RETROSPOT,82447.45,42100,1823
2011,United Kingdom,All,7,23166,MEDIUM CERAMIC TOP STORAGE JAR,80575.63,77036,225
2011,United Kingdom,All,8,22086,PAPER CHAIN KIT 50'S CHRISTMAS,53510.840000000004,16068,964
2011,United Kingdom,All,9,84879,ASSORTED COLOUR BIRD ORNAMENT,50901.05,31441,1274
2011,United Kingdom,All,10,22502,PICNIC BASKET WICKER SMALL,49460.01,1601,400
2011,Unspecified,All,1,22960,JAM MAKING SET WITH JARS,70.5,18,2
2011,Unspecified,All,2,23234,BISCUIT TIN VINTAGE CHRISTMAS,69.36,24,1
2011,Unspecified,All,3,23236,STORAGE TIN VINTAGE DOILY,69.36,24,1
2011,Unspecified,All,4,23076,ICE CREAM SUNDAE LIP GLOSS,60.0,48,2
2011,Unspecified,All,5,22138,BAKING SET 9 PIECE RETROSPOT,54.45,11,2
2011,Unspecified,All,6,11001,ASSTD DESIGN RACING CAR PEN,54.08,32,2
2011,Unspecified,All,7,21888,BINGO SET,52.5,14,3
2011,Unspecified,All,8,22485,SET OF 2 WOODEN MARKET CRATES,51.0,4,2
2011,Unspecified,All,9,22555,PLASTERS IN TIN STRONGMAN,49.49999999999999,30,3
2011,Unspecified,All,10,21891,TRADITIONAL WOODEN SKIPPING ROPE,47.849999999999994,33,3
2009,Australia,Repeat,1,22083,PAPER CHAIN KIT RETRO SPOT,35.400000000000006,12,1
2009,Australia,Repeat,2,22087,PAPER BUNTING WHITE LACE,35.400000000000006,12,1
2009,Australia,Repeat,3,22090,PAPER BUNTING RETRO SPOTS,35.400000000000006,12,1
2009,Australia,Repeat,4,84970S,HANGING HEART ZINC T-LIGHT HOLDER,20.4,24,1
2009,Australia,Repeat,5,21895,POTTING SHED SOW 'N' GROW SET,17.0,4,1
2009,Australia,Repeat,6,22355,"CHARLOTTE BAG , SUKI DESIGN",17.0,20,1
2009,Australia,Repeat,7,20727,LUNCH BAG  BLACK SKULL.,16.5,10,1
2009,Australia,Repeat,8,20728,LUNCH BAG CARS BLUE,16.5,10,1
2009,Australia,Repeat,9,21871,SAVE THE PLANET MUG,15.0,12,1
2009,Australia,Repeat,10,84946,ANTIQUE SILVER TEA GLASS ETCHED,15.0,12,1
2009,Austria,Repeat,1,15056BL,EDWARDIAN PARASOL BLACK,297.0,60,1
2009,Austria,Repeat,2,15056N,EDWARDIAN PARASOL NATURAL,297.0,60,1
2009,Austria,Repeat,3,20679,EDWARDIAN PARASOL RED,297.0,60,1
2009,Austria,Repeat,4,15056P,EDWARDIAN PARASOL PINK,178.5,30,1
2009,Austria,Repeat,5,POST,POSTAGE,80.0,2,1
2009,Austria,Repeat,6,85014B,RED/WHITE DOTS RUFFLED UMBRELLA,71.4,12,1
2009,Austria,Repeat,7,85014D,PINK/BROWN DOTS RUFFLED UMBRELLA,71.4,12,1
2009,Austria,Repeat,8,84997A,GREEN 3 PIECE MINI DOTS CUTLERY SET,45.0,12,1
2009,Austria,Repeat,9,84997B,RED 3 PIECE MINI DOTS CUTLERY SET,45.0,12,1
2009,Austria,Repeat,10,84997C,BLUE 3 PIECE MINI DOTS CUTLERY SET,45.0,12,1
2009,Belgium,Repeat,1,POST,POSTAGE,160.0,3,2
2009,Belgium,Repeat,2,22114,HOT WATER BOTTLE TEA AND SYMPATHY,31.6,8,1
2009,Belgium,Repeat,3,82600,NO SINGING METAL SIGN,25.200000000000003,12,1
2009,Belgium,Repeat,4,22071,SMALL RETRO SPOT MUG IN BOX  WHITE,22.5,6,1
2009,Belgium,Repeat,5,21844,RETRO SPOT MUG,17.700000000000003,6,1
2009,Belgium,Repeat,6,85063,CREAM SWEETHEART MAGAZINE RACK,16.95,1,1
2009,Belgium,Repeat,7,21935,SUKI  SHOULDER BAG,16.5,10,1
2009,Belgium,Repeat,8,21527,RETRO SPOT TRADITIONAL TEAPOT,15.9,2,1
2009,Belgium,Repeat,9,21430,SET/3 RED GINGHAM ROSE STORAGE BOX,15.0,4,1
2009,Belgium,Repeat,10,21672,WHITE SPOT RED CERAMIC DRAWER KNOB,15.0,12,1
2009,Channel Islands,Repeat,1,21621,VINTAGE UNION JACK BUNTING,51.0,6,1
2009,Channel Islands,Repeat,2,21647,ASSORTED TUTTI FRUTTI LARGE PURSE,50.400000000000006,24,1
2009,Channel Islands,Repeat,3,22127,PARTY CONES CARNIVAL ASSORTED,45.0,36,1
2009,Channel Islands,Repeat,4,20685,RED SPOTTY COIR DOORMAT,40.5,6,1
2009,Channel Islands,Repeat,5,22179,SET 10 LIGHTS NIGHT OWL,40.5,6,1
2009,Channel Islands,Repeat,6,22220,CAKE STAND LOVEBIRD 2 TIER WHITE,39.8,4,1
2009,Channel Islands,Repeat,7,85014B,RED/WHITE DOTS RUFFLED UMBRELLA,35.7,6,1
2009,Channel Islands,Repeat,8,22187,GREEN CHRISTMAS TREE CARD HOLDER,34.0,8,1
2009,Channel Islands,Repeat,9,22215,CAKE STAND WHITE TWO TIER LACE,34.0,4,1
2009,Channel Islands,Repeat,10,21588,RETRO SPOT GIANT  TUBE MATCHES,30.599999999999998,12,1
2009,Cyprus,Repeat,1,21300,ANTIQUE EDWARDIAN DRESSER,99.9,2,1
2009,Cyprus,Repeat,2,21764,VINTAGE WOODEN PLATE RACK,79.9,2,1
2009,Cyprus,Repeat,3,21340,CLASSIC METAL BIRDCAGE PLANT HOLDER,79.6,8,1
2009,Cyprus,Repeat,4,22047,EMPIRE GIFT WRAP,68.0,200,1
2009,Cyprus,Repeat,5,22051,BLUE SCANDINAVIAN PAISLEY WRAP,68.0,200,1
2009,Cyprus,Repeat,6,72760B,VINTAGE CREAM 3 BASKET CAKE STAND,59.699999999999996,6,1
2009,Cyprus,Repeat,7,21303,FILIGREE WALL MIRROR  ANTIQUE WHITE,59.0,4,1
2009,Cyprus,Repeat,8,21837,CROSS STITCH ALPHABET CUSHION COVER,53.550000000000004,9,2
2009,Cyprus,Repeat,9,85123A,WHITE HANGING HEART T-LIGHT HOLDER,53.10000000000001,18,2
2009,Cyprus,Repeat,10,84620,BLUE GINGHAM ROSE CUSHION COVER,47.6,8,2
2009,Denmark,Repeat,1,84347,ROTATING SILVER ANGELS T-LIGHT HLDR,1008.0,480,1
2009,Denmark,Repeat,2,79323W,WHITE CHERRY LIGHTS,130.8,24,1
2009,Denmark,Repeat,3,21282,NATURAL BARK CANDLE LARGE,90.0,24,1
2009,Denmark,Repeat,4,79323P,PINK CHERRY LIGHTS,81.0,12,1
2009,Denmark,Repeat,5,POST,POSTAGE,72.0,4,1
2009,Denmark,Repeat,6,21699,SET 5 MINI CHOCOLATE FRIDGE MAGNETS,20.28,12,1
2009,Denmark,Repeat,7,21702,SET 5 MINI GATEAUX  FRIDGE MAGNETS,20.28,12,1
2009,Denmark,Repeat,8,21559,STRAWBERRY LUNCHBOX WITH CUTLERY,15.299999999999999,6,1
2009,EIRE,Repeat,1,M,Manual,803.25,1,1
2009,EIRE,Repeat,2,21164,HOME SWEET HOME METAL SIGN,787.5,306,2
2009,EIRE,Repeat,3,21908,CHOCOLATE THIS WAY METAL SIGN,570.6,306,2
2009,EIRE,Repeat,4,21181,PLEASE ONE PERSON  METAL SIGN,558.0000000000001,300,3
2009,EIRE,Repeat,5,21903,MAN FLU METAL SIGN,545.4000000000001,294,2
2009,EIRE,Repeat,6,37503,TEA TIME CAKE STAND IN GIFT BOX,410.79999999999995,40,7
2009,EIRE,Repeat,7,21216,"SET 3 RED SPOT TIN TEA,COFFEE,SUGAR",306.0,72,1
2009,EIRE,Repeat,8,82552,WASHROOM METAL SIGN,305.28000000000003,288,1
2009,EIRE,Repeat,9,21257,VICTORIAN SEWING BOX MEDIUM,286.0,40,4
2009,EIRE,Repeat,10,21523,FANCY FONT HOME SWEET HOME DOORMAT,278.5,46,4
2009,EIRE,Unknown,1,85123A,WHITE HANGING HEART T-LIGHT HOLDER,244.79999999999998,96,1
2009,EIRE,Unknown,2,C2,CARRIAGE,150.0,3,3
2009,EIRE,Unknown,3,37449,CERAMIC CAKE STAND + HANGING CAKES,68.0,8,1
2009,EIRE,Unknown,4,48187,DOOR MAT NEW ENGLAND,59.5,10,1
2009,EIRE,Unknown,5,22138,BAKING SET 9 PIECE RETROSPOT,59.400000000000006,12,1
2009,EIRE,Unknown,6,85066,CREAM SWEETHEART MINI CHEST,51.0,4,2
2009,EIRE,Unknown,7,47503J,SET/3 FLORAL GARDEN TOOLS IN BAG,47.7,6,1
2009,EIRE,Unknown,8,47591D,PINK FAIRY CAKE CHILD'S APRON,46.8,24,1
2009,EIRE,Unknown,9,21888,BINGO SET,45.0,12,1
2009,EIRE,Unknown,10,72760B,VINTAGE CREAM 3 BASKET CAKE STAND,39.8,4,1
2009,Finland,Repeat,1,84997D,PINK 3 PIECE MINI DOTS CUTLERY SET,244.08,72,1
2009,Finland,Repeat,2,84997C,BLUE 3 PIECE MINI DOTS CUTLERY SET,135.0,36,1
2009,Finland,Repeat,3,84997A,GREEN 3 PIECE MINI DOTS CUTLERY SET,90.0,24,1
2009,Finland,Repeat,4,POST,POSTAGE,80.0,2,1
2009,France,Repeat,1,POST,POSTAGE,648.0,36,11
2009,France,Repeat,2,21731,RED TOADSTOOL LED NIGHT LIGHT,277.2,168,5
2009,France,Repeat,3,21432,SET OF 3 CASES WOODLAND DESIGN,172.5,30,4
2009,France,Repeat,4,20750,RED/WHITE DOT MINI CASES,171.6,24,4
2009,France,Repeat,5,21017,RED BIRD HOUSE TREE DECORATION,138.24,192,1
2009,France,Repeat,6,15056BL,EDWARDIAN PARASOL BLACK,124.95,21,1
2009,France,Repeat,7,22352,LUNCHBOX WITH CUTLERY RETROSPOT,122.39999999999999,48,5
2009,France,Repeat,8,21559,STRAWBERRY LUNCHBOX WITH CUTLERY,107.1,42,4
2009,France,Repeat,9,21791,VINTAGE HEADS AND TAILS CARD GAME,105.0,84,4
2009,France,Repeat,10,21913,VINTAGE SEASIDE JIGSAW PUZZLES,105.0,28,3
2009,Germany,Repeat,1,POST,POSTAGE,1062.0,48,13
2009,Germany,Repeat,2,21843,RETRO SPOT CAKE STAND,337.34999999999997,33,3
2009,Germany,Repeat,3,21481,FAWN BLUE HOT WATER BOTTLE,233.4,84,5
2009,Germany,Repeat,4,21485,RED SPOT HEART HOT WATER BOTTLE,207.90000000000003,42,5
2009,Germany,Repeat,5,22314,OFFICE MUG WARMER CHOC+BLUE,207.9,42,4
2009,Germany,Repeat,6,21527,RETRO SPOT TRADITIONAL TEAPOT,190.8,24,5
2009,Germany,Repeat,7,21258,VICTORIAN SEWING BOX LARGE,175.2,16,1
2009,Germany,Repeat,8,22313,OFFICE MUG WARMER PINK,158.4,32,3
2009,Germany,Repeat,9,20750,RED/WHITE DOT MINI CASES,155.7,22,2
2009,Germany,Repeat,10,85232B,SET/3 RUSSIAN DOLL STACKING TINS,148.5,30,3
2009,Greece,Repeat,1,22297,HEART IVORY TRELLIS SMALL,30.0,24,1
2009,Greece,Repeat,2,84406B,CREAM CUPID HEARTS COAT HANGER,26.0,8,1
2009,Greece,Repeat,3,85066,CREAM SWEETHEART MINI CHEST,25.5,2,1
2009,Greece,Repeat,4,20751,FUNKY WASHING UP GLOVES ASSORTED,25.200000000000003,12,1
2009,Greece,Repeat,5,21384,IVORY HANGING DECORATION  BUTTERFLY,20.4,24,1
2009,Greece,Repeat,6,22220,CAKE STAND LOVEBIRD 2 TIER WHITE,19.9,2,1
2009,Greece,Repeat,7,72760B,VINTAGE CREAM 3 BASKET CAKE STAND,19.9,2,1
2009,Greece,Repeat,8,22341,LOVE GARLAND PAINTED ZINC,19.799999999999997,12,1
2009,Greece,Repeat,9,22342,HOME GARLAND PAINTED ZINC,19.799999999999997,12,1
2009,Greece,Repeat,10,35824C,"HANGING FLOWERS+MIRROR,CLEAR",17.88,12,1
2009,Italy,Repeat,1,79072,TEATIME CAKE TIN WITH HANDLE,71.6,8,1
2009,Italy,Repeat,2,21125,SET 6 FOOTBALL CELEBRATION CANDLES,30.0,24,1
2009,Italy,Repeat,3,21126,SET OF 6 GIRLS CELEBRATION CANDLES,30.0,24,1
2009,Italy,Repeat,4,22139,RETRO SPOT TEA SET CERAMIC 11 PC,29.700000000000003,6,1
2009,Italy,Repeat,5,22311,OFFICE MUG WARMER BLACK+SILVER,29.700000000000003,6,1
2009,Italy,Repeat,6,22312,OFFICE MUG WARMER POLKADOT,29.700000000000003,6,1
2009,Italy,Repeat,7,22314,OFFICE MUG WARMER CHOC+BLUE,29.700000000000003,6,1
2009,Italy,Repeat,8,21717,EASTER TIN BUCKET,20.4,8,1
2009,Italy,Repeat,9,70007,HI TEC ALPINE HAND WARMER,19.799999999999997,12,1
2009,Italy,Repeat,10,85063,CREAM SWEETHEART MAGAZINE RACK,16.95,1,1
2009,Netherlands,Repeat,1,85123A,WHITE HANGING HEART T-LIGHT HOLDER,1259.4,492,2
2009,Netherlands,Repeat,2,22149,FELTCRAFT 6 FLOWER FRIENDS,588.0,280,2
2009,Netherlands,Repeat,3,84836,ZINC METAL HEART DECORATION,472.92,444,3
2009,Netherlands,Repeat,4,22285,"DECORATION HEN ON NEST, HANGING",417.59999999999997,288,1
2009,Netherlands,Repeat,5,71477,COLOUR GLASS. STAR T-LIGHT HOLDER,396.0,144,1
2009,Netherlands,Repeat,6,35915A,CREAM KNITTED HEN,365.76,288,1
2009,Netherlands,Repeat,7,35915B,BLUE KNITTED HEN,365.76,288,1
2009,Netherlands,Repeat,8,35915C,PEACH KNITTED HEN,365.76,288,1
2009,Netherlands,Repeat,9,22292,"SPRING DEC , HANGING CHICK  YELLOW",360.0,288,1
2009,Netherlands,Repeat,10,21485,RED SPOT HEART HOT WATER BOTTLE,306.0,72,1
2009,Norway,One-time,1,POST,POSTAGE,120.0,3,1
2009,Norway,One-time,2,72756,FAIRY CAKE CANDLES,40.23,27,1
2009,Norway,One-time,3,84617,NEW BAROQUE BLACK BOXES,38.25,3,1
2009,Norway,One-time,4,84600,NEW BAROQUE JEWELLERY BOX,31.8,4,1
2009,Norway,One-time,5,84968E,S/16 VINTAGE BLACK CUTLERY,25.5,2,1
2009,Norway,One-time,6,84707A,SILVER JEWELLED MIRROR TRINKET TRAY,19.9,2,1
2009,Norway,One-time,7,21930,JUMBO STORAGE BAG SKULLS,19.5,10,1
2009,Norway,One-time,8,20689,RETRO SISTERS EXPRESSO CUPS,17.85,3,1
2009,Norway,One-time,9,20914,SET/5 RED SPOTTY LID GLASS BOWLS,17.700000000000003,6,1
2009,Norway,One-time,10,22194,BLACK DINER WALL CLOCK,17.0,2,1
2009,Poland,Repeat,1,22059,CERAMIC STRWBERRY DESIGN MUG,35.76,24,1
2009,Poland,Repeat,2,37448,CERAMIC CAKE DESIGN SPOTTED MUG,35.76,24,1
2009,Poland,Repeat,3,21232,STRAWBERRY CERAMIC TRINKET BOX,30.0,24,1
2009,Poland,Repeat,4,21700,BIG DOUGHNUT FRIDGE MAGNETS,20.4,24,1
2009,Poland,Repeat,5,22208,WOOD STAMP SET THANK YOU,19.799999999999997,12,1
2009,Poland,Repeat,6,22209,WOOD STAMP SET HAPPY BIRTHDAY,19.799999999999997,12,1
2009,Poland,Repeat,7,22210,WOOD STAMP SET BEST WISHES,19.799999999999997,12,1
2009,Poland,Repeat,8,37494A,FAIRY CAKE CERAMIC BUTTER DISH,17.700000000000003,6,1
2009,Poland,Repeat,9,47556B,TEA TIME TEA TOWELS,17.700000000000003,6,1
2009,Poland,Repeat,10,21428,SET3 BOOK BOX GREEN GINGHAM FLOWER,17.0,4,1
2009,Portugal,Repeat,1,20725,LUNCH BAG RED SPOTTY,161.5,110,2
2009,Portugal,Repeat,2,21430,SET/3 RED GINGHAM ROSE STORAGE BOX,81.36,24,1
2009,Portugal,Repeat,3,84879,ASSORTED COLOUR BIRD ORNAMENT,81.12,48,1
2009,Portugal,Repeat,4,21928,JUMBO BAG SCANDINAVIAN PAISLEY,78.0,40,2
2009,Portugal,Repeat,5,21929,JUMBO BAG PINK VINTAGE PAISLEY,78.0,40,2
2009,Portugal,Repeat,6,20750,RED/WHITE DOT MINI CASES,76.19999999999999,12,1
2009,Portugal,Repeat,7,22139,RETRO SPOT TEA SET CERAMIC 11 PC,74.25,15,2
2009,Portugal,Repeat,8,22356,"CHARLOTTE BAG , PINK/WHITE SPOTS",72.0,100,1
2009,Portugal,Repeat,9,20728,LUNCH BAG CARS BLUE,66.0,40,2
2009,Portugal,Repeat,10,21843,RETRO SPOT CAKE STAND,65.69999999999999,6,1
2009,Spain,Repeat,1,84997C,BLUE 3 PIECE MINI DOTS CUTLERY SET,732.24,216,1
2009,Spain,Repeat,2,84997D,PINK 3 PIECE MINI DOTS CUTLERY SET,732.24,216,1
2009,Spain,Repeat,3,84997B,RED 3 PIECE MINI DOTS CUTLERY SET,488.16,144,1
2009,Spain,Repeat,4,21217,RED SPOTTY ROUND CAKE TINS,214.79999999999998,24,2
2009,Spain,Repeat,5,22214,CANDLE PLATE LACE WHITE,201.60000000000002,96,2
2009,Spain,Repeat,6,POST,POSTAGE,196.0,7,2
2009,Spain,Repeat,7,79072,TEATIME CAKE TIN WITH HANDLE,143.2,16,2
2009,Spain,Repeat,8,21153,RED SPOTTY TABLECLOTH,127.80000000000001,12,2
2009,Spain,Repeat,9,47570,ENGLISH ROSE TABLE CLOTH,127.80000000000001,12,2
2009,Spain,Repeat,10,47570B,TEA TIME TABLE CLOTH,127.80000000000001,12,2
2009,Sweden,One-time,1,21731,RED TOADSTOOL LED NIGHT LIGHT,208.79999999999998,144,1
2009,Sweden,One-time,2,21252,SET OF MEADOW  FLOWER STICKERS,76.5,30,1
2009,Switzerland,Repeat,1,POST,POSTAGE,120.0,3,1
2009,Switzerland,Repeat,2,84997B,RED 3 PIECE MINI DOTS CUTLERY SET,90.0,24,1
2009,Switzerland,Repeat,3,84997C,BLUE 3 PIECE MINI DOTS CUTLERY SET,90.0,24,1
2009,Switzerland,Repeat,4,21731,RED TOADSTOOL LED NIGHT LIGHT,59.4,36,1
2009,Switzerland,Repeat,5,85099B,JUMBO BAG RED WHITE SPOTTY,39.0,20,1
2009,Switzerland,Repeat,6,20750,RED/WHITE DOT MINI CASES,31.8,4,1
2009,Switzerland,Repeat,7,21432,SET OF 3 CASES WOODLAND DESIGN,23.8,4,1
2009,Switzerland,Repeat,8,84997D,PINK 3 PIECE MINI DOTS CUTLERY SET,22.5,6,1
2009,Switzerland,Repeat,9,20675,BLUE SPOTTY BOWL,20.0,16,1
2009,Switzerland,Repeat,10,20676,RED SPOTTY BOWL,20.0,16,1
2009,USA,One-time,1,POST,POSTAGE,141.0,1,1
2009,United Arab Emirates,One-time,1,85072,OCCASIONS GIFT CARD ASSORTMENT,66.0,120,1
2009,United Arab Emirates,One-time,2,84826,ASSTD DESIGN 3D PAPER STICKERS,51.0,60,1
2009,United Arab Emirates,One-time,3,22093,MOTORING TISSUE BOX,38.160000000000004,36,1
2009,United Arab Emirates,One-time,4,11001,ASSTD DESIGN RACING CAR PEN,27.04,16,1
2009,United Arab Emirates,One-time,5,84414B,FUSCHIA/GREEN STRIPE WOOLLY BLANKET,18.95,1,1
2009,United Arab Emirates,One-time,6,16051,TEATIME PENCIL W STAMP ASST,15.12,36,1
2009,United Arab Emirates,One-time,7,84569A,PACK 3 IRON ON DOG PATCHES,15.0,12,1
2009,United Arab Emirates,One-time,8,84569B,PACK 3 FIRE ENGINE/CAR PATCHES,15.0,12,1
2009,United Arab Emirates,One-time,9,84569C,PACK 4 FLOWER/BUTTERFLY PATCHES,15.0,12,1
2009,United Arab Emirates,One-time,10,84569D,PACK 6 HEART/ICE-CREAM PATCHES,15.0,12,1
2009,United Kingdom,One-time,1,21217,RED SPOTTY ROUND CAKE TINS,352.04999999999995,39,4
2009,United Kingdom,One-time,2,22112,CHOCOLATE HOT WATER BOTTLE,336.6,68,10
2009,United Kingdom,One-time,3,85123A,WHITE HANGING HEART T-LIGHT HOLDER,324.5,110,16
2009,United Kingdom,One-time,4,85099B,JUMBO BAG RED WHITE SPOTTY,229.35,133,7
2009,United Kingdom,One-time,5,22114,HOT WATER BOTTLE TEA AND SYMPATHY,193.55,49,10
2009,United Kingdom,One-time,6,72741,GRAND CHOCOLATECANDLE,181.35,135,5
2009,United Kingdom,One-time,7,79323W,WHITE CHERRY LIGHTS,178.05,31,3
2009,United Kingdom,One-time,8,22111,SCOTTIE DOG HOT WATER BOTTLE,168.3,34,13
2009,United Kingdom,One-time,9,79341,WILLOW BRANCH LIGHTS.,157.8,28,2
2009,United Kingdom,One-time,10,21912,VINTAGE SNAKES & LADDERS,150.0,40,5
2009,United Kingdom,Repeat,1,85123A,WHITE HANGING HEART T-LIGHT HOLDER,14629.21,5533,250
2009,United Kingdom,Repeat,2,15056BL,EDWARDIAN PARASOL BLACK,7978.75,2065,57
2009,United Kingdom,Repeat,3,22086,PAPER CHAIN KIT 50'S CHRISTMAS,7466.8,2890,127
2009,United Kingdom,Repeat,4,84879,ASSORTED COLOUR BIRD ORNAMENT,7040.36,4484,89
2009,United Kingdom,Repeat,5,22111,SCOTTIE DOG HOT WATER BOTTLE,6147.3,1342,169
2009,United Kingdom,Repeat,6,85099B,JUMBO BAG RED WHITE SPOTTY,6049.35,3473,102
2009,United Kingdom,Repeat,7,85014B,RED/WHITE DOTS RUFFLED UMBRELLA,5668.35,1545,81
2009,United Kingdom,Repeat,8,20679,EDWARDIAN PARASOL RED,5614.9,1582,38
2009,United Kingdom,Repeat,9,79323W,WHITE CHERRY LIGHTS,5472.450000000001,939,93
2009,United Kingdom,Repeat,10,15056N,EDWARDIAN PARASOL NATURAL,5442.75,1545,38
2009,United Kingdom,Unknown,1,DOT,DOTCOM POSTAGE,18574.58,49,49
2009,United Kingdom,Unknown,2,22086,PAPER CHAIN KIT 50'S CHRISTMAS,2608.16,440,52
2009,United Kingdom,Unknown,3,22111,SCOTTIE DOG HOT WATER BOTTLE,1529.01,148,26
2009,United Kingdom,Unknown,4,35400,WOODEN BOX ADVENT CALENDAR,1188.75,69,23
2009,United Kingdom,Unknown,5,22114,HOT WATER BOTTLE TEA AND SYMPATHY,1179.6000000000001,138,31
2009,United Kingdom,Unknown,6,21098,CHRISTMAS TOILET ROLL,896.79,351,16
2009,United Kingdom,Unknown,7,21232,STRAWBERRY CERAMIC TRINKET BOX,804.27,315,27
2009,United Kingdom,Unknown,8,22112,CHOCOLATE HOT WATER BOTTLE,766.55,72,29
2009,United Kingdom,Unknown,9,21843,RETRO SPOT CAKE STAND,738.0,35,23
2009,United Kingdom,Unknown,10,84946,ANTIQUE SILVER TEA GLASS ETCHED,698.65,277,23
2010,Australia,One-time,1,22175,PINK OWL SOFT TOY,70.80000000000001,24,1
2010,Australia,One-time,2,22176,BLUE OWL SOFT TOY,70.80000000000001,24,1
2010,Australia,One-time,3,22622,BOX OF VINTAGE ALPHABET BLOCKS,59.699999999999996,6,1
2010,Australia,One-time,4,21790,VINTAGE SNAP CARDS,40.8,48,3
2010,Australia,One-time,5,22946,WOODEN ADVENT CALENDAR CREAM,33.9,2,1
2010,Australia,One-time,6,22474,SPACEBOY TV DINNER TRAY,29.700000000000003,6,1
2010,Australia,One-time,7,20692,FLORAL ELEPHANT SOFT TOY,25.5,6,1
2010,Australia,One-time,8,20695,FLORAL BLUE MONSTER,25.5,6,1
2010,Australia,One-time,9,21903,MAN FLU METAL SIGN,25.200000000000003,12,1
2010,Australia,One-time,10,21908,CHOCOLATE THIS WAY METAL SIGN,25.200000000000003,12,1
2010,Australia,Repeat,1,M,Manual,1133.45,5,5
2010,Australia,Repeat,2,22423,REGENCY CAKESTAND 3 TIER,952.5,86,3
2010,Australia,Repeat,3,48138,DOORMAT UNION FLAG,681.7,102,11
2010,Australia,Repeat,4,21217,RED SPOTTY ROUND CAKE TINS,606.65,67,3
2010,Australia,Repeat,5,84997D,PINK 3 PIECE POLKADOT CUTLERY SET,510.66,150,2
2010,Australia,Repeat,6,21035,SET/2 RED RETROSPOT TEA TOWELS,509.99999999999994,200,1
2010,Australia,Repeat,7,22630,DOLLY GIRL LUNCH BOX,492.59999999999997,292,2
2010,Australia,Repeat,8,21731,RED TOADSTOOL LED NIGHT LIGHT,476.99999999999994,324,4
2010,Australia,Repeat,9,22960,JAM MAKING SET WITH JARS,450.0,120,1
2010,Australia,Repeat,10,21121,SET/10 RED SPOTTY PARTY CANDLES,425.28000000000003,384,4
2010,Austria,Repeat,1,POST,POSTAGE,1640.0,41,18
2010,Austria,Repeat,2,M,Manual,260.0,2,2
2010,Austria,Repeat,3,84879,ASSORTED COLOUR BIRD ORNAMENT,189.28,112,3
2010,Austria,Repeat,4,22326,ROUND SNACK BOXES SET OF4 WOODLAND,177.00000000000003,60,4
2010,Austria,Repeat,5,85099B,RED RETROSPOT JUMBO BAG,156.0,80,3
2010,Austria,Repeat,6,15056N,EDWARDIAN PARASOL NATURAL,142.8,24,1
2010,Austria,Repeat,7,15056P,EDWARDIAN PARASOL PINK,142.8,24,1
2010,Austria,Repeat,8,22328,ROUND SNACK BOXES SET OF 4 FRUITS,141.60000000000002,48,3
2010,Austria,Repeat,9,21217,RED SPOTTY ROUND CAKE TINS,127.29999999999998,14,2
2010,Austria,Repeat,10,21124,SET/10 BLUE SPOTTY PARTY CANDLES,120.0,96,4
2010,Bahrain,Repeat,1,84797A,PINK HAWAIIAN PICNIC HAMPER FOR 4,59.400000000000006,12,1
2010,Bahrain,Repeat,2,84797B,BLUE SAVANNAH PICNIC HAMPER FOR 4,59.400000000000006,12,1
2010,Bahrain,Repeat,3,22649,STRAWBERRY FAIRY CAKE TEAPOT,39.6,8,1
2010,Bahrain,Repeat,4,22422,TOOTHPASTE TUBE PEN,39.0,60,2
2010,Bahrain,Repeat,5,20818,GOLD TEDDY BEAR,30.0,24,1
2010,Bahrain,Repeat,6,20819,SILVER TEDDY BEAR,30.0,24,1
2010,Bahrain,Repeat,7,20871,OPULENT VELVET SET/3 CANDLES,30.0,24,1
2010,Bahrain,Repeat,8,22513,DOORSTOP FOOTBALL DESIGN,30.0,8,1
2010,Bahrain,Repeat,9,37495,FAIRY CAKE BIRTHDAY CANDLE SET,30.0,8,1
2010,Bahrain,Repeat,10,22278,OVERNIGHT BAG VINTAGE ROSE PAISLEY,29.700000000000003,6,1
2010,Bahrain,Unknown,1,72802B,OCEAN SCENT CANDLE IN JEWELLED BOX,205.74,54,1
2010,Bahrain,Unknown,2,18097C,WHITE TALL PORCELAIN T-LIGHT HOLDER,202.5,102,2
2010,Bahrain,Unknown,3,20748,KENSINGTON COFFEE SET,127.5,10,2
2010,Bahrain,Unknown,4,20747,PICCADILLY TEA SET,119.6,8,1
2010,Bahrain,Unknown,5,72807B,SET/3 OCEAN SCENT CANDLE JEWEL BOX,102.0,24,3
2010,Bahrain,Unknown,6,35001G,HAND OPEN SHAPE GOLD,76.5,18,2
2010,Bahrain,Unknown,7,72807C,SET/3 VANILLA SCENTED CANDLE IN BOX,68.0,16,2
2010,Bahrain,Unknown,8,37476,CONDIMENT TRAY 4 BOWLS AND 4 SPOONS,50.94,6,1
2010,Bahrain,Unknown,9,20910,VINTAGE PHOTO ALBUM PARIS DAYS,38.099999999999994,6,2
2010,Bahrain,Unknown,10,37502,TEA TIME MUG IN GIFT BOX,35.400000000000006,12,1
2010,Belgium,One-time,1,POST,POSTAGE,315.0,21,3
2010,Belgium,One-time,2,22630,DOLLY GIRL LUNCH BOX,70.19999999999999,36,2
2010,Belgium,One-time,3,21523,DOORMAT FANCY FONT HOME SWEET HOME,67.5,10,1
2010,Belgium,One-time,4,48111,DOORMAT 3 SMILEY CATS,67.5,10,1
2010,Belgium,One-time,5,48138,DOORMAT UNION FLAG,67.5,10,1
2010,Belgium,One-time,6,48188,DOORMAT WELCOME PUPPIES,67.5,10,1
2010,Belgium,One-time,7,22846,BREAD BIN DINER STYLE RED,59.8,4,1
2010,Belgium,One-time,8,22847,BREAD BIN DINER STYLE IVORY,59.8,4,1
2010,Belgium,One-time,9,21217,RED RETROSPOT ROUND CAKE TINS,59.699999999999996,6,1
2010,Belgium,One-time,10,22626,BLACK KITCHEN SCALES,51.0,6,1
2010,Belgium,Repeat,1,POST,POSTAGE,2352.0,134,47
2010,Belgium,Repeat,2,M,Manual,1508.65,1,1
2010,Belgium,Repeat,3,22629,SPACEBOY LUNCH BOX,386.4,208,11
2010,Belgium,Repeat,4,22630,DOLLY GIRL LUNCH BOX,386.4,208,10
2010,Belgium,Repeat,5,21731,RED TOADSTOOL LED NIGHT LIGHT,336.59999999999997,204,9
2010,Belgium,Repeat,6,85232B,SET/3 RUSSIAN DOLL STACKING TINS,335.7,78,5
2010,Belgium,Repeat,7,22504,CABIN BAG VINTAGE RETROSPOT,247.84999999999997,11,4
2010,Belgium,Repeat,8,22551,PLASTERS IN TIN SPACEBOY,237.59999999999997,144,11
2010,Belgium,Repeat,9,20750,RED/WHITE DOT MINI CASES,235.2,32,5
2010,Belgium,Repeat,10,22326,ROUND SNACK BOXES SET OF4 WOODLAND,212.40000000000003,72,10
2010,Bermuda,Unknown,1,84568,GIRLS ALPHABET IRON ON PATCHES,241.92,1152,1
2010,Bermuda,Unknown,2,84598,BOYS ALPHABET IRON ON PATCHES,241.92,1152,1
2010,Bermuda,Unknown,3,22236,CAKE STAND 3 TIER MAGIC GARDEN,76.5,6,1
2010,Bermuda,Unknown,4,84997B,RED 3 PIECE MINI DOTS CUTLERY SET,45.0,12,1
2010,Bermuda,Unknown,5,84997C,BLUE 3 PIECE MINI DOTS CUTLERY SET,45.0,12,1
2010,Bermuda,Unknown,6,47591D,PINK FAIRY CAKE CHILD'S APRON,31.2,16,1
2010,Bermuda,Unknown,7,21561,DINOSAUR LUNCHBOX WITH CUTLERY,30.599999999999998,12,1
2010,Bermuda,Unknown,8,22353,LUNCHBOX WITH CUTLERY FAIRY CAKES,30.599999999999998,12,1
2010,Bermuda,Unknown,9,21913,VINTAGE SEASIDE JIGSAW PUZZLES,30.0,8,1
2010,Bermuda,Unknown,10,22617,BAKING SET SPACEBOY DESIGN,29.700000000000003,6,1
2010,Brazil,One-time,1,20839,FRENCH PAISLEY CUSHION COVER,17.700000000000003,6,1
2010,Brazil,One-time,2,22372,AIRLINE BAG VINTAGE WORLD CHAMPION,17.0,4,1
2010,Brazil,One-time,3,84620,BLUE GINGHAM ROSE CUSHION COVER,11.9,2,1
2010,Brazil,One-time,4,84970S,HANGING HEART ZINC T-LIGHT HOLDER,10.2,12,1
2010,Brazil,One-time,5,84879,ASSORTED COLOUR BIRD ORNAMENT,10.14,6,1
2010,Brazil,One-time,6,21812,GARLAND WITH HEARTS AND BELLS,9.9,2,1
2010,Brazil,One-time,7,85062,PEARL CRYSTAL PUMPKIN T-LIGHT HLDR,9.899999999999999,6,1
2010,Brazil,One-time,8,21324,HANGING MEDINA LANTERN SMALL,8.850000000000001,3,1
2010,Brazil,One-time,9,22115,METAL SIGN EMPIRE TEA,8.850000000000001,3,1
2010,Brazil,One-time,10,85123A,WHITE HANGING HEART T-LIGHT HOLDER,8.850000000000001,3,1
2010,Canada,Repeat,1,21584,RETROSPOT SMALL TUBE MATCHES,33.0,20,1
2010,Canada,Repeat,2,21156,RETROSPOT CHILDRENS APRON,31.2,16,1
2010,Canada,Repeat,3,21846,PINK DIAMANTE PEN IN GIFT BOX,30.0,24,1
2010,Canada,Repeat,4,21242,RED RETROSPOT PLATE,27.04,16,1
2010,Canada,Repeat,5,21243,PINK  POLKADOT PLATE,27.04,16,1
2010,Canada,Repeat,6,21244,BLUE POLKADOT PLATE,27.04,16,1
2010,Canada,Repeat,7,21577,SAVE THE PLANET COTTON TOTE BAG,27.0,12,1
2010,Canada,Repeat,8,22632,HAND WARMER RED RETROSPOT,25.200000000000003,12,1
2010,Canada,Repeat,9,21114,LAVENDER SCENTED FABRIC HEART,25.0,20,1
2010,Canada,Repeat,10,22449,SILK PURSE BABUSHKA PINK,20.1,6,1
2010,Channel Islands,One-time,1,22584,PACK OF 6 PANNETONE GIFT BOXES,61.199999999999996,24,1
2010,Channel Islands,One-time,2,22812,PACK 3 BOXES CHRISTMAS PANNETONE,46.8,24,1
2010,Channel Islands,One-time,3,22813,PACK 3 BOXES BIRD PANNETONE,46.8,24,1
2010,Channel Islands,One-time,4,21430,SET/3 RED GINGHAM ROSE STORAGE BOX,45.0,12,1
2010,Channel Islands,One-time,5,22741,FUNKY DIVA PEN,40.8,48,1
2010,Channel Islands,One-time,6,22906,12 MESSAGE CARDS WITH ENVELOPES,39.599999999999994,24,1
2010,Channel Islands,One-time,7,20914,SET/5 RED SPOTTY LID GLASS BOWLS,35.400000000000006,12,1
2010,Channel Islands,One-time,8,22303,COFFEE MUG APPLES DESIGN,30.599999999999998,12,1
2010,Channel Islands,One-time,9,22734,SET OF 6 RIBBONS VINTAGE CHRISTMAS,30.599999999999998,12,1
2010,Channel Islands,One-time,10,22332,SKULLS PARTY BAG + STICKER SET,26.4,16,1
2010,Channel Islands,Repeat,1,51008,AFGHAN SLIPPER SOCK PAIR,1770.0,600,4
2010,Channel Islands,Repeat,2,22386,JUMBO BAG PINK WITH WHITE SPOTS,534.0,320,4
2010,Channel Islands,Repeat,3,85099B,RED RETROSPOT JUMBO BAG,534.0,320,4
2010,Channel Islands,Repeat,4,21928,JUMBO BAG SCANDINAVIAN PAISLEY,514.5,310,3
2010,Channel Islands,Repeat,5,21929,JUMBO BAG PINK VINTAGE PAISLEY,349.5,210,3
2010,Channel Islands,Repeat,6,22411,JUMBO SHOPPER VINTAGE RED PAISLEY,349.5,210,2
2010,Channel Islands,Repeat,7,85099C,JUMBO  BAG BAROQUE BLACK WHITE,330.0,200,1
2010,Channel Islands,Repeat,8,22828,REGENCY MIRROR WITH SHUTTERS,290.0,2,1
2010,Channel Islands,Repeat,9,22423,REGENCY CAKESTAND 3 TIER,267.75,21,7
2010,Channel Islands,Repeat,10,21737,SET 3 WICKER LOG BASKETS,215.39999999999998,12,3
2010,Cyprus,One-time,1,84879,ASSORTED COLOUR BIRD ORNAMENT,175.76,104,1
2010,Cyprus,One-time,2,21135,VICTORIAN  METAL POSTCARD SPRING,162.24,96,1
2010,Cyprus,One-time,3,21136,PAINTED METAL PEARS ASSORTED,162.24,96,1
2010,Cyprus,One-time,4,37503,TEA TIME CAKE STAND IN GIFT BOX,119.39999999999999,12,1
2010,Cyprus,One-time,5,21667,GLASS CAKE COVER AND PLATE,89.69999999999999,6,1
2010,Cyprus,One-time,6,22061,LARGE CAKE STAND  HANGING STRAWBERY,79.6,8,1
2010,Cyprus,One-time,7,22198,"POPCORN HOLDER , LARGE",72.5,50,1
2010,Cyprus,One-time,8,47556B,TEA TIME TEA TOWELS,70.80000000000001,24,1
2010,Cyprus,One-time,9,37449,CERAMIC CAKE STAND + HANGING CAKES,68.0,8,1
2010,Cyprus,One-time,10,48187,DOOR MAT NEW ENGLAND,63.5,10,1
2010,Cyprus,Repeat,1,22423,REGENCY CAKESTAND 3 TIER,567.15,49,6
2010,Cyprus,Repeat,2,85123A,WHITE HANGING HEART T-LIGHT HOLDER,505.34999999999997,193,6
2010,Cyprus,Repeat,3,47480,HANGING PHOTO CLIP ROPE LADDER,278.4,192,1
2010,Cyprus,Repeat,4,21733,RED HANGING HEART T-LIGHT HOLDER,236.95,89,4
2010,Cyprus,Repeat,5,82482,WOODEN PICTURE FRAME WHITE FINISH,161.4,76,2
2010,Cyprus,Repeat,6,21769,VINTAGE POST OFFICE CABINET,159.9,2,2
2010,Cyprus,Repeat,7,21340,CLASSIC METAL BIRDCAGE PLANT HOLDER,159.2,16,1
2010,Cyprus,Repeat,8,21763,VINTAGE WOODEN BAR STOOL,103.8,4,1
2010,Cyprus,Repeat,9,22485,SET OF 2 WOODEN MARKET CRATES,102.0,8,2
2010,Cyprus,Repeat,10,21843,RETRO SPOT CAKE STAND,76.64999999999999,7,4
2010,Denmark,Repeat,1,85220,SMALL FAIRY CAKE FRIDGE MAGNETS,6467.599999999999,11960,2
2010,Denmark,Repeat,2,37410,BLACK AND WHITE PAISLEY FLOWER MUG,2516.4,25164,2
2010,Denmark,Repeat,3,21091,SET/6 WOODLAND PAPER PLATES,1296.0,12960,1
2010,Denmark,Repeat,4,21099,SET/6 STRAWBERRY PAPER CUPS,1296.0,12960,1
2010,Denmark,Repeat,5,21085,SET/6 WOODLAND PAPER CUPS,1274.4,12744,1
2010,Denmark,Repeat,6,21092,SET/6 STRAWBERRY PAPER PLATES,1248.0,12480,1
2010,Denmark,Repeat,7,47503E,ASS FLORAL PRINT SCISSORS,1004.4,6696,1
2010,Denmark,Repeat,8,85198,ASSORTED FARMYARD ANIMALS IN BUCKET,993.5999999999999,3312,1
2010,Denmark,Repeat,9,20993,JAZZ HEARTS MEMO PAD,931.2,9312,1
2010,Denmark,Repeat,10,47503K,ASSORTED FLORAL SECATEURS,864.0,2880,1
2010,EIRE,One-time,1,ADJUST,Adjustment by john on 26/01/2010 16,107.14,1,1
2010,EIRE,Repeat,1,M,Manual,15380.52,21,21
2010,EIRE,Repeat,2,22423,REGENCY CAKESTAND 3 TIER,7831.5,682,71
2010,EIRE,Repeat,3,20914,SET/5 RED SPOTTY LID GLASS BOWLS,5095.2,1968,35
2010,EIRE,Repeat,4,C2,CARRIAGE,4200.0,84,84
2010,EIRE,Repeat,5,20685,RED SPOTTY COIR DOORMAT,3390.82,530,18
2010,EIRE,Repeat,6,21181,PLEASE ONE PERSON METAL SIGN,3320.4,1764,22
2010,EIRE,Repeat,7,21166,COOK WITH WINE METAL SIGN,3215.16,1860,26
2010,EIRE,Repeat,8,48129,DOORMAT TOPIARY,3117.12,488,26
2010,EIRE,Repeat,9,21843,RETRO SPOT CAKE STAND,3107.7,286,33
2010,EIRE,Repeat,10,21524,SPOTTY  HOME SWEET HOME DOORMAT,2836.03,443,30
2010,EIRE,Unknown,1,M,Manual,626.35,1,1
2010,EIRE,Unknown,2,85123A,WHITE HANGING HEART T-LIGHT HOLDER,469.95,181,7
2010,EIRE,Unknown,3,C2,CARRIAGE,415.0,9,9
2010,EIRE,Unknown,4,22423,REGENCY CAKESTAND 3 TIER,404.7,34,7
2010,EIRE,Unknown,5,22624,IVORY KITCHEN SCALES,353.6,44,7
2010,EIRE,Unknown,6,22625,RED KITCHEN SCALES,336.6,42,6
2010,EIRE,Unknown,7,15056N,EDWARDIAN PARASOL NATURAL,273.7,46,6
2010,EIRE,Unknown,8,22837,HOT WATER BOTTLE BABUSHKA,241.8,52,5
2010,EIRE,Unknown,9,15056BL,EDWARDIAN PARASOL BLACK,238.00000000000003,40,3
2010,EIRE,Unknown,10,ADJUST,Adjustment by john on 26/01/2010 16,227.01999999999998,2,2
2010,Finland,One-time,1,ADJUST,Adjustment by john on 26/01/2010 16,63.24,1,1
2010,Finland,Repeat,1,POST,POSTAGE,641.0,17,8
2010,Finland,Repeat,2,84997D,PINK 3 PIECE MINI DOTS CUTLERY SET,311.58000000000004,90,4
2010,Finland,Repeat,3,84997C,BLUE 3 PIECE MINI DOTS CUTLERY SET,270.0,72,5
2010,Finland,Repeat,4,84997A,GREEN 3 PIECE MINI DOTS CUTLERY SET,180.0,48,3
2010,Finland,Repeat,5,22946,WOODEN ADVENT CALENDAR CREAM,153.0,12,1
2010,Finland,Repeat,6,21211,SET OF 72 SKULL PAPER  DOILIES,139.2,96,3
2010,Finland,Repeat,7,85014B,RED/WHITE DOTS RUFFLED UMBRELLA,124.95000000000002,21,3
2010,Finland,Repeat,8,22139,RETRO SPOT TEA SET CERAMIC 11 PC,103.95000000000002,21,4
2010,Finland,Repeat,9,21977,PACK OF 60 PINK PAISLEY CAKE CASES,103.2,216,4
2010,Finland,Repeat,10,22952,72 CAKE CASES VINTAGE CHRISTMAS,103.2,216,3
2010,France,One-time,1,ADJUST,Adjustment by john on 26/01/2010 16,56.73,1,1
2010,France,One-time,2,POST,POSTAGE,54.0,3,3
2010,France,One-time,3,20665,RED SPOTTY PURSE,35.400000000000006,12,2
2010,France,One-time,4,20750,RED/WHITE DOT MINI CASES,31.8,4,2
2010,France,One-time,5,85047,WHITE BEADED GARLAND STRING 20LIGHT,31.75,5,1
2010,France,One-time,6,47566B,TEA TIME PARTY BUNTING,23.25,5,1
2010,France,One-time,7,21218,RED SPOTTY BISCUIT TIN,22.5,6,1
2010,France,One-time,8,21529,RED RETROSPOT TOASTRACK,20.700000000000003,6,1
2010,France,One-time,9,21080,SET/20 RED SPOTTY PAPER NAPKINS,20.4,24,1
2010,France,One-time,10,21284,RETRO SPOT CANDLE  SMALL,20.28,12,1
2010,France,Repeat,1,POST,POSTAGE,9162.0,491,168
2010,France,Repeat,2,M,Manual,5020.7,3,3
2010,France,Repeat,3,21731,RED TOADSTOOL LED NIGHT LIGHT,2217.6,1344,61
2010,France,Repeat,4,22326,ROUND SNACK BOXES SET OF4 WOODLAND,1982.3500000000001,685,51
2010,France,Repeat,5,85184D,S/4 BLUE ROUND DECOUPAGE BOXES,1653.12,3936,1
2010,France,Repeat,6,84879,ASSORTED COLOUR BIRD ORNAMENT,1628.8799999999999,1032,15
2010,France,Repeat,7,20750,RED/WHITE DOT MINI CASES,1596.0,208,53
2010,France,Repeat,8,22090,PAPER BUNTING RETROSPOT,1542.9,582,28
2010,France,Repeat,9,22352,LUNCHBOX WITH CUTLERY RETROSPOT,1476.4499999999998,579,60
2010,France,Repeat,10,22467,GUMBALL COAT RACK,1347.9,626,13
2010,France,Unknown,1,22893,MINI CAKE STAND T-LIGHT HOLDER,110.88,264,2
2010,France,Unknown,2,84836,ZINC METAL HEART DECORATION,105.0,84,2
2010,France,Unknown,3,21731,RED TOADSTOOL LED NIGHT LIGHT,59.39999999999999,36,2
2010,France,Unknown,4,21135,VICTORIAN  METAL POSTCARD SPRING,54.08,32,3
2010,France,Unknown,5,22778,GLASS CLOCHE SMALL,47.4,12,1
2010,France,Unknown,6,22575,METAL MERRY CHRISTMAS WREATH,46.8,24,2
2010,France,Unknown,7,22597,CHRISTMAS MUSICAL ZINC HEART,40.8,48,3
2010,France,Unknown,8,22457,NATURAL SLATE HEART CHALKBOARD,35.400000000000006,12,1
2010,France,Unknown,9,22255,FELT TOADSTOOL  SMALL,30.599999999999998,36,1
2010,France,Unknown,10,22488,NATURAL SLATE RECTANGLE CHALKBOARD,29.699999999999996,18,2
2010,Germany,One-time,1,POST,POSTAGE,342.0,19,7
2010,Germany,One-time,2,21621,VINTAGE UNION JACK BUNTING,204.0,24,1
2010,Germany,One-time,3,22084,PAPER CHAIN KIT EMPIRE,204.0,80,1
2010,Germany,One-time,4,21590,KINGS CHOICE CIGAR BOX MATCHES,152.64000000000001,144,1
2010,Germany,One-time,5,21878,PACK OF 6 SANDCASTLE FLAGS ASSORTED,144.0,200,1
2010,Germany,One-time,6,21622,VINTAGE UNION JACK CUSHION COVER,118.80000000000001,24,1
2010,Germany,One-time,7,21586,KINGS CHOICE GIANT TUBE MATCHES,100.80000000000001,48,1
2010,Germany,One-time,8,21615,4 LAVENDER BOTANICAL DINNER CANDLES,90.0,24,1
2010,Germany,One-time,9,21620,S/4 ROSE    BOTANICAL  CANDLE,90.0,24,1
2010,Germany,One-time,10,22612,TEA COSY VINTAGE UNION JACK,81.36,24,1
2010,Germany,Repeat,1,POST,POSTAGE,18086.2,979,262
2010,Germany,Repeat,2,22423,REGENCY CAKESTAND 3 TIER,5490.45,495,37
2010,Germany,Repeat,3,22326,ROUND SNACK BOXES SET OF4 WOODLAND,4409.950000000001,1573,103
2010,Germany,Repeat,4,22328,ROUND SNACK BOXES SET OF 4 FRUITS,2679.85,967,68
2010,Germany,Repeat,5,21731,RED TOADSTOOL LED NIGHT LIGHT,1801.7999999999997,1092,62
2010,Germany,Repeat,6,20685,RED SPOTTY COIR DOORMAT,1564.65,239,23
2010,Germany,Repeat,7,85232B,SET/3 RUSSIAN DOLL STACKING TINS,1297.0500000000002,279,35
2010,Germany,Repeat,8,22625,RED KITCHEN SCALES,1295.4,162,27
2010,Germany,Repeat,9,22467,GUMBALL COAT RACK,1271.7,558,32
2010,Germany,Repeat,10,20712,JUMBO BAG WOODLAND ANIMALS,1246.5,670,32
2010,Greece,One-time,1,21314,SMALL GLASS HEART TRINKET POT,88.80000000000001,48,1
2010,Greece,One-time,2,22649,STRAWBERRY FAIRY CAKE TEAPOT,39.6,8,1
2010,Greece,One-time,3,22423,REGENCY CAKESTAND 3 TIER,38.25,3,1
2010,Greece,One-time,4,85065,CREAM SWEETHEART TRAYS,38.25,3,1
2010,Greece,One-time,5,35832,WOOLLY HAT SOCK GLOVE ADVENT STRING,35.400000000000006,12,1
2010,Greece,One-time,6,21390,FILIGRIS HEART WITH BUTTERFLY,30.0,24,1
2010,Greece,One-time,7,22294,HEART FILIGREE DOVE  SMALL,30.0,24,1
2010,Greece,One-time,8,21812,GARLAND WITH HEARTS AND BELLS,29.700000000000003,6,1
2010,Greece,One-time,9,21813,GARLAND WITH STARS AND BELLS,29.700000000000003,6,1
2010,Greece,One-time,10,22424,ENAMEL BREAD BIN CREAM,25.5,2,1
2010,Greece,Repeat,1,85123A,WHITE HANGING HEART T-LIGHT HOLDER,408.0,160,3
2010,Greece,Repeat,2,21524,SPOTTY  HOME SWEET HOME DOORMAT,396.9,62,4
2010,Greece,Repeat,3,48188,DOORMAT WELCOME PUPPIES,352.38,54,5
2010,Greece,Repeat,4,48129,DOORMAT TOPIARY,277.9,42,3
2010,Greece,Repeat,5,22366,DOORMAT AIRMAIL,262.0,40,2
2010,Greece,Repeat,6,20747,PICCADILLY TEA SET,229.5,18,1
2010,Greece,Repeat,7,20748,KENSINGTON COFFEE SET,197.1,18,1
2010,Greece,Repeat,8,21523,FANCY FONT HOME SWEET HOME DOORMAT,186.5,30,2
2010,Greece,Repeat,9,22215,CAKE STAND WHITE TWO TIER LACE,183.60000000000002,24,2
2010,Greece,Repeat,10,21667,GLASS CAKE COVER AND PLATE,179.39999999999998,12,1
2010,Hong Kong,Unknown,1,M,Manual,4280.26,2,2
2010,Hong Kong,Unknown,2,84997B,RED 3 PIECE MINI DOTS CUTLERY SET,244.08,72,1
2010,Hong Kong,Unknown,3,84997C,BLUE 3 PIECE MINI DOTS CUTLERY SET,244.08,72,1
2010,Hong Kong,Unknown,4,84997D,PINK 3 PIECE MINI DOTS CUTLERY SET,244.08,72,1
2010,Hong Kong,Unknown,5,22551,PLASTERS IN TIN SPACEBOY,159.0,108,2
2010,Hong Kong,Unknown,6,22554,PLASTERS IN TIN WOODLAND ANIMALS,159.0,108,2
2010,Hong Kong,Unknown,7,22326,ROUND SNACK BOXES SET OF4 WOODLAND,140.1,54,2
2010,Hong Kong,Unknown,8,21242,RED SPOTTY PLATE,139.2,96,1
2010,Hong Kong,Unknown,9,21243,PINK  SPOTTY PLATE,139.2,96,1
2010,Hong Kong,Unknown,10,21244,BLUE  SPOTTY PLATE,139.2,96,1
2010,Iceland,Repeat,1,84558A,3D DOG PICTURE PLAYING CARDS,88.50000000000001,30,2
2010,Iceland,Repeat,2,20780,BLACK EAR MUFF HEADPHONES,55.800000000000004,12,1
2010,Iceland,Repeat,3,71477,COLOUR GLASS. STAR T-LIGHT HOLDER,39.0,12,1
2010,Iceland,Repeat,4,22423,REGENCY CAKESTAND 3 TIER,38.25,3,1
2010,Iceland,Repeat,5,85167B,BLACK GRAND BAROQUE PHOTO FRAME,37.5,30,1
2010,Iceland,Repeat,6,21064,BOOM BOX SPEAKER BOYS,35.7,6,1
2010,Iceland,Repeat,7,20782,CAMOUFLAGE EAR MUFF HEADPHONES,32.94,6,1
2010,Iceland,Repeat,8,22331,WOODLAND PARTY BAG + STICKER SET,26.4,16,1
2010,Iceland,Repeat,9,84969,BOX OF 6 ASSORTED COLOUR TEASPOONS,25.5,6,1
2010,Iceland,Repeat,10,47599A,PINK PARTY BAGS,25.200000000000003,12,1
2010,Israel,One-time,1,48187,DOORMAT NEW ENGLAND,202.5,30,1
2010,Israel,One-time,2,22191,IVORY DINER WALL CLOCK,183.60000000000002,24,1
2010,Israel,One-time,3,22474,SPACEBOY TV DINNER TRAY,136.0,32,1
2010,Israel,One-time,4,22192,BLUE DINER WALL CLOCK,91.80000000000001,12,1
2010,Israel,One-time,5,84792,ENCHANTED BIRD COATHANGER 5 HOOK,91.44,24,1
2010,Israel,One-time,6,22690,DOORMAT HOME SWEET HOME BLUE,67.5,10,1
2010,Israel,One-time,7,22358,KINGS CHOICE TEA CADDY,35.400000000000006,12,1
2010,Israel,One-time,8,22457,NATURAL SLATE HEART CHALKBOARD,35.400000000000006,12,1
2010,Israel,One-time,9,82482,WOODEN PICTURE FRAME WHITE FINISH,30.599999999999998,12,1
2010,Israel,One-time,10,22670,FRENCH WC SIGN BLUE METAL,30.0,24,1
2010,Israel,Repeat,1,21361,LOVE LARGE WOOD LETTERS,197.1,18,1
2010,Israel,Repeat,2,22423,REGENCY CAKESTAND 3 TIER,175.2,16,1
2010,Israel,Repeat,3,22427,ENAMEL FLOWER JUG CREAM,130.8,24,1
2010,Israel,Repeat,4,21217,RED SPOTTY ROUND CAKE TINS,107.39999999999999,12,1
2010,Israel,Repeat,5,85232B,SET/3 RUSSIAN DOLL STACKING TINS,102.0,24,1
2010,Israel,Repeat,6,85232D,SET/3 DECOUPAGE STACKING TINS,102.0,24,1
2010,Israel,Repeat,7,20749,ASSORTED COLOUR MINI CASES,76.19999999999999,12,1
2010,Israel,Repeat,8,20750,RED/WHITE DOT MINI CASES,76.19999999999999,12,1
2010,Israel,Repeat,9,22507,MEMO BOARD RETROSPOT  DESIGN,68.0,16,1
2010,Israel,Repeat,10,22483,RED GINGHAM TEDDY BEAR,61.199999999999996,24,1
2010,Italy,One-time,1,POST,POSTAGE,301.0,10,3
2010,Italy,One-time,2,84997C,BLUE 3 PIECE POLKADOT CUTLERY SET,45.0,12,1
2010,Italy,One-time,3,84997D,PINK 3 PIECE POLKADOT CUTLERY SET,45.0,12,1
2010,Italy,One-time,4,22551,PLASTERS IN TIN SPACEBOY,39.599999999999994,24,2
2010,Italy,One-time,5,22556,PLASTERS IN TIN CIRCUS PARADE,39.599999999999994,24,2
2010,Italy,One-time,6,21688,SILVER PLATE CANDLE BOWL SMALL,35.400000000000006,12,1
2010,Italy,One-time,7,21693,SMALL HAMMERED SILVER CANDLEPOT,35.400000000000006,12,1
2010,Italy,One-time,8,22636,CHILDS BREAKFAST SET CIRCUS PARADE,34.0,4,1
2010,Italy,One-time,9,22752,SET 7 BABUSHKA NESTING BOXES,34.0,4,1
2010,Italy,One-time,10,22946,WOODEN ADVENT CALENDAR CREAM,33.9,2,1
2010,Italy,Repeat,1,POST,POSTAGE,1328.0,26,12
2010,Italy,Repeat,2,10002,INFLATABLE POLITICAL GLOBE,267.0,360,3
2010,Italy,Repeat,3,51014A,"FEATHER PEN,HOT PINK",163.2,192,2
2010,Italy,Repeat,4,22847,BREAD BIN DINER STYLE IVORY,153.5,10,2
2010,Italy,Repeat,5,47567B,TEA TIME KITCHEN APRON,142.8,24,2
2010,Italy,Repeat,6,84078A,SET/4 WHITE RETRO STORAGE CUBES,139.8,4,1
2010,Italy,Repeat,7,37500,TEA TIME TEAPOT IN GIFT BOX,121.78,14,2
2010,Italy,Repeat,8,21843,RED RETROSPOT CAKE STAND,109.5,10,3
2010,Italy,Repeat,9,20719,WOODLAND CHARLOTTE BAG,106.0,140,4
2010,Italy,Repeat,10,22355,CHARLOTTE BAG SUKI DESIGN,106.0,140,4
2010,Japan,One-time,1,22078,RIBBON REEL LACE DESIGN,21.0,10,1
2010,Japan,One-time,2,22074,6 RIBBONS SHIMMERING PINKS,19.799999999999997,12,1
2010,Japan,One-time,3,22077,6 RIBBONS RUSTIC CHARM,19.799999999999997,12,1
2010,Japan,One-time,4,22509,SEWING BOX RETROSPOT DESIGN,16.95,1,1
2010,Japan,One-time,5,22081,RIBBON REEL FLORA + FAUNA,16.5,10,1
2010,Japan,One-time,6,85049D,BRIGHT BLUES RIBBONS,15.0,12,1
2010,Japan,One-time,7,85049G,CHOCOLATE BOX RIBBONS,15.0,12,1
2010,Japan,One-time,8,85178,VICTORIAN SEWING KIT,15.0,12,1
2010,Japan,One-time,9,85032A,ROMANTIC IMAGES GIFT WRAP SET,12.600000000000001,6,1
2010,Japan,One-time,10,85032B,BLOSSOM IMAGES GIFT WRAP SET,12.600000000000001,6,1
2010,Japan,Repeat,1,22328,ROUND SNACK BOXES SET OF 4 FRUITS,3820.95,1497,5
2010,Japan,Repeat,2,21787,RAIN PONCHO RETROSPOT,280.8,432,1
2010,Japan,Repeat,3,22491,PACK OF 12 COLOURED PENCILS,207.35999999999999,288,1
2010,Japan,Repeat,4,85176,SEWING SUSAN 21 NEEDLE SET,184.32,288,1
2010,Japan,Repeat,5,20725,LUNCH BAG RED SPOTTY,166.45,113,3
2010,Japan,Repeat,6,21936,RED/WHITE SPOT PICNIC BAG,165.85,63,3
2010,Japan,Repeat,7,21937,STRAWBERRY   PICNIC BAG,165.85,63,3
2010,Japan,Repeat,8,21054,NURSE'S BAG SOFT TOY,159.0,20,1
2010,Japan,Repeat,9,21056,DOCTOR'S BAG SOFT TOY,159.0,20,1
2010,Japan,Repeat,10,84988,SET OF 72 PINK HEART PAPER DOILIES,154.8,120,2
2010,Korea,One-time,1,21201,TROPICAL  HONEYCOMB PAPER GARLAND,100.80000000000001,48,1
2010,Korea,One-time,2,84347,ROTATING SILVER ANGELS T-LIGHT HLDR,61.199999999999996,24,1
2010,Korea,One-time,3,85174,S/4 CACTI CANDLES,59.400000000000006,12,2
2010,Korea,One-time,4,22812,PACK 3 BOXES CHRISTMAS PANNETONE,46.8,24,1
2010,Korea,One-time,5,47590A,BLUE HAPPY BIRTHDAY BUNTING,32.7,6,1
2010,Korea,One-time,6,47590B,PINK HAPPY BIRTHDAY BUNTING,32.7,6,1
2010,Korea,One-time,7,21369,MIRRORED WALL ART SPLODGES,30.0,24,1
2010,Korea,One-time,8,21374,MIRRORED WALL ART SKULLS,30.0,24,1
2010,Korea,One-time,9,22492,MINI PAINT SET VINTAGE,23.400000000000002,36,1
2010,Korea,One-time,10,21467,CHERRY CROCHET FOOD COVER,22.5,6,1
2010,Lebanon,Unknown,1,84078A,SET/4 WHITE RETRO STORAGE CUBES,39.95,1,1
2010,Lebanon,Unknown,2,22553,PLASTERS IN TIN SKULLS,19.799999999999997,12,1
2010,Lebanon,Unknown,3,22557,PLASTERS IN TIN VINTAGE PAISLEY,19.799999999999997,12,1
2010,Lebanon,Unknown,4,22327,ROUND SNACK BOXES SET OF 4 SKULLS,17.700000000000003,6,1
2010,Lebanon,Unknown,5,20727,LUNCH BAG  BLACK SKULL.,16.5,10,1
2010,Lebanon,Unknown,6,22384,LUNCH BAG PINK RETROSPOT,16.5,10,1
2010,Lebanon,Unknown,7,20749,ASSORTED COLOUR MINI CASES,15.9,2,1
2010,Lebanon,Unknown,8,22139,RETRO SPOT TEA SET CERAMIC 11 PC,14.850000000000001,3,1
2010,Lebanon,Unknown,9,22473,TV DINNER TRAY VINTAGE PAISLEY,14.850000000000001,3,1
2010,Lebanon,Unknown,10,22475,SKULL DESIGN TV DINNER TRAY,14.850000000000001,3,1
2010,Lithuania,Repeat,1,22750,FELTCRAFT PRINCESS LOLA DOLL,180.0,48,3
2010,Lithuania,Repeat,2,20967,GREY FLORAL FELTCRAFT SHOULDER BAG,165.0,44,3
2010,Lithuania,Repeat,3,22751,FELTCRAFT PRINCESS OLIVIA DOLL,165.0,44,3
2010,Lithuania,Repeat,4,15056BL,EDWARDIAN PARASOL BLACK,160.65,27,3
2010,Lithuania,Repeat,5,15056N,EDWARDIAN PARASOL NATURAL,160.65,27,3
2010,Lithuania,Repeat,6,20679,EDWARDIAN PARASOL RED,160.65,27,3
2010,Lithuania,Repeat,7,22271,FELTCRAFT DOLL ROSIE,157.8,60,2
2010,Lithuania,Repeat,8,22568,FELTCRAFT CUSHION OWL,141.36,40,3
2010,Lithuania,Repeat,9,22569,FELTCRAFT CUSHION BUTTERFLY,135.0,36,3
2010,Lithuania,Repeat,10,22306,SILVER MUG BONE CHINA TREE OF LIFE,118.8,72,2
2010,Malta,Repeat,1,M,Manual,2686.75,2,2
2010,Malta,Repeat,2,85178,VICTORIAN SEWING KIT,122.39999999999999,144,1
2010,Malta,Repeat,3,72741,GRAND CHOCOLATECANDLE,90.0,72,1
2010,Malta,Repeat,4,22423,REGENCY CAKESTAND 3 TIER,63.75,5,1
2010,Malta,Repeat,5,21790,VINTAGE SNAP CARDS,51.839999999999996,72,1
2010,Malta,Repeat,6,22300,COFFEE MUG DOG + BALL DESIGN,45.9,18,2
2010,Malta,Repeat,7,22301,COFFEE MUG CAT + BIRD DESIGN,45.9,18,2
2010,Malta,Repeat,8,37501,TEA TIME TEA SET IN GIFT BOX,41.7,6,2
2010,Malta,Repeat,9,22649,STRAWBERRY FAIRY CAKE TEAPOT,39.6,8,1
2010,Malta,Repeat,10,22697,GREEN REGENCY TEACUP AND SAUCER,35.400000000000006,12,1
2010,Netherlands,One-time,1,POST,POSTAGE,225.0,15,6
2010,Netherlands,One-time,2,21731,RED TOADSTOOL LED NIGHT LIGHT,118.79999999999998,72,2
2010,Netherlands,One-time,3,21914,BLUE HARMONICA IN BOX,75.0,60,2
2010,Netherlands,One-time,4,21915,RED  HARMONICA IN BOX,75.0,60,2
2010,Netherlands,One-time,5,22087,PAPER BUNTING WHITE LACE,70.80000000000001,24,1
2010,Netherlands,One-time,6,22088,PAPER BUNTING COLOURED LACE,70.80000000000001,24,1
2010,Netherlands,One-time,7,22089,PAPER BUNTING VINTAGE PAISLEY,70.80000000000001,24,1
2010,Netherlands,One-time,8,22090,PAPER BUNTING RETRO SPOTS,70.80000000000001,24,1
2010,Netherlands,One-time,9,20711,JUMBO BAG TOYS,58.5,30,1
2010,Netherlands,One-time,10,21929,JUMBO BAG PINK VINTAGE PAISLEY,58.5,30,1
2010,Netherlands,Repeat,1,85123A,WHITE HANGING HEART T-LIGHT HOLDER,8488.4,3320,19
2010,Netherlands,Repeat,2,22326,ROUND SNACK BOXES SET OF4 WOODLAND,5813.3,2270,21
2010,Netherlands,Repeat,3,21731,RED TOADSTOOL LED NIGHT LIGHT,5792.7,3982,21
2010,Netherlands,Repeat,4,22158,3 HEARTS HANGING DECORATION RUSTIC,4044.8,1536,9
2010,Netherlands,Repeat,5,85099B,RED RETROSPOT JUMBO BAG,4018.5,2430,14
2010,Netherlands,Repeat,6,22630,DOLLY GIRL LUNCH BOX,3945.8999999999996,2378,18
2010,Netherlands,Repeat,7,35961,FOLKART ZINC HEART CHRISTMAS DEC,3719.77,5125,17
2010,Netherlands,Repeat,8,22423,REGENCY CAKESTAND 3 TIER,3704.7,338,10
2010,Netherlands,Repeat,9,22243,"HOOK, 5 HANGER ,MAGIC TOADSTOOL RED",3580.6499999999996,2461,18
2010,Netherlands,Repeat,10,22328,ROUND SNACK BOXES SET OF 4 FRUITS,3521.6,1376,16
2010,Nigeria,Repeat,1,ADJUST,Adjustment by john on 26/01/2010 17,27.82,1,1
2010,Nigeria,Repeat,2,84991,60 TEATIME FAIRY CAKE CASES,13.200000000000001,24,1
2010,Nigeria,Repeat,3,16156S,WRAP PINK FAIRY CAKES,10.5,25,1
2010,Nigeria,Repeat,4,22047,EMPIRE GIFT WRAP,10.5,25,1
2010,Nigeria,Repeat,5,22618,COOKING SET RETROSPOT,9.95,1,1
2010,Nigeria,Repeat,6,20749,ASSORTED COLOUR MINI CASES,7.95,1,1
2010,Nigeria,Repeat,7,20750,RED/WHITE DOT MINI CASES,7.95,1,1
2010,Nigeria,Repeat,8,47567B,TEA TIME KITCHEN APRON,5.95,1,1
2010,Nigeria,Repeat,9,22582,PACK OF 6 SWEETIE GIFT BOXES,5.1,2,1
2010,Nigeria,Repeat,10,22584,PACK OF 6 PANNETONE GIFT BOXES,5.1,2,1
2010,Norway,One-time,1,22946,WOODEN ADVENT CALENDAR CREAM,306.0,24,1
2010,Norway,One-time,2,22734,SET OF 6 RIBBONS VINTAGE CHRISTMAS,122.39999999999999,48,1
2010,Norway,One-time,3,22733,3D STICKERS TRADITIONAL CHRISTMAS,106.0,100,1
2010,Norway,One-time,4,22629,SPACEBOY LUNCH BOX,105.6,64,1
2010,Norway,One-time,5,22630,DOLLY GIRL LUNCH BOX,105.6,64,1
2010,Norway,One-time,6,22130,PARTY CONE CHRISTMAS DECORATION,103.67999999999999,144,1
2010,Norway,One-time,7,47591D,PINK FAIRY CAKE CHILDRENS APRON,82.5,50,1
2010,Norway,One-time,8,20749,ASSORTED COLOUR MINI CASES,76.19999999999999,12,1
2010,Norway,One-time,9,22899,CHILDRENS APRON DOLLY GIRL,50.400000000000006,24,1
2010,Norway,One-time,10,22382,LUNCH BAG SPACEBOY DESIGN,49.5,30,1
2010,Norway,Repeat,1,M,Manual,13916.34,2,2
2010,Norway,Repeat,2,84050,PINK HEART SHAPE EGG FRYING PAN,262.5,194,5
2010,Norway,Repeat,3,22198,LARGE POPCORN HOLDER,250.7,158,5
2010,Norway,Repeat,4,22197,SMALL POPCORN HOLDER,163.2,192,4
2010,Norway,Repeat,5,22555,PLASTERS IN TIN STRONGMAN,138.6,84,3
2010,Norway,Repeat,6,22557,PLASTERS IN TIN VINTAGE PAISLEY,138.6,84,3
2010,Norway,Repeat,7,22311,OFFICE MUG WARMER BLACK+SILVER,132.29999999999998,50,2
2010,Norway,Repeat,8,22312,OFFICE MUG WARMER POLKADOT,132.29999999999998,50,2
2010,Norway,Repeat,9,22313,OFFICE MUG WARMER PINK,132.29999999999998,50,2
2010,Norway,Repeat,10,22314,OFFICE MUG WARMER CHOC+BLUE,132.29999999999998,50,2
2010,Poland,Repeat,1,21232,STRAWBERRY CERAMIC TRINKET BOX,120.0,96,4
2010,Poland,Repeat,2,21733,RED HANGING HEART T-LIGHT HOLDER,99.3,38,2
2010,Poland,Repeat,3,85027L,FRENCH CHATEAU LARGE PLATTER,93.6,48,2
2010,Poland,Repeat,4,85030,FRENCH CHATEAU OVAL PLATTER,93.6,48,2
2010,Poland,Repeat,5,85028S,FRENCH CHATEAU SMALL FRUITBOWL,90.0,72,2
2010,Poland,Repeat,6,POST,POSTAGE,80.0,2,1
2010,Poland,Repeat,7,85028L,FRENCH CHATEAU LARGE FRUIT BOWL,76.8,48,2
2010,Poland,Repeat,8,22057,CERAMIC PLATE STRAWBERRY DESIGN,71.52,48,3
2010,Poland,Repeat,9,37447,CERAMIC CAKE DESIGN SPOTTED PLATE,71.52,48,4
2010,Poland,Repeat,10,22063,CERAMIC BOWL WITH STRAWBERRY DESIGN,70.80000000000001,24,2
2010,Portugal,One-time,1,ADJUST,Adjustment by john on 26/01/2010 16,117.72,1,1
2010,Portugal,One-time,2,21655,HANGING RIDGE GLASS T-LIGHT HOLDER,87.0,60,1
2010,Portugal,One-time,3,POST,POSTAGE,84.0,3,2
2010,Portugal,One-time,4,22220,CAKE STAND LOVEBIRD 2 TIER WHITE,19.9,2,1
2010,Portugal,One-time,5,72760B,VINTAGE CREAM 3 BASKET CAKE STAND,19.9,2,1
2010,Portugal,One-time,6,22138,BAKING SET 9 PIECE RETROSPOT,19.8,4,1
2010,Portugal,One-time,7,21210,SET OF 72 RETRO SPOT PAPER  DOILIES,17.4,12,1
2010,Portugal,One-time,8,21973,SET OF 36 MUSHROOM PAPER DOILIES,17.4,12,1
2010,Portugal,One-time,9,21974,SET OF 36 PAISLEY FLOWER DOILIES,17.4,12,1
2010,Portugal,One-time,10,22215,CAKE STAND WHITE TWO TIER LACE,17.0,2,1
2010,Portugal,Repeat,1,POST,POSTAGE,2347.6,87,26
2010,Portugal,Repeat,2,22275,WEEKEND BAG VINTAGE ROSE PAISLEY,510.00000000000006,66,5
2010,Portugal,Repeat,3,47570B,TEA TIME TABLE CLOTH,467.1,54,2
2010,Portugal,Repeat,4,22411,JUMBO SHOPPER VINTAGE RED PAISLEY,312.0,160,8
2010,Portugal,Repeat,5,22276,WASH BAG VINTAGE ROSE PAISLEY,306.0,120,8
2010,Portugal,Repeat,6,47567B,TEA TIME KITCHEN APRON,303.90000000000003,62,5
2010,Portugal,Repeat,7,22423,REGENCY CAKESTAND 3 TIER,289.95,25,2
2010,Portugal,Repeat,8,20725,LUNCH BAG RED SPOTTY,264.0,160,8
2010,Portugal,Repeat,9,85099B,JUMBO BAG RED WHITE SPOTTY,234.0,120,7
2010,Portugal,Repeat,10,20728,LUNCH BAG CARS BLUE,221.1,134,7
2010,Portugal,Unknown,1,22111,SCOTTIE DOG HOT WATER BOTTLE,29.700000000000003,6,1
2010,Portugal,Unknown,2,20914,SET/5 RED RETROSPOT LID GLASS BOWLS,23.6,8,1
2010,Portugal,Unknown,3,22968,ROSE COTTAGE KEEPSAKE BOX,19.9,2,1
2010,Portugal,Unknown,4,20749,ASSORTED COLOUR MINI CASES,15.9,2,1
2010,Portugal,Unknown,5,21625,VINTAGE UNION JACK APRON,13.9,2,1
2010,Portugal,Unknown,6,84817,DANISH ROSE DECORATIVE PLATE,12.600000000000001,6,1
2010,Portugal,Unknown,7,20754,RETROSPOT RED WASHING UP GLOVES,12.6,6,1
2010,Portugal,Unknown,8,20961,STRAWBERRY BATH SPONGE,12.5,10,1
2010,Portugal,Unknown,9,22070,SMALL RED RETROSPOT MUG IN BOX,11.25,3,1
2010,Portugal,Unknown,10,22595,CHRISTMAS GINGHAM HEART,10.2,12,1
2010,RSA,One-time,1,72760B,VINTAGE CREAM 3 BASKET CAKE STAND,19.9,2,1
2010,RSA,One-time,2,21207,SKULL AND CROSSBONES  GARLAND,19.799999999999997,12,1
2010,RSA,One-time,3,22074,6 RIBBONS SHIMMERING PINKS,19.799999999999997,12,1
2010,RSA,One-time,4,22075,6 RIBBONS ELEGANT CHRISTMAS,19.799999999999997,12,1
2010,RSA,One-time,5,22076,6 RIBBONS EMPIRE,19.799999999999997,12,1
2010,RSA,One-time,6,22329,ROUND CONTAINER SET OF 5 RETROSPOT,19.799999999999997,12,1
2010,RSA,One-time,7,21754,HOME BUILDING BLOCK WORD,17.85,3,1
2010,RSA,One-time,8,21755,LOVE BUILDING BLOCK WORD,17.85,3,1
2010,RSA,One-time,9,21250,SET OF SKULL WALL STICKERS,17.700000000000003,6,1
2010,RSA,One-time,10,21380,WOODEN HAPPY BIRTHDAY GARLAND,17.700000000000003,6,1
2010,RSA,Unknown,1,M,Manual,1435.29,1,1
2010,RSA,Unknown,2,21243,PINK  POLKADOT PLATE,139.2,96,1
2010,RSA,Unknown,3,21244,BLUE POLKADOT PLATE,135.2,80,1
2010,RSA,Unknown,4,22384,LUNCH BAG PINK POLKADOT,115.5,70,1
2010,RSA,Unknown,5,20677,PINK POLKADOT BOWL,106.32000000000001,96,1
2010,RSA,Unknown,6,20728,LUNCH BAG CARS BLUE,99.0,60,1
2010,RSA,Unknown,7,21242,RED RETROSPOT PLATE,94.64,56,1
2010,RSA,Unknown,8,20675,BLUE POLKADOT BOWL,86.32000000000001,80,1
2010,RSA,Unknown,9,20725,LUNCH BAG RED RETROSPOT,82.5,50,1
2010,RSA,Unknown,10,20676,RED RETROSPOT BOWL,70.0,56,1
2010,Singapore,Repeat,1,22423,REGENCY CAKESTAND 3 TIER,751.8,68,2
2010,Singapore,Repeat,2,85123A,WHITE HANGING HEART T-LIGHT HOLDER,244.79999999999998,96,2
2010,Singapore,Repeat,3,84762B,PINK PICNIC BARBECUE BUCKET,95.2,16,1
2010,Singapore,Repeat,4,72741,GRAND CHOCOLATECANDLE,90.0,72,1
2010,Singapore,Repeat,5,21733,RED HANGING HEART T-LIGHT HOLDER,82.60000000000001,28,2
2010,Singapore,Repeat,6,22215,CAKE STAND WHITE TWO TIER LACE,68.0,8,1
2010,Singapore,Repeat,7,22642,SET OF 4 NAPKIN CHARMS STARS,67.2,32,1
2010,Singapore,Repeat,8,47590B,PINK HAPPY BIRTHDAY BUNTING,65.4,12,1
2010,Singapore,Repeat,9,21755,LOVE BUILDING BLOCK WORD,53.550000000000004,9,2
2010,Singapore,Repeat,10,22086,PAPER CHAIN KIT 50'S CHRISTMAS,53.1,18,1
2010,Spain,One-time,1,84760L,LARGE HANGING GLASS+ZINC LANTERN,896.0,560,1
2010,Spain,One-time,2,POST,POSTAGE,510.0,11,4
2010,Spain,One-time,3,ADJUST,Adjustment by john on 26/01/2010 17,227.75,3,3
2010,Spain,One-time,4,20719,WOODLAND CHARLOTTE BAG,72.0,100,1
2010,Spain,One-time,5,21122,SET/10 PINK SPOTTY PARTY CANDLES,60.0,48,2
2010,Spain,One-time,6,21123,SET/10 IVORY SPOTTY PARTY CANDLES,60.0,48,2
2010,Spain,One-time,7,21124,SET/10 BLUE SPOTTY PARTY CANDLES,60.0,48,2
2010,Spain,One-time,8,20973,12 PENCIL SMALL TUBE WOODLAND,46.800000000000004,72,1
2010,Spain,One-time,9,22138,BAKING SET 9 PIECE RETROSPOT,44.550000000000004,9,2
2010,Spain,One-time,10,22423,REGENCY CAKESTAND 3 TIER,38.25,3,1
2010,Spain,Repeat,1,22341,LOVE GARLAND PAINTED ZINC,2620.7999999999997,1728,3
2010,Spain,Repeat,2,POST,POSTAGE,2509.0,84,30
2010,Spain,Repeat,3,21380,WOODEN HAPPY BIRTHDAY GARLAND,2318.4,864,3
2010,Spain,Repeat,4,22670,FRENCH WC SIGN BLUE METAL,1956.1200000000001,1740,4
2010,Spain,Repeat,5,84997C,BLUE 3 PIECE POLKADOT CUTLERY SET,1464.48,432,2
2010,Spain,Repeat,6,84997D,PINK 3 PIECE POLKADOT CUTLERY SET,1464.48,432,2
2010,Spain,Repeat,7,M,Manual,1410.99,2,2
2010,Spain,Repeat,8,21381,MINI WOODEN HAPPY BIRTHDAY GARLAND,1321.9199999999998,864,3
2010,Spain,Repeat,9,22903,CALENDAR FAMILY FAVOURITES,1288.0,480,3
2010,Spain,Repeat,10,22904,CALENDAR PAPER CUT DESIGN,1288.0,480,3
2010,Sweden,One-time,1,POST,POSTAGE,600.0,15,5
2010,Sweden,One-time,2,20750,RED/WHITE DOT MINI CASES,92.1,14,2
2010,Sweden,One-time,3,84078A,SET/4 WHITE RETRO STORAGE CUBES,79.9,2,1
2010,Sweden,One-time,4,22090,PAPER BUNTING RETRO SPOTS,70.80000000000001,24,2
2010,Sweden,One-time,5,22273,FELTCRAFT DOLL MOLLY,70.80000000000001,24,3
2010,Sweden,One-time,6,35832,WOOLLY HAT SOCK GLOVE ADVENT STRING,70.80000000000001,24,2
2010,Sweden,One-time,7,21888,BINGO SET,60.0,16,3
2010,Sweden,One-time,8,22560,TRADITIONAL MODELLING CLAY,60.0,48,2
2010,Sweden,One-time,9,21055,TOOL BOX SOFT TOY,53.699999999999996,6,1
2010,Sweden,One-time,10,21638,ASSORTED TUTTI FRUTTI NOTEBOOK,50.400000000000006,24,2
2010,Sweden,Repeat,1,85232B,SET/3 RUSSIAN DOLL STACKING TINS,2628.45,531,5
2010,Sweden,Repeat,2,22383,LUNCH BAG SUKI  DESIGN,1885.0,1300,10
2010,Sweden,Repeat,3,M,Manual,1749.68,2,2
2010,Sweden,Repeat,4,21210,SET OF 72 RETROSPOT PAPER  DOILIES,1670.3999999999999,1152,4
2010,Sweden,Repeat,5,POST,POSTAGE,1582.0,36,20
2010,Sweden,Repeat,6,84991,60 TEATIME FAIRY CAKE CASES,1165.2,2544,12
2010,Sweden,Repeat,7,22399,MAGNETS PACK OF 4 CHILDHOOD MEMORY,1071.3600000000001,972,7
2010,Sweden,Repeat,8,21577,SAVE THE PLANET COTTON TOTE BAG,1050.0,600,5
2010,Sweden,Repeat,9,21212,PACK OF 72 RETROSPOT CAKE CASES,1033.2,1992,9
2010,Sweden,Repeat,10,21931,JUMBO STORAGE BAG SUKI,990.0,600,5
2010,Sweden,Unknown,1,POST,POSTAGE,80.0,2,1
2010,Sweden,Unknown,2,84968B,S/16 VINTAGE IVORY CUTLERY,25.5,2,1
2010,Sweden,Unknown,3,84997B,RED 3 PIECE MINI DOTS CUTLERY SET,22.5,6,1
2010,Sweden,Unknown,4,84997C,BLUE 3 PIECE MINI DOTS CUTLERY SET,22.5,6,1
2010,Sweden,Unknown,5,22243,"HOOK, 5 HANGER ,MAGIC TOADSTOOL RED",19.799999999999997,12,1
2010,Sweden,Unknown,6,22320,BIRDS MOBILE VINTAGE DESIGN,17.85,3,1
2010,Sweden,Unknown,7,22326,ROUND SNACK BOXES SET OF4 WOODLAND,17.700000000000003,6,1
2010,Sweden,Unknown,8,22192,BLUE DINER WALL CLOCK,17.0,2,1
2010,Sweden,Unknown,9,22275,WEEKEND BAG VINTAGE ROSE PAISLEY,17.0,2,1
2010,Sweden,Unknown,10,22467,GUMBALL COAT RACK,15.299999999999999,6,1
2010,Switzerland,Repeat,1,POST,POSTAGE,2619.0,47,23
2010,Switzerland,Repeat,2,22326,ROUND SNACK BOXES SET OF4 WOODLAND,774.3,282,12
2010,Switzerland,Repeat,3,20685,DOORMAT RED SPOT,608.74,90,8
2010,Switzerland,Repeat,4,22632,HAND WARMER RED RETROSPOT,481.20000000000005,252,4
2010,Switzerland,Repeat,5,21524,DOORMAT SPOTTY HOME SWEET HOME,461.84000000000003,68,6
2010,Switzerland,Repeat,6,22554,PLASTERS IN TIN WOODLAND ANIMALS,436.2,276,10
2010,Switzerland,Repeat,7,48138,DOORMAT UNION FLAG,430.96000000000004,64,5
2010,Switzerland,Repeat,8,48184,DOORMAT ENGLISH ROSE,397.0,60,2
2010,Switzerland,Repeat,9,47566,PARTY BUNTING,375.0,100,2
2010,Switzerland,Repeat,10,22618,COOKING SET RETROSPOT,362.96,40,6
2010,Thailand,Repeat,1,22497,SET OF 2 TINS VINTAGE BATHROOM,360.0,96,1
2010,Thailand,Repeat,2,21429,RED GINGHAM ROSE JEWELLERY BOX,278.4,192,1
2010,Thailand,Repeat,3,21431,GREEN GINGHAM FLOWER JEWELLERY BOX,278.4,192,1
2010,Thailand,Repeat,4,22495,SET OF 2 ROUND TINS CAMEMBERT,275.4,108,1
2010,Thailand,Repeat,5,21700,BIG DOUGHNUT FRIDGE MAGNETS,172.79999999999998,240,1
2010,Thailand,Repeat,6,85216,ASSORTED CAKES FRIDGE MAGNETS,127.2,240,1
2010,Thailand,Repeat,7,85017A,ENVELOPE 50 ROMANTIC IMAGES,120.96,288,1
2010,Thailand,Repeat,8,85017B,ENVELOPE 50 BLOSSOM IMAGES,120.96,288,1
2010,Thailand,Repeat,9,85017C,ENVELOPE 50 CURIOUS IMAGES,120.96,288,1
2010,Thailand,Repeat,10,22494,EMERGENCY FIRST AID TIN,101.76,96,1
2010,USA,One-time,1,21491,SET OF THREE VINTAGE GIFT WRAPS,23.4,12,1
2010,USA,One-time,2,22666,RECIPE BOX PANTRY YELLOW DESIGN,17.700000000000003,6,1
2010,USA,One-time,3,22372,AIRLINE BAG VINTAGE WORLD CHAMPION,17.0,4,1
2010,USA,One-time,4,22736,RIBBON REEL MAKING SNOWMEN,16.5,10,1
2010,USA,One-time,5,22738,RIBBON REEL SNOWY VILLAGE,16.5,10,1
2010,USA,One-time,6,22709,WRAP WEDDING DAY,10.5,25,1
2010,USA,One-time,7,22710,WRAP I LOVE LONDON,10.5,25,1
2010,USA,One-time,8,22959,WRAP CHRISTMAS VILLAGE,10.5,25,1
2010,USA,One-time,9,22909,SET OF 20 VINTAGE CHRISTMAS NAPKINS,10.2,12,1
2010,USA,Repeat,1,21355,TOAST ITS - I LOVE YOU,452.40000000000003,408,2
2010,USA,Repeat,2,POST,POSTAGE,305.0,3,3
2010,USA,Repeat,3,21210,SET OF 72 RETRO SPOT PAPER  DOILIES,123.24999999999999,85,5
2010,USA,Repeat,4,84997D,PINK 3 PIECE MINI DOTS CUTLERY SET,112.5,30,2
2010,USA,Repeat,5,21122,SET/10 PINK SPOTTY PARTY CANDLES,100.0,80,4
2010,USA,Repeat,6,37500,TEA TIME TEAPOT IN GIFT BOX,99.49999999999999,10,3
2010,USA,Repeat,7,21124,SET/10 BLUE SPOTTY PARTY CANDLES,97.5,78,4
2010,USA,Repeat,8,21527,RETRO SPOT TRADITIONAL TEAPOT,95.4,12,2
2010,USA,Repeat,9,22423,REGENCY CAKESTAND 3 TIER,89.25,7,2
2010,USA,Repeat,10,84987,SET OF 36 TEATIME PAPER DOILIES,84.1,58,6
2010,United Arab Emirates,One-time,1,84568,GIRLS ALPHABET IRON ON PATCHES,60.48,288,1
2010,United Arab Emirates,One-time,2,84598,BOYS ALPHABET IRON ON PATCHES,60.48,288,1
2010,United Arab Emirates,One-time,3,21478,SILVER SKULL HOT WATER BOTTLE,45.0,12,1
2010,United Arab Emirates,One-time,4,21243,PINK  SPOTTY PLATE,40.56,24,1
2010,United Arab Emirates,One-time,5,20677,PINK SPOTTY BOWL,30.0,24,1
2010,United Arab Emirates,One-time,6,84031A,CHARLIE+LOLA RED HOT WATER BOTTLE,27.900000000000002,6,1
2010,United Arab Emirates,One-time,7,84031B,CHARLIE LOLA BLUE HOT WATER BOTTLE,27.900000000000002,6,1
2010,United Arab Emirates,One-time,8,21242,RED SPOTTY PLATE,27.04,16,1
2010,United Arab Emirates,One-time,9,21244,BLUE  SPOTTY PLATE,27.04,16,1
2010,United Arab Emirates,One-time,10,21245,GREEN  SPOTTY PLATE,27.04,16,1
2010,United Arab Emirates,Repeat,1,M,Manual,253.0,1,1
2010,United Arab Emirates,Repeat,2,84823,DANISH ROSE FOLDING CHAIR,159.8,4,1
2010,United Arab Emirates,Repeat,3,21098,CHRISTMAS TOILET ROLL,152.64000000000001,144,2
2010,United Arab Emirates,Repeat,4,22065,CHRISTMAS PUDDING TRINKET POT,120.0,96,2
2010,United Arab Emirates,Repeat,5,22733,3D STICKERS TRADITIONAL CHRISTMAS,106.0,100,1
2010,United Arab Emirates,Repeat,6,21700,BIG DOUGHNUT FRIDGE MAGNETS,102.0,120,2
2010,United Arab Emirates,Repeat,7,22138,BAKING SET 9 PIECE RETROSPOT,102.0,24,1
2010,United Arab Emirates,Repeat,8,22423,REGENCY CAKESTAND 3 TIER,89.25,7,1
2010,United Arab Emirates,Repeat,9,21770,OPEN CLOSED METAL SIGN,89.10000000000001,18,2
2010,United Arab Emirates,Repeat,10,22200,FRYING PAN PINK POLKADOT,85.0,20,3
2010,United Arab Emirates,Unknown,1,M,Manual,503.9,1,1
2010,United Arab Emirates,Unknown,2,22292,"SPRING DEC , HANGING CHICK  YELLOW",69.6,48,2
2010,United Arab Emirates,Unknown,3,21390,FILIGRIS HEART WITH BUTTERFLY,60.0,48,2
2010,United Arab Emirates,Unknown,4,21746,SMALL RED SPOT  WINDMILL,60.0,48,2
2010,United Arab Emirates,Unknown,5,22294,HEART FILIGREE DOVE  SMALL,60.0,48,2
2010,United Arab Emirates,Unknown,6,21749,LARGE RED SPOT WINDMILL,50.400000000000006,24,2
2010,United Arab Emirates,Unknown,7,22148,EASTER CRAFT 4 CHICKS,46.8,24,2
2010,United Arab Emirates,Unknown,8,20981,12 PENCILS TALL TUBE WOODLAND,40.8,48,2
2010,United Arab Emirates,Unknown,9,21717,EASTER TIN BUCKET,40.8,16,2
2010,United Arab Emirates,Unknown,10,85188B,PINK METAL SWINGING BUNNY,40.8,48,2
2010,United Kingdom,One-time,1,M,Manual,13209.529999999999,124,27
2010,United Kingdom,One-time,2,22423,REGENCY CAKESTAND 3 TIER,3985.6499999999996,351,47
2010,United Kingdom,One-time,3,85123A,WHITE HANGING HEART T-LIGHT HOLDER,2108.2000000000003,732,103
2010,United Kingdom,One-time,4,84509F,SET OF 4 NEW ENGLAND PLACEMATS,2005.5,2666,3
2010,United Kingdom,One-time,5,85184D,S/4 BLUE ROUND DECOUPAGE BOXES,1656.07,3937,2
2010,United Kingdom,One-time,6,79341,WILLOW BRANCH LIGHTS.,1650.6000000000001,300,2
2010,United Kingdom,One-time,7,21538,DAIRY MAID  PUDDING BOWL,1537.5,1210,5
2010,United Kingdom,One-time,8,21540,DAIRY MAID CERAMIC BUTTER DISH,1432.0,1112,6
2010,United Kingdom,One-time,9,71459,HANGING JAM JAR T-LIGHT HOLDER,1350.9199999999998,1604,25
2010,United Kingdom,One-time,10,21621,VINTAGE UNION JACK BUNTING,1266.5,149,28
2010,United Kingdom,Repeat,1,22423,REGENCY CAKESTAND 3 TIER,126980.09999999999,11018,1520
2010,United Kingdom,Repeat,2,85123A,WHITE HANGING HEART T-LIGHT HOLDER,125219.35,46933,2644
2010,United Kingdom,Repeat,3,85099B,RED RETROSPOT JUMBO BAG,70630.95,40341,1467
2010,United Kingdom,Repeat,4,84879,ASSORTED COLOUR BIRD ORNAMENT,58612.77,37005,1158
2010,United Kingdom,Repeat,5,48138,DOORMAT UNION FLAG,39015.590000000004,6017,959
2010,United Kingdom,Repeat,6,M,Manual,38877.31,2458,303
2010,United Kingdom,Repeat,7,84347,ROTATING SILVER ANGELS T-LIGHT HLDR,37035.15,20269,201
2010,United Kingdom,Repeat,8,21843,RETRO SPOT CAKE STAND,31336.39,3101,714
2010,United Kingdom,Repeat,9,21621,VINTAGE UNION JACK BUNTING,31234.96,3694,675
2010,United Kingdom,Repeat,10,47566,PARTY BUNTING,31138.3,7400,624
2010,United Kingdom,Unknown,1,M,Manual,158491.02,185,120
2010,United Kingdom,Unknown,2,DOT,DOTCOM POSTAGE,109701.95,714,714
2010,United Kingdom,Unknown,3,22423,REGENCY CAKESTAND 3 TIER,30750.84,1366,344
2010,United Kingdom,Unknown,4,22086,PAPER CHAIN KIT 50'S CHRISTMAS,20856.44,3283,125
2010,United Kingdom,Unknown,5,AMAZONFEE,AMAZON FEE,20248.04,2,2
2010,United Kingdom,Unknown,6,47566,PARTY BUNTING,14670.740000000002,1767,307
2010,United Kingdom,Unknown,7,84467,ENGLISH ROSE DESIGN QUILTED THROW,13086.56,510,38
2010,United Kingdom,Unknown,8,22114,HOT WATER BOTTLE TEA AND SYMPATHY,12147.11,1375,148
2010,United Kingdom,Unknown,9,20748,KENSINGTON COFFEE SET,10653.48,1226,62
2010,United Kingdom,Unknown,10,22355,CHARLOTTE BAG SUKI DESIGN,10432.57,4331,258
2010,Unspecified,One-time,1,22466,FAIRY TALE COTTAGE NIGHTLIGHT,23.4,12,1
2010,Unspecified,One-time,2,85123A,WHITE HANGING HEART T-LIGHT HOLDER,20.650000000000002,7,1
2010,Unspecified,One-time,3,21833,CAMOUFLAGE LED TORCH,20.28,12,1
2010,Unspecified,One-time,4,22973,CHILDREN'S CIRCUS PARADE MUG,19.799999999999997,12,1
2010,Unspecified,One-time,5,20886,BOX OF 9 PEBBLE CANDLES,19.5,10,2
2010,Unspecified,One-time,6,21844,RED RETROSPOT MUG,17.700000000000003,6,1
2010,Unspecified,One-time,7,22665,RECIPE BOX BLUE SKETCHBOOK DESIGN,17.700000000000003,6,1
2010,Unspecified,One-time,8,22961,JAM MAKING SET PRINTED,17.4,12,1
2010,Unspecified,One-time,9,22441,GROW YOUR OWN BASIL IN ENAMEL MUG,16.8,8,1
2010,Unspecified,One-time,10,84824,DANISH ROSE UMBRELLA STAND,15.95,1,1
2010,Unspecified,Repeat,1,21108,FAIRY CAKE FLANNEL ASSORTED COLOUR,206.54999999999998,81,3
2010,Unspecified,Repeat,2,37495,FAIRY CAKE BIRTHDAY CANDLE SET,180.0,48,2
2010,Unspecified,Repeat,3,21110,LARGE CAKE TOWEL PINK SPOTS,162.0,24,2
2010,Unspecified,Repeat,4,37503,TEA TIME CAKE STAND IN GIFT BOX,150.5,14,3
2010,Unspecified,Repeat,5,37449,CERAMIC CAKE STAND + HANGING CAKES,136.0,16,2
2010,Unspecified,Repeat,6,22353,LUNCH BOX WITH CUTLERY FAIRY CAKES,122.39999999999999,48,2
2010,Unspecified,Repeat,7,21843,RETRO SPOT CAKE STAND,98.54999999999998,9,3
2010,Unspecified,Repeat,8,22107,PIZZA PLATE IN BOX,90.0,24,2
2010,Unspecified,Repeat,9,22109,FULL ENGLISH BREAKFAST PLATE,90.0,24,2
2010,Unspecified,Repeat,10,84509B,SET OF 4 FAIRY CAKE PLACEMATS,90.0,24,2
2010,Unspecified,Unknown,1,21812,GARLAND WITH HEARTS AND BELLS,29.700000000000003,6,1
2010,Unspecified,Unknown,2,22642,SET OF 4 NAPKIN CHARMS STARS,25.5,10,1
2010,Unspecified,Unknown,3,22618,COOKING SET RETROSPOT,19.9,2,1
2010,Unspecified,Unknown,4,21815,STAR  T-LIGHT HOLDER,17.4,12,1
2010,Unspecified,Unknown,5,21333,CLASSIC WHITE FRAME,11.8,4,1
2010,Unspecified,Unknown,6,72799F,IVORY PILLAR CANDLE GOLD FLOCK,11.8,4,1
2010,Unspecified,Unknown,7,21822,GLITTER CHRISTMAS TREE WITH BELLS,11.7,6,1
2010,Unspecified,Unknown,8,85034B,3 WHITE CHOC MORRIS BOXED CANDLES,8.5,2,1
2010,Unspecified,Unknown,9,22306,SILVER MUG BONE CHINA TREE OF LIFE,7.8,4,1
2010,Unspecified,Unknown,10,20761,BLUE PAISLEY SKETCHBOOK,7.5,2,1
2010,West Indies,One-time,1,20886,BOX OF 9 PEBBLE CANDLES,46.8,24,1
2010,West Indies,One-time,2,22444,GROW YOUR OWN PLANT IN A CAN,30.0,24,1
2010,West Indies,One-time,3,72802A,ROSE SCENT CANDLE IN JEWELLED BOX,25.5,6,1
2010,West Indies,One-time,4,72802B,OCEAN SCENT CANDLE IN JEWELLED BOX,25.5,6,1
2010,West Indies,One-time,5,35651,VINTAGE BEAD PINK SCARF,23.85,3,1
2010,West Indies,One-time,6,22158,3 HEARTS HANGING DECORATION RUSTIC,23.6,8,1
2010,West Indies,One-time,7,21730,GLASS STAR FROSTED T-LIGHT HOLDER,19.8,4,1
2010,West Indies,One-time,8,21645,ASSORTED TUTTI FRUTTI ROUND BOX,19.799999999999997,12,1
2010,West Indies,One-time,9,85040B,SET/4 BLUE FLOWER CANDLES IN BOWL,19.799999999999997,12,1
2010,West Indies,One-time,10,22411,JUMBO SHOPPER VINTAGE RED PAISLEY,19.5,10,1
2011,Australia,Repeat,1,23084,RABBIT NIGHT LIGHT,3375.84,1884,6
2011,Australia,Repeat,2,22722,SET OF 6 SPICE TINS PANTRY DESIGN,2082.0,600,6
2011,Australia,Repeat,3,21731,RED TOADSTOOL LED NIGHT LIGHT,1987.1999999999998,1344,9
2011,Australia,Repeat,4,22720,SET OF 3 CAKE TINS PANTRY DESIGN,1983.2,464,9
2011,Australia,Repeat,5,22423,REGENCY CAKESTAND 3 TIER,1978.1999999999998,180,6
2011,Australia,Repeat,6,21915,RED  HARMONICA IN BOX,1810.8000000000002,1704,7
2011,Australia,Repeat,7,22630,DOLLY GIRL LUNCH BOX,1689.6,1024,6
2011,Australia,Repeat,8,22492,MINI PAINT SET VINTAGE,1630.8,2952,6
2011,Australia,Repeat,9,22629,SPACEBOY LUNCH BOX,1584.0,960,6
2011,Australia,Repeat,10,21217,RED RETROSPOT ROUND CAKE TINS,1503.6,168,2
2011,Austria,One-time,1,POST,POSTAGE,360.0,9,1
2011,Austria,One-time,2,22582,PACK OF 6 SWEETIE GIFT BOXES,302.40000000000003,144,1
2011,Austria,One-time,3,22584,PACK OF 6 PANNETONE GIFT BOXES,302.40000000000003,144,1
2011,Austria,One-time,4,22139,RETROSPOT TEA SET CERAMIC 11 PC,116.85,27,2
2011,Austria,One-time,5,21918,SET 12 KIDS COLOUR  CHALK STICKS,103.67999999999999,288,1
2011,Austria,One-time,6,22546,MINI JIGSAW PURDEY,86.39999999999999,240,1
2011,Austria,One-time,7,22846,BREAD BIN DINER STYLE RED,59.8,4,1
2011,Austria,One-time,8,22849,BREAD BIN DINER STYLE MINT,59.8,4,1
2011,Austria,One-time,9,22357,KINGS CHOICE BISCUIT TIN,45.0,12,1
2011,Austria,One-time,10,22960,JAM MAKING SET WITH JARS,45.0,12,1
2011,Austria,Repeat,1,POST,POSTAGE,976.0,25,12
2011,Austria,Repeat,2,15056BL,EDWARDIAN PARASOL BLACK,214.20000000000002,36,2
2011,Austria,Repeat,3,15056N,EDWARDIAN PARASOL NATURAL,214.20000000000002,36,2
2011,Austria,Repeat,4,20679,EDWARDIAN PARASOL RED,214.20000000000002,36,2
2011,Austria,Repeat,5,23008,DOLLY GIRL BABY GIFT SET,191.39999999999998,12,3
2011,Austria,Repeat,6,15056P,EDWARDIAN PARASOL PINK,142.8,24,2
2011,Austria,Repeat,7,22326,ROUND SNACK BOXES SET OF4 WOODLAND,106.20000000000002,36,4
2011,Austria,Repeat,8,23007,SPACEBOY BABY GIFT SET,89.69999999999999,6,1
2011,Austria,Repeat,9,23010,CIRCUS PARADE BABY GIFT SET,89.69999999999999,6,1
2011,Austria,Repeat,10,22139,RETROSPOT TEA SET CERAMIC 11 PC,89.10000000000001,18,2
2011,Bahrain,Repeat,1,23076,ICE CREAM SUNDAE LIP GLOSS,120.0,96,1
2011,Bahrain,Repeat,2,23077,DOUGHNUT LIP GLOSS,75.0,60,1
2011,Bahrain,Repeat,3,22890,NOVELTY BISCUITS CAKE STAND 3 TIER,59.699999999999996,6,2
2011,Bahrain,Repeat,4,22649,STRAWBERRY FAIRY CAKE TEAPOT,39.6,8,1
2011,Bahrain,Repeat,5,22693,GROW A FLYTRAP OR SUNFLOWER IN TIN,30.0,24,1
2011,Bahrain,Repeat,6,22423,REGENCY CAKESTAND 3 TIER,25.5,2,1
2011,Bahrain,Repeat,7,72802A,ROSE SCENT CANDLE IN JEWELLED BOX,25.5,6,1
2011,Bahrain,Repeat,8,72802B,OCEAN SCENT CANDLE IN JEWELLED BOX,25.5,6,1
2011,Bahrain,Repeat,9,72802C,VANILLA SCENT CANDLE JEWELLED BOX,25.5,6,1
2011,Bahrain,Repeat,10,37449,CERAMIC CAKE STAND + HANGING CAKES,19.9,2,1
2011,Belgium,One-time,1,POST,POSTAGE,105.0,7,3
2011,Belgium,One-time,2,22551,PLASTERS IN TIN SPACEBOY,39.599999999999994,24,2
2011,Belgium,One-time,3,22555,PLASTERS IN TIN STRONGMAN,39.599999999999994,24,2
2011,Belgium,One-time,4,22326,ROUND SNACK BOXES SET OF4 WOODLAND,35.400000000000006,12,2
2011,Belgium,One-time,5,22328,ROUND SNACK BOXES SET OF 4 FRUITS,35.400000000000006,12,2
2011,Belgium,One-time,6,21121,SET/10 RED POLKADOT PARTY CANDLES,30.0,24,1
2011,Belgium,One-time,7,21246,RED RETROSPOT BIG BOWL,29.700000000000003,6,1
2011,Belgium,One-time,8,22423,REGENCY CAKESTAND 3 TIER,25.5,2,1
2011,Belgium,One-time,9,22492,MINI PAINT SET VINTAGE,23.400000000000002,36,1
2011,Belgium,One-time,10,22629,SPACEBOY LUNCH BOX,23.4,12,1
2011,Belgium,Repeat,1,POST,POSTAGE,3954.0,255,88
2011,Belgium,Repeat,2,22326,ROUND SNACK BOXES SET OF4 WOODLAND,1146.0,408,36
2011,Belgium,Repeat,3,22630,DOLLY GIRL LUNCH BOX,620.4,328,22
2011,Belgium,Repeat,4,22629,SPACEBOY LUNCH BOX,597.0,316,21
2011,Belgium,Repeat,5,22328,ROUND SNACK BOXES SET OF 4 FRUITS,529.5,186,20
2011,Belgium,Repeat,6,22423,REGENCY CAKESTAND 3 TIER,522.75,41,13
2011,Belgium,Repeat,7,22846,BREAD BIN DINER STYLE RED,488.4,32,8
2011,Belgium,Repeat,8,23084,RABBIT NIGHT LIGHT,345.12,186,10
2011,Belgium,Repeat,9,22727,ALARM CLOCK BAKELIKE RED,345.0,92,13
2011,Belgium,Repeat,10,22726,ALARM CLOCK BAKELIKE GREEN,330.0,88,12
2011,Brazil,One-time,1,22423,REGENCY CAKESTAND 3 TIER,175.2,16,1
2011,Brazil,One-time,2,22722,SET OF 6 SPICE TINS PANTRY DESIGN,82.80000000000001,24,1
2011,Brazil,One-time,3,21430,SET/3 RED GINGHAM ROSE STORAGE BOX,81.36,24,1
2011,Brazil,One-time,4,22366,DOORMAT AIRMAIL,67.5,10,1
2011,Brazil,One-time,5,22697,GREEN REGENCY TEACUP AND SAUCER,61.199999999999996,24,1
2011,Brazil,One-time,6,22698,PINK REGENCY TEACUP AND SAUCER,61.199999999999996,24,1
2011,Brazil,One-time,7,22699,ROSES REGENCY TEACUP AND SAUCER,61.199999999999996,24,1
2011,Brazil,One-time,8,21770,OPEN CLOSED METAL SIGN,49.5,10,1
2011,Brazil,One-time,9,22630,DOLLY GIRL LUNCH BOX,46.8,24,1
2011,Brazil,One-time,10,21906,PHARMACIE FIRST AID TIN,40.5,6,1
2011,Canada,One-time,1,37370,RETRO COFFEE MUGS ASSORTED,534.24,504,1
2011,Canada,One-time,2,20886,BOX OF 9 PEBBLE CANDLES,23.4,12,1
2011,Canada,One-time,3,21622,VINTAGE UNION JACK CUSHION COVER,19.8,4,1
2011,Canada,One-time,4,21132,SILVER STANDING GNOME,17.0,4,1
2011,Canada,One-time,5,21993,FLORAL FOLK STATIONERY SET,15.0,12,1
2011,Canada,One-time,6,21136,PAINTED METAL PEARS ASSORTED,13.52,8,1
2011,Canada,One-time,7,84879,ASSORTED COLOUR BIRD ORNAMENT,13.52,8,1
2011,Canada,One-time,8,23293,SET OF 12 FAIRY CAKE BAKING CASES,13.28,16,1
2011,Canada,One-time,9,85116,BLACK CANDELABRA T-LIGHT HOLDER,12.600000000000001,6,1
2011,Canada,One-time,10,84755,COLOUR GLASS T-LIGHT HOLDER HANGING,10.4,16,1
2011,Canada,Repeat,1,POST,POSTAGE,550.94,1,1
2011,Canada,Repeat,2,20727,LUNCH BAG  BLACK SKULL.,82.5,50,1
2011,Canada,Repeat,3,84077,WORLD WAR 2 GLIDERS ASSTD DESIGNS,60.48,288,1
2011,Canada,Repeat,4,22382,LUNCH BAG SPACEBOY DESIGN,49.5,30,1
2011,Canada,Repeat,5,22383,LUNCH BAG SUKI DESIGN,49.5,30,1
2011,Canada,Repeat,6,21558,SKULL LUNCH BOX WITH CUTLERY,45.9,18,1
2011,Canada,Repeat,7,21871,SAVE THE PLANET MUG,45.0,36,1
2011,Canada,Repeat,8,22649,STRAWBERRY FAIRY CAKE TEAPOT,39.6,8,1
2011,Canada,Repeat,9,23190,BUNDLE OF 3 SCHOOL EXERCISE BOOKS,39.599999999999994,24,2
2011,Canada,Repeat,10,23192,BUNDLE OF 3 ALPHABET EXERCISE BOOKS,39.599999999999994,24,2
2011,Channel Islands,Repeat,1,22423,REGENCY CAKESTAND 3 TIER,517.8,44,5
2011,Channel Islands,Repeat,2,85099B,JUMBO BAG RED RETROSPOT,460.7,250,6
2011,Channel Islands,Repeat,3,22720,SET OF 3 CAKE TINS PANTRY DESIGN,408.0,96,1
2011,Channel Islands,Repeat,4,23199,JUMBO BAG APPLES,399.6,220,3
2011,Channel Islands,Repeat,5,85099C,JUMBO  BAG BAROQUE BLACK WHITE,399.6,220,3
2011,Channel Islands,Repeat,6,22386,JUMBO BAG PINK POLKADOT,358.0,200,1
2011,Channel Islands,Repeat,7,85123A,WHITE HANGING HEART T-LIGHT HOLDER,318.6,108,4
2011,Channel Islands,Repeat,8,M,Manual,293.0,1,1
2011,Channel Islands,Repeat,9,21785,RAIN PONCHO,264.55,407,1
2011,Channel Islands,Repeat,10,21843,RED RETROSPOT CAKE STAND,250.79999999999998,24,4
2011,Cyprus,One-time,1,22061,LARGE CAKE STAND  HANGING STRAWBERY,39.8,4,1
2011,Cyprus,One-time,2,22649,STRAWBERRY FAIRY CAKE TEAPOT,39.6,8,1
2011,Cyprus,One-time,3,23247,BISCUIT TIN 50'S CHRISTMAS,34.68,12,1
2011,Cyprus,One-time,4,22509,SEWING BOX RETROSPOT DESIGN,33.9,2,1
2011,Cyprus,One-time,5,20749,ASSORTED COLOUR MINI CASES,31.8,4,1
2011,Cyprus,One-time,6,20750,RED RETROSPOT MINI CASES,31.8,4,1
2011,Cyprus,One-time,7,21648,ASSORTED TUTTI FRUTTI SMALL PURSE,30.0,24,1
2011,Cyprus,One-time,8,22128,PARTY CONES CANDY ASSORTED,30.0,24,1
2011,Cyprus,One-time,9,23299,FOOD COVER WITH BEADS SET 2,22.5,6,1
2011,Cyprus,One-time,10,22446,PIN CUSHION BABUSHKA PINK,20.1,6,1
2011,Cyprus,Repeat,1,22827,RUSTIC  SEVENTEEN DRAWER SIDEBOARD,580.0,4,2
2011,Cyprus,Repeat,2,15056N,EDWARDIAN PARASOL NATURAL,392.7,66,2
2011,Cyprus,Repeat,3,22423,REGENCY CAKESTAND 3 TIER,369.75,29,5
2011,Cyprus,Repeat,4,M,Manual,320.69,1,1
2011,Cyprus,Repeat,5,22655,VINTAGE RED KITCHEN CABINET,250.0,2,2
2011,Cyprus,Repeat,6,22656,VINTAGE BLUE KITCHEN CABINET,250.0,2,2
2011,Cyprus,Repeat,7,85123A,WHITE HANGING HEART T-LIGHT HOLDER,223.2,80,4
2011,Cyprus,Repeat,8,22826,LOVE SEAT ANTIQUE WHITE METAL,170.0,2,1
2011,Cyprus,Repeat,9,22335,HEART DECORATION PAINTED ZINC,158.4,288,1
2011,Cyprus,Repeat,10,82484,WOOD BLACK BOARD ANT WHITE FINISH,146.1,22,3
2011,Czech Republic,Repeat,1,22326,ROUND SNACK BOXES SET OF4 WOODLAND,70.80000000000001,24,1
2011,Czech Republic,Repeat,2,84347,ROTATING SILVER ANGELS T-LIGHT HLDR,61.199999999999996,24,1
2011,Czech Republic,Repeat,3,22231,JIGSAW TREE WITH BIRDHOUSE,52.199999999999996,36,1
2011,Czech Republic,Repeat,4,21428,SET3 BOOK BOX GREEN GINGHAM FLOWER,51.0,12,1
2011,Czech Republic,Repeat,5,47594B,SCOTTIES DESIGN WASHBAG,46.8,24,1
2011,Czech Republic,Repeat,6,22930,BAKING MOULD HEART MILK CHOCOLATE,45.9,18,1
2011,Czech Republic,Repeat,7,POST,POSTAGE,40.0,1,1
2011,Czech Republic,Repeat,8,23271,CHRISTMAS TABLE SILVER CANDLE SPIKE,39.839999999999996,48,1
2011,Czech Republic,Repeat,9,22505,MEMO BOARD COTTAGE DESIGN,39.6,8,1
2011,Czech Republic,Repeat,10,85206A,CREAM FELT EASTER EGG BASKET,39.599999999999994,24,1
2011,Denmark,One-time,1,22629,SPACEBOY LUNCH BOX,23.4,12,1
2011,Denmark,One-time,2,22630,DOLLY GIRL LUNCH BOX,23.4,12,1
2011,Denmark,One-time,3,22631,CIRCUS PARADE LUNCH BOX,23.4,12,1
2011,Denmark,One-time,4,POST,POSTAGE,18.0,1,1
2011,Denmark,One-time,5,21576,LETS GO SHOPPING COTTON TOTE BAG,13.5,6,1
2011,Denmark,One-time,6,21579,LOLITA  DESIGN  COTTON TOTE BAG,13.5,6,1
2011,Denmark,One-time,7,16237,SLEEPING CAT ERASERS,12.6,60,1
2011,Denmark,One-time,8,22045,SPACEBOY GIFT WRAP,10.5,25,1
2011,Denmark,One-time,9,22708,WRAP DOLLY GIRL,10.5,25,1
2011,Denmark,One-time,10,85227,SET OF 6 3D KIT CARDS FOR KIDS,10.2,12,1
2011,Denmark,Repeat,1,22625,RED KITCHEN SCALES,734.4000000000001,96,2
2011,Denmark,Repeat,2,22624,IVORY KITCHEN SCALES,696.1500000000001,91,2
2011,Denmark,Repeat,3,POST,POSTAGE,582.0,33,11
2011,Denmark,Repeat,4,22467,GUMBALL COAT RACK,575.1,270,4
2011,Denmark,Repeat,5,22179,SET 10 LIGHTS NIGHT OWL,428.40000000000003,72,1
2011,Denmark,Repeat,6,22626,BLACK KITCHEN SCALES,367.20000000000005,48,1
2011,Denmark,Repeat,7,23007,SPACEBOY BABY GIFT SET,358.79999999999995,24,1
2011,Denmark,Repeat,8,23008,DOLLY GIRL BABY GIFT SET,358.79999999999995,24,1
2011,Denmark,Repeat,9,23010,CIRCUS PARADE BABY GIFT SET,358.79999999999995,24,1
2011,Denmark,Repeat,10,21524,DOORMAT SPOTTY HOME SWEET HOME,354.0,50,1
2011,EIRE,Repeat,1,22423,REGENCY CAKESTAND 3 TIER,6805.349999999999,597,56
2011,EIRE,Repeat,2,C2,CARRIAGE,4575.0,92,92
2011,EIRE,Repeat,3,22838,3 TIER CAKE TIN RED AND CREAM,4235.65,331,9
2011,EIRE,Repeat,4,M,Manual,3374.34,2,2
2011,EIRE,Repeat,5,22960,JAM MAKING SET WITH JARS,2899.5,738,28
2011,EIRE,Repeat,6,21843,RED RETROSPOT CAKE STAND,2715.5999999999995,248,8
2011,EIRE,Repeat,7,85123A,WHITE HANGING HEART T-LIGHT HOLDER,2599.2000000000003,976,38
2011,EIRE,Repeat,8,22699,ROSES REGENCY TEACUP AND SAUCER,2514.6,948,43
2011,EIRE,Repeat,9,20914,SET/5 RED SPOTTY LID GLASS BOWLS,2416.3,882,16
2011,EIRE,Repeat,10,21166,COOK WITH WINE METAL SIGN,2280.6800000000003,1214,19
2011,EIRE,Unknown,1,M,Manual,3675.3199999999997,3,2
2011,EIRE,Unknown,2,22423,REGENCY CAKESTAND 3 TIER,455.7,38,8
2011,EIRE,Unknown,3,22847,BREAD BIN DINER STYLE IVORY,332.9,22,6
2011,EIRE,Unknown,4,C2,CARRIAGE,315.0,7,7
2011,EIRE,Unknown,5,85123A,WHITE HANGING HEART T-LIGHT HOLDER,187.8,68,6
2011,EIRE,Unknown,6,48187,DOORMAT NEW ENGLAND,186.0,26,5
2011,EIRE,Unknown,7,22625,RED KITCHEN SCALES,183.60000000000002,24,2
2011,EIRE,Unknown,8,22846,BREAD BIN DINER STYLE RED,161.5,10,4
2011,EIRE,Unknown,9,22796,PHOTO FRAME 3 CLASSIC HANGING,159.2,16,7
2011,EIRE,Unknown,10,22503,CABIN BAG VINTAGE PAISLEY,149.7,6,1
2011,European Community,Repeat,1,POST,POSTAGE,141.0,9,3
2011,European Community,Repeat,2,22842,BISCUIT TIN VINTAGE RED,54.0,8,2
2011,European Community,Repeat,3,22843,BISCUIT TIN VINTAGE GREEN,54.0,8,2
2011,European Community,Repeat,4,22314,OFFICE MUG WARMER CHOC+BLUE,53.10000000000001,18,2
2011,European Community,Repeat,5,72807C,SET/3 VANILLA SCENTED CANDLE IN BOX,51.0,12,1
2011,European Community,Repeat,6,85036B,CHOCOLATE 1 WICK MORRIS BOX CANDLE,51.0,12,1
2011,European Community,Repeat,7,22312,OFFICE MUG WARMER POLKADOT,35.400000000000006,12,2
2011,European Community,Repeat,8,22452,MEASURING TAPE BABUSHKA PINK,35.400000000000006,12,2
2011,European Community,Repeat,9,22453,MEASURING TAPE BABUSHKA BLUE,35.400000000000006,12,2
2011,European Community,Repeat,10,85035C,ROSE 3 WICK MORRIS BOX CANDLE,34.0,8,1
2011,Finland,One-time,1,POST,POSTAGE,520.0,13,3
2011,Finland,One-time,2,20750,RED RETROSPOT MINI CASES,95.4,12,2
2011,Finland,One-time,3,22138,BAKING SET 9 PIECE RETROSPOT,74.25,15,2
2011,Finland,One-time,4,22498,WOODEN REGATTA BUNTING,71.4,12,1
2011,Finland,One-time,5,21430,SET/3 RED GINGHAM ROSE STORAGE BOX,60.0,16,2
2011,Finland,One-time,6,22326,ROUND SNACK BOXES SET OF4 WOODLAND,53.1,18,1
2011,Finland,One-time,7,47590A,BLUE HAPPY BIRTHDAY BUNTING,49.050000000000004,9,1
2011,Finland,One-time,8,47590B,PINK HAPPY BIRTHDAY BUNTING,49.050000000000004,9,1
2011,Finland,One-time,9,20749,ASSORTED COLOUR MINI CASES,47.7,6,1
2011,Finland,One-time,10,22325,MOBILE VINTAGE HEARTS,44.550000000000004,9,1
2011,Finland,Repeat,1,POST,POSTAGE,2890.0,75,33
2011,Finland,Repeat,2,84997D,PINK 3 PIECE POLKADOT CUTLERY SET,2063.28,552,10
2011,Finland,Repeat,3,84997C,CHILDRENS CUTLERY POLKADOT BLUE,1367.4,348,8
2011,Finland,Repeat,4,84997A,GREEN 3 PIECE POLKADOT CUTLERY SET,919.6,232,6
2011,Finland,Repeat,5,M,Manual,551.2,2,1
2011,Finland,Repeat,6,23084,RABBIT NIGHT LIGHT,282.72,156,4
2011,Finland,Repeat,7,23077,DOUGHNUT LIP GLOSS,250.0,200,2
2011,Finland,Repeat,8,23078,ICE CREAM PEN LIP GLOSS,240.0,192,2
2011,Finland,Repeat,9,23203,JUMBO BAG VINTAGE DOILY,166.4,80,6
2011,Finland,Repeat,10,85099B,JUMBO BAG RED RETROSPOT,144.3,70,6
2011,France,One-time,1,POST,POSTAGE,666.0,37,16
2011,France,One-time,2,22752,SET 7 BABUSHKA NESTING BOXES,128.8,28,2
2011,France,One-time,3,22554,PLASTERS IN TIN WOODLAND ANIMALS,98.99999999999999,60,5
2011,France,One-time,4,22606,WOODEN SKITTLES GARDEN SET,82.9,6,2
2011,France,One-time,5,20979,36 PENCILS TUBE RED RETROSPOT,80.0,64,3
2011,France,One-time,6,20750,RED RETROSPOT MINI CASES,79.5,10,4
2011,France,One-time,7,22607,WOODEN ROUNDERS GARDEN SET,77.95,9,2
2011,France,One-time,8,22139,RETROSPOT TEA SET CERAMIC 11 PC,74.25,15,3
2011,France,One-time,9,23254,CHILDRENS CUTLERY DOLLY GIRL,66.4,16,3
2011,France,One-time,10,23256,CHILDRENS CUTLERY SPACEBOY,66.4,16,3
2011,France,Repeat,1,POST,POSTAGE,13870.0,737,268
2011,France,Repeat,2,M,Manual,9492.37,6,5
2011,France,Repeat,3,23084,RABBIT NIGHT LIGHT,7209.28,3988,72
2011,France,Repeat,4,22423,REGENCY CAKESTAND 3 TIER,2778.6,236,47
2011,France,Repeat,5,21731,RED TOADSTOOL LED NIGHT LIGHT,1793.5499999999997,1087,62
2011,France,Repeat,6,22556,PLASTERS IN TIN CIRCUS PARADE,1769.3999999999999,1084,62
2011,France,Repeat,7,22554,PLASTERS IN TIN WOODLAND ANIMALS,1668.7499999999998,1023,58
2011,France,Repeat,8,84879,ASSORTED COLOUR BIRD ORNAMENT,1639.96,1084,16
2011,France,Repeat,9,22326,ROUND SNACK BOXES SET OF4 WOODLAND,1625.4,564,56
2011,France,Repeat,10,22551,PLASTERS IN TIN SPACEBOY,1552.1999999999998,964,49
2011,France,Unknown,1,84836,ZINC METAL HEART DECORATION,60.0,48,2
2011,France,Unknown,2,21264,WHITE GOOSE FEATHER TREE 60CM,46.8,24,1
2011,France,Unknown,3,23084,RABBIT NIGHT LIGHT,42.96,24,1
2011,France,Unknown,4,21731,RED TOADSTOOL LED NIGHT LIGHT,39.599999999999994,24,1
2011,France,Unknown,5,23065,LARGE DECO JEWELLERY STAND,37.5,3,1
2011,France,Unknown,6,21811,HANGING HEART WITH BELL,37.44,96,2
2011,France,Unknown,7,21262,WHITE GOOSE FEATHER CHRISTMAS TREE,35.400000000000006,12,1
2011,France,Unknown,8,22227,HANGING HEART MIRROR DECORATION,33.800000000000004,52,1
2011,France,Unknown,9,22577,WOODEN HEART CHRISTMAS SCANDINAVIAN,27.259999999999998,94,1
2011,France,Unknown,10,22219,LOVEBIRD HANGING DECORATION WHITE,27.2,32,1
2011,Germany,One-time,1,POST,POSTAGE,738.0,41,12
2011,Germany,One-time,2,22423,REGENCY CAKESTAND 3 TIER,625.9499999999999,57,2
2011,Germany,One-time,3,22622,BOX OF VINTAGE ALPHABET BLOCKS,71.69999999999999,6,1
2011,Germany,One-time,4,22077,6 RIBBONS RUSTIC CHARM,66.6,36,3
2011,Germany,One-time,5,90160A,PURPLE BOUDICCA LARGE BRACELET,62.550000000000004,9,1
2011,Germany,One-time,6,90160B,RED BOUDICCA LARGE BRACELET,62.550000000000004,9,1
2011,Germany,One-time,7,90160D,PINK BOUDICCA LARGE BRACELET,62.550000000000004,9,1
2011,Germany,One-time,8,23201,JUMBO BAG ALPHABET,62.400000000000006,30,3
2011,Germany,One-time,9,21558,SKULL LUNCH BOX WITH CUTLERY,61.199999999999996,24,3
2011,Germany,One-time,10,21121,SET/10 RED POLKADOT PARTY CANDLES,60.0,48,2
2011,Germany,Repeat,1,POST,POSTAGE,18301.0,964,336
2011,Germany,Repeat,2,22423,REGENCY CAKESTAND 3 TIER,7432.5,662,55
2011,Germany,Repeat,3,22326,ROUND SNACK BOXES SET OF4 WOODLAND,3227.2500000000005,1107,102
2011,Germany,Repeat,4,M,Manual,2296.25,8,6
2011,Germany,Repeat,5,22328,ROUND SNACK BOXES SET OF 4 FRUITS,1876.2000000000003,636,67
2011,Germany,Repeat,6,22629,SPACEBOY LUNCH BOX,1561.1999999999998,840,46
2011,Germany,Repeat,7,22554,PLASTERS IN TIN WOODLAND ANIMALS,1293.6,784,58
2011,Germany,Repeat,8,22467,GUMBALL COAT RACK,1198.2,508,30
2011,Germany,Repeat,9,22556,PLASTERS IN TIN CIRCUS PARADE,1158.3,702,48
2011,Germany,Repeat,10,22077,6 RIBBONS RUSTIC CHARM,1108.35,615,39
2011,Greece,One-time,1,POST,POSTAGE,135.0,3,1
2011,Greece,One-time,2,22941,CHRISTMAS LIGHTS 10 REINDEER,34.0,4,1
2011,Greece,One-time,3,22138,BAKING SET 9 PIECE RETROSPOT,29.700000000000003,6,1
2011,Greece,One-time,4,22139,RETROSPOT TEA SET CERAMIC 11 PC,29.700000000000003,6,1
2011,Greece,One-time,5,22623,BOX OF VINTAGE JIGSAW BLOCKS,17.85,3,1
2011,Greece,One-time,6,22326,ROUND SNACK BOXES SET OF4 WOODLAND,17.700000000000003,6,1
2011,Greece,One-time,7,22327,ROUND SNACK BOXES SET OF 4 SKULLS,17.700000000000003,6,1
2011,Greece,One-time,8,21891,TRADITIONAL WOODEN SKIPPING ROPE,17.4,12,1
2011,Greece,One-time,9,21479,WHITE SKULL HOT WATER BOTTLE,17.0,4,1
2011,Greece,One-time,10,22940,FELTCRAFT CHRISTMAS FAIRY,17.0,4,1
2011,Greece,Repeat,1,POST,POSTAGE,200.0,4,2
2011,Greece,Repeat,2,22423,REGENCY CAKESTAND 3 TIER,175.2,16,1
2011,Greece,Repeat,3,72760B,VINTAGE CREAM 3 BASKET CAKE STAND,135.84,16,1
2011,Greece,Repeat,4,22692,DOORMAT WELCOME TO OUR HOME,135.0,20,1
2011,Greece,Repeat,5,48129,DOORMAT TOPIARY,135.0,20,1
2011,Greece,Repeat,6,48184,DOORMAT ENGLISH ROSE,135.0,20,1
2011,Greece,Repeat,7,48187,DOORMAT NEW ENGLAND,135.0,20,1
2011,Greece,Repeat,8,48188,DOORMAT WELCOME PUPPIES,135.0,20,1
2011,Greece,Repeat,9,22847,BREAD BIN DINER STYLE IVORY,119.6,8,1
2011,Greece,Repeat,10,22720,SET OF 3 CAKE TINS PANTRY DESIGN,102.0,24,1
2011,Hong Kong,Unknown,1,M,Manual,5563.81,3,3
2011,Hong Kong,Unknown,2,84997D,PINK 3 PIECE POLKADOT CUTLERY SET,488.40000000000003,120,4
2011,Hong Kong,Unknown,3,84997B,RED 3 PIECE RETROSPOT CUTLERY SET,455.20000000000005,112,3
2011,Hong Kong,Unknown,4,22326,ROUND SNACK BOXES SET OF4 WOODLAND,384.9,150,3
2011,Hong Kong,Unknown,5,22452,MEASURING TAPE BABUSHKA PINK,247.8,84,5
2011,Hong Kong,Unknown,6,22139,RETROSPOT TEA SET CERAMIC 11 PC,235.65,51,5
2011,Hong Kong,Unknown,7,84997C,CHILDRENS CUTLERY POLKADOT BLUE,222.8,56,3
2011,Hong Kong,Unknown,8,22504,CABIN BAG VINTAGE RETROSPOT,196.3,10,2
2011,Hong Kong,Unknown,9,21843,RED RETROSPOT CAKE STAND,186.14999999999998,17,3
2011,Hong Kong,Unknown,10,POST,POSTAGE,175.0,2,2
2011,Iceland,Repeat,1,84558A,3D DOG PICTURE PLAYING CARDS,300.90000000000003,102,4
2011,Iceland,Repeat,2,23076,ICE CREAM SUNDAE LIP GLOSS,249.60000000000002,240,1
2011,Iceland,Repeat,3,22423,REGENCY CAKESTAND 3 TIER,191.25,15,4
2011,Iceland,Repeat,4,23084,RABBIT NIGHT LIGHT,153.84,84,3
2011,Iceland,Repeat,5,22371,AIRLINE BAG VINTAGE TOKYO 78,132.4,32,4
2011,Iceland,Repeat,6,22727,ALARM CLOCK BAKELIKE RED,120.0,32,4
2011,Iceland,Repeat,7,22375,AIRLINE BAG VINTAGE JET SET BROWN,102.0,24,5
2011,Iceland,Repeat,8,21731,RED TOADSTOOL LED NIGHT LIGHT,98.99999999999999,60,4
2011,Iceland,Repeat,9,23316,RED REFECTORY CLOCK,97.80000000000001,12,1
2011,Iceland,Repeat,10,22699,ROSES REGENCY TEACUP AND SAUCER,70.80000000000001,24,2
2011,Israel,One-time,1,21578,WOODLAND DESIGN  COTTON TOTE BAG,135.0,60,1
2011,Israel,One-time,2,22929,SCHOOL DESK AND CHAIR,130.0,2,1
2011,Israel,One-time,3,22823,CHEST NATURAL WOOD 20 DRAWERS,125.0,1,1
2011,Israel,One-time,4,22326,ROUND SNACK BOXES SET OF4 WOODLAND,122.39999999999999,48,1
2011,Israel,One-time,5,22083,PAPER CHAIN KIT RETROSPOT,106.2,36,1
2011,Israel,One-time,6,21246,RED RETROSPOT BIG BOWL,102.0,24,1
2011,Israel,One-time,7,22762,CUPBOARD 3 DRAWER MA CAMPAGNE,102.0,8,1
2011,Israel,One-time,8,21669,BLUE STRIPE CERAMIC DRAWER KNOB,101.76,96,1
2011,Israel,One-time,9,22354,RETROSPOT PADDED SEAT CUSHION,101.7,30,1
2011,Israel,One-time,10,21249,WOODLAND  HEIGHT CHART STICKERS,76.5,30,1
2011,Israel,Repeat,1,22423,REGENCY CAKESTAND 3 TIER,525.5999999999999,48,2
2011,Israel,Repeat,2,23240,SET OF 4 KNICK KNACK TINS DOILY,184.15,49,2
2011,Israel,Repeat,3,22192,BLUE DINER WALL CLOCK,183.60000000000002,24,2
2011,Israel,Repeat,4,22326,ROUND SNACK BOXES SET OF4 WOODLAND,122.39999999999999,48,1
2011,Israel,Repeat,5,23236,DOILEY STORAGE TIN,119.52000000000001,48,1
2011,Israel,Repeat,6,22630,DOLLY GIRL LUNCH BOX,93.6,48,2
2011,Israel,Repeat,7,22193,RED DINER WALL CLOCK,91.80000000000001,12,1
2011,Israel,Repeat,8,22629,SPACEBOY LUNCH BOX,70.19999999999999,36,2
2011,Israel,Repeat,9,23170,REGENCY TEA PLATE ROSES,69.6,48,1
2011,Israel,Repeat,10,23179,CLOCK MAGNET MUM'S KITCHEN,69.36,24,1
2011,Israel,Unknown,1,22270,HAPPY EASTER HANGING DECORATION,75.0,20,1
2011,Israel,Unknown,2,22468,BABUSHKA LIGHTS STRING OF 10,67.5,10,1
2011,Israel,Unknown,3,47566,PARTY BUNTING,46.5,10,1
2011,Israel,Unknown,4,22668,PINK BABY BUNTING,44.25,15,1
2011,Israel,Unknown,5,22449,SILK PURSE BABUSHKA PINK,40.2,12,1
2011,Israel,Unknown,6,22723,SET OF 6 HERB TINS SKETCHBOOK,31.6,8,1
2011,Israel,Unknown,7,22781,GUMBALL MAGAZINE RACK,30.6,4,1
2011,Israel,Unknown,8,23433,HANGING QUILTED PATCHWORK APPLES,29.88,36,1
2011,Israel,Unknown,9,21246,RED RETROSPOT BIG BOWL,29.700000000000003,6,1
2011,Israel,Unknown,10,22721,SET OF 3 CAKE TINS SKETCHBOOK,29.700000000000003,6,1
2011,Italy,One-time,1,23445,ICE CREAM BUBBLES,144.0,200,1
2011,Italy,One-time,2,POST,POSTAGE,40.0,1,1
2011,Italy,One-time,3,22555,PLASTERS IN TIN STRONGMAN,39.599999999999994,24,1
2011,Italy,One-time,4,22483,RED GINGHAM TEDDY BEAR,35.400000000000006,12,2
2011,Italy,One-time,5,22941,CHRISTMAS LIGHTS 10 REINDEER,34.0,4,1
2011,Italy,One-time,6,22942,CHRISTMAS LIGHTS 10 SANTAS,34.0,4,1
2011,Italy,One-time,7,20750,RED RETROSPOT MINI CASES,31.8,4,2
2011,Italy,One-time,8,22960,JAM MAKING SET WITH JARS,25.5,6,1
2011,Italy,One-time,9,84375,SET OF 20 KIDS COOKIE CUTTERS,25.200000000000003,12,1
2011,Italy,One-time,10,22622,BOX OF VINTAGE ALPHABET BLOCKS,23.9,2,1
2011,Italy,Repeat,1,POST,POSTAGE,1462.0,39,14
2011,Italy,Repeat,2,22847,BREAD BIN DINER STYLE IVORY,247.2,16,6
2011,Italy,Repeat,3,22720,SET OF 3 CAKE TINS PANTRY DESIGN,237.60000000000002,48,8
2011,Italy,Repeat,4,22139,RETROSPOT TEA SET CERAMIC 11 PC,207.90000000000003,42,6
2011,Italy,Repeat,5,22960,JAM MAKING SET WITH JARS,192.0,48,6
2011,Italy,Repeat,6,22844,VINTAGE CREAM DOG FOOD CONTAINER,159.8,20,4
2011,Italy,Repeat,7,22326,ROUND SNACK BOXES SET OF4 WOODLAND,159.3,54,5
2011,Italy,Repeat,8,85123A,WHITE HANGING HEART T-LIGHT HOLDER,159.3,54,5
2011,Italy,Repeat,9,22939,APRON APPLE DELIGHT,158.4,32,4
2011,Italy,Repeat,10,22120,WELCOME  WOODEN BLOCK LETTERS,149.25,15,2
2011,Japan,One-time,1,21787,RAIN PONCHO RETROSPOT,61.199999999999996,72,1
2011,Japan,One-time,2,22722,SET OF 6 SPICE TINS PANTRY DESIGN,31.6,8,1
2011,Japan,One-time,3,21788,KIDS RAIN MAC BLUE,20.4,24,1
2011,Japan,One-time,4,21789,KIDS RAIN MAC PINK,20.4,24,1
2011,Japan,One-time,5,22895,SET OF 2 TEA TOWELS APPLE AND PEARS,19.5,6,1
2011,Japan,One-time,6,22989,SET 2 PANTRY DESIGN TEA TOWELS,19.5,6,1
2011,Japan,One-time,7,22326,ROUND SNACK BOXES SET OF4 WOODLAND,17.700000000000003,6,1
2011,Japan,One-time,8,22328,ROUND SNACK BOXES SET OF 4 FRUITS,17.700000000000003,6,1
2011,Japan,One-time,9,22114,HOT WATER BOTTLE TEA AND SYMPATHY,17.0,4,1
2011,Japan,One-time,10,21481,FAWN BLUE HOT WATER BOTTLE,15.0,4,1
2011,Japan,Repeat,1,23084,RABBIT NIGHT LIGHT,6100.32,3408,4
2011,Japan,Repeat,2,21218,RED SPOTTY BISCUIT TIN,780.0,240,4
2011,Japan,Repeat,3,20750,RED RETROSPOT MINI CASES,761.9999999999999,120,3
2011,Japan,Repeat,4,21217,RED RETROSPOT ROUND CAKE TINS,751.8,84,3
2011,Japan,Repeat,5,21216,"SET 3 RETROSPOT TEA,COFFEE,SUGAR",612.0,144,4
2011,Japan,Repeat,6,47566,PARTY BUNTING,582.5,150,2
2011,Japan,Repeat,7,23238,SET OF 4 KNICK KNACK TINS LONDON,540.0,144,2
2011,Japan,Repeat,8,22561,WOODEN SCHOOL COLOURING SET,523.65,361,3
2011,Japan,Repeat,9,21439,BASKET OF TOADSTOOLS,465.0,372,4
2011,Japan,Repeat,10,22489,PACK OF 12 TRADITIONAL CRAYONS,443.93999999999994,1201,5
2011,Lebanon,One-time,1,22423,REGENCY CAKESTAND 3 TIER,153.0,12,1
2011,Lebanon,One-time,2,22606,WOODEN SKITTLES GARDEN SET,102.0,8,1
2011,Lebanon,One-time,3,85066,CREAM SWEETHEART MINI CHEST,102.0,8,1
2011,Lebanon,One-time,4,21906,PHARMACIE FIRST AID TIN,81.0,12,1
2011,Lebanon,One-time,5,22842,BISCUIT TIN VINTAGE RED,71.4,12,1
2011,Lebanon,One-time,6,47566,PARTY BUNTING,69.75,15,1
2011,Lebanon,One-time,7,21781,MA CAMPAGNE CUTLERY BOX,59.8,4,1
2011,Lebanon,One-time,8,22846,BREAD BIN DINER STYLE RED,59.8,4,1
2011,Lebanon,One-time,9,22720,SET OF 3 CAKE TINS PANTRY DESIGN,59.400000000000006,12,1
2011,Lebanon,One-time,10,22168,ORGANISER WOOD ANTIQUE WHITE,51.0,6,1
2011,Malta,Repeat,1,POST,POSTAGE,655.0,12,3
2011,Malta,Repeat,2,72741,GRAND CHOCOLATECANDLE,117.44999999999999,81,3
2011,Malta,Repeat,3,22423,REGENCY CAKESTAND 3 TIER,89.25,7,1
2011,Malta,Repeat,4,23173,REGENCY TEAPOT ROSES,79.6,8,1
2011,Malta,Repeat,5,22796,PHOTO FRAME 3 CLASSIC HANGING,59.699999999999996,6,2
2011,Malta,Repeat,6,22635,CHILDS BREAKFAST SET DOLLY GIRL,39.8,4,1
2011,Malta,Repeat,7,22767,TRIPLE PHOTO FRAME CORNICE,39.8,4,2
2011,Malta,Repeat,8,22768,FAMILY PHOTO FRAME CORNICE,39.8,4,2
2011,Malta,Repeat,9,37449,CERAMIC CAKE STAND + HANGING CAKES,39.8,4,2
2011,Malta,Repeat,10,23245,SET OF 3 REGENCY CAKE TINS,39.6,8,1
2011,Netherlands,Repeat,1,23084,RABBIT NIGHT LIGHT,9568.48,4801,7
2011,Netherlands,Repeat,2,22326,ROUND SNACK BOXES SET OF4 WOODLAND,7501.799999999999,2940,24
2011,Netherlands,Repeat,3,22629,SPACEBOY LUNCH BOX,7274.4,4400,27
2011,Netherlands,Repeat,4,22630,DOLLY GIRL LUNCH BOX,6828.599999999999,4132,22
2011,Netherlands,Repeat,5,22328,ROUND SNACK BOXES SET OF 4 FRUITS,4039.2,1584,17
2011,Netherlands,Repeat,6,85099B,JUMBO BAG RED RETROSPOT,3468.0,2000,14
2011,Netherlands,Repeat,7,22423,REGENCY CAKESTAND 3 TIER,3166.35,289,9
2011,Netherlands,Repeat,8,21731,RED TOADSTOOL LED NIGHT LIGHT,3061.7999999999997,2100,13
2011,Netherlands,Repeat,9,22243,5 HOOK HANGER RED MAGIC TOADSTOOL,2923.2,2016,7
2011,Netherlands,Repeat,10,20712,JUMBO BAG WOODLAND ANIMALS,2629.0,1500,11
2011,Norway,One-time,1,84997A,CHILDRENS CUTLERY POLKADOT GREEN,270.0,72,1
2011,Norway,One-time,2,84997B,CHILDRENS CUTLERY RETROSPOT RED,270.0,72,1
2011,Norway,One-time,3,84997C,CHILDRENS CUTLERY POLKADOT BLUE,270.0,72,1
2011,Norway,One-time,4,84997D,CHILDRENS CUTLERY POLKADOT PINK,270.0,72,1
2011,Norway,One-time,5,22634,CHILDS BREAKFAST SET SPACEBOY,204.0,24,1
2011,Norway,One-time,6,22635,CHILDS BREAKFAST SET DOLLY GIRL,204.0,24,1
2011,Norway,One-time,7,85099B,JUMBO BAG RED RETROSPOT,179.0,100,1
2011,Norway,One-time,8,22568,FELTCRAFT CUSHION OWL,162.72,48,1
2011,Norway,One-time,9,POST,POSTAGE,160.0,4,3
2011,Norway,One-time,10,22179,SET 10 NIGHT OWL LIGHTS,142.8,24,1
2011,Norway,Repeat,1,POST,POSTAGE,2710.5,53,17
2011,Norway,Repeat,2,M,Manual,840.3,3,1
2011,Norway,Repeat,3,22693,GROW A FLYTRAP OR SUNFLOWER IN TIN,538.8000000000001,504,4
2011,Norway,Repeat,4,22720,SET OF 3 CAKE TINS PANTRY DESIGN,411.90000000000003,90,12
2011,Norway,Repeat,5,22423,REGENCY CAKESTAND 3 TIER,357.0,28,10
2011,Norway,Repeat,6,22635,CHILDS BREAKFAST SET DOLLY GIRL,323.4,36,7
2011,Norway,Repeat,7,85014A,BLACK/BLUE POLKADOT UMBRELLA,309.0,60,2
2011,Norway,Repeat,8,23243,SET OF TEA COFFEE SUGAR TINS PANTRY,297.6,64,6
2011,Norway,Repeat,9,22634,CHILDS BREAKFAST SET SPACEBOY,283.6,32,5
2011,Norway,Repeat,10,85014B,RED RETROSPOT UMBRELLA,273.3,54,2
2011,Poland,One-time,1,23084,RABBIT NIGHT LIGHT,85.92,48,1
2011,Poland,One-time,2,84279P,CHERRY BLOSSOM  DECORATIVE FLASK,40.68,12,1
2011,Poland,One-time,3,POST,POSTAGE,40.0,1,1
2011,Poland,One-time,4,23238,SET OF 4 KNICK KNACK TINS LONDON,24.900000000000002,6,1
2011,Poland,One-time,5,23240,SET OF 4 KNICK KNACK TINS DOILEY,24.900000000000002,6,1
2011,Poland,One-time,6,22622,BOX OF VINTAGE ALPHABET BLOCKS,23.9,2,1
2011,Poland,One-time,7,22620,4 TRADITIONAL SPINNING TOPS,17.4,12,1
2011,Poland,One-time,8,22624,IVORY KITCHEN SCALES,17.0,2,1
2011,Poland,One-time,9,22627,MINT KITCHEN SCALES,17.0,2,1
2011,Poland,One-time,10,23052,RECYCLED ACAPULCO MAT TURQUOISE,16.5,2,1
2011,Poland,Repeat,1,POST,POSTAGE,320.0,8,4
2011,Poland,Repeat,2,22722,SET OF 6 SPICE TINS PANTRY DESIGN,177.60000000000002,48,6
2011,Poland,Repeat,3,22666,RECIPE BOX PANTRY YELLOW DESIGN,167.4,60,5
2011,Poland,Repeat,4,21232,STRAWBERRY CERAMIC TRINKET POT,166.32,144,5
2011,Poland,Repeat,5,22720,SET OF 3 CAKE TINS PANTRY DESIGN,161.4,36,4
2011,Poland,Repeat,6,37448,CERAMIC CAKE DESIGN SPOTTED MUG,155.76,120,3
2011,Poland,Repeat,7,22961,JAM MAKING SET PRINTED,139.2,96,3
2011,Poland,Repeat,8,22059,CERAMIC STRAWBERRY DESIGN MUG,131.51999999999998,96,3
2011,Poland,Repeat,9,22173,METAL 4 HOOK HANGER FRENCH CHATEAU,120.72,40,4
2011,Poland,Repeat,10,22061,LARGE CAKE STAND  HANGING STRAWBERY,119.39999999999999,12,4
2011,Portugal,One-time,1,POST,POSTAGE,252.0,9,2
2011,Portugal,One-time,2,22423,REGENCY CAKESTAND 3 TIER,51.0,4,1
2011,Portugal,One-time,3,22947,WOODEN ADVENT CALENDAR RED,47.7,6,1
2011,Portugal,One-time,4,21633,SUNFLOWER DECORATIVE PARASOL,38.25,3,1
2011,Portugal,One-time,5,84806B,WHITE CANDYSTUFT ARTIFICIAL FLOWER,34.8,24,1
2011,Portugal,One-time,6,21286,RETROSPOT CANDLE  LARGE,30.599999999999998,12,1
2011,Portugal,One-time,7,23382,BOX OF 6 CHRISTMAS CAKE DECORATIONS,30.0,8,1
2011,Portugal,One-time,8,22766,PHOTO FRAME CORNICE,23.6,8,1
2011,Portugal,One-time,9,35970,ZINC FOLKART SLEIGH BELLS,20.28,12,1
2011,Portugal,One-time,10,20977,36 PENCILS TUBE WOODLAND,20.0,16,1
2011,Portugal,Repeat,1,M,Manual,4223.9400000000005,8,7
2011,Portugal,Repeat,2,POST,POSTAGE,1864.0,74,22
2011,Portugal,Repeat,3,22139,RETROSPOT TEA SET CERAMIC 11 PC,448.50000000000006,94,13
2011,Portugal,Repeat,4,22411,JUMBO SHOPPER VINTAGE RED PAISLEY,348.40000000000003,170,9
2011,Portugal,Repeat,5,20725,LUNCH BAG RED RETROSPOT,321.75,195,12
2011,Portugal,Repeat,6,22138,BAKING SET 9 PIECE RETROSPOT,319.8,68,11
2011,Portugal,Repeat,7,23209,LUNCH BAG VINTAGE DOILY,306.9,186,11
2011,Portugal,Repeat,8,21928,JUMBO BAG SCANDINAVIAN BLUE PAISLEY,286.0,140,9
2011,Portugal,Repeat,9,22383,LUNCH BAG SUKI DESIGN,285.45,173,9
2011,Portugal,Repeat,10,22423,REGENCY CAKESTAND 3 TIER,277.2,24,4
2011,Portugal,Unknown,1,85014A,BLACK/BLUE POLKADOT UMBRELLA,23.8,4,1
2011,Portugal,Unknown,2,85014B,RED RETROSPOT UMBRELLA,23.8,4,1
2011,Portugal,Unknown,3,23048,SET OF 10 LANTERNS FAIRY LIGHT STAR,16.6,4,1
2011,Portugal,Unknown,4,22070,SMALL RED RETROSPOT MUG IN BOX,15.0,4,1
2011,Portugal,Unknown,5,22721,SET OF 3 CAKE TINS SKETCHBOOK,14.850000000000001,3,1
2011,Portugal,Unknown,6,23424,GINGHAM RECIPE BOOK BOX,14.850000000000001,3,1
2011,Portugal,Unknown,7,22561,WOODEN SCHOOL COLOURING SET,14.85,9,1
2011,Portugal,Unknown,8,21591,COSY HOUR CIGAR BOX MATCHES,12.5,10,1
2011,Portugal,Unknown,9,51008,AFGHAN SLIPPER SOCK PAIR,10.350000000000001,3,1
2011,Portugal,Unknown,10,20985,HEART CALCULATOR,10.0,8,1
2011,RSA,One-time,1,21340,CLASSIC METAL BIRDCAGE PLANT HOLDER,38.25,3,1
2011,RSA,One-time,2,22605,WOODEN CROQUET GARDEN SET,29.9,2,1
2011,RSA,One-time,3,23298,SPOTTY BUNTING,29.700000000000003,6,1
2011,RSA,One-time,4,22423,REGENCY CAKESTAND 3 TIER,25.5,2,1
2011,RSA,One-time,5,22526,WHEELBARROW FOR CHILDREN,25.5,2,1
2011,RSA,One-time,6,22960,JAM MAKING SET WITH JARS,25.5,6,1
2011,RSA,One-time,7,85066,CREAM SWEETHEART MINI CHEST,25.5,2,1
2011,RSA,One-time,8,84375,SET OF 20 KIDS COOKIE CUTTERS,25.200000000000003,12,1
2011,RSA,One-time,9,23169,CLASSIC GLASS COOKIE JAR,24.900000000000002,6,1
2011,RSA,One-time,10,23240,SET OF 4 KNICK KNACK TINS DOILY,24.900000000000002,6,1
2011,Saudi Arabia,One-time,1,22553,PLASTERS IN TIN SKULLS,19.799999999999997,12,1
2011,Saudi Arabia,One-time,2,22555,PLASTERS IN TIN STRONGMAN,19.799999999999997,12,1
2011,Saudi Arabia,One-time,3,22556,PLASTERS IN TIN CIRCUS PARADE,19.799999999999997,12,1
2011,Saudi Arabia,One-time,4,22361,GLASS JAR DAISY FRESH COTTON WOOL,17.700000000000003,6,1
2011,Saudi Arabia,One-time,5,22362,GLASS JAR PEACOCK BATH SALTS,17.700000000000003,6,1
2011,Saudi Arabia,One-time,6,22363,GLASS JAR MARMALADE,17.700000000000003,6,1
2011,Saudi Arabia,One-time,7,22969,HOMEMADE JAM SCENTED CANDLES,17.4,12,1
2011,Saudi Arabia,One-time,8,20781,GOLD EAR MUFF HEADPHONES,10.98,2,1
2011,Saudi Arabia,One-time,9,22915,ASSORTED BOTTLE TOP  MAGNETS,5.04,12,1
2011,Singapore,Repeat,1,M,Manual,12158.9,7,3
2011,Singapore,Repeat,2,48138,DOORMAT UNION FLAG,340.8,50,3
2011,Singapore,Repeat,3,22655,VINTAGE RED KITCHEN CABINET,250.0,2,1
2011,Singapore,Repeat,4,22197,SMALL POPCORN HOLDER,216.0,300,3
2011,Singapore,Repeat,5,20685,DOORMAT RED RETROSPOT,205.8,30,3
2011,Singapore,Repeat,6,21936,RED RETROSPOT PICNIC BAG,201.25,75,2
2011,Singapore,Repeat,7,22339,CHRISTMAS TREE PAINTED ZINC,176.64000000000001,384,2
2011,Singapore,Repeat,8,22423,REGENCY CAKESTAND 3 TIER,175.2,16,1
2011,Singapore,Repeat,9,22343,PARTY PIZZA DISH RED RETROSPOT,160.56,240,4
2011,Singapore,Repeat,10,21621,VINTAGE UNION JACK BUNTING,153.0,18,2
2011,Spain,One-time,1,POST,POSTAGE,336.0,12,5
2011,Spain,One-time,2,22630,DOLLY GIRL LUNCH BOX,70.19999999999999,36,3
2011,Spain,One-time,3,22929,SCHOOL DESK AND CHAIR,65.0,1,1
2011,Spain,One-time,4,21243,PINK  POLKADOT PLATE,54.08,32,1
2011,Spain,One-time,5,21244,BLUE POLKADOT PLATE,54.08,32,1
2011,Spain,One-time,6,84988,SET OF 72 PINK HEART PAPER DOILIES,52.199999999999996,36,3
2011,Spain,One-time,7,22960,JAM MAKING SET WITH JARS,51.0,12,2
2011,Spain,One-time,8,48184,DOORMAT ENGLISH ROSE,49.5,6,2
2011,Spain,One-time,9,20749,ASSORTED COLOUR MINI CASES,47.7,6,2
2011,Spain,One-time,10,22077,6 RIBBONS RUSTIC CHARM,46.8,24,2
2011,Spain,Repeat,1,POST,POSTAGE,5376.0,192,56
2011,Spain,Repeat,2,84997D,PINK 3 PIECE POLKADOT CUTLERY SET,3941.15,1085,5
2011,Spain,Repeat,3,84997C,CHILDRENS CUTLERY POLKADOT BLUE,3671.15,1013,5
2011,Spain,Repeat,4,22423,REGENCY CAKESTAND 3 TIER,1921.5,162,21
2011,Spain,Repeat,5,84997B,RED 3 PIECE RETROSPOT CUTLERY SET,1044.76,292,4
2011,Spain,Repeat,6,84997A,GREEN 3 PIECE POLKADOT CUTLERY SET,774.76,220,3
2011,Spain,Repeat,7,84879,ASSORTED COLOUR BIRD ORNAMENT,691.2099999999999,409,11
2011,Spain,Repeat,8,20728,LUNCH BAG CARS BLUE,665.7,458,5
2011,Spain,Repeat,9,21340,CLASSIC METAL BIRDCAGE PLANT HOLDER,449.0,44,9
2011,Spain,Repeat,10,22384,LUNCH BAG PINK POLKADOT,421.9,286,7
2011,Sweden,One-time,1,POST,POSTAGE,120.0,3,2
2011,Sweden,One-time,2,21108,FAIRY CAKE FLANNEL ASSORTED COLOUR,22.95,9,1
2011,Sweden,One-time,3,20712,JUMBO BAG WOODLAND ANIMALS,20.8,10,1
2011,Sweden,One-time,4,20713,JUMBO BAG OWLS,20.8,10,1
2011,Sweden,One-time,5,23199,JUMBO BAG APPLES,20.8,10,1
2011,Sweden,One-time,6,23201,JUMBO BAG ALPHABET,20.8,10,1
2011,Sweden,One-time,7,85099B,JUMBO BAG RED RETROSPOT,20.8,10,1
2011,Sweden,One-time,8,21731,RED TOADSTOOL LED NIGHT LIGHT,19.799999999999997,12,1
2011,Sweden,One-time,9,22556,PLASTERS IN TIN CIRCUS PARADE,19.799999999999997,12,1
2011,Sweden,One-time,10,22969,HOMEMADE JAM SCENTED CANDLES,17.4,12,1
2011,Sweden,Repeat,1,22492,MINI PAINT SET VINTAGE,1895.4,2916,6
2011,Sweden,Repeat,2,22720,SET OF 3 CAKE TINS PANTRY DESIGN,1752.3000000000002,354,6
2011,Sweden,Repeat,3,POST,POSTAGE,1389.0,37,20
2011,Sweden,Repeat,4,23297,SET 40 HEART SHAPE PETIT FOUR CASES,1240.8,752,3
2011,Sweden,Repeat,5,23245,SET OF 3 REGENCY CAKE TINS,1108.8000000000002,224,3
2011,Sweden,Repeat,6,23236,STORAGE TIN VINTAGE DOILY,849.6600000000001,294,4
2011,Sweden,Repeat,7,21889,WOODEN BOX OF DOMINOES,735.0,588,4
2011,Sweden,Repeat,8,22961,JAM MAKING SET PRINTED,713.3999999999999,492,5
2011,Sweden,Repeat,9,22139,RETROSPOT TEA SET CERAMIC 11 PC,594.0,120,4
2011,Sweden,Repeat,10,15036,ASSORTED COLOURS SILK FAN,587.16,804,3
2011,Switzerland,One-time,1,POST,POSTAGE,200.0,5,1
2011,Switzerland,One-time,2,20750,RED RETROSPOT MINI CASES,76.19999999999999,12,1
2011,Switzerland,One-time,3,20749,ASSORTED COLOUR MINI CASES,47.7,6,1
2011,Switzerland,One-time,4,21668,RED STRIPE CERAMIC DRAWER KNOB,34.8,24,1
2011,Switzerland,One-time,5,21669,BLUE STRIPE CERAMIC DRAWER KNOB,34.8,24,1
2011,Switzerland,One-time,6,21670,BLUE SPOT CERAMIC DRAWER KNOB,34.8,24,1
2011,Switzerland,One-time,7,21671,RED SPOT CERAMIC DRAWER KNOB,34.8,24,1
2011,Switzerland,One-time,8,21672,WHITE SPOT RED CERAMIC DRAWER KNOB,34.8,24,1
2011,Switzerland,One-time,9,21673,WHITE SPOT BLUE CERAMIC DRAWER KNOB,34.8,24,1
2011,Switzerland,One-time,10,22969,HOMEMADE JAM SCENTED CANDLES,34.8,24,1
2011,Switzerland,Repeat,1,POST,POSTAGE,3722.0,95,29
2011,Switzerland,Repeat,2,22326,ROUND SNACK BOXES SET OF4 WOODLAND,1194.6,444,15
2011,Switzerland,Repeat,3,22423,REGENCY CAKESTAND 3 TIER,924.15,77,12
2011,Switzerland,Repeat,4,22554,PLASTERS IN TIN WOODLAND ANIMALS,913.1999999999999,600,15
2011,Switzerland,Repeat,5,22551,PLASTERS IN TIN SPACEBOY,694.1999999999999,444,16
2011,Switzerland,Repeat,6,23298,SPOTTY BUNTING,627.85,143,9
2011,Switzerland,Repeat,7,23255,CHILDRENS CUTLERY CIRCUS PARADE,485.8,124,5
2011,Switzerland,Repeat,8,23199,JUMBO BAG APPLES,482.8,260,6
2011,Switzerland,Repeat,9,23256,CHILDRENS CUTLERY SPACEBOY,469.2,120,9
2011,Switzerland,Repeat,10,22556,PLASTERS IN TIN CIRCUS PARADE,455.99999999999994,288,10
2011,Switzerland,Unknown,1,23275,SET OF 3 HANGING OWLS OLLIE BEAK,31.25,25,1
2011,Switzerland,Unknown,2,21154,RED RETROSPOT OVEN GLOVE,30.0,24,1
2011,Switzerland,Unknown,3,21136,PAINTED METAL PEARS ASSORTED,25.35,15,2
2011,Switzerland,Unknown,4,21242,RED RETROSPOT PLATE,20.28,12,1
2011,Switzerland,Unknown,5,23090,VINTAGE GLASS T-LIGHT HOLDER,19.919999999999998,24,2
2011,Switzerland,Unknown,6,84879,ASSORTED COLOUR BIRD ORNAMENT,18.59,11,2
2011,Switzerland,Unknown,7,82486,3 DRAWER ANTIQUE WHITE WOOD CABINET,17.9,2,1
2011,Switzerland,Unknown,8,22600,CHRISTMAS RETROSPOT STAR WOOD,17.85,21,1
2011,Switzerland,Unknown,9,85123A,WHITE HANGING HEART T-LIGHT HOLDER,17.700000000000003,6,1
2011,Switzerland,Unknown,10,22077,6 RIBBONS RUSTIC CHARM,16.95,9,2
2011,USA,One-time,1,23158,SET OF 5 LUCKY CAT MAGNETS,74.88,36,1
2011,USA,One-time,2,23392,SPACEBOY ROCKET LOLLY MAKERS,49.92,24,1
2011,USA,One-time,3,22649,STRAWBERRY FAIRY CAKE TEAPOT,39.6,8,1
2011,USA,One-time,4,23209,LUNCH BAG VINTAGE DOILY,33.0,20,1
2011,USA,One-time,5,21121,SET/10 RED POLKADOT PARTY CANDLES,30.0,24,1
2011,USA,One-time,6,21122,SET/10 PINK POLKADOT PARTY CANDLES,30.0,24,1
2011,USA,One-time,7,21123,SET/10 IVORY POLKADOT PARTY CANDLES,30.0,24,1
2011,USA,One-time,8,21124,SET/10 BLUE POLKADOT PARTY CANDLES,30.0,24,1
2011,USA,One-time,9,23078,ICE CREAM PEN LIP GLOSS,30.0,24,1
2011,USA,One-time,10,84828,JUNGLE POPSICLES ICE LOLLY MOULDS,30.0,24,1
2011,USA,Repeat,1,23328,SET 6 SCHOOL MILK BOTTLES IN CRATE,162.72,48,2
2011,USA,Repeat,2,22423,REGENCY CAKESTAND 3 TIER,114.75,9,2
2011,USA,Repeat,3,21121,SET/10 RED POLKADOT PARTY CANDLES,60.0,48,1
2011,USA,Repeat,4,21122,SET/10 PINK POLKADOT PARTY CANDLES,60.0,48,1
2011,USA,Repeat,5,21123,SET/10 IVORY POLKADOT PARTY CANDLES,60.0,48,1
2011,USA,Repeat,6,21124,SET/10 BLUE POLKADOT PARTY CANDLES,60.0,48,1
2011,USA,Repeat,7,23366,SET 12 COLOURING PENCILS DOILY,57.2,88,2
2011,USA,Repeat,8,20975,12 PENCILS SMALL TUBE RED RETROSPOT,46.800000000000004,72,1
2011,USA,Repeat,9,23296,SET OF 6 TEA TIME BAKING CASES,40.0,32,1
2011,USA,Repeat,10,23173,REGENCY TEAPOT ROSES,39.8,4,1
2011,United Arab Emirates,Repeat,1,22423,REGENCY CAKESTAND 3 TIER,153.0,12,1
2011,United Arab Emirates,Repeat,2,23007,SPACEBOY BABY GIFT SET,89.69999999999999,6,1
2011,United Arab Emirates,Repeat,3,23008,DOLLY GIRL BABY GIFT SET,89.69999999999999,6,1
2011,United Arab Emirates,Repeat,4,23009,I LOVE LONDON BABY GIFT SET,89.69999999999999,6,1
2011,United Arab Emirates,Repeat,5,47590B,PINK HAPPY BIRTHDAY BUNTING,65.4,12,1
2011,United Arab Emirates,Repeat,6,21700,BIG DOUGHNUT FRIDGE MAGNETS,61.199999999999996,72,1
2011,United Arab Emirates,Repeat,7,85150,LADIES & GENTLEMEN METAL SIGN,61.199999999999996,24,1
2011,United Arab Emirates,Repeat,8,22139,RETROSPOT TEA SET CERAMIC 11 PC,59.400000000000006,12,1
2011,United Arab Emirates,Repeat,9,85215,ASSORTED CHEESE FRIDGE MAGNETS,46.800000000000004,72,1
2011,United Arab Emirates,Repeat,10,POST,POSTAGE,37.5,1,1
2011,United Kingdom,One-time,1,22413,METAL SIGN TAKE IT OR LEAVE IT,3999.65,1451,12
2011,United Kingdom,One-time,2,M,Manual,2531.01,98,14
2011,United Kingdom,One-time,3,22423,REGENCY CAKESTAND 3 TIER,2506.95,213,56
2011,United Kingdom,One-time,4,85099B,JUMBO BAG RED RETROSPOT,1333.27,720,29
2011,United Kingdom,One-time,5,22617,BAKING SET SPACEBOY DESIGN,1323.8999999999999,298,29
2011,United Kingdom,One-time,6,21621,VINTAGE UNION JACK BUNTING,1229.5,157,15
2011,United Kingdom,One-time,7,22086,PAPER CHAIN KIT 50'S CHRISTMAS,1202.0,440,36
2011,United Kingdom,One-time,8,22138,BAKING SET 9 PIECE RETROSPOT,1092.0,224,66
2011,United Kingdom,One-time,9,47566,PARTY BUNTING,1061.25,215,44
2011,United Kingdom,One-time,10,22960,JAM MAKING SET WITH JARS,1056.0,264,36
2011,United Kingdom,Repeat,1,23843,"PAPER CRAFT , LITTLE BIRDIE",168469.6,80995,1
2011,United Kingdom,Repeat,2,22423,REGENCY CAKESTAND 3 TIER,92389.75,8002,1233
2011,United Kingdom,Repeat,3,85123A,WHITE HANGING HEART T-LIGHT HOLDER,84706.85,30855,1646
2011,United Kingdom,Repeat,4,23166,MEDIUM CERAMIC TOP STORAGE JAR,80024.1,76689,161
2011,United Kingdom,Repeat,5,85099B,JUMBO BAG RED RETROSPOT,72414.36,39192,1342
2011,United Kingdom,Repeat,6,47566,PARTY BUNTING,61321.08,13602,1227
2011,United Kingdom,Repeat,7,84879,ASSORTED COLOUR BIRD ORNAMENT,47903.47,29971,1167
2011,United Kingdom,Repeat,8,22502,PICNIC BASKET WICKER SMALL,45640.25,1167,189
2011,United Kingdom,Repeat,9,79321,CHILLI LIGHTS,39024.57,7976,437
2011,United Kingdom,Repeat,10,22086,PAPER CHAIN KIT 50'S CHRISTMAS,34629.03,12653,779
2011,United Kingdom,Unknown,1,DOT,DOTCOM POSTAGE,169671.22,636,636
2011,United Kingdom,Unknown,2,47566,PARTY BUNTING,30134.909999999996,2934,278
2011,United Kingdom,Unknown,3,22423,REGENCY CAKESTAND 3 TIER,21169.83,904,240
2011,United Kingdom,Unknown,4,22355,CHARLOTTE BAG SUKI DESIGN,19118.79,7946,266
2011,United Kingdom,Unknown,5,22086,PAPER CHAIN KIT 50'S CHRISTMAS,17679.81,2975,149
2011,United Kingdom,Unknown,6,23084,RABBIT NIGHT LIGHT,15523.83,3537,189
2011,United Kingdom,Unknown,7,22197,SMALL POPCORN HOLDER,13119.67,7083,310
2011,United Kingdom,Unknown,8,M,Manual,12841.67,39,26
2011,United Kingdom,Unknown,9,22114,HOT WATER BOTTLE TEA AND SYMPATHY,11331.460000000001,1303,103
2011,United Kingdom,Unknown,10,B,Adjust bad debt,11062.06,1,1
2011,Unspecified,Repeat,1,22960,JAM MAKING SET WITH JARS,70.5,18,2
2011,Unspecified,Repeat,2,23234,BISCUIT TIN VINTAGE CHRISTMAS,69.36,24,1
2011,Unspecified,Repeat,3,23236,STORAGE TIN VINTAGE DOILY,69.36,24,1
2011,Unspecified,Repeat,4,22485,SET OF 2 WOODEN MARKET CRATES,51.0,4,2
2011,Unspecified,Repeat,5,22752,SET 7 BABUSHKA NESTING BOXES,42.5,5,2
2011,Unspecified,Repeat,6,23108,SET OF 10 LED DOLLY LIGHTS,37.5,6,3
2011,Unspecified,Repeat,7,84879,ASSORTED COLOUR BIRD ORNAMENT,37.18,22,3
2011,Unspecified,Repeat,8,22584,PACK OF 6 PANNETONE GIFT BOXES,30.599999999999998,12,1
2011,Unspecified,Repeat,9,21121,SET/10 RED POLKADOT PARTY CANDLES,30.0,24,1
2011,Unspecified,Repeat,10,21122,SET/10 PINK POLKADOT PARTY CANDLES,30.0,24,1
2011,Unspecified,Unknown,1,23076,ICE CREAM SUNDAE LIP GLOSS,60.0,48,2
2011,Unspecified,Unknown,2,22138,BAKING SET 9 PIECE RETROSPOT,54.45,11,2
2011,Unspecified,Unknown,3,11001,ASSTD DESIGN RACING CAR PEN,54.08,32,2
2011,Unspecified,Unknown,4,22555,PLASTERS IN TIN STRONGMAN,49.49999999999999,30,3
2011,Unspecified,Unknown,5,20749,ASSORTED COLOUR MINI CASES,47.7,6,2
2011,Unspecified,Unknown,6,20750,RED RETROSPOT MINI CASES,47.7,6,2
2011,Unspecified,Unknown,7,23254,CHILDRENS CUTLERY DOLLY GIRL,45.650000000000006,11,3
2011,Unspecified,Unknown,8,23256,CHILDRENS CUTLERY SPACEBOY,37.35,9,2
2011,Unspecified,Unknown,9,84913B,MINT GREEN ROSE TOWEL,37.2,8,1
2011,Unspecified,Unknown,10,22467,GUMBALL COAT RACK,30.599999999999998,12,2
